
  EPA STORM WATER MANAGEMENT MODEL - VERSION 5.2 (Build 5.2.4)
  PYSWMM TOOLKIT API - VERSION v1.0 (2025-09-04)
  ------------------------------------------------------------

  Mandaue City Drainage Network Model 
  Generated from GIS data 
  2025-11-18 19:14 
  WARNING 04: minimum elevation drop used for Conduit C_182-C-95
  WARNING 04: minimum elevation drop used for Conduit C_225-C-3
  WARNING 04: minimum elevation drop used for Conduit C_231-C-3
  WARNING 04: minimum elevation drop used for Conduit C_243-C-3
  WARNING 04: minimum elevation drop used for Conduit C_244-C-3
  WARNING 04: minimum elevation drop used for Conduit C_329-C-113
  WARNING 04: minimum elevation drop used for Conduit C_332-C-113
  WARNING 04: minimum elevation drop used for Conduit C_342-C-113
  WARNING 04: minimum elevation drop used for Conduit C_378-C-113
  WARNING 04: minimum elevation drop used for Conduit C_387-C-142
  WARNING 04: minimum elevation drop used for Conduit C_395-C-142
  WARNING 04: minimum elevation drop used for Conduit C_407-C-142
  WARNING 04: minimum elevation drop used for Conduit C_430-C-55
  WARNING 04: minimum elevation drop used for Conduit C_437-C-55
  WARNING 04: minimum elevation drop used for Conduit C_442-C-106
  WARNING 04: minimum elevation drop used for Conduit C_447-C-106
  WARNING 04: minimum elevation drop used for Conduit C_462-C-8
  WARNING 04: minimum elevation drop used for Conduit C_478-C-28
  WARNING 04: minimum elevation drop used for Conduit C_479-C-28
  WARNING 04: minimum elevation drop used for Conduit C_483-C-28
  WARNING 04: minimum elevation drop used for Conduit C_492-C-28
  WARNING 04: minimum elevation drop used for Conduit C_585-C-7
  WARNING 04: minimum elevation drop used for Conduit C_587-C-7
  WARNING 04: minimum elevation drop used for Conduit C_591-C-7
  WARNING 04: minimum elevation drop used for Conduit C_597-C-7
  WARNING 04: minimum elevation drop used for Conduit C_600-C-7
  WARNING 04: minimum elevation drop used for Conduit C_603-C-7
  WARNING 04: minimum elevation drop used for Conduit C_642-C-7
  WARNING 04: minimum elevation drop used for Conduit C_649-C-7
  WARNING 04: minimum elevation drop used for Conduit C_671-C-7
  WARNING 04: minimum elevation drop used for Conduit C_677-C-7
  WARNING 04: minimum elevation drop used for Conduit C_737-C-81
  WARNING 04: minimum elevation drop used for Conduit C_752-C-24
  WARNING 04: minimum elevation drop used for Conduit C_783-C-83
  WARNING 04: minimum elevation drop used for Conduit C_786-C-83
  WARNING 04: minimum elevation drop used for Conduit C_798-C-83
  WARNING 04: minimum elevation drop used for Conduit C_857-C-32
  WARNING 04: minimum elevation drop used for Conduit C_909-C-34
  WARNING 04: minimum elevation drop used for Conduit C_921-C-34
  WARNING 04: minimum elevation drop used for Conduit C_953-C-2
  WARNING 04: minimum elevation drop used for Conduit C_964-C-2
  WARNING 04: minimum elevation drop used for Conduit C_1131-C-112
  WARNING 04: minimum elevation drop used for Conduit C_1136-C-112
  WARNING 04: minimum elevation drop used for Conduit C_1138-C-112
  WARNING 04: minimum elevation drop used for Conduit C_1140-C-112
  WARNING 04: minimum elevation drop used for Conduit C_1141-C-112
  WARNING 04: minimum elevation drop used for Conduit C_1144-C-112
  WARNING 04: minimum elevation drop used for Conduit C_1146-C-140
  WARNING 04: minimum elevation drop used for Conduit C_1147-C-140
  WARNING 04: minimum elevation drop used for Conduit C_1234-C-30
  WARNING 04: minimum elevation drop used for Conduit C_1260-C-85
  WARNING 04: minimum elevation drop used for Conduit C_1280-C-35
  WARNING 04: minimum elevation drop used for Conduit C_1347-C-42
  WARNING 04: minimum elevation drop used for Conduit C_1348-C-42
  WARNING 04: minimum elevation drop used for Conduit C_1351-C-89
  WARNING 04: minimum elevation drop used for Conduit C_1356-C-89
  WARNING 04: minimum elevation drop used for Conduit C_1364-C-89
  WARNING 04: minimum elevation drop used for Conduit C_1365-C-89
  WARNING 02: maximum depth increased for Node I-8
  WARNING 02: maximum depth increased for Node I-14
  WARNING 02: maximum depth increased for Node I-23
  WARNING 02: maximum depth increased for Node I-30
  WARNING 02: maximum depth increased for Node I-33
  WARNING 02: maximum depth increased for Node I-35
  WARNING 02: maximum depth increased for Node I-36
  WARNING 02: maximum depth increased for Node I-37
  WARNING 02: maximum depth increased for Node I-41
  WARNING 02: maximum depth increased for Node I-43
  WARNING 02: maximum depth increased for Node I-46
  WARNING 02: maximum depth increased for Node I-50
  WARNING 02: maximum depth increased for Node I-51
  WARNING 02: maximum depth increased for Node I-53
  WARNING 02: maximum depth increased for Node I-60
  WARNING 02: maximum depth increased for Node I-63
  WARNING 02: maximum depth increased for Node I-64
  WARNING 02: maximum depth increased for Node I-65
  WARNING 02: maximum depth increased for Node I-66
  WARNING 02: maximum depth increased for Node I-68
  WARNING 02: maximum depth increased for Node I-72
  WARNING 02: maximum depth increased for Node I-74
  WARNING 02: maximum depth increased for Node I-75
  WARNING 02: maximum depth increased for Node I-77
  WARNING 02: maximum depth increased for Node I-78
  WARNING 02: maximum depth increased for Node I-79
  WARNING 02: maximum depth increased for Node I-82
  WARNING 02: maximum depth increased for Node I-90
  WARNING 02: maximum depth increased for Node I-91
  WARNING 02: maximum depth increased for Node I-96
  WARNING 02: maximum depth increased for Node I-104
  WARNING 02: maximum depth increased for Node I-106
  WARNING 02: maximum depth increased for Node I-108
  WARNING 02: maximum depth increased for Node I-113
  WARNING 02: maximum depth increased for Node I-117
  WARNING 02: maximum depth increased for Node I-125
  WARNING 02: maximum depth increased for Node I-126
  WARNING 02: maximum depth increased for Node I-128
  WARNING 02: maximum depth increased for Node I-136
  WARNING 02: maximum depth increased for Node I-137
  WARNING 02: maximum depth increased for Node I-139
  WARNING 02: maximum depth increased for Node I-140
  WARNING 02: maximum depth increased for Node ISD-1
  WARNING 02: maximum depth increased for Node ISD-2
  WARNING 02: maximum depth increased for Node ISD-3
  WARNING 02: maximum depth increased for Node ISD-4
  WARNING 02: maximum depth increased for Node ISD-5
  WARNING 02: maximum depth increased for Node ISD-6
  WARNING 02: maximum depth increased for Node ISD-7
  WARNING 02: maximum depth increased for Node ISD-8
  WARNING 02: maximum depth increased for Node ISD-9
  WARNING 02: maximum depth increased for Node ISD-10
  WARNING 02: maximum depth increased for Node ISD-11
  WARNING 02: maximum depth increased for Node ISD-12
  WARNING 02: maximum depth increased for Node ISD-13
  WARNING 02: maximum depth increased for Node ISD-14
  WARNING 02: maximum depth increased for Node ISD-15
  WARNING 02: maximum depth increased for Node ISD-16
  WARNING 02: maximum depth increased for Node ISD-17
  WARNING 02: maximum depth increased for Node ISD-18
  WARNING 02: maximum depth increased for Node ISD-19
  WARNING 02: maximum depth increased for Node ISD-20
  WARNING 02: maximum depth increased for Node ISD-21
  WARNING 02: maximum depth increased for Node ISD-22
  WARNING 02: maximum depth increased for Node ISD-23
  WARNING 02: maximum depth increased for Node ISD-24
  WARNING 02: maximum depth increased for Node ISD-25
  WARNING 02: maximum depth increased for Node ISD-26
  WARNING 02: maximum depth increased for Node ISD-27
  WARNING 02: maximum depth increased for Node ISD-28
  WARNING 02: maximum depth increased for Node ISD-29
  WARNING 02: maximum depth increased for Node ISD-30
  WARNING 02: maximum depth increased for Node ISD-31
  WARNING 02: maximum depth increased for Node ISD-32
  WARNING 02: maximum depth increased for Node ISD-33
  WARNING 02: maximum depth increased for Node ISD-34
  WARNING 02: maximum depth increased for Node ISD-35
  WARNING 02: maximum depth increased for Node ISD-36
  WARNING 02: maximum depth increased for Node ISD-37
  WARNING 02: maximum depth increased for Node ISD-38
  WARNING 02: maximum depth increased for Node ISD-39
  WARNING 02: maximum depth increased for Node ISD-40
  WARNING 02: maximum depth increased for Node ISD-41
  WARNING 02: maximum depth increased for Node ISD-42
  WARNING 02: maximum depth increased for Node ISD-43
  WARNING 02: maximum depth increased for Node ISD-44
  WARNING 02: maximum depth increased for Node ISD-45
  WARNING 02: maximum depth increased for Node ISD-46
  WARNING 02: maximum depth increased for Node ISD-47
  WARNING 02: maximum depth increased for Node ISD-48
  WARNING 02: maximum depth increased for Node ISD-49
  WARNING 02: maximum depth increased for Node ISD-50
  WARNING 02: maximum depth increased for Node ISD-51
  WARNING 02: maximum depth increased for Node ISD-52
  WARNING 02: maximum depth increased for Node ISD-53
  WARNING 02: maximum depth increased for Node ISD-54
  WARNING 02: maximum depth increased for Node ISD-55
  WARNING 02: maximum depth increased for Node ISD-56
  WARNING 02: maximum depth increased for Node ISD-57
  WARNING 02: maximum depth increased for Node ISD-58
  WARNING 02: maximum depth increased for Node ISD-59
  WARNING 02: maximum depth increased for Node ISD-60
  WARNING 02: maximum depth increased for Node ISD-61
  WARNING 02: maximum depth increased for Node ISD-62
  WARNING 02: maximum depth increased for Node ISD-63
  WARNING 02: maximum depth increased for Node ISD-64
  WARNING 02: maximum depth increased for Node ISD-65
  WARNING 02: maximum depth increased for Node ISD-66
  WARNING 02: maximum depth increased for Node ISD-67
  WARNING 02: maximum depth increased for Node ISD-68
  WARNING 02: maximum depth increased for Node ISD-273
  WARNING 02: maximum depth increased for Node ISD-274
  WARNING 02: maximum depth increased for Node ISD-275
  WARNING 02: maximum depth increased for Node ISD-276
  WARNING 02: maximum depth increased for Node ISD-277
  WARNING 02: maximum depth increased for Node ISD-278
  WARNING 02: maximum depth increased for Node ISD-279
  WARNING 02: maximum depth increased for Node ISD-280
  WARNING 02: maximum depth increased for Node ISD-281
  WARNING 02: maximum depth increased for Node ISD-282
  WARNING 02: maximum depth increased for Node ISD-283
  WARNING 02: maximum depth increased for Node ISD-285
  WARNING 02: maximum depth increased for Node ISD-286
  WARNING 02: maximum depth increased for Node ISD-287
  WARNING 02: maximum depth increased for Node ISD-288
  WARNING 02: maximum depth increased for Node ISD-289
  WARNING 02: maximum depth increased for Node ISD-290
  WARNING 02: maximum depth increased for Node ISD-291
  WARNING 02: maximum depth increased for Node ISD-292
  WARNING 02: maximum depth increased for Node ISD-293
  WARNING 02: maximum depth increased for Node ISD-294
  WARNING 02: maximum depth increased for Node ISD-295
  WARNING 02: maximum depth increased for Node ISD-296
  WARNING 02: maximum depth increased for Node ISD-297
  WARNING 02: maximum depth increased for Node ISD-298
  WARNING 02: maximum depth increased for Node ISD-299
  WARNING 02: maximum depth increased for Node ISD-300
  WARNING 02: maximum depth increased for Node ISD-301
  WARNING 02: maximum depth increased for Node ISD-302
  WARNING 02: maximum depth increased for Node ISD-303
  WARNING 02: maximum depth increased for Node ISD-304
  WARNING 02: maximum depth increased for Node ISD-305
  WARNING 02: maximum depth increased for Node ISD-306
  WARNING 02: maximum depth increased for Node ISD-307
  WARNING 02: maximum depth increased for Node ISD-308
  WARNING 02: maximum depth increased for Node ISD-309
  WARNING 02: maximum depth increased for Node ISD-310
  WARNING 02: maximum depth increased for Node ISD-311
  WARNING 02: maximum depth increased for Node ISD-312
  WARNING 02: maximum depth increased for Node ISD-313
  WARNING 02: maximum depth increased for Node ISD-314
  WARNING 02: maximum depth increased for Node ISD-315
  WARNING 02: maximum depth increased for Node ISD-316
  WARNING 02: maximum depth increased for Node ISD-317
  WARNING 02: maximum depth increased for Node ISD-318
  WARNING 02: maximum depth increased for Node ISD-319
  WARNING 02: maximum depth increased for Node ISD-320
  WARNING 02: maximum depth increased for Node ISD-321
  WARNING 02: maximum depth increased for Node ISD-322
  WARNING 02: maximum depth increased for Node ISD-323
  WARNING 02: maximum depth increased for Node ISD-324
  WARNING 02: maximum depth increased for Node ISD-325
  WARNING 02: maximum depth increased for Node ISD-326
  WARNING 02: maximum depth increased for Node ISD-327
  WARNING 02: maximum depth increased for Node ISD-328
  WARNING 02: maximum depth increased for Node ISD-329
  WARNING 02: maximum depth increased for Node ISD-330
  WARNING 02: maximum depth increased for Node ISD-331
  WARNING 02: maximum depth increased for Node ISD-332
  WARNING 02: maximum depth increased for Node ISD-333
  WARNING 02: maximum depth increased for Node ISD-334
  WARNING 02: maximum depth increased for Node ISD-335
  WARNING 02: maximum depth increased for Node ISD-336
  WARNING 02: maximum depth increased for Node ISD-337
  WARNING 02: maximum depth increased for Node ISD-338
  WARNING 02: maximum depth increased for Node ISD-339
  WARNING 02: maximum depth increased for Node ISD-340
  WARNING 02: maximum depth increased for Node ISD-341
  WARNING 02: maximum depth increased for Node ISD-342
  WARNING 02: maximum depth increased for Node ISD-343
  WARNING 02: maximum depth increased for Node ISD-344
  WARNING 02: maximum depth increased for Node ISD-345
  WARNING 02: maximum depth increased for Node ISD-346
  WARNING 02: maximum depth increased for Node ISD-347
  WARNING 02: maximum depth increased for Node ISD-348
  WARNING 02: maximum depth increased for Node ISD-349
  WARNING 02: maximum depth increased for Node ISD-350
  WARNING 02: maximum depth increased for Node ISD-351
  WARNING 02: maximum depth increased for Node ISD-352
  WARNING 02: maximum depth increased for Node ISD-353
  WARNING 02: maximum depth increased for Node ISD-354
  WARNING 02: maximum depth increased for Node ISD-355
  WARNING 02: maximum depth increased for Node ISD-356
  WARNING 02: maximum depth increased for Node ISD-357
  WARNING 02: maximum depth increased for Node ISD-358
  WARNING 02: maximum depth increased for Node ISD-1089
  WARNING 02: maximum depth increased for Node ISD-1090
  WARNING 02: maximum depth increased for Node ISD-1091
  WARNING 02: maximum depth increased for Node ISD-1092
  WARNING 02: maximum depth increased for Node ISD-1093
  WARNING 02: maximum depth increased for Node ISD-1094
  WARNING 02: maximum depth increased for Node ISD-1095
  WARNING 02: maximum depth increased for Node ISD-1096
  WARNING 02: maximum depth increased for Node ISD-1097
  WARNING 02: maximum depth increased for Node ISD-1098
  WARNING 02: maximum depth increased for Node ISD-1099
  WARNING 02: maximum depth increased for Node ISD-1100
  WARNING 02: maximum depth increased for Node ISD-1101
  WARNING 02: maximum depth increased for Node ISD-1102
  WARNING 02: maximum depth increased for Node ISD-1103
  WARNING 02: maximum depth increased for Node ISD-1104
  WARNING 02: maximum depth increased for Node ISD-1105
  WARNING 02: maximum depth increased for Node ISD-1106
  WARNING 02: maximum depth increased for Node ISD-1107
  WARNING 02: maximum depth increased for Node ISD-1108
  WARNING 02: maximum depth increased for Node ISD-1109
  WARNING 02: maximum depth increased for Node ISD-1110
  WARNING 02: maximum depth increased for Node ISD-1111
  WARNING 02: maximum depth increased for Node ISD-1112
  WARNING 02: maximum depth increased for Node ISD-1113
  WARNING 02: maximum depth increased for Node ISD-1114
  WARNING 02: maximum depth increased for Node ISD-1115
  WARNING 02: maximum depth increased for Node ISD-1116
  WARNING 02: maximum depth increased for Node ISD-1117
  WARNING 02: maximum depth increased for Node ISD-1118
  WARNING 02: maximum depth increased for Node ISD-1119
  WARNING 02: maximum depth increased for Node ISD-1120
  WARNING 02: maximum depth increased for Node ISD-1121
  WARNING 02: maximum depth increased for Node ISD-1122
  WARNING 02: maximum depth increased for Node ISD-1123
  WARNING 02: maximum depth increased for Node ISD-1124
  WARNING 02: maximum depth increased for Node ISD-1125
  WARNING 02: maximum depth increased for Node ISD-1126
  WARNING 02: maximum depth increased for Node ISD-1127
  WARNING 02: maximum depth increased for Node ISD-1128
  WARNING 02: maximum depth increased for Node ISD-1129
  WARNING 02: maximum depth increased for Node ISD-1130
  WARNING 02: maximum depth increased for Node ISD-1131
  WARNING 02: maximum depth increased for Node ISD-1132
  WARNING 02: maximum depth increased for Node ISD-1133
  WARNING 02: maximum depth increased for Node ISD-1134
  WARNING 02: maximum depth increased for Node ISD-1135
  WARNING 02: maximum depth increased for Node ISD-1136
  WARNING 02: maximum depth increased for Node ISD-1137
  WARNING 02: maximum depth increased for Node ISD-1138
  
  ****************
  Analysis Options
  ****************
  Flow Units ............... CMS
  Process Models:
    Rainfall/Runoff ........ YES
    RDII ................... NO
    Snowmelt ............... NO
    Groundwater ............ NO
    Flow Routing ........... YES
    Ponding Allowed ........ YES
    Water Quality .......... NO
  Infiltration Method ...... HORTON
  Flow Routing Method ...... DYNWAVE
  Surcharge Method ......... EXTRAN
  Starting Date ............ 01/01/2024 00:00:00
  Ending Date .............. 01/02/2024 00:00:00
  Antecedent Dry Days ...... 0.0
  Report Time Step ......... 00:15:00
  Wet Time Step ............ 00:05:00
  Dry Time Step ............ 01:00:00
  Routing Time Step ........ 10.00 sec
  Variable Time Step ....... YES
  Maximum Trials ........... 8
  Number of Threads ........ 1
  Head Tolerance ........... 0.001500 m
  
  
  **************************        Volume         Depth
  Runoff Quantity Continuity     hectare-m            mm
  **************************     ---------       -------
  Total Precipitation ......       845.261       265.700
  Evaporation Loss .........         0.000         0.000
  Infiltration Loss ........       288.014        90.535
  Surface Runoff ...........       549.222       172.643
  Final Storage ............         8.152         2.563
  Continuity Error (%) .....        -0.015
  
  
  **************************        Volume        Volume
  Flow Routing Continuity        hectare-m      10^6 ltr
  **************************     ---------     ---------
  Dry Weather Inflow .......         0.000         0.000
  Wet Weather Inflow .......       549.104      5491.097
  Groundwater Inflow .......         0.000         0.000
  RDII Inflow ..............         0.000         0.000
  External Inflow ..........         0.000         0.000
  External Outflow .........       123.424      1234.256
  Flooding Loss ............       424.600      4246.047
  Evaporation Loss .........         0.000         0.000
  Exfiltration Loss ........         0.000         0.000
  Initial Stored Volume ....         0.000         0.000
  Final Stored Volume ......         1.091        10.910
  Continuity Error (%) .....        -0.002
  
  
  *************************
  Highest Continuity Errors
  *************************
  Node ISD-8 (-2.87%)
  Node I-30 (1.68%)
  Node ISD-352 (-1.33%)
  Node ISD-9 (-1.09%)
  
  
  ***************************
  Time-Step Critical Elements
  ***************************
  Link C_476-C-28 (28.54%)
  Link C_1318-C-35 (10.32%)
  Link C_1341-C-42 (5.88%)
  Link C_493-C-28 (4.19%)
  Link C_1343-C-42 (4.01%)
  
  
  ********************************
  Highest Flow Instability Indexes
  ********************************
  Link C_992-C-2 (143)
  Link C_1080-C-112 (136)
  Link C_633-C-7 (135)
  Link C_631-C-7 (135)
  Link C_629-C-7 (132)
  
  
  *********************************
  Most Frequent Nonconverging Nodes
  *********************************
  Node O-0 (68.18%)
  Node O-1 (68.18%)
  Node O-2 (68.18%)
  Node O-3 (68.18%)
  Node O-4 (68.18%)
  
  
  *************************
  Routing Time Step Summary
  *************************
  Minimum Time Step           :     0.20 sec
  Average Time Step           :     0.56 sec
  Maximum Time Step           :    10.00 sec
  % of Time in Steady State   :     0.00
  Average Iterations per Step :     7.79
  % of Steps Not Converging   :    68.18
  Time Step Frequencies       :
     10.000 -  5.493 sec      :     0.23 %
      5.493 -  3.017 sec      :     0.32 %
      3.017 -  1.657 sec      :     0.57 %
      1.657 -  0.910 sec      :     0.62 %
      0.910 -  0.500 sec      :    98.26 %
  
  
  ***************************
  Subcatchment Runoff Summary
  ***************************
  
  ------------------------------------------------------------------------------------------------------------------------------
                            Total      Total      Total      Total     Imperv       Perv      Total       Total     Peak  Runoff
                           Precip      Runon       Evap      Infil     Runoff     Runoff     Runoff      Runoff   Runoff   Coeff
  Subcatchment                 mm         mm         mm         mm         mm         mm         mm    10^6 ltr      CMS
  ------------------------------------------------------------------------------------------------------------------------------
  SC_1                     265.70       0.00       0.00     152.53     104.76       6.89     111.65       53.40     1.25   0.420
  SC_2                     265.70       0.00       0.00      95.33     138.53      29.55     168.09       25.91     0.64   0.633
  SC_3                     265.70       0.00       0.00     149.82     105.02       9.87     114.89        4.74     0.12   0.432
  SC_4                     265.70       0.00       0.00     118.45     113.02      32.20     145.22       51.24     1.25   0.547
  SC_5                     265.70       0.00       0.00      83.89     151.82      27.70     179.52       16.96     0.43   0.676
  SC_6                     265.70       0.00       0.00      77.34     158.62      28.14     186.76        2.78     0.07   0.703
  SC_7                     265.70       0.00       0.00     151.94     104.89       7.48     112.38       36.63     0.87   0.423
  SC_8                     265.70       0.00       0.00      76.53     160.34      26.83     187.17        7.30     0.19   0.704
  SC_9                     265.70       0.00       0.00     119.70     105.65      39.19     144.84       16.25     0.43   0.545
  SC_10                    265.70       0.00       0.00      78.03     157.79      28.25     186.03        3.24     0.08   0.700
  SC_11                    265.70       0.00       0.00     150.16     104.97       9.53     114.50        7.02     0.17   0.431
  SC_12                    265.70       0.00       0.00     107.32     126.96      28.72     155.69       78.40     1.88   0.586
  SC_13                    265.70       0.00       0.00     151.90     102.68      10.18     112.86        3.75     0.09   0.425
  SC_14                    265.70       0.00       0.00      65.13     174.71      24.15     198.86        2.33     0.06   0.748
  SC_15                    265.70       0.00       0.00      75.99     161.86      25.24     187.10       18.69     0.47   0.704
  SC_16                    265.70       0.00       0.00     117.49     110.88      35.82     146.69       38.05     0.97   0.552
  SC_17                    265.70       0.00       0.00     112.68     115.70      35.85     151.55       25.00     0.65   0.570
  SC_18                    265.70       0.00       0.00     149.36     105.31      10.06     115.37        3.91     0.10   0.434
  SC_19                    265.70       0.00       0.00      73.35     165.06      24.69     189.75       16.55     0.41   0.714
  SC_20                    265.70       0.00       0.00     151.98     103.59       9.04     112.62        7.22     0.18   0.424
  SC_21                    265.70       0.00       0.00      70.97     167.45      25.21     192.66        6.06     0.15   0.725
  SC_22                    265.70       0.00       0.00      64.97     174.83      24.31     199.13        1.53     0.04   0.749
  SC_23                    265.70       0.00       0.00     115.72     107.52      41.58     149.10        2.19     0.06   0.561
  SC_24                    265.70       0.00       0.00      70.47     168.04      25.19     193.23        5.12     0.13   0.727
  SC_25                    265.70       0.00       0.00      63.57     176.91      23.32     200.23        3.61     0.09   0.754
  SC_26                    265.70       0.00       0.00      58.01     184.21      21.70     205.91        1.19     0.03   0.775
  SC_27                    265.70       0.00       0.00      64.96     174.84      24.32     199.15        1.49     0.04   0.750
  SC_28                    265.70       0.00       0.00      57.88     184.34      21.83     206.17        1.26     0.03   0.776
  SC_29                    265.70       0.00       0.00      65.13     174.71      24.14     198.85        2.33     0.06   0.748
  SC_30                    265.70       0.00       0.00      58.03     184.18      21.68     205.86        1.61     0.04   0.775
  SC_31                    265.70       0.00       0.00     111.82     112.29      40.70     152.98        1.50     0.04   0.576
  SC_32                    265.70       0.00       0.00     113.02     110.95      40.83     151.77        1.75     0.05   0.571
  SC_33                    265.70       0.00       0.00      64.21     176.08      23.47     199.55        4.05     0.10   0.751
  SC_34                    265.70       0.00       0.00      70.32     168.27      25.07     193.34        5.50     0.14   0.728
  SC_35                    265.70       0.00       0.00      65.25     174.62      24.03     198.66        2.99     0.08   0.748
  SC_36                    265.70       0.00       0.00      69.14     169.42      25.45     194.87        2.23     0.06   0.733
  SC_37                    265.70       0.00       0.00     113.33     110.43      41.05     151.48        1.63     0.05   0.570
  SC_38                    265.70       0.00       0.00      58.04     184.18      21.67     205.86        1.54     0.04   0.775
  SC_39                    265.70       0.00       0.00      65.14     174.70      24.14     198.84        2.36     0.06   0.748
  SC_40                    265.70       0.00       0.00      64.32     175.78      23.90     199.67        2.17     0.06   0.752
  SC_41                    265.70       0.00       0.00      58.09     184.13      21.62     205.75        1.57     0.04   0.774
  SC_42                    265.70       0.00       0.00      64.59     175.35      24.16     199.51        1.56     0.04   0.751
  SC_43                    265.70       0.00       0.00      64.37     175.62      24.11     199.73        1.47     0.04   0.752
  SC_44                    265.70       0.00       0.00      58.07     184.14      21.64     205.78        1.58     0.04   0.774
  SC_45                    265.70       0.00       0.00      68.27     170.38      25.53     195.91        1.19     0.03   0.737
  SC_46                    265.70       0.00       0.00      57.95     184.27      21.76     206.03        1.11     0.03   0.775
  SC_47                    265.70       0.00       0.00      68.35     170.19      25.71     195.90        0.87     0.02   0.737
  SC_48                    265.70       0.00       0.00     148.86     105.37      10.56     115.92        3.54     0.09   0.436
  SC_49                    265.70       0.00       0.00      69.15     169.27      25.70     194.97        1.95     0.05   0.734
  SC_50                    265.70       0.00       0.00     112.31     111.99      40.47     152.46        1.90     0.05   0.574
  SC_51                    265.70       0.00       0.00     107.19     118.81      38.68     157.49        1.98     0.05   0.593
  SC_52                    265.70       0.00       0.00      61.28     179.70      23.21     202.91        0.75     0.02   0.764
  SC_53                    265.70       0.00       0.00      85.68     151.09      25.91     177.00       40.30     0.98   0.666
  SC_54                    265.70       0.00       0.00      62.49     178.20      23.34     201.53        1.77     0.04   0.758
  SC_55                    265.70       0.00       0.00      68.20     170.57      25.33     195.90        1.62     0.04   0.737
  SC_56                    265.70       0.00       0.00      68.55     170.20      25.25     195.45        2.86     0.07   0.736
  SC_57                    265.70       0.00       0.00      67.79     170.97      25.48     196.44        0.94     0.02   0.739
  SC_58                    265.70       0.00       0.00      62.24     178.50      23.31     201.81        1.54     0.04   0.760
  SC_59                    265.70       0.00       0.00      68.55     170.20      25.24     195.44        2.85     0.07   0.736
  SC_60                    265.70       0.00       0.00      92.26     138.95      33.15     172.10        3.04     0.08   0.648
  SC_61                    265.70       0.00       0.00      61.96     178.93      23.07     202.00        2.07     0.05   0.760
  SC_62                    265.70       0.00       0.00      61.73     179.31      22.76     202.08        3.16     0.08   0.761
  SC_63                    265.70       0.00       0.00      67.66     171.18      25.34     196.52        1.13     0.03   0.740
  SC_64                    265.70       0.00       0.00     111.61     113.03      40.10     153.13        2.08     0.06   0.576
  SC_65                    265.70       0.00       0.00      60.66     180.70      22.50     203.20        2.59     0.07   0.765
  SC_66                    265.70       0.00       0.00     110.09     115.83      38.70     154.53        3.62     0.10   0.582
  SC_67                    265.70       0.00       0.00      68.75     169.80      25.58     195.38        1.83     0.05   0.735
  SC_68                    265.70       0.00       0.00     110.70     114.57      39.42     153.99        2.67     0.07   0.580
  SC_69                    265.70       0.00       0.00      67.73     171.27      25.00     196.28        2.16     0.06   0.739
  SC_70                    265.70       0.00       0.00     106.25     120.35      38.03     158.38        2.50     0.07   0.596
  SC_71                    265.70       0.00       0.00     103.57     124.69      36.19     160.88        4.58     0.12   0.606
  SC_72                    265.70       0.00       0.00     108.64     117.44      38.56     155.99        2.98     0.08   0.587
  SC_73                    265.70       0.00       0.00      57.94     184.28      21.77     206.05        1.25     0.03   0.776
  SC_74                    265.70       0.00       0.00      60.55     180.80      22.61     203.41        1.90     0.05   0.766
  SC_75                    265.70       0.00       0.00     115.96     106.52      42.40     148.92        1.69     0.05   0.560
  SC_76                    265.70       0.00       0.00      60.23     181.18      22.67     203.85        1.27     0.03   0.767
  SC_77                    265.70       0.00       0.00      57.98     184.23      21.73     205.96        1.57     0.04   0.775
  SC_78                    265.70       0.00       0.00      64.26     176.25      22.89     199.14        8.33     0.21   0.749
  SC_79                    265.70       0.00       0.00      60.45     180.98      22.45     203.43        2.47     0.06   0.766
  SC_80                    265.70       0.00       0.00      69.48     168.92      25.64     194.56        2.46     0.06   0.732
  SC_81                    265.70       0.00       0.00      68.93     169.55      25.67     195.22        1.74     0.04   0.735
  SC_82                    265.70       0.00       0.00     111.74     112.53      40.51     153.04        1.86     0.05   0.576
  SC_83                    265.70       0.00       0.00      67.49     171.82      24.45     196.27        4.14     0.11   0.739
  SC_84                    265.70       0.00       0.00      57.96     184.26      21.75     206.01        1.54     0.04   0.775
  SC_85                    265.70       0.00       0.00      69.11     169.29      25.75     195.04        1.68     0.04   0.734
  SC_86                    265.70       0.00       0.00      60.55     180.88      22.35     203.23        3.20     0.08   0.765
  SC_87                    265.70       0.00       0.00      67.09     172.47      24.05     196.51        5.46     0.14   0.740
  SC_88                    265.70       0.00       0.00     101.50     126.65      36.40     163.05        2.60     0.07   0.614
  SC_89                    265.70       0.00       0.00      58.03     184.19      21.68     205.87        1.26     0.03   0.775
  SC_90                    265.70       0.00       0.00      60.68     180.69      22.49     203.17        2.67     0.07   0.765
  SC_91                    265.70       0.00       0.00      61.31     179.95      22.39     202.34        4.50     0.11   0.762
  SC_92                    265.70       0.00       0.00      69.89     168.39      25.77     194.16        2.48     0.06   0.731
  SC_93                    265.70       0.00       0.00     100.23     128.46      35.81     164.27        2.93     0.08   0.618
  SC_94                    265.70       0.00       0.00      98.92     130.28      35.26     165.53        3.20     0.09   0.623
  SC_95                    265.70       0.00       0.00      97.60     132.10      34.72     166.82        3.42     0.09   0.628
  SC_96                    265.70       0.00       0.00      96.51     133.86      33.95     167.82        4.52     0.12   0.632
  SC_97                    265.70       0.00       0.00      57.96     184.26      21.75     206.01        0.98     0.02   0.775
  SC_98                    265.70       0.00       0.00      61.75     179.39      22.48     201.86        4.98     0.13   0.760
  SC_99                    265.70       0.00       0.00      61.91     179.07      22.85     201.92        3.06     0.08   0.760
  SC_100                   265.70       0.00       0.00     117.33     114.53      31.73     146.26       51.14     1.24   0.550
  SC_101                   265.70       0.00       0.00      57.96     184.26      21.75     206.01        0.97     0.02   0.775
  SC_102                   265.70       0.00       0.00      59.33     182.77      20.92     203.68       13.52     0.34   0.767
  SC_103                   265.70       0.00       0.00      62.05     178.76      23.24     202.00        1.55     0.04   0.760
  SC_104                   265.70       0.00       0.00      63.17     177.22      23.71     200.94        0.93     0.02   0.756
  SC_105                   265.70       0.00       0.00      66.20     173.57      23.87     197.45        4.68     0.12   0.743
  SC_106                   265.70       0.00       0.00      62.69     177.82      23.66     201.48        0.69     0.02   0.758
  SC_107                   265.70       0.00       0.00      70.30     167.71      26.15     193.85        1.70     0.04   0.730
  SC_108                   265.70       0.00       0.00      62.31     178.34      23.51     201.85        1.01     0.03   0.760
  SC_109                   265.70       0.00       0.00      58.03     184.19      21.68     205.87        1.20     0.03   0.775
  SC_110                   265.70       0.00       0.00      70.71     167.18      26.27     193.45        1.73     0.04   0.728
  SC_111                   265.70       0.00       0.00      62.31     178.34      23.51     201.85        0.99     0.03   0.760
  SC_112                   265.70       0.00       0.00      71.06     166.67      26.45     193.12        1.57     0.04   0.727
  SC_113                   265.70       0.00       0.00      62.60     178.00      23.49     201.49        1.36     0.03   0.758
  SC_114                   265.70       0.00       0.00      81.07     156.39      25.21     181.60       37.31     0.91   0.683
  SC_115                   265.70       0.00       0.00      91.47     140.00      32.87     172.87        3.11     0.08   0.651
  SC_116                   265.70       0.00       0.00      62.75     177.77      23.60     201.38        0.85     0.02   0.758
  SC_117                   265.70       0.00       0.00      71.46     166.15      26.59     192.73        1.56     0.04   0.725
  SC_118                   265.70       0.00       0.00      63.24     177.28      23.38     200.66        2.64     0.07   0.755
  SC_119                   265.70       0.00       0.00      90.47     141.10      32.82     173.92        2.47     0.07   0.655
  SC_120                   265.70       0.00       0.00      65.11     174.73      24.17     198.90        1.62     0.04   0.749
  SC_121                   265.70       0.00       0.00      71.65     165.89      26.66     192.55        1.52     0.04   0.725
  SC_122                   265.70       0.00       0.00      72.05     165.35      26.79     192.14        1.57     0.04   0.723
  SC_123                   265.70       0.00       0.00      91.56     141.41      30.93     172.35       11.36     0.29   0.649
  SC_124                   265.70       0.00       0.00      58.05     184.17      21.67     205.84        1.24     0.03   0.775
  SC_125                   265.70       0.00       0.00      63.80     176.51      23.62     200.14        2.47     0.06   0.753
  SC_126                   265.70       0.00       0.00      64.70     175.14      24.31     199.45        0.90     0.02   0.751
  SC_127                   265.70       0.00       0.00      64.26     175.94      23.69     199.63        2.11     0.05   0.751
  SC_128                   265.70       0.00       0.00      72.39     164.86      26.98     191.84        1.39     0.04   0.722
  SC_129                   265.70       0.00       0.00      72.76     164.34      27.14     191.48        1.33     0.03   0.721
  SC_130                   265.70       0.00       0.00      64.74     175.12      24.27     199.39        1.01     0.03   0.750
  SC_131                   265.70       0.00       0.00      89.88     143.71      30.21     173.92       12.24     0.31   0.655
  SC_132                   265.70       0.00       0.00      58.05     184.17      21.66     205.83        1.19     0.03   0.775
  SC_133                   265.70       0.00       0.00      73.19     163.80      27.25     191.05        1.45     0.04   0.719
  SC_134                   265.70       0.00       0.00      64.17     175.89      24.04     199.93        1.37     0.03   0.752
  SC_135                   265.70       0.00       0.00      73.73     163.20      27.24     190.43        2.02     0.05   0.717
  SC_136                   265.70       0.00       0.00     104.72     122.67      37.17     159.84        3.17     0.09   0.602
  SC_137                   265.70       0.00       0.00      64.96     174.95      24.05     199.00        2.28     0.06   0.749
  SC_138                   265.70       0.00       0.00      86.31     146.81      31.14     177.95        3.10     0.08   0.670
  SC_139                   265.70       0.00       0.00      64.97     174.94      24.04     198.98        1.85     0.05   0.749
  SC_140                   265.70       0.00       0.00      74.53     162.14      27.50     189.65        2.06     0.05   0.714
  SC_141                   265.70       0.00       0.00      64.71     175.14      24.30     199.44        0.93     0.02   0.751
  SC_142                   265.70       0.00       0.00      64.64     175.19      24.37     199.57        0.73     0.02   0.751
  SC_143                   265.70       0.00       0.00      85.95     147.71      30.43     178.14        5.08     0.13   0.670
  SC_144                   265.70       0.00       0.00      75.05     161.22      28.05     189.27        1.14     0.03   0.712
  SC_145                   265.70       0.00       0.00      77.07     158.39      28.95     187.34        0.83     0.02   0.705
  SC_146                   265.70       0.00       0.00      66.33     173.36      24.01     197.37        4.46     0.11   0.743
  SC_147                   265.70       0.00       0.00      85.14     148.76      30.18     178.94        5.07     0.13   0.673
  SC_148                   265.70       0.00       0.00      83.88     149.97      30.38     180.35        2.96     0.08   0.679
  SC_149                   265.70       0.00       0.00      79.42     157.17      26.87     184.03       13.20     0.33   0.693
  SC_150                   265.70       0.00       0.00      83.57     150.65      29.89     180.54        4.28     0.11   0.679
  SC_151                   265.70       0.00       0.00      77.27     158.13      29.01     187.13        0.74     0.02   0.704
  SC_152                   265.70       0.00       0.00      77.30     158.11      28.98     187.09        0.65     0.02   0.704
  SC_153                   265.70       0.00       0.00      75.02     161.24      28.07     189.31        1.06     0.03   0.713
  SC_154                   265.70       0.00       0.00      75.31     160.93      28.05     188.98        1.37     0.04   0.711
  SC_155                   265.70       0.00       0.00      77.41     158.06      28.87     186.93        0.73     0.02   0.704
  SC_156                   265.70       0.00       0.00      77.36     158.09      28.92     187.01        0.92     0.02   0.704
  SC_157                   265.70       0.00       0.00      75.91     160.31      27.98     188.29        2.00     0.05   0.709
  SC_158                   265.70       0.00       0.00      70.19     168.21      25.46     193.67        3.08     0.08   0.729
  SC_159                   265.70       0.00       0.00      77.49     158.03      28.79     186.82        1.26     0.03   0.703
  SC_160                   265.70       0.00       0.00      83.66     151.18      29.00     180.18        8.72     0.22   0.678
  SC_161                   265.70       0.00       0.00      68.94     169.81      25.12     194.93        3.11     0.08   0.734
  SC_162                   265.70       0.00       0.00      77.48     158.21      28.54     186.74        1.70     0.04   0.703
  SC_163                   265.70       0.00       0.00      57.82     184.41      21.90     206.30        0.70     0.02   0.776
  SC_164                   265.70       0.00       0.00      70.41     167.50      26.31     193.81        1.00     0.03   0.729
  SC_165                   265.70       0.00       0.00      58.00     184.22      21.71     205.94        1.02     0.03   0.775
  SC_166                   265.70       0.00       0.00      57.75     184.47      21.96     206.44        0.51     0.01   0.777
  SC_167                   265.70       0.00       0.00      77.32     158.10      28.96     187.07        0.84     0.02   0.704
  SC_168                   265.70       0.00       0.00      57.66     184.56      22.05     206.61        0.33     0.01   0.778
  SC_169                   265.70       0.00       0.00      71.16     166.47      26.62     193.09        0.91     0.02   0.727
  SC_170                   265.70       0.00       0.00      76.89     158.30      29.40     187.69        0.57     0.01   0.706
  SC_171                   265.70       0.00       0.00      77.36     158.09      28.93     187.02        0.75     0.02   0.704
  SC_172                   265.70       0.00       0.00      72.03     165.21      27.08     192.30        0.69     0.02   0.724
  SC_173                   265.70       0.00       0.00      57.94     184.28      21.77     206.05        0.84     0.02   0.775
  SC_174                   265.70       0.00       0.00      62.92     177.64      23.44     201.08        1.39     0.04   0.757
  SC_175                   265.70       0.00       0.00      60.75     180.94      21.36     202.29       13.11     0.33   0.761
  SC_176                   265.70       0.00       0.00      58.16     184.05      21.55     205.60        1.61     0.04   0.774
  SC_177                   265.70       0.00       0.00      77.42     158.06      28.86     186.92        1.14     0.03   0.704
  SC_178                   265.70       0.00       0.00      57.97     184.25      21.74     205.99        0.90     0.02   0.775
  SC_179                   265.70       0.00       0.00      57.69     184.53      22.02     206.55        0.41     0.01   0.777
  SC_180                   265.70       0.00       0.00      58.09     184.13      21.62     205.75        1.35     0.03   0.774
  SC_181                   265.70       0.00       0.00      77.26     158.13      29.03     187.16        0.81     0.02   0.704
  SC_182                   265.70       0.00       0.00      73.20     163.79      27.23     191.03        1.16     0.03   0.719
  SC_183                   265.70       0.00       0.00      77.25     158.14      29.04     187.17        0.84     0.02   0.704
  SC_184                   265.70       0.00       0.00      75.10     161.53      27.46     188.99        2.02     0.05   0.711
  SC_185                   265.70       0.00       0.00      77.17     158.17      29.12     187.29        0.85     0.02   0.705
  SC_186                   265.70       0.00       0.00      63.07     177.41      23.55     200.97        1.25     0.03   0.756
  SC_187                   265.70       0.00       0.00      77.21     158.15      29.07     187.23        0.80     0.02   0.705
  SC_188                   265.70       0.00       0.00      63.82     176.50      23.60     200.10        1.95     0.05   0.753
  SC_189                   265.70       0.00       0.00      57.66     184.56      22.05     206.62        0.36     0.01   0.778
  SC_190                   265.70       0.00       0.00      75.60     160.79      27.76     188.55        1.92     0.05   0.710
  SC_191                   265.70       0.00       0.00      57.98     184.24      21.73     205.97        0.97     0.02   0.775
  SC_192                   265.70       0.00       0.00      57.98     184.24      21.73     205.97        0.97     0.02   0.775
  SC_193                   265.70       0.00       0.00      57.99     184.23      21.72     205.95        1.00     0.03   0.775
  SC_194                   265.70       0.00       0.00      57.75     184.47      21.96     206.43        0.51     0.01   0.777
  SC_195                   265.70       0.00       0.00      77.05     158.22      29.23     187.46        0.74     0.02   0.706
  SC_196                   265.70       0.00       0.00      77.52     158.02      28.76     186.78        1.00     0.03   0.703
  SC_197                   265.70       0.00       0.00      65.25     174.73      23.76     198.49        3.54     0.09   0.747
  SC_198                   265.70       0.00       0.00      58.16     184.06      21.55     205.61        1.62     0.04   0.774
  SC_199                   265.70       0.00       0.00      57.70     184.52      22.01     206.53        0.39     0.01   0.777
  SC_200                   265.70       0.00       0.00      58.09     184.13      21.62     205.75        1.37     0.03   0.774
  SC_201                   265.70       0.00       0.00      77.27     158.13      29.01     187.14        0.56     0.01   0.704
  SC_202                   265.70       0.00       0.00      57.94     184.28      21.78     206.06        0.89     0.02   0.776
  SC_203                   265.70       0.00       0.00      76.91     158.29      29.37     187.66        0.17     0.00   0.706
  SC_204                   265.70       0.00       0.00      57.65     184.57      22.06     206.64        0.38     0.01   0.778
  SC_205                   265.70       0.00       0.00      57.82     184.40      21.90     206.30        0.53     0.01   0.776
  SC_206                   265.70       0.00       0.00      57.82     184.40      21.89     206.28        0.62     0.02   0.776
  SC_207                   265.70       0.00       0.00      71.06     167.26      25.39     192.65        6.09     0.15   0.725
  SC_208                   265.70       0.00       0.00      76.67     158.40      29.62     188.01        0.23     0.01   0.708
  SC_209                   265.70       0.00       0.00      76.82     158.33      29.47     187.80        0.10     0.00   0.707
  SC_210                   265.70       0.00       0.00      77.37     158.08      28.91     186.99        0.89     0.02   0.704
  SC_211                   265.70       0.00       0.00      62.59     178.30      22.70     201.01        6.42     0.16   0.757
  SC_212                   265.70       0.00       0.00      57.83     184.39      21.88     206.27        0.74     0.02   0.776
  SC_213                   265.70       0.00       0.00      57.99     184.23      21.72     205.95        1.03     0.03   0.775
  SC_214                   265.70       0.00       0.00      76.59     158.43      29.69     188.12        0.11     0.00   0.708
  SC_215                   265.70       0.00       0.00      76.71     158.38      29.58     187.95        0.33     0.01   0.707
  SC_216                   265.70       0.00       0.00      71.70     165.71      26.88     192.59        1.87     0.05   0.725
  SC_217                   265.70       0.00       0.00      57.82     184.40      21.90     206.30        0.69     0.02   0.776
  SC_218                   265.70       0.00       0.00      57.83     184.39      21.88     206.28        0.70     0.02   0.776
  SC_219                   265.70       0.00       0.00      77.64     158.48      27.85     186.33        4.54     0.12   0.701
  SC_220                   265.70       0.00       0.00      57.94     184.28      21.77     206.06        1.10     0.03   0.776
  SC_221                   265.70       0.00       0.00      57.88     184.34      21.83     206.17        0.82     0.02   0.776
  SC_222                   265.70       0.00       0.00      57.91     184.31      21.80     206.11        0.94     0.02   0.776
  SC_223                   265.70       0.00       0.00      57.89     184.33      21.82     206.15        0.64     0.02   0.776
  SC_224                   265.70       0.00       0.00      57.92     184.30      21.79     206.08        0.98     0.02   0.776
  SC_225                   265.70       0.00       0.00      77.97     161.14      22.46     183.60      180.01     4.31   0.691
  SC_226                   265.70       0.00       0.00      57.86     184.36      21.85     206.21        0.79     0.02   0.776
  SC_227                   265.70       0.00       0.00      57.96     184.26      21.75     206.01        1.03     0.03   0.775
  SC_228                   265.70       0.00       0.00      57.88     184.34      21.83     206.17        0.87     0.02   0.776
  SC_229                   265.70       0.00       0.00      57.83     184.39      21.88     206.26        0.75     0.02   0.776
  SC_230                   265.70       0.00       0.00      71.26     168.94      17.10     186.04      314.66     7.30   0.700
  SC_231                   265.70       0.00       0.00      57.83     184.39      21.88     206.27        0.73     0.02   0.776
  SC_232                   265.70       0.00       0.00      57.87     184.35      21.84     206.20        0.88     0.02   0.776
  SC_233                   265.70       0.00       0.00      57.92     184.30      21.79     206.10        1.10     0.03   0.776
  SC_234                   265.70       0.00       0.00     125.63     105.20      33.00     138.20       93.76     2.27   0.520
  SC_235                   265.70       0.00       0.00      57.90     184.32      21.82     206.14        0.95     0.02   0.776
  SC_236                   265.70       0.00       0.00      57.91     184.31      21.80     206.11        1.15     0.03   0.776
  SC_237                   265.70       0.00       0.00      57.90     184.32      21.81     206.13        1.06     0.03   0.776
  SC_238                   265.70       0.00       0.00      58.03     184.18      21.68     205.86        1.53     0.04   0.775
  SC_239                   265.70       0.00       0.00      58.01     184.21      21.71     205.92        1.38     0.03   0.775
  SC_240                   265.70       0.00       0.00      60.92     180.55      21.98     202.53        7.21     0.18   0.762
  SC_241                   265.70       0.00       0.00      57.88     184.34      21.83     206.17        0.88     0.02   0.776
  SC_242                   265.70       0.00       0.00      57.94     184.28      21.77     206.04        1.12     0.03   0.775
  SC_243                   265.70       0.00       0.00      57.82     184.40      21.90     206.30        0.56     0.01   0.776
  SC_244                   265.70       0.00       0.00      57.87     184.35      21.84     206.19        1.01     0.03   0.776
  SC_245                   265.70       0.00       0.00      57.85     184.37      21.86     206.24        0.90     0.02   0.776
  SC_246                   265.70       0.00       0.00      57.95     184.27      21.76     206.03        1.12     0.03   0.775
  SC_247                   265.70       0.00       0.00      57.83     184.39      21.88     206.28        0.81     0.02   0.776
  SC_248                   265.70       0.00       0.00      57.96     184.26      21.75     206.00        1.17     0.03   0.775
  SC_249                   265.70       0.00       0.00      57.94     184.28      21.77     206.05        1.07     0.03   0.776
  SC_250                   265.70       0.00       0.00      57.89     184.33      21.83     206.16        1.05     0.03   0.776
  SC_251                   265.70       0.00       0.00      57.89     184.33      21.83     206.16        0.85     0.02   0.776
  SC_252                   265.70       0.00       0.00      57.94     184.27      21.77     206.04        1.07     0.03   0.775
  SC_253                   265.70       0.00       0.00      58.00     184.22      21.71     205.93        1.27     0.03   0.775
  SC_254                   265.70       0.00       0.00      57.87     184.35      21.84     206.18        0.99     0.03   0.776
  SC_255                   265.70       0.00       0.00      57.83     184.39      21.88     206.27        0.84     0.02   0.776
  SC_256                   265.70       0.00       0.00      58.03     184.19      21.68     205.88        1.36     0.03   0.775
  SC_257                   265.70       0.00       0.00     108.16     121.64      34.26     155.90       28.03     0.72   0.587
  SC_258                   265.70       0.00       0.00     105.91     126.45      31.20     157.65       49.54     1.22   0.593
  SC_259                   265.70       0.00       0.00      58.05     184.17      21.67     205.84        1.44     0.04   0.775
  SC_260                   265.70       0.00       0.00      57.83     184.39      21.88     206.27        0.87     0.02   0.776
  SC_261                   265.70       0.00       0.00      58.05     184.17      21.66     205.83        1.85     0.05   0.775
  SC_262                   265.70       0.00       0.00      68.27     170.38      25.52     195.91        1.04     0.03   0.737
  SC_263                   265.70       0.00       0.00      82.37     152.96      28.42     181.38       10.03     0.26   0.683
  SC_264                   265.70       0.00       0.00      57.97     184.25      21.75     206.00        1.11     0.03   0.775
  SC_265                   265.70       0.00       0.00      59.29     182.45      22.28     204.73        1.45     0.04   0.771
  SC_266                   265.70       0.00       0.00      81.11     154.00      28.89     182.90        5.40     0.14   0.688
  SC_267                   265.70       0.00       0.00      80.09     154.78      29.38     184.16        2.34     0.06   0.693
  SC_268                   265.70       0.00       0.00      57.96     184.26      21.76     206.02        1.07     0.03   0.775
  SC_269                   265.70       0.00       0.00      58.07     184.15      21.64     205.79        1.85     0.05   0.775
  SC_270                   265.70       0.00       0.00      58.17     184.05      21.54     205.59        2.03     0.05   0.774
  SC_271                   265.70       0.00       0.00      58.07     184.15      21.64     205.79        1.54     0.04   0.775
  SC_272                   265.70       0.00       0.00      65.53     174.06      24.55     198.61        1.05     0.03   0.747
  SC_273                   265.70       0.00       0.00      66.70     172.49      24.97     197.46        1.02     0.03   0.743
  SC_274                   265.70       0.00       0.00      58.70     183.25      22.08     205.33        1.40     0.04   0.773
  SC_275                   265.70       0.00       0.00      57.95     184.27      21.76     206.04        1.12     0.03   0.775
  SC_276                   265.70       0.00       0.00      57.87     184.35      21.85     206.20        1.13     0.03   0.776
  SC_277                   265.70       0.00       0.00      58.17     184.05      21.54     205.59        2.03     0.05   0.774
  SC_278                   265.70       0.00       0.00      63.39     176.83      24.03     200.86        0.56     0.01   0.756
  SC_279                   265.70       0.00       0.00      77.27     158.13      29.01     187.14        0.70     0.02   0.704
  SC_280                   265.70       0.00       0.00      64.29     175.69      24.19     199.88        0.86     0.02   0.752
  SC_281                   265.70       0.00       0.00      62.80     177.63      23.82     201.45        0.54     0.01   0.758
  SC_282                   265.70       0.00       0.00      58.04     184.17      21.67     205.84        1.47     0.04   0.775
  SC_283                   265.70       0.00       0.00      57.86     184.36      21.85     206.20        1.11     0.03   0.776
  SC_284                   265.70       0.00       0.00      58.05     184.17      21.66     205.82        1.44     0.04   0.775
  SC_285                   265.70       0.00       0.00      58.10     184.11      21.61     205.72        1.71     0.04   0.774
  SC_286                   265.70       0.00       0.00      57.84     184.39      21.88     206.26        0.98     0.02   0.776
  SC_287                   265.70       0.00       0.00      62.23     178.41      23.60     202.01        0.57     0.01   0.760
  SC_288                   265.70       0.00       0.00      57.92     184.30      21.79     206.09        0.96     0.02   0.776
  SC_289                   265.70       0.00       0.00      57.87     184.35      21.84     206.19        0.82     0.02   0.776
  SC_290                   265.70       0.00       0.00      61.26     179.72      23.24     202.96        0.59     0.02   0.764
  SC_291                   265.70       0.00       0.00      61.86     178.92      23.44     202.36        0.63     0.02   0.762
  SC_292                   265.70       0.00       0.00      58.11     184.11      21.60     205.71        1.74     0.04   0.774
  SC_293                   265.70       0.00       0.00      58.11     184.11      21.60     205.71        1.73     0.04   0.774
  SC_294                   265.70       0.00       0.00      78.68     156.45      29.19     185.64        1.38     0.04   0.699
  SC_295                   265.70       0.00       0.00      77.96     157.82      28.32     186.14        3.41     0.09   0.701
  SC_296                   265.70       0.00       0.00      80.27     154.70      29.20     183.91        2.91     0.08   0.692
  SC_297                   265.70       0.00       0.00      58.07     184.15      21.64     205.80        2.25     0.06   0.775
  SC_298                   265.70       0.00       0.00      57.80     184.42      21.91     206.33        0.78     0.02   0.777
  SC_299                   265.70       0.00       0.00      57.89     184.33      21.83     206.16        1.00     0.03   0.776
  SC_300                   265.70       0.00       0.00      58.03     184.19      21.68     205.87        1.40     0.04   0.775
  SC_301                   265.70       0.00       0.00      58.22     183.99      21.49     205.48        2.36     0.06   0.773
  SC_302                   265.70       0.00       0.00      58.12     184.10      21.59     205.69        2.01     0.05   0.774
  SC_303                   265.70       0.00       0.00      58.50     183.72      21.22     204.93        4.34     0.11   0.771
  SC_304                   265.70       0.00       0.00      60.87     180.25      23.10     203.35        0.58     0.01   0.765
  SC_305                   265.70       0.00       0.00      59.93     181.53      22.70     204.24        0.68     0.02   0.769
  SC_306                   265.70       0.00       0.00      59.12     182.62      22.45     205.07        0.58     0.01   0.772
  SC_307                   265.70       0.00       0.00      58.25     183.96      21.46     205.42        2.52     0.06   0.773
  SC_308                   265.70       0.00       0.00      60.30     181.03      22.87     203.90        0.61     0.02   0.767
  SC_309                   265.70       0.00       0.00      78.72     156.43      29.15     185.58        1.53     0.04   0.698
  SC_310                   265.70       0.00       0.00      58.22     183.99      21.49     205.48        2.57     0.06   0.773
  SC_311                   265.70       0.00       0.00      59.54     182.06      22.56     204.63        0.66     0.02   0.770
  SC_312                   265.70       0.00       0.00      77.52     158.01      28.76     186.77        1.36     0.04   0.703
  SC_313                   265.70       0.00       0.00      58.22     184.00      21.49     205.49        2.38     0.06   0.773
  SC_314                   265.70       0.00       0.00      58.95     182.86      22.35     205.21        0.64     0.02   0.772
  SC_315                   265.70       0.00       0.00      58.30     183.92      21.42     205.34        2.87     0.07   0.773
  SC_316                   265.70       0.00       0.00      69.91     169.44      23.62     193.06       19.84     0.49   0.727
  SC_317                   265.70       0.00       0.00      77.55     158.00      28.73     186.73        1.56     0.04   0.703
  SC_318                   265.70       0.00       0.00      81.05     153.66      29.49     183.15        2.57     0.07   0.689
  SC_319                   265.70       0.00       0.00      58.72     183.49      20.99     204.48        6.70     0.17   0.770
  SC_320                   265.70       0.00       0.00      76.60     161.39      24.90     186.28       25.69     0.63   0.701
  SC_321                   265.70       0.00       0.00      78.99     156.14      29.15     185.29        1.60     0.04   0.697
  SC_322                   265.70       0.00       0.00      58.13     184.09      21.58     205.67        1.83     0.05   0.774
  SC_323                   265.70       0.00       0.00      59.52     182.16      22.31     204.47        1.24     0.03   0.770
  SC_324                   265.70       0.00       0.00      58.57     183.37      22.20     205.58        0.67     0.02   0.774
  SC_325                   265.70       0.00       0.00      58.60     183.61      21.11     204.72        5.50     0.14   0.770
  SC_326                   265.70       0.00       0.00      58.24     183.97      21.47     205.44        2.64     0.07   0.773
  SC_327                   265.70       0.00       0.00      78.99     157.36      27.29     184.65        9.46     0.24   0.695
  SC_328                   265.70       0.00       0.00      78.22     157.36      28.60     185.95        2.95     0.08   0.700
  SC_329                   265.70       0.00       0.00      58.20     184.02      21.51     205.53        2.33     0.06   0.774
  SC_330                   265.70       0.00       0.00      58.93     182.95      22.11     205.06        1.25     0.03   0.772
  SC_331                   265.70       0.00       0.00      58.14     184.07      21.57     205.64        2.04     0.05   0.774
  SC_332                   265.70       0.00       0.00      58.15     184.07      21.57     205.64        1.91     0.05   0.774
  SC_333                   265.70       0.00       0.00      72.88     165.48      24.90     190.38       12.79     0.32   0.717
  SC_334                   265.70       0.00       0.00      58.96     182.93      22.09     205.01        1.34     0.03   0.772
  SC_335                   265.70       0.00       0.00      58.93     182.96      22.11     205.07        1.19     0.03   0.772
  SC_336                   265.70       0.00       0.00      58.89     183.00      22.15     205.15        1.05     0.03   0.772
  SC_337                   265.70       0.00       0.00      77.63     157.97      28.65     186.62        1.69     0.04   0.702
  SC_338                   265.70       0.00       0.00      58.31     183.91      21.40     205.31        3.31     0.08   0.773
  SC_339                   265.70       0.00       0.00      78.10     157.23      28.98     186.21        1.75     0.05   0.701
  SC_340                   265.70       0.00       0.00      59.26     182.48      22.31     204.79        0.98     0.02   0.771
  SC_341                   265.70       0.00       0.00      58.92     182.96      22.12     205.08        1.18     0.03   0.772
  SC_342                   265.70       0.00       0.00      58.56     183.65      21.15     204.80        4.76     0.12   0.771
  SC_343                   265.70       0.00       0.00      59.06     182.75      22.24     204.99        0.98     0.02   0.772
  SC_344                   265.70       0.00       0.00      58.37     183.85      21.35     205.19        3.41     0.09   0.772
  SC_345                   265.70       0.00       0.00      59.82     181.72      22.55     204.27        0.89     0.02   0.769
  SC_346                   265.70       0.00       0.00      59.62     181.99      22.48     204.47        0.88     0.02   0.770
  SC_347                   265.70       0.00       0.00      58.39     183.82      21.32     205.14        3.60     0.09   0.772
  SC_348                   265.70       0.00       0.00      59.53     182.07      22.58     204.65        0.60     0.02   0.770
  SC_349                   265.70       0.00       0.00      78.26     156.99      29.09     186.07        1.62     0.04   0.700
  SC_350                   265.70       0.00       0.00      58.22     183.99      21.49     205.48        2.44     0.06   0.773
  SC_351                   265.70       0.00       0.00      59.04     183.17      20.67     203.84       10.18     0.25   0.767
  SC_352                   265.70       0.00       0.00      79.26     158.05      25.69     183.74       25.55     0.63   0.692
  SC_353                   265.70       0.00       0.00      60.28     181.13      22.62     203.75        1.12     0.03   0.767
  SC_354                   265.70       0.00       0.00      77.00     161.72      23.43     185.15       63.62     1.54   0.697
  SC_355                   265.70       0.00       0.00      61.34     180.72      18.37     199.09       81.28     1.94   0.749
  SC_356                   265.70       0.00       0.00      58.29     183.93      21.42     205.35        2.83     0.07   0.773
  SC_357                   265.70       0.00       0.00      60.49     180.85      22.67     203.52        1.21     0.03   0.766
  SC_358                   265.70       0.00       0.00      70.36     167.53      26.36     193.89        1.02     0.03   0.730
  SC_359                   265.70       0.00       0.00      79.27     156.02      28.87     184.89        3.37     0.09   0.696
  SC_360                   265.70       0.00       0.00      63.03     177.45      23.59     201.04        1.17     0.03   0.757
  SC_361                   265.70       0.00       0.00      78.59     156.66      29.02     185.68        2.14     0.06   0.699
  SC_362                   265.70       0.00       0.00      61.07     180.07      22.90     202.97        1.15     0.03   0.764
  SC_363                   265.70       0.00       0.00      58.22     184.00      21.50     205.50        2.44     0.06   0.773
  SC_364                   265.70       0.00       0.00      62.06     178.75      23.23     201.98        1.20     0.03   0.760
  SC_365                   265.70       0.00       0.00      65.72     174.16      23.82     197.98        3.81     0.10   0.745
  SC_366                   265.70       0.00       0.00      79.62     155.51      29.05     184.57        3.10     0.08   0.695
  SC_367                   265.70       0.00       0.00      68.92     169.96      24.87     194.83        4.06     0.10   0.733
  SC_368                   265.70       0.00       0.00      58.61     183.61      21.11     204.71        5.31     0.13   0.770
  SC_369                   265.70       0.00       0.00      62.05     179.89      17.66     197.55      106.94     2.53   0.744
  SC_370                   265.70       0.00       0.00      58.53     183.68      21.18     204.87        4.58     0.11   0.771
  SC_371                   265.70       0.00       0.00      79.26     155.84      29.14     184.99        2.39     0.06   0.696
  SC_372                   265.70       0.00       0.00      79.99     155.00      29.22     184.22        2.77     0.07   0.693
  SC_373                   265.70       0.00       0.00      58.52     183.69      21.19     204.89        4.52     0.11   0.771
  SC_374                   265.70       0.00       0.00      69.52     168.76      25.87     194.62        1.39     0.04   0.732
  SC_375                   265.70       0.00       0.00      58.55     183.66      21.16     204.82        4.81     0.12   0.771
  SC_376                   265.70       0.00       0.00      58.59     183.62      21.12     204.74        5.16     0.13   0.771
  SC_377                   265.70       0.00       0.00      70.13     167.96      26.06     194.02        1.48     0.04   0.730
  SC_378                   265.70       0.00       0.00      80.49     154.61      28.98     183.59        4.23     0.11   0.691
  SC_379                   265.70       0.00       0.00      79.63     155.33      29.31     184.64        2.17     0.06   0.695
  SC_380                   265.70       0.00       0.00      80.36     154.67      29.11     183.78        3.54     0.09   0.692
  SC_381                   265.70       0.00       0.00      80.00     155.36      28.67     184.03        5.41     0.14   0.693
  SC_382                   265.70       0.00       0.00      59.85     182.33      19.86     202.19       25.02     0.61   0.761
  SC_383                   265.70       0.00       0.00      70.39     167.36      26.59     193.95        0.63     0.02   0.730
  SC_384                   265.70       0.00       0.00      70.83     166.81      26.69     193.50        0.73     0.02   0.728
  SC_385                   265.70       0.00       0.00      71.61     165.76      26.97     192.72        0.75     0.02   0.725
  SC_386                   265.70       0.00       0.00      58.19     184.03      21.52     205.55        2.35     0.06   0.774
  SC_387                   265.70       0.00       0.00      71.03     166.54      26.75     193.29        0.76     0.02   0.727
  SC_388                   265.70       0.00       0.00      58.20     184.01      21.51     205.52        2.50     0.06   0.774
  SC_389                   265.70       0.00       0.00      71.40     166.03      26.91     192.94        0.71     0.02   0.726
  SC_390                   265.70       0.00       0.00      58.45     183.77      21.26     205.03        4.39     0.11   0.772
  SC_391                   265.70       0.00       0.00      72.67     164.40      27.24     191.64        0.94     0.02   0.721
  SC_392                   265.70       0.00       0.00      75.92     160.13      28.24     188.37        1.20     0.03   0.709
  SC_393                   265.70       0.00       0.00      69.63     170.21      22.57     192.78       32.38     0.79   0.726
  SC_394                   265.70       0.00       0.00      71.78     165.51      27.06     192.57        0.70     0.02   0.725
  SC_395                   265.70       0.00       0.00      77.15     158.53      28.60     187.13        1.30     0.03   0.704
  SC_396                   265.70       0.00       0.00      59.61     182.58      20.10     202.67       26.37     0.65   0.763
  SC_397                   265.70       0.00       0.00      64.06     176.09      23.89     199.97        1.77     0.05   0.753
  SC_398                   265.70       0.00       0.00      79.86     155.41      28.81     184.22        4.66     0.12   0.693
  SC_399                   265.70       0.00       0.00      78.35     157.65      27.93     185.58        6.32     0.16   0.698
  SC_400                   265.70       0.00       0.00      71.77     165.51      27.07     192.58        0.73     0.02   0.725
  SC_401                   265.70       0.00       0.00      65.98     173.49      24.62     198.11        1.52     0.04   0.746
  SC_402                   265.70       0.00       0.00      58.41     183.81      21.30     205.11        4.14     0.10   0.772
  SC_403                   265.70       0.00       0.00      64.78     175.09      24.23     199.32        1.44     0.04   0.750
  SC_404                   265.70       0.00       0.00      79.34     156.16      28.53     184.70        5.45     0.14   0.695
  SC_405                   265.70       0.00       0.00      72.09     165.48      26.48     191.97        2.53     0.07   0.722
  SC_406                   265.70       0.00       0.00      77.75     157.56      29.06     186.63        1.30     0.03   0.702
  SC_407                   265.70       0.00       0.00      58.12     184.10      21.59     205.69        2.26     0.06   0.774
  SC_408                   265.70       0.00       0.00      72.08     165.49      26.50     191.99        2.55     0.07   0.723
  SC_409                   265.70       0.00       0.00      78.89     156.36      28.99     185.35        2.66     0.07   0.698
  SC_410                   265.70       0.00       0.00      58.16     184.06      21.55     205.61        2.35     0.06   0.774
  SC_411                   265.70       0.00       0.00      58.09     184.12      21.62     205.74        2.02     0.05   0.774
  SC_412                   265.70       0.00       0.00      77.81     157.71      28.74     186.45        2.19     0.06   0.702
  SC_413                   265.70       0.00       0.00      63.32     177.00      23.83     200.82        1.13     0.03   0.756
  SC_414                   265.70       0.00       0.00      77.95     157.30      29.13     186.43        1.31     0.03   0.702
  SC_415                   265.70       0.00       0.00      58.04     184.17      21.67     205.84        1.80     0.05   0.775
  SC_416                   265.70       0.00       0.00      78.16     157.73      28.12     185.85        4.64     0.12   0.699
  SC_417                   265.70       0.00       0.00      72.67     164.39      27.23     191.63        1.13     0.03   0.721
  SC_418                   265.70       0.00       0.00      62.16     178.56      23.40     201.96        1.21     0.03   0.760
  SC_419                   265.70       0.00       0.00      72.81     164.16      27.36     191.52        0.97     0.03   0.721
  SC_420                   265.70       0.00       0.00      78.20     157.71      28.08     185.79        4.74     0.12   0.699
  SC_421                   265.70       0.00       0.00      78.27     157.68      28.01     185.69        5.61     0.14   0.699
  SC_422                   265.70       0.00       0.00      72.57     164.45      27.34     191.79        0.86     0.02   0.722
  SC_423                   265.70       0.00       0.00      60.86     180.34      22.83     203.18        1.66     0.04   0.765
  SC_424                   265.70       0.00       0.00      71.83     165.48      27.02     192.50        0.99     0.03   0.724
  SC_425                   265.70       0.00       0.00      59.84     181.71      22.53     204.24        1.48     0.04   0.769
  SC_426                   265.70       0.00       0.00      78.28     157.68      28.00     185.67        5.11     0.13   0.699
  SC_427                   265.70       0.00       0.00      78.23     157.70      28.05     185.75        4.69     0.12   0.699
  SC_428                   265.70       0.00       0.00      59.37     182.45      21.93     204.39        4.14     0.10   0.769
  SC_429                   265.70       0.00       0.00      77.34     158.09      28.94     187.04        1.00     0.03   0.704
  SC_430                   265.70       0.00       0.00      71.25     166.41      26.53     192.94        1.83     0.05   0.726
  SC_431                   265.70       0.00       0.00      77.41     158.06      28.87     186.94        1.16     0.03   0.704
  SC_432                   265.70       0.00       0.00      58.84     183.37      20.87     204.24       11.30     0.28   0.769
  SC_433                   265.70       0.00       0.00      75.95     161.88      25.28     187.16       14.36     0.36   0.704
  SC_434                   265.70       0.00       0.00      78.32     157.66      27.97     185.63        5.02     0.13   0.699
  SC_435                   265.70       0.00       0.00      58.54     183.54      21.70     205.24        4.15     0.10   0.772
  SC_436                   265.70       0.00       0.00      68.45     170.13      25.61     195.74        1.71     0.04   0.737
  SC_437                   265.70       0.00       0.00      61.56     179.27      23.47     202.73        0.93     0.02   0.763
  SC_438                   265.70       0.00       0.00      57.95     184.27      21.76     206.03        2.37     0.06   0.775
  SC_439                   265.70       0.00       0.00      57.61     184.61      22.10     206.71        0.44     0.01   0.778
  SC_440                   265.70       0.00       0.00      57.61     184.61      22.10     206.71        0.45     0.01   0.778
  SC_441                   265.70       0.00       0.00      57.58     184.64      22.13     206.77        0.35     0.01   0.778
  SC_442                   265.70       0.00       0.00      58.00     184.22      21.71     205.93        2.79     0.07   0.775
  SC_443                   265.70       0.00       0.00      57.99     184.23      21.72     205.95        1.47     0.04   0.775
  SC_444                   265.70       0.00       0.00      58.08     184.13      21.63     205.76        2.11     0.05   0.774
  SC_445                   265.70       0.00       0.00     110.21     118.37      35.66     154.03       21.30     0.55   0.580
  SC_446                   265.70       0.00       0.00      76.99     159.12      27.97     187.09        4.34     0.11   0.704
  SC_447                   265.70       0.00       0.00      57.77     184.45      21.94     206.40        1.13     0.03   0.777
  SC_448                   265.70       0.00       0.00      57.97     184.25      21.75     206.00        1.51     0.04   0.775
  SC_449                   265.70       0.00       0.00      58.08     184.14      21.63     205.77        2.23     0.06   0.774
  SC_450                   265.70       0.00       0.00      57.76     184.46      21.95     206.41        1.06     0.03   0.777
  SC_451                   265.70       0.00       0.00      57.64     184.58      22.07     206.66        0.58     0.01   0.778
  SC_452                   265.70       0.00       0.00      57.77     184.45      21.94     206.39        1.10     0.03   0.777
  SC_453                   265.70       0.00       0.00      57.76     184.46      21.96     206.42        1.05     0.03   0.777
  SC_454                   265.70       0.00       0.00      57.68     184.54      22.03     206.58        0.69     0.02   0.777
  SC_455                   265.70       0.00       0.00      77.82     158.23      27.93     186.15        4.99     0.13   0.701
  SC_456                   265.70       0.00       0.00      62.33     178.79      22.16     200.95        7.20     0.18   0.756
  SC_457                   265.70       0.00       0.00      57.79     184.44      21.93     206.36        1.15     0.03   0.777
  SC_458                   265.70       0.00       0.00      58.04     184.18      21.68     205.86        2.07     0.05   0.775
  SC_459                   265.70       0.00       0.00      57.93     184.29      21.78     206.07        1.11     0.03   0.776
  SC_460                   265.70       0.00       0.00      77.62     158.14      28.40     186.54        2.60     0.07   0.702
  SC_461                   265.70       0.00       0.00      57.71     184.51      22.00     206.51        0.83     0.02   0.777
  SC_462                   265.70       0.00       0.00      78.43     157.61      27.85     185.46        5.84     0.15   0.698
  SC_463                   265.70       0.00       0.00      57.89     184.33      21.82     206.16        1.32     0.03   0.776
  SC_464                   265.70       0.00       0.00      58.08     184.13      21.63     205.76        1.93     0.05   0.774
  SC_465                   265.70       0.00       0.00      57.72     184.51      22.00     206.50        0.75     0.02   0.777
  SC_466                   265.70       0.00       0.00      57.89     184.33      21.82     206.15        1.36     0.03   0.776
  SC_467                   265.70       0.00       0.00      57.81     184.41      21.90     206.32        1.25     0.03   0.777
  SC_468                   265.70       0.00       0.00      57.70     184.52      22.01     206.54        0.60     0.02   0.777
  SC_469                   265.70       0.00       0.00      57.82     184.40      21.89     206.29        1.30     0.03   0.776
  SC_470                   265.70       0.00       0.00      57.93     184.29      21.78     206.06        0.91     0.02   0.776
  SC_471                   265.70       0.00       0.00      57.96     184.26      21.75     206.01        1.77     0.04   0.775
  SC_472                   265.70       0.00       0.00      57.72     184.50      21.99     206.50        0.59     0.02   0.777
  SC_473                   265.70       0.00       0.00      57.86     184.36      21.85     206.21        1.51     0.04   0.776
  SC_474                   265.70       0.00       0.00      57.90     184.32      21.81     206.13        1.76     0.04   0.776
  SC_475                   265.70       0.00       0.00      77.77     158.08      28.24     186.32        3.38     0.09   0.701
  SC_476                   265.70       0.00       0.00      57.94     184.28      21.77     206.05        1.66     0.04   0.776
  SC_477                   265.70       0.00       0.00      58.01     184.21      21.70     205.92        1.18     0.03   0.775
  SC_478                   265.70       0.00       0.00      58.62     183.60      21.09     204.69        8.02     0.20   0.770
  SC_479                   265.70       0.00       0.00      58.10     184.12      21.62     205.74        3.30     0.08   0.774
  SC_480                   265.70       0.00       0.00      58.42     183.80      21.29     205.09        5.87     0.15   0.772
  SC_481                   265.70       0.00       0.00      57.83     184.39      21.88     206.26        1.13     0.03   0.776
  SC_482                   265.70       0.00       0.00      57.67     184.55      22.04     206.59        0.46     0.01   0.778
  SC_483                   265.70       0.00       0.00      77.62     158.66      27.60     186.26        7.29     0.19   0.701
  SC_484                   265.70       0.00       0.00      58.00     184.22      21.71     205.93        1.11     0.03   0.775
  SC_485                   265.70       0.00       0.00      58.29     183.93      21.42     205.35        5.15     0.13   0.773
  SC_486                   265.70       0.00       0.00      57.59     184.63      22.12     206.75        0.27     0.01   0.778
  SC_487                   265.70       0.00       0.00      57.87     184.35      21.84     206.19        1.37     0.03   0.776
  SC_488                   265.70       0.00       0.00      58.47     183.74      21.24     204.99        5.64     0.14   0.771
  SC_489                   265.70       0.00       0.00      58.05     184.17      21.66     205.83        2.08     0.05   0.775
  SC_490                   265.70       0.00       0.00      57.54     184.69      22.18     206.86        0.18     0.00   0.779
  SC_491                   265.70       0.00       0.00      57.89     184.33      21.82     206.16        1.53     0.04   0.776
  SC_492                   265.70       0.00       0.00      76.10     159.70      28.59     188.29        1.17     0.03   0.709
  SC_493                   265.70       0.00       0.00      58.04     184.18      21.67     205.85        1.29     0.03   0.775
  SC_494                   265.70       0.00       0.00      57.79     184.43      21.92     206.34        0.99     0.03   0.777
  SC_495                   265.70       0.00       0.00      57.82     184.40      21.89     206.30        1.05     0.03   0.776
  SC_496                   265.70       0.00       0.00      57.89     184.33      21.83     206.16        0.77     0.02   0.776
  SC_497                   265.70       0.00       0.00      57.82     184.40      21.90     206.30        1.02     0.03   0.776
  SC_498                   265.70       0.00       0.00      57.85     184.37      21.86     206.22        0.67     0.02   0.776
  SC_499                   265.70       0.00       0.00      76.14     159.69      28.55     188.24        1.30     0.03   0.708
  SC_500                   265.70       0.00       0.00      76.11     159.87      28.31     188.18        1.96     0.05   0.708
  SC_501                   265.70       0.00       0.00      75.88     160.15      28.28     188.43        1.82     0.05   0.709
  SC_502                   265.70       0.00       0.00      58.16     184.06      21.55     205.61        3.58     0.09   0.774
  SC_503                   265.70       0.00       0.00      57.85     184.37      21.86     206.24        0.66     0.02   0.776
  SC_504                   265.70       0.00       0.00      57.96     184.26      21.76     206.02        1.01     0.03   0.775
  SC_505                   265.70       0.00       0.00      57.88     184.34      21.83     206.16        0.79     0.02   0.776
  SC_506                   265.70       0.00       0.00      61.55     179.65      22.41     202.06        4.80     0.12   0.760
  SC_507                   265.70       0.00       0.00      57.83     184.39      21.88     206.27        1.08     0.03   0.776
  SC_508                   265.70       0.00       0.00      75.67     161.25      26.89     188.13        9.25     0.24   0.708
  SC_509                   265.70       0.00       0.00      73.10     164.63      26.01     190.64        5.22     0.13   0.717
  SC_510                   265.70       0.00       0.00      75.71     160.23      28.45     188.68        1.17     0.03   0.710
  SC_511                   265.70       0.00       0.00      57.84     184.38      21.87     206.25        0.63     0.02   0.776
  SC_512                   265.70       0.00       0.00      76.53     159.67      27.89     187.56        3.57     0.09   0.706
  SC_513                   265.70       0.00       0.00      58.44     183.77      21.27     205.04        6.14     0.15   0.772
  SC_514                   265.70       0.00       0.00     103.94     125.53      34.76     160.28       10.26     0.27   0.603
  SC_515                   265.70       0.00       0.00      57.86     184.36      21.85     206.21        0.70     0.02   0.776
  SC_516                   265.70       0.00       0.00      57.81     184.41      21.90     206.31        0.61     0.02   0.776
  SC_517                   265.70       0.00       0.00      57.99     184.23      21.72     205.95        1.23     0.03   0.775
  SC_518                   265.70       0.00       0.00      58.53     183.68      21.18     204.86        6.37     0.16   0.771
  SC_519                   265.70       0.00       0.00      57.83     184.40      21.89     206.28        0.66     0.02   0.776
  SC_520                   265.70       0.00       0.00      57.90     184.32      21.81     206.13        1.30     0.03   0.776
  SC_521                   265.70       0.00       0.00      57.91     184.31      21.80     206.11        0.94     0.02   0.776
  SC_522                   265.70       0.00       0.00      57.77     184.45      21.94     206.40        0.48     0.01   0.777
  SC_523                   265.70       0.00       0.00     150.16     105.20       9.26     114.46        4.87     0.12   0.431
  SC_524                   265.70       0.00       0.00      88.05     148.25      26.47     174.72       50.73     1.24   0.658
  SC_525                   265.70       0.00       0.00      57.94     184.28      21.77     206.04        1.07     0.03   0.775
  SC_526                   265.70       0.00       0.00      58.31     183.90      21.40     205.30        3.20     0.08   0.773
  SC_527                   265.70       0.00       0.00      57.82     184.40      21.89     206.29        0.58     0.01   0.776
  SC_528                   265.70       0.00       0.00      74.53     161.98      27.77     189.74        2.05     0.05   0.714
  SC_529                   265.70       0.00       0.00      58.08     184.14      21.63     205.77        2.00     0.05   0.774
  SC_530                   265.70       0.00       0.00      74.90     162.11      26.86     188.97        7.78     0.20   0.711
  SC_531                   265.70       0.00       0.00      58.97     183.24      20.75     203.99       11.76     0.29   0.768
  SC_532                   265.70       0.00       0.00      57.74     184.48      21.97     206.45        0.55     0.01   0.777
  SC_533                   265.70       0.00       0.00      74.44     162.19      27.59     189.78        2.58     0.07   0.714
  SC_534                   265.70       0.00       0.00      57.84     184.38      21.87     206.25        0.95     0.02   0.776
  SC_535                   265.70       0.00       0.00      58.17     184.05      21.54     205.59        1.84     0.05   0.774
  SC_536                   265.70       0.00       0.00      74.24     162.94      26.73     189.67        7.33     0.19   0.714
  SC_537                   265.70       0.00       0.00      71.45     166.15      26.60     192.75        2.52     0.07   0.725
  SC_538                   265.70       0.00       0.00      73.50     163.48      27.21     190.68        2.06     0.05   0.718
  SC_539                   265.70       0.00       0.00     108.46     121.82      33.69     155.51       21.90     0.56   0.585
  SC_540                   265.70       0.00       0.00      72.73     164.36      27.17     191.54        2.04     0.05   0.721
  SC_541                   265.70       0.00       0.00      58.61     183.60      21.10     204.71        8.29     0.21   0.770
  SC_542                   265.70       0.00       0.00      57.78     184.44      21.93     206.37        1.03     0.03   0.777
  SC_543                   265.70       0.00       0.00      58.14     184.08      21.57     205.65        1.97     0.05   0.774
  SC_544                   265.70       0.00       0.00      58.04     184.18      21.67     205.84        1.67     0.04   0.775
  SC_545                   265.70       0.00       0.00      58.10     184.12      21.61     205.73        1.99     0.05   0.774
  SC_546                   265.70       0.00       0.00      58.22     184.00      21.49     205.49        2.64     0.07   0.773
  SC_547                   265.70       0.00       0.00      57.71     184.51      22.00     206.50        0.44     0.01   0.777
  SC_548                   265.70       0.00       0.00      57.60     184.63      22.12     206.74        0.23     0.01   0.778
  SC_549                   265.70       0.00       0.00      57.73     184.49      21.98     206.47        0.48     0.01   0.777
  SC_550                   265.70       0.00       0.00      57.61     184.62      22.11     206.72        0.27     0.01   0.778
  SC_551                   265.70       0.00       0.00      57.81     184.41      21.90     206.31        0.71     0.02   0.776
  SC_552                   265.70       0.00       0.00      57.72     184.50      21.99     206.48        0.58     0.01   0.777
  SC_553                   265.70       0.00       0.00      57.87     184.35      21.84     206.19        0.96     0.02   0.776
  SC_554                   265.70       0.00       0.00      57.79     184.43      21.92     206.35        0.78     0.02   0.777
  SC_555                   265.70       0.00       0.00      61.35     179.83      22.61     202.44        3.81     0.10   0.762
  SC_556                   265.70       0.00       0.00      71.00     167.57      24.92     192.49       10.35     0.26   0.724
  SC_557                   265.70       0.00       0.00      58.02     184.19      21.69     205.88        1.53     0.04   0.775
  SC_558                   265.70       0.00       0.00      58.04     184.18      21.67     205.85        1.64     0.04   0.775
  SC_559                   265.70       0.00       0.00      57.78     184.44      21.93     206.38        0.61     0.02   0.777
  SC_560                   265.70       0.00       0.00      57.85     184.38      21.87     206.24        0.63     0.02   0.776
  SC_561                   265.70       0.00       0.00      57.82     184.40      21.89     206.30        0.80     0.02   0.776
  SC_562                   265.70       0.00       0.00      72.14     165.15      26.96     192.11        2.07     0.05   0.723
  SC_563                   265.70       0.00       0.00      68.36     170.85      24.37     195.22       10.78     0.27   0.735
  SC_564                   265.70       0.00       0.00      76.14     160.36      27.49     187.85        4.56     0.12   0.707
  SC_565                   265.70       0.00       0.00      74.64     161.59      28.19     189.78        0.53     0.01   0.714
  SC_566                   265.70       0.00       0.00      58.83     183.38      20.88     204.27       12.98     0.32   0.769
  SC_567                   265.70       0.00       0.00      58.00     184.22      21.71     205.93        1.32     0.03   0.775
  SC_568                   265.70       0.00       0.00      57.79     184.43      21.92     206.35        0.67     0.02   0.777
  SC_569                   265.70       0.00       0.00      65.05     174.77      24.23     198.99        2.22     0.06   0.749
  SC_570                   265.70       0.00       0.00      57.69     184.53      22.02     206.56        0.40     0.01   0.777
  SC_571                   265.70       0.00       0.00      57.69     184.53      22.02     206.55        0.41     0.01   0.777
  SC_572                   265.70       0.00       0.00      57.81     184.42      21.91     206.32        0.67     0.02   0.777
  SC_573                   265.70       0.00       0.00      57.78     184.44      21.93     206.37        0.67     0.02   0.777
  SC_574                   265.70       0.00       0.00      57.73     184.49      21.98     206.46        0.52     0.01   0.777
  SC_575                   265.70       0.00       0.00      57.91     184.31      21.80     206.10        0.97     0.02   0.776
  SC_576                   265.70       0.00       0.00      71.92     165.43      26.92     192.35        1.92     0.05   0.724
  SC_577                   265.70       0.00       0.00      57.84     184.38      21.87     206.24        0.71     0.02   0.776
  SC_578                   265.70       0.00       0.00      57.90     184.32      21.81     206.13        1.08     0.03   0.776
  SC_579                   265.70       0.00       0.00      65.89     174.25      23.12     197.37       14.40     0.36   0.743
  SC_580                   265.70       0.00       0.00      65.72     173.80      24.62     198.42        1.82     0.05   0.747
  SC_581                   265.70       0.00       0.00      69.70     168.36      26.22     194.58        1.62     0.04   0.732
  SC_582                   265.70       0.00       0.00      64.65     175.30      24.10     199.40        4.10     0.10   0.750
  SC_583                   265.70       0.00       0.00      57.83     184.39      21.88     206.27        0.67     0.02   0.776
  SC_584                   265.70       0.00       0.00      57.77     184.45      21.94     206.39        0.64     0.02   0.777
  SC_585                   265.70       0.00       0.00      57.97     184.25      21.75     206.00        1.04     0.03   0.775
  SC_586                   265.70       0.00       0.00      71.00     167.00      25.98     192.98        5.03     0.13   0.726
  SC_587                   265.70       0.00       0.00      69.52     168.90      25.61     194.51        3.59     0.09   0.732
  SC_588                   265.70       0.00       0.00      68.12     170.62      25.41     196.03        2.40     0.06   0.738
  SC_589                   265.70       0.00       0.00      58.01     184.21      21.70     205.90        1.33     0.03   0.775
  SC_590                   265.70       0.00       0.00      57.93     184.29      21.78     206.07        0.96     0.02   0.776
  SC_591                   265.70       0.00       0.00      57.84     184.38      21.88     206.26        0.69     0.02   0.776
  SC_592                   265.70       0.00       0.00      66.84     172.26      25.10     197.36        1.76     0.05   0.743
  SC_593                   265.70       0.00       0.00      57.93     184.29      21.79     206.08        1.05     0.03   0.776
  SC_594                   265.70       0.00       0.00      57.85     184.37      21.86     206.23        0.66     0.02   0.776
  SC_595                   265.70       0.00       0.00      57.89     184.33      21.82     206.15        0.86     0.02   0.776
  SC_596                   265.70       0.00       0.00      57.91     184.31      21.80     206.12        0.96     0.02   0.776
  SC_597                   265.70       0.00       0.00      57.87     184.35      21.85     206.20        0.69     0.02   0.776
  SC_598                   265.70       0.00       0.00      57.92     184.30      21.80     206.10        0.97     0.02   0.776
  SC_599                   265.70       0.00       0.00      57.95     184.27      21.76     206.03        0.92     0.02   0.775
  SC_600                   265.70       0.00       0.00      57.75     184.47      21.96     206.42        0.44     0.01   0.777
  SC_601                   265.70       0.00       0.00      57.82     184.40      21.89     206.28        0.87     0.02   0.776
  SC_602                   265.70       0.00       0.00      57.92     184.30      21.79     206.09        0.82     0.02   0.776
  SC_603                   265.70       0.00       0.00      57.84     184.38      21.87     206.24        0.62     0.02   0.776
  SC_604                   265.70       0.00       0.00      57.95     184.27      21.76     206.03        1.18     0.03   0.775
  SC_605                   265.70       0.00       0.00      57.88     184.34      21.83     206.17        0.84     0.02   0.776
  SC_606                   265.70       0.00       0.00      57.96     184.25      21.75     206.00        1.10     0.03   0.775
  SC_607                   265.70       0.00       0.00      58.01     184.21      21.70     205.91        1.31     0.03   0.775
  SC_608                   265.70       0.00       0.00      57.70     184.52      22.01     206.53        0.50     0.01   0.777
  SC_609                   265.70       0.00       0.00      57.86     184.36      21.85     206.21        0.69     0.02   0.776
  SC_610                   265.70       0.00       0.00      57.77     184.45      21.94     206.40        0.50     0.01   0.777
  SC_611                   265.70       0.00       0.00      57.67     184.55      22.04     206.60        0.27     0.01   0.778
  SC_612                   265.70       0.00       0.00      63.26     177.05      23.89     200.94        0.90     0.02   0.756
  SC_613                   265.70       0.00       0.00      57.75     184.47      21.96     206.43        0.44     0.01   0.777
  SC_614                   265.70       0.00       0.00      57.98     184.24      21.74     205.98        1.14     0.03   0.775
  SC_615                   265.70       0.00       0.00      57.66     184.56      22.05     206.62        0.26     0.01   0.778
  SC_616                   265.70       0.00       0.00      57.72     184.50      21.99     206.49        0.41     0.01   0.777
  SC_617                   265.70       0.00       0.00      57.74     184.48      21.97     206.45        0.57     0.01   0.777
  SC_618                   265.70       0.00       0.00      57.76     184.46      21.95     206.41        0.57     0.01   0.777
  SC_619                   265.70       0.00       0.00      57.69     184.53      22.02     206.55        0.34     0.01   0.777
  SC_620                   265.70       0.00       0.00      57.95     184.27      21.76     206.03        1.04     0.03   0.775
  SC_621                   265.70       0.00       0.00      65.14     175.04      23.34     198.38       10.08     0.25   0.747
  SC_622                   265.70       0.00       0.00      57.78     184.44      21.93     206.37        0.53     0.01   0.777
  SC_623                   265.70       0.00       0.00      87.01     145.19      32.29     177.48        1.01     0.03   0.668
  SC_624                   265.70       0.00       0.00      91.35     139.40      33.80     173.20        0.92     0.02   0.652
  SC_625                   265.70       0.00       0.00      57.74     184.48      21.97     206.45        0.40     0.01   0.777
  SC_626                   265.70       0.00       0.00      57.76     184.46      21.95     206.40        0.43     0.01   0.777
  SC_627                   265.70       0.00       0.00      58.39     183.83      21.32     205.15        4.72     0.12   0.772
  SC_628                   265.70       0.00       0.00      57.74     184.48      21.97     206.45        0.46     0.01   0.777
  SC_629                   265.70       0.00       0.00      57.77     184.45      21.94     206.39        0.45     0.01   0.777
  SC_630                   265.70       0.00       0.00      57.81     184.41      21.90     206.32        1.37     0.03   0.777
  SC_631                   265.70       0.00       0.00      57.81     184.41      21.90     206.32        0.52     0.01   0.777
  SC_632                   265.70       0.00       0.00      57.77     184.45      21.94     206.39        0.44     0.01   0.777
  SC_633                   265.70       0.00       0.00      57.70     184.52      22.01     206.54        0.30     0.01   0.777
  SC_634                   265.70       0.00       0.00      57.76     184.46      21.95     206.41        0.43     0.01   0.777
  SC_635                   265.70       0.00       0.00      57.74     184.48      21.97     206.44        0.40     0.01   0.777
  SC_636                   265.70       0.00       0.00      57.63     184.59      22.08     206.68        0.20     0.00   0.778
  SC_637                   265.70       0.00       0.00      57.67     184.55      22.04     206.59        0.29     0.01   0.778
  SC_638                   265.70       0.00       0.00      57.80     184.42      21.91     206.33        1.02     0.03   0.777
  SC_639                   265.70       0.00       0.00      57.57     184.66      22.15     206.80        0.35     0.01   0.778
  SC_640                   265.70       0.00       0.00      57.66     184.56      22.05     206.62        0.57     0.01   0.778
  SC_641                   265.70       0.00       0.00      57.63     184.59      22.08     206.68        0.18     0.00   0.778
  SC_642                   265.70       0.00       0.00      57.63     184.59      22.08     206.67        0.16     0.00   0.778
  SC_643                   265.70       0.00       0.00      57.58     184.65      22.14     206.78        0.37     0.01   0.778
  SC_644                   265.70       0.00       0.00      57.92     184.30      21.79     206.09        1.14     0.03   0.776
  SC_645                   265.70       0.00       0.00      65.35     174.88      23.12     198.00        7.36     0.18   0.745
  SC_646                   265.70       0.00       0.00      57.91     184.31      21.80     206.11        1.21     0.03   0.776
  SC_647                   265.70       0.00       0.00      57.66     184.56      22.05     206.61        0.13     0.00   0.778
  SC_648                   265.70       0.00       0.00      57.58     184.64      22.13     206.78        0.17     0.00   0.778
  SC_649                   265.70       0.00       0.00      59.98     181.57      22.38     203.95        2.36     0.06   0.768
  SC_650                   265.70       0.00       0.00      57.95     184.27      21.76     206.03        1.25     0.03   0.775
  SC_651                   265.70       0.00       0.00      59.24     182.50      22.33     204.83        1.43     0.04   0.771
  SC_652                   265.70       0.00       0.00      63.25     177.16      23.63     200.79        1.32     0.03   0.756
  SC_653                   265.70       0.00       0.00      65.02     174.91      23.99     198.90        2.19     0.06   0.749
  SC_654                   265.70       0.00       0.00      58.31     183.77      21.93     205.70        1.67     0.04   0.774
  SC_655                   265.70       0.00       0.00      58.94     182.95      22.10     205.05        1.90     0.05   0.772
  SC_656                   265.70       0.00       0.00      58.00     184.22      21.71     205.94        1.48     0.04   0.775
  SC_657                   265.70       0.00       0.00      58.50     183.51      22.00     205.52        1.65     0.04   0.773
  SC_658                   265.70       0.00       0.00      57.57     184.66      22.14     206.80        0.23     0.01   0.778
  SC_659                   265.70       0.00       0.00      57.91     184.31      21.80     206.11        1.12     0.03   0.776
  SC_660                   265.70       0.00       0.00      58.22     183.93      21.76     205.69        2.33     0.06   0.774
  SC_661                   265.70       0.00       0.00      57.89     184.33      21.82     206.15        1.04     0.03   0.776
  SC_662                   265.70       0.00       0.00      57.85     184.37      21.86     206.23        1.24     0.03   0.776
  SC_663                   265.70       0.00       0.00      58.20     184.02      21.51     205.53        2.88     0.07   0.774
  SC_664                   265.70       0.00       0.00      58.23     183.92      21.75     205.67        2.36     0.06   0.774
  SC_665                   265.70       0.00       0.00      57.94     184.28      21.77     206.04        1.28     0.03   0.775
  SC_666                   265.70       0.00       0.00      57.90     184.32      21.81     206.14        1.09     0.03   0.776
  SC_667                   265.70       0.00       0.00      57.87     184.35      21.84     206.19        1.34     0.03   0.776
  SC_668                   265.70       0.00       0.00      57.91     184.31      21.80     206.11        1.17     0.03   0.776
  SC_669                   265.70       0.00       0.00      57.74     184.48      21.97     206.45        0.74     0.02   0.777
  SC_670                   265.70       0.00       0.00      65.30     174.35      24.51     198.86        0.98     0.03   0.748
  SC_671                   265.70       0.00       0.00      57.88     184.34      21.83     206.16        1.28     0.03   0.776
  SC_672                   265.70       0.00       0.00      57.80     184.42      21.92     206.34        0.94     0.02   0.777
  SC_673                   265.70       0.00       0.00      57.90     184.32      21.81     206.13        1.40     0.04   0.776
  SC_674                   265.70       0.00       0.00      57.88     184.34      21.83     206.18        1.08     0.03   0.776
  SC_675                   265.70       0.00       0.00      65.54     174.05      24.54     198.59        1.11     0.03   0.747
  SC_676                   265.70       0.00       0.00      58.06     184.16      21.65     205.81        2.23     0.06   0.775
  SC_677                   265.70       0.00       0.00      57.69     184.53      22.02     206.55        0.32     0.01   0.777
  SC_678                   265.70       0.00       0.00      57.89     184.26      22.09     206.35        0.95     0.02   0.777
  SC_679                   265.70       0.00       0.00     103.83     128.39      31.42     159.81       30.13     0.75   0.601
  SC_680                   265.70       0.00       0.00      57.93     184.29      21.79     206.08        1.27     0.03   0.776
  SC_681                   265.70       0.00       0.00      58.00     184.22      21.71     205.93        1.69     0.04   0.775
  SC_682                   265.70       0.00       0.00      65.46     174.11      24.62     198.73        0.85     0.02   0.748
  SC_683                   265.70       0.00       0.00      58.20     184.02      21.52     205.54        3.36     0.08   0.774
  SC_684                   265.70       0.00       0.00      58.72     183.43      21.25     204.68        6.82     0.17   0.770
  SC_685                   265.70       0.00       0.00      57.94     184.28      21.78     206.06        1.13     0.03   0.776
  SC_686                   265.70       0.00       0.00      57.84     184.38      21.87     206.26        0.96     0.02   0.776
  SC_687                   265.70       0.00       0.00      65.61     173.88      24.73     198.61        0.80     0.02   0.748
  SC_688                   265.70       0.00       0.00      58.06     184.16      21.65     205.82        2.08     0.05   0.775
  SC_689                   265.70       0.00       0.00      57.73     184.49      21.98     206.48        0.53     0.01   0.777
  SC_690                   265.70       0.00       0.00      58.90     183.31      20.81     204.12       10.88     0.27   0.768
  SC_691                   265.70       0.00       0.00      57.83     184.39      21.89     206.28        0.95     0.02   0.776
  SC_692                   265.70       0.00       0.00      57.63     184.59      22.08     206.68        0.19     0.00   0.778
  SC_693                   265.70       0.00       0.00      57.41     184.82      22.30     207.12        0.12     0.00   0.780
  SC_694                   265.70       0.00       0.00      57.84     184.38      21.87     206.26        0.97     0.02   0.776
  SC_695                   265.70       0.00       0.00      65.69     173.82      24.65     198.47        1.07     0.03   0.747
  SC_696                   265.70       0.00       0.00      57.92     184.30      21.80     206.10        1.10     0.03   0.776
  SC_697                   265.70       0.00       0.00      57.99     184.23      21.72     205.96        1.52     0.04   0.775
  SC_698                   265.70       0.00       0.00      57.77     184.45      21.94     206.39        0.74     0.02   0.777
  SC_699                   265.70       0.00       0.00      65.26     174.38      24.55     198.93        0.94     0.02   0.749
  SC_700                   265.70       0.00       0.00      57.79     184.43      21.93     206.36        0.66     0.02   0.777
  SC_701                   265.70       0.00       0.00     106.73     126.69      29.84     156.53      104.44     2.54   0.589
  SC_702                   265.70       0.00       0.00      57.64     184.58      22.07     206.65        0.24     0.01   0.778
  SC_703                   265.70       0.00       0.00      58.04     184.18      21.67     205.85        2.06     0.05   0.775
  SC_704                   265.70       0.00       0.00      64.59     175.23      24.42     199.65        0.73     0.02   0.751
  SC_705                   265.70       0.00       0.00      57.72     184.50      21.99     206.50        0.42     0.01   0.777
  SC_706                   265.70       0.00       0.00      57.72     184.50      21.99     206.50        0.49     0.01   0.777
  SC_707                   265.70       0.00       0.00      62.77     177.86      23.32     201.18        2.17     0.06   0.757
  SC_708                   265.70       0.00       0.00      64.21     175.75      24.27     200.02        0.75     0.02   0.753
  SC_709                   265.70       0.00       0.00     119.97     107.05      37.32     144.38       19.78     0.51   0.543
  SC_710                   265.70       0.00       0.00      57.74     184.48      21.98     206.46        0.49     0.01   0.777
  SC_711                   265.70       0.00       0.00      58.00     184.21      21.71     205.92        1.50     0.04   0.775
  SC_712                   265.70       0.00       0.00      57.71     184.51      22.00     206.51        0.48     0.01   0.777
  SC_713                   265.70       0.00       0.00      57.76     184.46      21.95     206.41        0.67     0.02   0.777
  SC_714                   265.70       0.00       0.00      57.77     184.45      21.94     206.38        0.54     0.01   0.777
  SC_715                   265.70       0.00       0.00      58.47     183.75      21.24     204.99        6.21     0.16   0.772
  SC_716                   265.70       0.00       0.00      58.07     184.15      21.64     205.78        1.79     0.05   0.774
  SC_717                   265.70       0.00       0.00      57.81     184.42      21.91     206.32        0.83     0.02   0.777
  SC_718                   265.70       0.00       0.00      57.87     184.35      21.84     206.18        1.10     0.03   0.776
  SC_719                   265.70       0.00       0.00      57.89     184.33      21.82     206.16        0.99     0.03   0.776
  SC_720                   265.70       0.00       0.00      62.51     178.07      23.57     201.64        0.99     0.03   0.759
  SC_721                   265.70       0.00       0.00      57.95     184.27      21.76     206.03        1.47     0.04   0.775
  SC_722                   265.70       0.00       0.00      57.92     184.30      21.80     206.10        1.12     0.03   0.776
  SC_723                   265.70       0.00       0.00      57.77     184.45      21.94     206.39        0.60     0.02   0.777
  SC_724                   265.70       0.00       0.00      63.48     176.76      23.94     200.70        0.92     0.02   0.755
  SC_725                   265.70       0.00       0.00      57.94     184.28      21.78     206.06        1.08     0.03   0.776
  SC_726                   265.70       0.00       0.00      57.87     184.35      21.84     206.18        0.84     0.02   0.776
  SC_727                   265.70       0.00       0.00      57.90     184.32      21.81     206.13        1.22     0.03   0.776
  SC_728                   265.70       0.00       0.00      57.87     184.35      21.84     206.18        0.86     0.02   0.776
  SC_729                   265.70       0.00       0.00      57.74     184.48      21.97     206.46        0.62     0.02   0.777
  SC_730                   265.70       0.00       0.00      57.84     184.38      21.87     206.25        1.03     0.03   0.776
  SC_731                   265.70       0.00       0.00      57.82     184.40      21.89     206.28        0.92     0.02   0.776
  SC_732                   265.70       0.00       0.00      57.80     184.42      21.91     206.32        0.89     0.02   0.777
  SC_733                   265.70       0.00       0.00      58.04     184.17      21.67     205.84        2.10     0.05   0.775
  SC_734                   265.70       0.00       0.00      57.77     184.45      21.94     206.38        0.61     0.02   0.777
  SC_735                   265.70       0.00       0.00      57.96     184.26      21.75     206.00        1.17     0.03   0.775
  SC_736                   265.70       0.00       0.00      57.94     184.28      21.78     206.06        1.09     0.03   0.776
  SC_737                   265.70       0.00       0.00      57.70     184.52      22.01     206.53        0.42     0.01   0.777
  SC_738                   265.70       0.00       0.00      79.52     155.55      29.15     184.71        3.06     0.08   0.695
  SC_739                   265.70       0.00       0.00     116.86     105.70      42.30     148.00        2.05     0.06   0.557
  SC_740                   265.70       0.00       0.00     151.81     102.69      10.27     112.96        3.60     0.09   0.425
  SC_741                   265.70       0.00       0.00     123.14     106.21      34.69     140.90       61.60     1.53   0.530
  SC_742                   265.70       0.00       0.00      57.70     184.52      22.01     206.53        0.47     0.01   0.777
  SC_743                   265.70       0.00       0.00      57.77     184.45      21.94     206.39        0.56     0.01   0.777
  SC_744                   265.70       0.00       0.00      57.80     184.42      21.91     206.34        0.69     0.02   0.777
  SC_745                   265.70       0.00       0.00      57.80     184.42      21.91     206.33        0.69     0.02   0.777
  SC_746                   265.70       0.00       0.00      57.70     184.52      22.01     206.53        0.40     0.01   0.777
  SC_747                   265.70       0.00       0.00      57.68     184.54      22.03     206.57        0.38     0.01   0.777
  SC_748                   265.70       0.00       0.00      57.79     184.43      21.92     206.35        0.65     0.02   0.777
  SC_749                   265.70       0.00       0.00      58.68     183.34      21.83     205.17        2.17     0.05   0.772
  SC_750                   265.70       0.00       0.00      57.73     184.49      21.98     206.47        0.54     0.01   0.777
  SC_751                   265.70       0.00       0.00      57.82     184.40      21.89     206.30        0.74     0.02   0.776
  SC_752                   265.70       0.00       0.00      66.28     173.74      23.26     197.01        8.82     0.22   0.741
  SC_753                   265.70       0.00       0.00      57.91     184.31      21.80     206.12        1.05     0.03   0.776
  SC_754                   265.70       0.00       0.00      58.48     183.74      21.23     204.97        6.05     0.15   0.771
  SC_755                   265.70       0.00       0.00      65.84     173.59      24.76     198.36        0.91     0.02   0.747
  SC_756                   265.70       0.00       0.00      64.33     176.19      22.82     199.01        9.50     0.24   0.749
  SC_757                   265.70       0.00       0.00      57.92     184.30      21.79     206.09        1.11     0.03   0.776
  SC_758                   265.70       0.00       0.00      58.84     183.11      21.94     205.05        2.10     0.05   0.772
  SC_759                   265.70       0.00       0.00      57.71     184.51      22.00     206.51        0.65     0.02   0.777
  SC_760                   265.70       0.00       0.00      59.45     182.38      21.86     204.24        3.50     0.09   0.769
  SC_761                   265.70       0.00       0.00      65.52     174.07      24.55     198.62        1.09     0.03   0.748
  SC_762                   265.70       0.00       0.00      57.85     184.37      21.86     206.23        0.85     0.02   0.776
  SC_763                   265.70       0.00       0.00      57.64     184.59      22.08     206.66        0.49     0.01   0.778
  SC_764                   265.70       0.00       0.00      57.55     184.67      22.16     206.84        0.30     0.01   0.778
  SC_765                   265.70       0.00       0.00      65.49     174.09      24.58     198.67        0.97     0.02   0.748
  SC_766                   265.70       0.00       0.00      57.57     184.66      22.15     206.80        0.38     0.01   0.778
  SC_767                   265.70       0.00       0.00      57.67     184.55      22.04     206.60        0.31     0.01   0.778
  SC_768                   265.70       0.00       0.00      57.75     184.47      21.96     206.43        0.49     0.01   0.777
  SC_769                   265.70       0.00       0.00      57.76     184.46      21.95     206.42        0.54     0.01   0.777
  SC_770                   265.70       0.00       0.00      58.21     184.01      21.50     205.51        3.33     0.08   0.773
  SC_771                   265.70       0.00       0.00      57.85     184.37      21.87     206.24        0.74     0.02   0.776
  SC_772                   265.70       0.00       0.00      57.51     184.71      22.20     206.91        0.23     0.01   0.779
  SC_773                   265.70       0.00       0.00      57.42     184.81      22.29     207.10        0.08     0.00   0.779
  SC_774                   265.70       0.00       0.00      58.53     183.68      21.18     204.86        5.65     0.14   0.771
  SC_775                   265.70       0.00       0.00      58.03     184.19      21.68     205.87        1.60     0.04   0.775
  SC_776                   265.70       0.00       0.00      57.88     184.34      21.83     206.16        0.87     0.02   0.776
  SC_777                   265.70       0.00       0.00      57.86     184.36      21.86     206.22        0.73     0.02   0.776
  SC_778                   265.70       0.00       0.00      57.83     184.39      21.88     206.28        0.66     0.02   0.776
  SC_779                   265.70       0.00       0.00      58.53     183.69      21.19     204.87        5.02     0.13   0.771
  SC_780                   265.70       0.00       0.00      57.80     184.42      21.91     206.33        0.64     0.02   0.777
  SC_781                   265.70       0.00       0.00      57.79     184.43      21.92     206.35        0.56     0.01   0.777
  SC_782                   265.70       0.00       0.00      58.16     184.05      21.55     205.60        2.70     0.07   0.774
  SC_783                   265.70       0.00       0.00      57.76     184.46      21.95     206.42        0.45     0.01   0.777
  SC_784                   265.70       0.00       0.00      57.83     184.39      21.88     206.28        0.67     0.02   0.776
  SC_785                   265.70       0.00       0.00      66.97     172.67      23.90     196.57        7.65     0.19   0.740
  SC_786                   265.70       0.00       0.00      58.22     183.99      21.49     205.48        3.54     0.09   0.773
  SC_787                   265.70       0.00       0.00     151.42     104.99       8.00     113.00       16.29     0.39   0.425
  SC_788                   265.70       0.00       0.00      57.71     184.52      22.01     206.52        0.50     0.01   0.777
  SC_789                   265.70       0.00       0.00      58.30     183.92      21.41     205.33        3.26     0.08   0.773
  SC_790                   265.70       0.00       0.00      63.09     177.79      22.47     200.25        7.72     0.19   0.754
  SC_791                   265.70       0.00       0.00      57.53     184.69      22.18     206.88        0.14     0.00   0.779
  SC_792                   265.70       0.00       0.00      58.05     184.16      21.66     205.82        1.37     0.03   0.775
  SC_793                   265.70       0.00       0.00      57.70     184.52      22.01     206.54        0.36     0.01   0.777
  SC_794                   265.70       0.00       0.00      57.84     184.38      21.87     206.24        0.92     0.02   0.776
  SC_795                   265.70       0.00       0.00      65.25     174.85      23.50     198.35        4.27     0.11   0.747
  SC_796                   265.70       0.00       0.00      78.46     157.59      27.82     185.41        7.64     0.20   0.698
  SC_797                   265.70       0.00       0.00      68.78     170.32      24.48     194.80        6.05     0.15   0.733
  SC_798                   265.70       0.00       0.00      57.89     184.33      21.82     206.15        1.14     0.03   0.776
  SC_799                   265.70       0.00       0.00      72.53     164.94      26.58     191.52        1.69     0.04   0.721
  SC_800                   265.70       0.00       0.00      63.82     176.60      23.33     199.92        2.34     0.06   0.752
  SC_801                   265.70       0.00       0.00      57.83     184.39      21.88     206.28        0.86     0.02   0.776
  SC_802                   265.70       0.00       0.00      77.02     158.24      29.27     187.51        0.44     0.01   0.706
  SC_803                   265.70       0.00       0.00      62.66     178.25      22.63     200.88        5.28     0.13   0.756
  SC_804                   265.70       0.00       0.00      57.87     184.35      21.85     206.20        0.98     0.02   0.776
  SC_805                   265.70       0.00       0.00      57.79     184.43      21.92     206.34        0.71     0.02   0.777
  SC_806                   265.70       0.00       0.00      76.86     160.49      25.97     186.46       13.22     0.33   0.702
  SC_807                   265.70       0.00       0.00      71.32     166.96      25.39     192.35        7.86     0.20   0.724
  SC_808                   265.70       0.00       0.00      58.07     184.14      21.64     205.78        1.80     0.05   0.774
  SC_809                   265.70       0.00       0.00     111.46     112.57      40.79     153.35        2.17     0.06   0.577
  SC_810                   265.70       0.00       0.00     101.75     129.91      32.17     162.07       30.50     0.77   0.610
  SC_811                   265.70       0.00       0.00      76.68     159.94      27.21     187.15        3.52     0.09   0.704
  SC_812                   265.70       0.00       0.00      78.76     157.46      27.53     184.99        5.78     0.15   0.696
  SC_813                   265.70       0.00       0.00      77.54     158.36      28.21     186.57        2.22     0.06   0.702
  SC_814                   265.70       0.00       0.00      79.17     157.28      27.11     184.39       10.00     0.25   0.694
  SC_815                   265.70       0.00       0.00      70.11     168.26      25.55     193.80        4.43     0.11   0.729
  SC_816                   265.70       0.00       0.00      58.90     183.19      21.35     204.54        4.46     0.11   0.770
  SC_817                   265.70       0.00       0.00      60.18     181.54      21.66     203.20        5.37     0.13   0.765
  SC_818                   265.70       0.00       0.00      69.06     169.60      25.27     194.87        4.15     0.11   0.733
  SC_819                   265.70       0.00       0.00      58.25     183.97      21.46     205.43        2.67     0.07   0.773
  SC_820                   265.70       0.00       0.00      77.50     158.03      28.79     186.81        1.22     0.03   0.703
  SC_821                   265.70       0.00       0.00      79.25     157.24      27.03     184.27        9.71     0.25   0.694
  SC_822                   265.70       0.00       0.00      77.40     158.07      28.88     186.94        1.01     0.03   0.704
  SC_823                   265.70       0.00       0.00      77.30     158.11      28.98     187.09        0.79     0.02   0.704
  SC_824                   265.70       0.00       0.00      61.09     180.40      21.81     202.21        6.25     0.16   0.761
  SC_825                   265.70       0.00       0.00      70.87     167.37      25.58     192.95        3.71     0.09   0.726
  SC_826                   265.70       0.00       0.00      78.92     157.39      27.37     184.76        6.99     0.18   0.695
  SC_827                   265.70       0.00       0.00      63.73     176.88      22.89     199.76        5.09     0.13   0.752
  SC_828                   265.70       0.00       0.00      77.43     158.05      28.85     186.90        0.93     0.02   0.703
  SC_829                   265.70       0.00       0.00      77.23     158.15      29.05     187.20        0.69     0.02   0.705
  SC_830                   265.70       0.00       0.00      67.61     171.74      24.32     196.06        4.43     0.11   0.738
  SC_831                   265.70       0.00       0.00      69.16     169.12      25.96     195.08        1.84     0.05   0.734
  SC_832                   265.70       0.00       0.00      78.36     157.64      27.92     185.57        4.33     0.11   0.698
  SC_833                   265.70       0.00       0.00      77.21     158.16      29.08     187.23        0.63     0.02   0.705
  SC_834                   265.70       0.00       0.00      75.19     161.15      27.90     189.05        1.25     0.03   0.712
  SC_835                   265.70       0.00       0.00      78.39     156.57      29.49     186.06        1.09     0.03   0.700
  SC_836                   265.70       0.00       0.00      72.50     164.64      27.14     191.78        2.05     0.05   0.722
  SC_837                   265.70       0.00       0.00      77.21     158.15      29.07     187.23        0.64     0.02   0.705
  SC_838                   265.70       0.00       0.00      79.18     157.27      27.10     184.37       10.38     0.26   0.694
  SC_839                   265.70       0.00       0.00      77.22     159.68      26.67     186.35        8.46     0.21   0.701
  SC_840                   265.70       0.00       0.00      83.89     148.99      31.69     180.68        0.69     0.02   0.680
  SC_841                   265.70       0.00       0.00      83.14     150.23      31.12     181.35        1.13     0.03   0.683
  SC_842                   265.70       0.00       0.00      75.72     160.39      28.17     188.56        1.09     0.03   0.710
  SC_843                   265.70       0.00       0.00      73.61     163.42      27.09     190.51        1.84     0.05   0.717
  SC_844                   265.70       0.00       0.00      77.29     158.12      29.00     187.12        0.76     0.02   0.704
  SC_845                   265.70       0.00       0.00      74.47     162.01      27.83     189.84        0.92     0.02   0.714
  SC_846                   265.70       0.00       0.00      76.02     159.91      28.40     188.32        0.87     0.02   0.709
  SC_847                   265.70       0.00       0.00      93.17     136.59      34.90     171.48        0.49     0.01   0.645
  SC_848                   265.70       0.00       0.00      69.46     169.08      25.40     194.47        4.29     0.11   0.732
  SC_849                   265.70       0.00       0.00      77.37     158.08      28.91     186.99        0.93     0.02   0.704
  SC_850                   265.70       0.00       0.00      77.74     158.44      27.75     186.19        3.87     0.10   0.701
  SC_851                   265.70       0.00       0.00      71.44     166.31      26.34     192.64        3.21     0.08   0.725
  SC_852                   265.70       0.00       0.00      77.30     158.11      28.98     187.09        0.78     0.02   0.704
  SC_853                   265.70       0.00       0.00      76.89     159.00      28.33     187.33        1.53     0.04   0.705
  SC_854                   265.70       0.00       0.00      67.67     172.88      21.35     194.23       42.41     1.03   0.731
  SC_855                   265.70       0.00       0.00      97.22     131.29      36.16     167.45        0.60     0.02   0.630
  SC_856                   265.70       0.00       0.00      74.03     162.56      27.74     190.30        1.49     0.04   0.716
  SC_857                   265.70       0.00       0.00     103.04     123.18      38.58     161.76        0.38     0.01   0.609
  SC_858                   265.70       0.00       0.00      77.70     157.94      28.58     186.52        1.64     0.04   0.702
  SC_859                   265.70       0.00       0.00      96.42     132.35      35.90     168.25        0.62     0.02   0.633
  SC_860                   265.70       0.00       0.00      93.90     135.55      35.24     170.78        0.43     0.01   0.643
  SC_861                   265.70       0.00       0.00      88.58     142.46      33.65     176.11        0.24     0.01   0.663
  SC_862                   265.70       0.00       0.00      78.38     157.63      27.90     185.53        4.05     0.10   0.698
  SC_863                   265.70       0.00       0.00      89.82     140.86      34.00     174.85        0.29     0.01   0.658
  SC_864                   265.70       0.00       0.00      78.95     157.37      27.33     184.70        7.36     0.19   0.695
  SC_865                   265.70       0.00       0.00      78.99     157.36      27.29     184.65        8.22     0.21   0.695
  SC_866                   265.70       0.00       0.00      77.28     158.12      29.00     187.12        0.80     0.02   0.704
  SC_867                   265.70       0.00       0.00      77.71     157.93      28.57     186.50        1.96     0.05   0.702
  SC_868                   265.70       0.00       0.00      62.21     178.72      22.81     201.53        1.92     0.05   0.758
  SC_869                   265.70       0.00       0.00      77.22     158.15      29.06     187.21        0.65     0.02   0.705
  SC_870                   265.70       0.00       0.00      77.73     157.92      28.55     186.47        2.02     0.05   0.702
  SC_871                   265.70       0.00       0.00      77.30     158.11      28.99     187.10        0.80     0.02   0.704
  SC_872                   265.70       0.00       0.00      72.89     163.96      27.55     191.51        1.14     0.03   0.721
  SC_873                   265.70       0.00       0.00      77.16     158.18      29.13     187.30        0.54     0.01   0.705
  SC_874                   265.70       0.00       0.00      63.30     176.79      24.38     201.18        0.13     0.00   0.757
  SC_875                   265.70       0.00       0.00      58.32     183.70      22.19     205.89        0.34     0.01   0.775
  SC_876                   265.70       0.00       0.00      77.29     158.12      28.99     187.11        0.76     0.02   0.704
  SC_877                   265.70       0.00       0.00      59.15     182.59      22.42     205.01        0.36     0.01   0.772
  SC_878                   265.70       0.00       0.00      77.26     158.13      29.03     187.16        0.68     0.02   0.704
  SC_879                   265.70       0.00       0.00      76.99     158.43      29.03     187.46        1.13     0.03   0.706
  SC_880                   265.70       0.00       0.00      57.65     184.58      22.07     206.64        0.82     0.02   0.778
  SC_881                   265.70       0.00       0.00      57.83     184.39      21.89     206.28        0.54     0.01   0.776
  SC_882                   265.70       0.00       0.00      77.59     157.98      28.69     186.68        2.38     0.06   0.703
  SC_883                   265.70       0.00       0.00      57.71     184.51      22.00     206.52        0.99     0.03   0.777
  SC_884                   265.70       0.00       0.00      79.27     157.23      27.01     184.24       10.59     0.27   0.693
  SC_885                   265.70       0.00       0.00      57.99     184.23      21.72     205.95        2.42     0.06   0.775
  SC_886                   265.70       0.00       0.00      57.57     184.65      22.14     206.79        0.62     0.02   0.778
  SC_887                   265.70       0.00       0.00      57.53     184.69      22.18     206.88        0.49     0.01   0.779
  SC_888                   265.70       0.00       0.00      57.60     184.62      22.11     206.73        0.68     0.02   0.778
  SC_889                   265.70       0.00       0.00      77.30     158.11      28.98     187.09        0.76     0.02   0.704
  SC_890                   265.70       0.00       0.00      57.52     184.70      22.19     206.89        0.39     0.01   0.779
  SC_891                   265.70       0.00       0.00      77.36     158.09      28.93     187.01        0.84     0.02   0.704
  SC_892                   265.70       0.00       0.00      65.16     174.57      24.38     198.95        1.88     0.05   0.749
  SC_893                   265.70       0.00       0.00      77.19     158.16      29.09     187.26        0.58     0.02   0.705
  SC_894                   265.70       0.00       0.00      77.33     158.10      28.95     187.05        0.70     0.02   0.704
  SC_895                   265.70       0.00       0.00      79.48     157.47      26.27     183.74       13.85     0.35   0.692
  SC_896                   265.70       0.00       0.00      66.85     172.51      24.55     197.06        3.60     0.09   0.742
  SC_897                   265.70       0.00       0.00      77.20     158.16      29.09     187.25        0.54     0.01   0.705
  SC_898                   265.70       0.00       0.00      77.40     158.07      28.89     186.96        0.87     0.02   0.704
  SC_899                   265.70       0.00       0.00      72.69     165.00      26.15     191.16        5.56     0.14   0.719
  SC_900                   265.70       0.00       0.00      77.26     158.13      29.02     187.15        0.66     0.02   0.704
  SC_901                   265.70       0.00       0.00      66.38     173.99      22.37     196.35       19.06     0.47   0.739
  SC_902                   265.70       0.00       0.00      57.69     184.53      22.02     206.55        0.96     0.02   0.777
  SC_903                   265.70       0.00       0.00      77.34     158.09      28.94     187.03        0.75     0.02   0.704
  SC_904                   265.70       0.00       0.00      57.54     184.68      22.17     206.85        0.47     0.01   0.779
  SC_905                   265.70       0.00       0.00      77.10     158.20      29.18     187.39        0.39     0.01   0.705
  SC_906                   265.70       0.00       0.00      77.33     158.10      28.95     187.05        0.74     0.02   0.704
  SC_907                   265.70       0.00       0.00      77.29     158.12      29.00     187.12        0.64     0.02   0.704
  SC_908                   265.70       0.00       0.00      58.10     184.12      21.61     205.73        2.11     0.05   0.774
  SC_909                   265.70       0.00       0.00      77.03     158.23      29.26     187.49        0.24     0.01   0.706
  SC_910                   265.70       0.00       0.00      73.92     162.94      27.32     190.26        2.16     0.06   0.716
  SC_911                   265.70       0.00       0.00      58.19     184.02      21.52     205.54        1.97     0.05   0.774
  SC_912                   265.70       0.00       0.00      77.13     158.19      29.15     187.33        0.44     0.01   0.705
  SC_913                   265.70       0.00       0.00      74.88     161.80      27.42     189.22        2.94     0.08   0.712
  SC_914                   265.70       0.00       0.00      57.97     184.25      21.74     205.99        1.42     0.04   0.775
  SC_915                   265.70       0.00       0.00      57.93     184.29      21.78     206.07        1.27     0.03   0.776
  SC_916                   265.70       0.00       0.00      57.80     184.42      21.91     206.33        1.17     0.03   0.777
  SC_917                   265.70       0.00       0.00      57.85     184.37      21.86     206.24        0.83     0.02   0.776
  SC_918                   265.70       0.00       0.00      57.87     184.35      21.84     206.19        1.04     0.03   0.776
  SC_919                   265.70       0.00       0.00      57.69     184.53      22.02     206.54        0.71     0.02   0.777
  SC_920                   265.70       0.00       0.00      57.92     184.30      21.79     206.10        1.20     0.03   0.776
  SC_921                   265.70       0.00       0.00      57.77     184.45      21.94     206.40        1.07     0.03   0.777
  SC_922                   265.70       0.00       0.00      57.92     184.30      21.80     206.10        1.12     0.03   0.776
  SC_923                   265.70       0.00       0.00      75.84     160.50      27.78     188.29        2.77     0.07   0.709
  SC_924                   265.70       0.00       0.00      77.12     158.20      29.17     187.36        0.40     0.01   0.705
  SC_925                   265.70       0.00       0.00      57.80     184.42      21.91     206.34        1.26     0.03   0.777
  SC_926                   265.70       0.00       0.00      58.14     184.08      21.57     205.65        3.42     0.09   0.774
  SC_927                   265.70       0.00       0.00      57.70     184.52      22.01     206.53        0.86     0.02   0.777
  SC_928                   265.70       0.00       0.00      57.78     184.44      21.93     206.37        1.22     0.03   0.777
  SC_929                   265.70       0.00       0.00      57.68     184.54      22.03     206.57        0.80     0.02   0.777
  SC_930                   265.70       0.00       0.00      57.73     184.49      21.99     206.48        1.05     0.03   0.777
  SC_931                   265.70       0.00       0.00      76.08     160.05      28.07     188.13        2.10     0.05   0.708
  SC_932                   265.70       0.00       0.00      57.77     184.46      21.95     206.40        1.03     0.03   0.777
  SC_933                   265.70       0.00       0.00      77.07     158.22      29.22     187.44        0.37     0.01   0.705
  SC_934                   265.70       0.00       0.00      76.75     159.23      28.20     187.43        2.40     0.06   0.705
  SC_935                   265.70       0.00       0.00      76.97     158.96      28.25     187.21        2.48     0.06   0.705
  SC_936                   265.70       0.00       0.00      77.41     158.41      28.34     186.75        2.68     0.07   0.703
  SC_937                   265.70       0.00       0.00      77.80     157.89      28.48     186.37        2.66     0.07   0.701
  SC_938                   265.70       0.00       0.00     100.97     130.93      31.88     162.81       41.36     1.04   0.613
  SC_939                   265.70       0.00       0.00      82.89     151.09      30.30     181.39        2.49     0.07   0.683
  SC_940                   265.70       0.00       0.00      77.07     158.22      29.22     187.43        0.35     0.01   0.705
  SC_941                   265.70       0.00       0.00      77.00     158.25      29.28     187.53        0.29     0.01   0.706
  SC_942                   265.70       0.00       0.00      78.17     157.38      28.65     186.02        2.52     0.07   0.700
  SC_943                   265.70       0.00       0.00      57.77     184.45      21.94     206.39        1.05     0.03   0.777
  SC_944                   265.70       0.00       0.00      78.39     157.10      28.69     185.79        2.60     0.07   0.699
  SC_945                   265.70       0.00       0.00      78.88     156.54      28.73     185.27        2.96     0.08   0.697
  SC_946                   265.70       0.00       0.00      80.04     154.98      29.16     184.14        2.74     0.07   0.693
  SC_947                   265.70       0.00       0.00      77.09     158.21      29.19     187.39        0.39     0.01   0.705
  SC_948                   265.70       0.00       0.00      57.89     184.32      21.82     206.14        1.62     0.04   0.776
  SC_949                   265.70       0.00       0.00      57.89     184.33      21.82     206.16        1.62     0.04   0.776
  SC_950                   265.70       0.00       0.00      80.17     154.74      29.30     184.05        2.40     0.06   0.693
  SC_951                   265.70       0.00       0.00      76.35     159.76      28.07     187.83        1.90     0.05   0.707
  SC_952                   265.70       0.00       0.00      80.26     154.71      29.21     183.92        2.73     0.07   0.692
  SC_953                   265.70       0.00       0.00      80.83     154.66      28.38     183.03        6.88     0.18   0.689
  SC_954                   265.70       0.00       0.00      77.15     158.18      29.13     187.31        0.49     0.01   0.705
  SC_955                   265.70       0.00       0.00      58.00     184.22      21.71     205.94        2.25     0.06   0.775
  SC_956                   265.70       0.00       0.00      80.27     155.42      28.14     183.56        7.11     0.18   0.691
  SC_957                   265.70       0.00       0.00      79.04     156.29      28.83     185.12        2.62     0.07   0.697
  SC_958                   265.70       0.00       0.00      78.77     156.59      28.84     185.42        2.36     0.06   0.698
  SC_959                   265.70       0.00       0.00      58.11     184.11      21.61     205.72        3.08     0.08   0.774
  SC_960                   265.70       0.00       0.00      79.07     156.46      28.54     185.00        3.69     0.10   0.696
  SC_961                   265.70       0.00       0.00      79.64     156.04      28.23     184.27        5.75     0.15   0.694
  SC_962                   265.70       0.00       0.00      80.17     154.74      29.30     184.04        2.37     0.06   0.693
  SC_963                   265.70       0.00       0.00      80.81     154.49      28.66     183.15        5.51     0.14   0.689
  SC_964                   265.70       0.00       0.00      77.13     158.19      29.15     187.34        0.51     0.01   0.705
  SC_965                   265.70       0.00       0.00     106.55     129.33      26.57     155.90      136.52     3.22   0.587
  SC_966                   265.70       0.00       0.00      57.85     184.37      21.86     206.23        1.33     0.03   0.776
  SC_967                   265.70       0.00       0.00      80.43     154.46      29.30     183.76        2.59     0.07   0.692
  SC_968                   265.70       0.00       0.00      57.95     184.27      21.76     206.02        1.91     0.05   0.775
  SC_969                   265.70       0.00       0.00      80.60     154.20      29.40     183.60        2.49     0.07   0.691
  SC_970                   265.70       0.00       0.00      77.30     158.11      28.98     187.10        0.77     0.02   0.704
  SC_971                   265.70       0.00       0.00      80.93     153.71      29.60     183.31        2.25     0.06   0.690
  SC_972                   265.70       0.00       0.00      80.97     153.69      29.57     183.26        2.39     0.06   0.690
  SC_973                   265.70       0.00       0.00      57.89     184.33      21.82     206.16        1.53     0.04   0.776
  SC_974                   265.70       0.00       0.00      81.18     153.42      29.62     183.04        2.47     0.06   0.689
  SC_975                   265.70       0.00       0.00      77.49     158.03      28.79     186.82        1.20     0.03   0.703
  SC_976                   265.70       0.00       0.00      81.54     152.91      29.79     182.71        2.34     0.06   0.688
  SC_977                   265.70       0.00       0.00      57.89     184.33      21.82     206.14        1.57     0.04   0.776
  SC_978                   265.70       0.00       0.00      81.71     152.66      29.89     182.55        2.25     0.06   0.687
  SC_979                   265.70       0.00       0.00      81.96     152.38      29.90     182.28        2.50     0.07   0.686
  SC_980                   265.70       0.00       0.00      82.12     152.13      30.01     182.14        2.39     0.06   0.686
  SC_981                   265.70       0.00       0.00      77.40     158.07      28.89     186.96        0.98     0.03   0.704
  SC_982                   265.70       0.00       0.00      82.42     151.64      30.24     181.88        2.10     0.06   0.685
  SC_983                   265.70       0.00       0.00      82.61     151.38      30.31     181.70        2.13     0.06   0.684
  SC_984                   265.70       0.00       0.00     110.47     114.12      40.19     154.31        2.03     0.06   0.581
  SC_985                   265.70       0.00       0.00     155.55      98.05      11.31     109.36        1.46     0.04   0.412
  SC_986                   265.70       0.00       0.00      85.51     147.27      31.66     178.93        1.77     0.05   0.673
  SC_987                   265.70       0.00       0.00      83.28     150.57      30.44     181.01        2.50     0.07   0.681
  SC_988                   265.70       0.00       0.00      58.00     184.22      21.71     205.93        2.27     0.06   0.775
  SC_989                   265.70       0.00       0.00      83.39     150.34      30.60     180.94        2.20     0.06   0.681
  SC_990                   265.70       0.00       0.00      77.64     157.96      28.64     186.61        1.57     0.04   0.702
  SC_991                   265.70       0.00       0.00      83.54     150.09      30.71     180.80        2.06     0.05   0.680
  SC_992                   265.70       0.00       0.00      58.10     184.12      21.62     205.74        2.98     0.08   0.774
  SC_993                   265.70       0.00       0.00      84.03     149.53      30.76     180.29        2.39     0.06   0.679
  SC_994                   265.70       0.00       0.00      77.70     157.94      28.59     186.52        1.66     0.04   0.702
  SC_995                   265.70       0.00       0.00      57.98     184.24      21.73     205.97        2.06     0.05   0.775
  SC_996                   265.70       0.00       0.00      84.23     149.27      30.82     180.09        2.41     0.06   0.678
  SC_997                   265.70       0.00       0.00      84.53     148.78      31.05     179.83        2.11     0.06   0.677
  SC_998                   265.70       0.00       0.00      57.93     184.29      21.78     206.07        1.73     0.04   0.776
  SC_999                   265.70       0.00       0.00      84.98     148.23      31.14     179.37        2.32     0.06   0.675
  SC_1000                  265.70       0.00       0.00      58.02     184.20      21.70     205.90        2.30     0.06   0.775
  SC_1001                  265.70       0.00       0.00      85.32     147.72      31.32     179.04        2.19     0.06   0.674
  SC_1002                  265.70       0.00       0.00      77.63     157.97      28.65     186.62        1.44     0.04   0.702
  SC_1003                  265.70       0.00       0.00      85.88     146.95      31.56     178.51        2.10     0.06   0.672
  SC_1004                  265.70       0.00       0.00      86.28     146.42      31.69     178.11        2.14     0.06   0.670
  SC_1005                  265.70       0.00       0.00      58.08     184.14      21.63     205.77        2.79     0.07   0.774
  SC_1006                  265.70       0.00       0.00      86.70     145.89      31.81     177.70        2.27     0.06   0.669
  SC_1007                  265.70       0.00       0.00      58.06     184.15      21.65     205.80        2.71     0.07   0.775
  SC_1008                  265.70       0.00       0.00      58.11     184.10      21.60     205.70        3.07     0.08   0.774
  SC_1009                  265.70       0.00       0.00      87.26     145.11      32.04     177.15        2.21     0.06   0.667
  SC_1010                  265.70       0.00       0.00      58.08     184.13      21.63     205.76        2.98     0.07   0.774
  SC_1011                  265.70       0.00       0.00      87.78     144.34      32.32     176.67        2.02     0.05   0.665
  SC_1012                  265.70       0.00       0.00      77.60     157.98      28.68     186.66        1.38     0.04   0.703
  SC_1013                  265.70       0.00       0.00      87.71     144.36      32.39     176.75        1.83     0.05   0.665
  SC_1014                  265.70       0.00       0.00      86.29     146.42      31.68     178.10        2.42     0.06   0.670
  SC_1015                  265.70       0.00       0.00      89.97     141.86      32.52     174.38        3.80     0.10   0.656
  SC_1016                  265.70       0.00       0.00      89.04     142.12      33.45     175.57        0.87     0.02   0.661
  SC_1017                  265.70       0.00       0.00     109.76     113.97      41.16     155.13        0.67     0.02   0.584
  SC_1018                  265.70       0.00       0.00     106.29     119.41      39.05     158.46        1.59     0.04   0.596
  SC_1019                  265.70       0.00       0.00      85.39     147.51      31.52     179.03        2.02     0.05   0.674
  SC_1020                  265.70       0.00       0.00      61.87     178.91      23.42     202.32        1.42     0.04   0.761
  SC_1021                  265.70       0.00       0.00      57.76     184.46      21.95     206.42        1.07     0.03   0.777
  SC_1022                  265.70       0.00       0.00      58.07     184.15      21.65     205.80        2.80     0.07   0.775
  SC_1023                  265.70       0.00       0.00      85.03     148.02      31.35     179.37        2.18     0.06   0.675
  SC_1024                  265.70       0.00       0.00      77.49     158.03      28.79     186.82        1.13     0.03   0.703
  SC_1025                  265.70       0.00       0.00      84.77     148.30      31.35     179.65        1.98     0.05   0.676
  SC_1026                  265.70       0.00       0.00     111.90     112.75      40.08     152.84        3.96     0.11   0.575
  SC_1027                  265.70       0.00       0.00      84.22     149.08      31.10     180.18        2.16     0.06   0.678
  SC_1028                  265.70       0.00       0.00      83.12     150.43      30.86     181.29        1.99     0.05   0.682
  SC_1029                  265.70       0.00       0.00      97.58     131.00      36.07     167.06        1.52     0.04   0.629
  SC_1030                  265.70       0.00       0.00      77.50     158.03      28.79     186.81        1.16     0.03   0.703
  SC_1031                  265.70       0.00       0.00      82.40     151.65      30.26     181.91        2.63     0.07   0.685
  SC_1032                  265.70       0.00       0.00      77.79     157.90      28.49     186.39        3.05     0.08   0.702
  SC_1033                  265.70       0.00       0.00      77.50     158.03      28.79     186.81        1.06     0.03   0.703
  SC_1034                  265.70       0.00       0.00      77.19     158.16      29.09     187.25        0.50     0.01   0.705
  SC_1035                  265.70       0.00       0.00      77.80     157.71      28.74     186.46        2.46     0.06   0.702
  SC_1036                  265.70       0.00       0.00      77.88     157.85      28.40     186.25        3.17     0.08   0.701
  SC_1037                  265.70       0.00       0.00      58.25     183.91      21.73     205.64        2.68     0.07   0.774
  SC_1038                  265.70       0.00       0.00      57.97     184.25      21.74     205.99        2.07     0.05   0.775
  SC_1039                  265.70       0.00       0.00      77.21     158.15      29.07     187.22        0.53     0.01   0.705
  SC_1040                  265.70       0.00       0.00      82.89     150.71      30.83     181.54        1.85     0.05   0.683
  SC_1041                  265.70       0.00       0.00      82.50     151.23      30.69     181.93        1.82     0.05   0.685
  SC_1042                  265.70       0.00       0.00      77.39     158.07      28.89     186.96        0.84     0.02   0.704
  SC_1043                  265.70       0.00       0.00      81.90     152.02      30.49     182.51        1.77     0.05   0.687
  SC_1044                  265.70       0.00       0.00      81.40     152.78      30.19     182.97        2.12     0.06   0.689
  SC_1045                  265.70       0.00       0.00      80.79     153.58      30.01     183.58        2.04     0.05   0.691
  SC_1046                  265.70       0.00       0.00      79.89     154.67      29.85     184.52        1.62     0.04   0.694
  SC_1047                  265.70       0.00       0.00      77.43     158.06      28.86     186.91        0.92     0.02   0.703
  SC_1048                  265.70       0.00       0.00      79.35     155.44      29.59     185.03        1.81     0.05   0.696
  SC_1049                  265.70       0.00       0.00      77.40     158.07      28.88     186.95        0.87     0.02   0.704
  SC_1050                  265.70       0.00       0.00      78.78     156.22      29.36     185.58        1.86     0.05   0.698
  SC_1051                  265.70       0.00       0.00      78.49     156.71      29.12     185.83        2.26     0.06   0.699
  SC_1052                  265.70       0.00       0.00      77.40     158.07      28.88     186.95        0.88     0.02   0.704
  SC_1053                  265.70       0.00       0.00      78.74     156.60      28.87     185.47        3.52     0.09   0.698
  SC_1054                  265.70       0.00       0.00      78.87     156.37      29.01     185.37        3.07     0.08   0.698
  SC_1055                  265.70       0.00       0.00      78.59     156.49      29.29     185.77        1.77     0.05   0.699
  SC_1056                  265.70       0.00       0.00      57.76     184.46      21.95     206.42        1.10     0.03   0.777
  SC_1057                  265.70       0.00       0.00      58.04     184.12      21.94     206.06        1.74     0.04   0.776
  SC_1058                  265.70       0.00       0.00      57.78     184.44      21.93     206.38        0.81     0.02   0.777
  SC_1059                  265.70       0.00       0.00      78.65     156.46      29.23     185.69        1.99     0.05   0.699
  SC_1060                  265.70       0.00       0.00      78.97     157.87      26.52     184.39       12.18     0.31   0.694
  SC_1061                  265.70       0.00       0.00      78.81     156.21      29.34     185.55        1.82     0.05   0.698
  SC_1062                  265.70       0.00       0.00      79.15     155.71      29.53     185.24        1.60     0.04   0.697
  SC_1063                  265.70       0.00       0.00      57.96     184.26      21.75     206.02        1.72     0.04   0.775
  SC_1064                  265.70       0.00       0.00      79.94     154.65      29.79     184.45        1.62     0.04   0.694
  SC_1065                  265.70       0.00       0.00      80.31     154.14      29.96     184.10        1.50     0.04   0.693
  SC_1066                  265.70       0.00       0.00      80.93     153.34      30.13     183.47        1.58     0.04   0.691
  SC_1067                  265.70       0.00       0.00      81.94     152.20      30.19     182.39        2.39     0.06   0.686
  SC_1068                  265.70       0.00       0.00      57.72     184.50      21.99     206.49        0.69     0.02   0.777
  SC_1069                  265.70       0.00       0.00      71.68     167.29      23.97     191.26       15.87     0.39   0.720
  SC_1070                  265.70       0.00       0.00      82.75     151.14      30.45     181.59        2.43     0.06   0.683
  SC_1071                  265.70       0.00       0.00      57.72     184.50      21.99     206.50        0.74     0.02   0.777
  SC_1072                  265.70       0.00       0.00      98.39     129.72      36.59     166.31        1.11     0.03   0.626
  SC_1073                  265.70       0.00       0.00      93.92     135.54      35.21     170.75        0.90     0.02   0.643
  SC_1074                  265.70       0.00       0.00      90.38     140.29      33.97     174.26        0.75     0.02   0.656
  SC_1075                  265.70       0.00       0.00      98.87     129.17      36.64     165.82        1.25     0.03   0.624
  SC_1076                  265.70       0.00       0.00     106.86     119.56      38.22     157.78        2.99     0.08   0.594
  SC_1077                  265.70       0.00       0.00     105.17     120.05      39.64     159.69        0.55     0.02   0.601
  SC_1078                  265.70       0.00       0.00      82.93     150.69      30.79     181.48        1.65     0.04   0.683
  SC_1079                  265.70       0.00       0.00     101.07     125.58      38.16     163.74        0.64     0.02   0.616
  SC_1080                  265.70       0.00       0.00     151.67     102.71      10.41     113.12        2.69     0.07   0.426
  SC_1081                  265.70       0.00       0.00     113.55     109.92      41.35     151.28        2.12     0.06   0.569
  SC_1082                  265.70       0.00       0.00     157.79      95.68      11.47     107.15        1.38     0.04   0.403
  SC_1083                  265.70       0.00       0.00      83.70     149.84      30.82     180.66        2.20     0.06   0.680
  SC_1084                  265.70       0.00       0.00      84.13     149.30      30.92     180.22        2.32     0.06   0.678
  SC_1085                  265.70       0.00       0.00     160.03      93.56      11.35     104.91        1.61     0.04   0.395
  SC_1086                  265.70       0.00       0.00      57.92     184.29      21.79     206.08        1.05     0.03   0.776
  SC_1087                  265.70       0.00       0.00     161.91      91.71      11.33     103.04        1.70     0.04   0.388
  SC_1088                  265.70       0.00       0.00     110.81     113.84      40.11     153.95        3.44     0.10   0.579
  SC_1089                  265.70       0.00       0.00     112.62     112.90      39.10     152.00        8.12     0.22   0.572
  SC_1090                  265.70       0.00       0.00      84.29     149.05      31.02     180.08        2.22     0.06   0.678
  SC_1091                  265.70       0.00       0.00     163.85      89.61      11.51     101.12        1.58     0.04   0.381
  SC_1092                  265.70       0.00       0.00     110.37     114.13      40.29     154.42        2.77     0.08   0.581
  SC_1093                  265.70       0.00       0.00     111.02     115.00      38.57     153.57        8.68     0.24   0.578
  SC_1094                  265.70       0.00       0.00      85.24     147.75      31.40     179.15        2.12     0.06   0.674
  SC_1095                  265.70       0.00       0.00     165.17      88.29      11.52      99.81        1.60     0.04   0.376
  SC_1096                  265.70       0.00       0.00      57.58     184.65      22.14     206.79        0.18     0.00   0.778
  SC_1097                  265.70       0.00       0.00     167.40      86.42      11.15      97.57        2.13     0.06   0.367
  SC_1098                  265.70       0.00       0.00     110.16     114.16      40.49     154.65        1.97     0.06   0.582
  SC_1099                  265.70       0.00       0.00     113.84     111.57      39.21     150.77        9.03     0.25   0.567
  SC_1100                  265.70       0.00       0.00     170.04      83.78      11.17      94.95        2.16     0.06   0.357
  SC_1101                  265.70       0.00       0.00     109.42     116.86      38.31     155.17        7.65     0.21   0.584
  SC_1102                  265.70       0.00       0.00     110.11     114.64      40.01     154.66        2.81     0.08   0.582
  SC_1103                  265.70       0.00       0.00      86.62     145.71      32.15     177.86        1.52     0.04   0.669
  SC_1104                  265.70       0.00       0.00      57.58     184.64      22.13     206.77        0.39     0.01   0.778
  SC_1105                  265.70       0.00       0.00     171.42      81.97      11.65      93.61        1.58     0.04   0.352
  SC_1106                  265.70       0.00       0.00     173.49      79.86      11.70      91.56        1.54     0.04   0.345
  SC_1107                  265.70       0.00       0.00     105.95     119.93      38.85     158.79        2.63     0.07   0.598
  SC_1108                  265.70       0.00       0.00     107.13     119.29      38.21     157.50        5.32     0.15   0.593
  SC_1109                  265.70       0.00       0.00      87.76     144.15      32.60     176.75        1.43     0.04   0.665
  SC_1110                  265.70       0.00       0.00      57.56     184.67      22.16     206.82        0.29     0.01   0.778
  SC_1111                  265.70       0.00       0.00     179.20      74.81      11.04      85.85        2.53     0.07   0.323
  SC_1112                  265.70       0.00       0.00      89.60     141.97      32.89     174.85        2.23     0.06   0.658
  SC_1113                  265.70       0.00       0.00      95.23     134.80      34.43     169.23        5.00     0.13   0.637
  SC_1114                  265.70       0.00       0.00     104.32     122.97      37.30     160.27        5.37     0.15   0.603
  SC_1115                  265.70       0.00       0.00      57.63     184.59      22.08     206.67        0.26     0.01   0.778
  SC_1116                  265.70       0.00       0.00     180.02      74.02      11.02      85.04        2.47     0.06   0.320
  SC_1117                  265.70       0.00       0.00     175.52      77.75      11.80      89.55        1.40     0.04   0.337
  SC_1118                  265.70       0.00       0.00      91.47     139.58      33.42     172.99        2.59     0.07   0.651
  SC_1119                  265.70       0.00       0.00      57.57     184.66      22.15     206.80        0.15     0.00   0.778
  SC_1120                  265.70       0.00       0.00      93.44     136.52      34.63     171.16        1.50     0.04   0.644
  SC_1121                  265.70       0.00       0.00     174.75      78.54      11.78      90.32        1.39     0.04   0.340
  SC_1122                  265.70       0.00       0.00      57.57     184.65      22.14     206.80        0.17     0.00   0.778
  SC_1123                  265.70       0.00       0.00      95.02     134.42      35.18     169.59        1.52     0.04   0.638
  SC_1124                  265.70       0.00       0.00     113.83     111.09      39.75     150.84        6.89     0.19   0.568
  SC_1125                  265.70       0.00       0.00     174.79      78.79      11.46      90.25        1.67     0.04   0.340
  SC_1126                  265.70       0.00       0.00     174.62      79.05      11.37      90.42        1.73     0.05   0.340
  SC_1127                  265.70       0.00       0.00      99.85     128.98      35.66     164.64        6.29     0.17   0.620
  SC_1128                  265.70       0.00       0.00      97.70     131.41      35.41     166.83        3.01     0.08   0.628
  SC_1129                  265.70       0.00       0.00     174.37      79.31      11.36      90.67        1.67     0.04   0.341
  SC_1130                  265.70       0.00       0.00     115.44     110.19      38.93     149.12       12.26     0.33   0.561
  SC_1131                  265.70       0.00       0.00     174.36      79.31      11.36      90.67        1.62     0.04   0.341
  SC_1132                  265.70       0.00       0.00     100.55     127.72      36.29     164.01        3.30     0.09   0.617
  SC_1133                  265.70       0.00       0.00     173.77      79.84      11.43      91.27        1.50     0.04   0.344
  SC_1134                  265.70       0.00       0.00     173.55      80.10      11.38      91.48        1.52     0.04   0.344
  SC_1135                  265.70       0.00       0.00     116.19     109.15      39.24     148.39       11.60     0.31   0.558
  SC_1136                  265.70       0.00       0.00     173.29      80.37      11.37      91.74        1.50     0.04   0.345
  SC_1137                  265.70       0.00       0.00     173.37      80.36      11.30      91.66        1.56     0.04   0.345
  SC_1138                  265.70       0.00       0.00     103.34     123.59      37.74     161.33        2.19     0.06   0.607
  SC_1139                  265.70       0.00       0.00     173.75      80.09      11.18      91.27        1.66     0.04   0.344
  SC_1140                  265.70       0.00       0.00     173.89      79.84      11.31      91.14        1.54     0.04   0.343
  SC_1141                  265.70       0.00       0.00     105.90     120.17      38.64     158.82        2.19     0.06   0.598
  SC_1142                  265.70       0.00       0.00     173.77      79.84      11.42      91.26        1.44     0.04   0.343
  SC_1143                  265.70       0.00       0.00     119.74     106.13      38.62     144.75       20.63     0.54   0.545
  SC_1144                  265.70       0.00       0.00     116.02     107.97      40.74     148.71        5.68     0.16   0.560
  SC_1145                  265.70       0.00       0.00     106.90     118.39      39.50     157.89        1.40     0.04   0.594
  SC_1146                  265.70       0.00       0.00     174.00      79.58      11.46      91.04        1.41     0.04   0.343
  SC_1147                  265.70       0.00       0.00     108.36     116.77      39.64     156.40        2.02     0.06   0.589
  SC_1148                  265.70       0.00       0.00     109.55     115.19      40.04     155.23        2.07     0.06   0.584
  SC_1149                  265.70       0.00       0.00     174.35      79.31      11.38      90.69        1.52     0.04   0.341
  SC_1150                  265.70       0.00       0.00     173.68      79.35      12.05      91.40        0.99     0.03   0.344
  SC_1151                  265.70       0.00       0.00     100.96     135.84      25.25     161.09      114.44     2.69   0.606
  SC_1152                  265.70       0.00       0.00     174.56      79.05      11.43      90.49        1.52     0.04   0.341
  SC_1153                  265.70       0.00       0.00     110.01     114.18      40.65     154.83        1.40     0.04   0.583
  SC_1154                  265.70       0.00       0.00     110.52     113.40      40.93     154.34        1.27     0.04   0.581
  SC_1155                  265.70       0.00       0.00     111.12     112.61      41.13     153.74        1.30     0.04   0.579
  SC_1156                  265.70       0.00       0.00     175.37      78.76      10.89      89.65        2.17     0.06   0.337
  SC_1157                  265.70       0.00       0.00     176.20      78.21      10.59      88.80        2.66     0.07   0.334
  SC_1158                  265.70       0.00       0.00     111.94     111.79      41.11     152.90        1.71     0.05   0.575
  SC_1159                  265.70       0.00       0.00     106.04     118.98      39.83     158.81        0.39     0.01   0.598
  SC_1160                  265.70       0.00       0.00     176.07      77.72      11.25      88.98        1.94     0.05   0.335
  SC_1161                  265.70       0.00       0.00     175.52      77.50      12.07      89.57        1.26     0.03   0.337
  SC_1162                  265.70       0.00       0.00     115.17     109.26      40.27     149.53        5.81     0.16   0.563
  SC_1163                  265.70       0.00       0.00     177.80      77.12      10.05      87.17        4.48     0.11   0.328
  SC_1164                  265.70       0.00       0.00     113.46     108.73      42.77     151.50        0.37     0.01   0.570
  SC_1165                  265.70       0.00       0.00     114.88     107.36      42.68     150.04        0.95     0.03   0.565
  SC_1166                  265.70       0.00       0.00     151.95     102.21      10.66     112.87        3.04     0.08   0.425
  SC_1167                  265.70       0.00       0.00     174.93      78.28      11.86      90.14        1.99     0.05   0.339
  SC_1168                  265.70       0.00       0.00     172.39      79.92      12.81      92.73        1.08     0.03   0.349
  SC_1169                  265.70       0.00       0.00     171.69      80.71      12.70      93.41        1.23     0.03   0.352
  SC_1170                  265.70       0.00       0.00     163.90      90.33      10.66     101.00        4.01     0.10   0.380
  SC_1171                  265.70       0.00       0.00     171.42      81.47      12.18      93.65        1.90     0.05   0.352
  SC_1172                  265.70       0.00       0.00     170.45      83.01      11.55      94.57        2.91     0.08   0.356
  SC_1173                  265.70       0.00       0.00      77.37     158.08      28.91     186.99        0.88     0.02   0.704
  SC_1174                  265.70       0.00       0.00      77.49     158.03      28.79     186.82        1.16     0.03   0.703
  SC_1175                  265.70       0.00       0.00      77.44     158.05      28.85     186.90        1.05     0.03   0.703
  SC_1176                  265.70       0.00       0.00      66.06     173.79      23.75     197.55        4.95     0.13   0.743
  SC_1177                  265.70       0.00       0.00      77.46     158.04      28.82     186.86        1.13     0.03   0.703
  SC_1178                  265.70       0.00       0.00      77.39     158.07      28.89     186.96        0.98     0.03   0.704
  SC_1179                  265.70       0.00       0.00      77.50     158.02      28.78     186.81        1.22     0.03   0.703
  SC_1180                  265.70       0.00       0.00      77.42     158.06      28.86     186.92        1.03     0.03   0.703
  SC_1181                  265.70       0.00       0.00      77.11     158.20      29.17     187.37        0.46     0.01   0.705
  SC_1182                  265.70       0.00       0.00      77.36     158.09      28.92     187.01        0.87     0.02   0.704
  SC_1183                  265.70       0.00       0.00      61.27     180.15      21.90     202.05        6.27     0.16   0.760
  SC_1184                  265.70       0.00       0.00      77.48     158.03      28.80     186.84        1.11     0.03   0.703
  SC_1185                  265.70       0.00       0.00      77.31     158.11      28.97     187.08        0.75     0.02   0.704
  SC_1186                  265.70       0.00       0.00      77.36     158.09      28.93     187.02        0.83     0.02   0.704
  SC_1187                  265.70       0.00       0.00     150.77     104.88       8.92     113.81       12.58     0.31   0.428
  SC_1188                  265.70       0.00       0.00     150.20     105.19       9.22     114.42       11.19     0.27   0.431
  SC_1189                  265.70       0.00       0.00      77.47     158.04      28.82     186.86        1.04     0.03   0.703
  SC_1190                  265.70       0.00       0.00      77.36     158.09      28.92     187.01        0.82     0.02   0.704
  SC_1191                  265.70       0.00       0.00      73.60     164.49      25.24     189.73       11.26     0.28   0.714
  SC_1192                  265.70       0.00       0.00      77.36     158.09      28.93     187.02        0.81     0.02   0.704
  SC_1193                  265.70       0.00       0.00      77.38     158.08      28.90     186.98        0.87     0.02   0.704
  SC_1194                  265.70       0.00       0.00      77.44     158.05      28.85     186.90        0.99     0.03   0.703
  SC_1195                  265.70       0.00       0.00      77.37     158.08      28.91     187.00        0.83     0.02   0.704
  SC_1196                  265.70       0.00       0.00      77.33     158.10      28.95     187.05        0.66     0.02   0.704
  SC_1197                  265.70       0.00       0.00      77.55     158.00      28.73     186.73        1.27     0.03   0.703
  SC_1198                  265.70       0.00       0.00      78.09     157.59      28.46     186.04        3.10     0.08   0.700
  SC_1199                  265.70       0.00       0.00     151.49     102.73      10.59     113.32        3.99     0.10   0.426
  SC_1200                  265.70       0.00       0.00      77.52     158.02      28.76     186.78        1.37     0.04   0.703
  SC_1201                  265.70       0.00       0.00     150.79     103.51      10.49     114.00        4.21     0.11   0.429
  SC_1202                  265.70       0.00       0.00      76.92     158.46      29.10     187.55        0.38     0.01   0.706
  SC_1203                  265.70       0.00       0.00      77.26     158.13      29.02     187.15        0.57     0.02   0.704
  SC_1204                  265.70       0.00       0.00     151.13     105.05       8.30     113.34       21.44     0.51   0.427
  SC_1205                  265.70       0.00       0.00      76.38     159.23      28.84     188.07        0.48     0.01   0.708
  SC_1206                  265.70       0.00       0.00      67.17     172.53      23.70     196.22        8.39     0.21   0.739
  SC_1207                  265.70       0.00       0.00      76.23     159.47      28.72     188.19        0.55     0.01   0.708
  SC_1208                  265.70       0.00       0.00      72.01     166.27      25.24     191.51        7.52     0.19   0.721
  SC_1209                  265.70       0.00       0.00      76.00     159.75      28.69     188.44        0.47     0.01   0.709
  SC_1210                  265.70       0.00       0.00      75.96     159.77      28.73     188.50        0.42     0.01   0.709
  SC_1211                  265.70       0.00       0.00      75.79     160.02      28.63     188.66        0.44     0.01   0.710
  SC_1212                  265.70       0.00       0.00      75.59     160.46      28.30     188.76        0.73     0.02   0.710
  SC_1213                  265.70       0.00       0.00      74.22     162.30      27.81     190.11        0.72     0.02   0.716
  SC_1214                  265.70       0.00       0.00     151.75     102.70      10.33     113.02        5.01     0.13   0.425
  SC_1215                  265.70       0.00       0.00      71.65     165.73      26.93     192.66        0.66     0.02   0.725
  SC_1216                  265.70       0.00       0.00     150.41     105.16       9.01     114.17       13.92     0.34   0.430
  SC_1217                  265.70       0.00       0.00      67.20     171.62      25.53     197.15        0.37     0.01   0.742
  SC_1218                  265.70       0.00       0.00      69.46     168.65      26.19     194.85        0.59     0.02   0.733
  SC_1219                  265.70       0.00       0.00      58.74     183.41      21.24     204.65        8.23     0.21   0.770
  SC_1220                  265.70       0.00       0.00      65.69     173.70      24.92     198.62        0.43     0.01   0.748
  SC_1221                  265.70       0.00       0.00      64.11     175.82      24.37     200.19        0.42     0.01   0.753
  SC_1222                  265.70       0.00       0.00      62.76     177.66      23.86     201.51        0.45     0.01   0.758
  SC_1223                  265.70       0.00       0.00      61.80     178.96      23.49     202.45        0.47     0.01   0.762
  SC_1224                  265.70       0.00       0.00     155.12     102.16       6.96     109.12       43.87     1.03   0.411
  SC_1225                  265.70       0.00       0.00      58.30     183.92      21.42     205.34        5.52     0.14   0.773
  SC_1226                  265.70       0.00       0.00      59.46     182.14      22.65     204.79        0.43     0.01   0.771
  SC_1227                  265.70       0.00       0.00      69.24     169.75      24.55     194.31        6.29     0.16   0.731
  SC_1228                  265.70       0.00       0.00      57.69     184.53      22.02     206.55        0.40     0.01   0.777
  SC_1229                  265.70       0.00       0.00      57.67     184.55      22.04     206.60        0.37     0.01   0.778
  SC_1230                  265.70       0.00       0.00      58.60     183.62      21.11     204.73        6.17     0.15   0.771
  SC_1231                  265.70       0.00       0.00      57.66     184.57      22.05     206.62        0.36     0.01   0.778
  SC_1232                  265.70       0.00       0.00      66.37     172.97      24.76     197.73        1.30     0.03   0.744
  SC_1233                  265.70       0.00       0.00      58.86     183.23      21.39     204.62        4.76     0.12   0.770
  SC_1234                  265.70       0.00       0.00      57.60     184.62      22.11     206.74        0.25     0.01   0.778
  SC_1235                  265.70       0.00       0.00      57.62     184.60      22.09     206.69        0.31     0.01   0.778
  SC_1236                  265.70       0.00       0.00      58.29     183.93      21.43     205.36        5.63     0.14   0.773
  SC_1237                  265.70       0.00       0.00      57.76     184.46      21.95     206.40        0.47     0.01   0.777
  SC_1238                  265.70       0.00       0.00      58.03     184.19      21.68     205.87        1.73     0.04   0.775
  SC_1239                  265.70       0.00       0.00      57.71     184.51      22.00     206.51        0.36     0.01   0.777
  SC_1240                  265.70       0.00       0.00      57.87     184.35      21.84     206.19        0.94     0.02   0.776
  SC_1241                  265.70       0.00       0.00      58.10     184.12      21.61     205.73        2.07     0.05   0.774
  SC_1242                  265.70       0.00       0.00      57.67     184.55      22.04     206.60        0.30     0.01   0.778
  SC_1243                  265.70       0.00       0.00      57.81     184.41      21.90     206.31        0.71     0.02   0.776
  SC_1244                  265.70       0.00       0.00      57.60     184.62      22.11     206.73        0.21     0.01   0.778
  SC_1245                  265.70       0.00       0.00      70.71     168.90      22.82     191.73       32.51     0.80   0.722
  SC_1246                  265.70       0.00       0.00      57.71     184.51      22.00     206.51        0.36     0.01   0.777
  SC_1247                  265.70       0.00       0.00      57.59     184.64      22.13     206.76        0.19     0.00   0.778
  SC_1248                  265.70       0.00       0.00      57.79     184.43      21.92     206.35        0.55     0.01   0.777
  SC_1249                  265.70       0.00       0.00      57.75     184.47      21.96     206.44        0.48     0.01   0.777
  SC_1250                  265.70       0.00       0.00      83.68     152.26      27.39     179.65       23.39     0.59   0.676
  SC_1251                  265.70       0.00       0.00      57.80     184.42      21.91     206.32        0.63     0.02   0.777
  SC_1252                  265.70       0.00       0.00     113.46     111.13      40.12     151.25        3.29     0.09   0.569
  SC_1253                  265.70       0.00       0.00      57.83     184.39      21.88     206.27        0.74     0.02   0.776
  SC_1254                  265.70       0.00       0.00     113.19     112.12      39.32     151.44        4.87     0.13   0.570
  SC_1255                  265.70       0.00       0.00      57.92     184.30      21.79     206.09        1.09     0.03   0.776
  SC_1256                  265.70       0.00       0.00     101.40     125.98      37.29     163.28        1.56     0.04   0.615
  SC_1257                  265.70       0.00       0.00      99.55     129.04      35.96     165.00        2.95     0.08   0.621
  SC_1258                  265.70       0.00       0.00      62.04     178.76      23.25     202.01        1.19     0.03   0.760
  SC_1259                  265.70       0.00       0.00      70.30     167.71      26.15     193.86        1.36     0.04   0.730
  SC_1260                  265.70       0.00       0.00      65.93     173.40      24.94     198.34        1.25     0.03   0.746
  SC_1261                  265.70       0.00       0.00      68.84     169.47      26.02     195.49        1.16     0.03   0.736
  SC_1262                  265.70       0.00       0.00      76.84     159.19      28.11     187.30        4.09     0.11   0.705
  SC_1263                  265.70       0.00       0.00      72.87     164.29      27.04     191.33        1.46     0.04   0.720
  SC_1264                  265.70       0.00       0.00      72.28     167.78      21.25     189.03       68.94     1.65   0.711
  SC_1265                  265.70       0.00       0.00      77.21     158.33      28.80     187.13        1.15     0.03   0.704
  SC_1266                  265.70       0.00       0.00      75.41     160.88      27.95     188.83        1.54     0.04   0.711
  SC_1267                  265.70       0.00       0.00      78.96     155.97      29.44     185.41        1.13     0.03   0.698
  SC_1268                  265.70       0.00       0.00      79.29     155.47      29.65     185.12        0.96     0.03   0.697
  SC_1269                  265.70       0.00       0.00      79.74     155.46      28.94     184.40        3.72     0.10   0.694
  SC_1270                  265.70       0.00       0.00      76.89     159.17      28.06     187.23        2.93     0.08   0.705
  SC_1271                  265.70       0.00       0.00      79.33     155.63      29.34     184.97        1.95     0.05   0.696
  SC_1272                  265.70       0.00       0.00      92.10     139.41      32.78     172.19        3.31     0.09   0.648
  SC_1273                  265.70       0.00       0.00      76.75     159.06      28.47     187.53        1.69     0.04   0.706
  SC_1274                  265.70       0.00       0.00      72.27     164.93      27.11     192.03        1.16     0.03   0.723
  SC_1275                  265.70       0.00       0.00      78.39     156.75      29.22     185.96        1.20     0.03   0.700
  SC_1276                  265.70       0.00       0.00     104.85     120.56      39.42     159.99        0.68     0.02   0.602
  SC_1277                  265.70       0.00       0.00     108.40     115.82      40.66     156.48        0.83     0.02   0.589
  SC_1278                  265.70       0.00       0.00      69.52     168.62      26.14     194.75        1.17     0.03   0.733
  SC_1279                  265.70       0.00       0.00      97.30     131.72      35.55     167.27        2.23     0.06   0.630
  SC_1280                  265.70       0.00       0.00      80.27     154.34      29.74     184.07        2.08     0.05   0.693
  SC_1281                  265.70       0.00       0.00     103.49     124.71      36.27     160.98        5.48     0.15   0.606
  SC_1282                  265.70       0.00       0.00      76.45     159.71      27.97     187.68        2.90     0.08   0.706
  SC_1283                  265.70       0.00       0.00     110.32     116.26      37.94     154.21        6.86     0.18   0.580
  SC_1284                  265.70       0.00       0.00      79.27     156.02      28.87     184.89        3.63     0.09   0.696
  SC_1285                  265.70       0.00       0.00     112.36     113.41      38.82     152.23        5.68     0.15   0.573
  SC_1286                  265.70       0.00       0.00     110.69     117.37      36.24     153.61       12.81     0.33   0.578
  SC_1287                  265.70       0.00       0.00      77.12     158.89      28.10     186.99        3.02     0.08   0.704
  SC_1288                  265.70       0.00       0.00      83.43     150.70      30.02     180.72        4.38     0.11   0.680
  SC_1289                  265.70       0.00       0.00      95.86     136.36      31.68     168.03       16.02     0.41   0.632
  SC_1290                  265.70       0.00       0.00      76.08     160.22      27.81     188.03        2.80     0.07   0.708
  SC_1291                  265.70       0.00       0.00      88.49     146.28      28.68     174.97       24.94     0.63   0.659
  SC_1292                  265.70       0.00       0.00      76.45     159.88      27.71     187.59        3.57     0.09   0.706
  SC_1293                  265.70       0.00       0.00      76.85     159.35      27.84     187.19        3.58     0.09   0.705
  SC_1294                  265.70       0.00       0.00      76.26     159.97      27.90     187.87        2.75     0.07   0.707
  SC_1295                  265.70       0.00       0.00      78.11     157.58      28.44     186.02        2.93     0.08   0.700
  SC_1296                  265.70       0.00       0.00      80.57     154.58      28.90     183.48        4.19     0.11   0.691
  SC_1297                  265.70       0.00       0.00      84.84     149.25      29.95     179.20        5.35     0.14   0.674
  SC_1298                  265.70       0.00       0.00      88.37     144.57      31.20     175.77        4.75     0.12   0.662
  SC_1299                  265.70       0.00       0.00      89.57     142.80      31.86     174.66        3.81     0.10   0.657
  SC_1300                  265.70       0.00       0.00      89.47     142.62      32.22     174.84        2.76     0.07   0.658
  SC_1301                  265.70       0.00       0.00      89.26     142.68      32.43     175.11        2.14     0.06   0.659
  SC_1302                  265.70       0.00       0.00      89.52     142.40      32.44     174.84        2.30     0.06   0.658
  SC_1303                  265.70       0.00       0.00      89.69     142.35      32.26     174.62        2.80     0.07   0.657
  SC_1304                  265.70       0.00       0.00      89.88     141.89      32.61     174.50        2.14     0.06   0.657
  SC_1305                  265.70       0.00       0.00      90.37     141.34      32.65     173.98        2.39     0.06   0.655
  SC_1306                  265.70       0.00       0.00      91.13     140.51      32.69     173.19        2.83     0.07   0.652
  SC_1307                  265.70       0.00       0.00      91.72     139.93      32.63     172.56        3.40     0.09   0.649
  SC_1308                  265.70       0.00       0.00      92.73     138.62      32.95     171.57        3.35     0.09   0.646
  SC_1309                  265.70       0.00       0.00      92.78     138.61      32.90     171.50        3.44     0.09   0.645
  SC_1310                  265.70       0.00       0.00      92.93     138.57      32.75     171.32        3.86     0.10   0.645
  SC_1311                  265.70       0.00       0.00      92.89     138.79      32.52     171.31        4.36     0.11   0.645
  SC_1312                  265.70       0.00       0.00      92.29     139.15      32.86     172.01        2.96     0.08   0.647
  SC_1313                  265.70       0.00       0.00      91.66     139.53      33.22     172.74        1.86     0.05   0.650
  SC_1314                  265.70       0.00       0.00      88.00     144.07      32.36     176.43        1.48     0.04   0.664
  SC_1315                  265.70       0.00       0.00      91.21     139.86      33.41     173.27        1.33     0.04   0.652
  SC_1316                  265.70       0.00       0.00      91.20     139.86      33.42     173.28        1.31     0.04   0.652
  SC_1317                  265.70       0.00       0.00      91.28     140.05      33.07     173.12        1.88     0.05   0.652
  SC_1318                  265.70       0.00       0.00      91.20     140.07      33.15     173.22        1.70     0.05   0.652
  SC_1319                  265.70       0.00       0.00      90.71     140.41      33.37     173.78        1.15     0.03   0.654
  SC_1320                  265.70       0.00       0.00      90.76     140.40      33.32     173.72        1.23     0.03   0.654
  SC_1321                  265.70       0.00       0.00      90.82     140.59      33.00     173.59        1.74     0.05   0.653
  SC_1322                  265.70       0.00       0.00      90.85     140.79      32.70     173.49        2.29     0.06   0.653
  SC_1323                  265.70       0.00       0.00      90.83     140.59      32.99     173.57        1.76     0.05   0.653
  SC_1324                  265.70       0.00       0.00      90.89     140.15      33.46     173.61        1.11     0.03   0.653
  SC_1325                  265.70       0.00       0.00      91.15     139.87      33.47     173.34        1.21     0.03   0.652
  SC_1326                  265.70       0.00       0.00      91.11     139.88      33.51     173.39        1.15     0.03   0.653
  SC_1327                  265.70       0.00       0.00      91.32     139.62      33.56     173.17        1.18     0.03   0.652
  SC_1328                  265.70       0.00       0.00      91.36     139.82      33.26     173.08        1.64     0.04   0.651
  SC_1329                  265.70       0.00       0.00      91.33     139.82      33.28     173.11        1.60     0.04   0.652
  SC_1330                  265.70       0.00       0.00      91.07     139.89      33.55     173.44        1.11     0.03   0.653
  SC_1331                  265.70       0.00       0.00      91.02     139.91      33.60     173.50        1.04     0.03   0.653
  SC_1332                  265.70       0.00       0.00      91.34     139.82      33.28     173.10        1.65     0.04   0.651
  SC_1333                  265.70       0.00       0.00      91.11     140.30      32.97     173.28        2.06     0.05   0.652
  SC_1334                  265.70       0.00       0.00      91.09     140.10      33.26     173.36        1.56     0.04   0.652
  SC_1335                  265.70       0.00       0.00      90.82     140.17      33.53     173.70        1.06     0.03   0.654
  SC_1336                  265.70       0.00       0.00      90.61     140.44      33.47     173.91        1.06     0.03   0.655
  SC_1337                  265.70       0.00       0.00      90.70     140.62      33.12     173.74        1.63     0.04   0.654
  SC_1338                  265.70       0.00       0.00      90.63     140.85      32.92     173.77        1.97     0.05   0.654
  SC_1339                  265.70       0.00       0.00      90.02     141.43      33.00     174.43        1.51     0.04   0.657
  SC_1340                  265.70       0.00       0.00      88.97     142.56      32.99     175.55        1.01     0.03   0.661
  SC_1341                  265.70       0.00       0.00      88.57     143.09      32.86     175.95        1.00     0.03   0.662
  SC_1342                  265.70       0.00       0.00      86.96     145.61      31.81     177.42        1.88     0.05   0.668
  SC_1343                  265.70       0.00       0.00      85.60     147.24      31.57     178.81        1.49     0.04   0.673
  SC_1344                  265.70       0.00       0.00      84.25     149.07      31.07     180.14        1.57     0.04   0.678
  SC_1345                  265.70       0.00       0.00      82.96     150.87      30.50     181.37        1.86     0.05   0.683
  SC_1346                  265.70       0.00       0.00      81.79     152.26      30.34     182.60        1.34     0.04   0.687
  SC_1347                  265.70       0.00       0.00      80.67     153.62      30.13     183.75        1.03     0.03   0.692
  SC_1348                  265.70       0.00       0.00      81.04     153.11      30.29     183.40        0.97     0.03   0.690
  SC_1349                  265.70       0.00       0.00      80.06     154.61      29.68     184.29        1.49     0.04   0.694
  SC_1350                  265.70       0.00       0.00      79.17     155.88      29.24     185.12        1.81     0.05   0.697
  SC_1351                  265.70       0.00       0.00      78.04     157.26      29.04     186.29        1.39     0.04   0.701
  SC_1352                  265.70       0.00       0.00      77.26     158.13      29.03     187.16        0.89     0.02   0.704
  SC_1353                  265.70       0.00       0.00      76.87     158.66      28.88     187.54        0.89     0.02   0.706
  SC_1354                  265.70       0.00       0.00      76.64     159.11      28.58     187.69        1.34     0.04   0.706
  SC_1355                  265.70       0.00       0.00      75.83     160.17      28.33     188.50        1.29     0.03   0.709
  SC_1356                  265.70       0.00       0.00      75.28     160.78      28.35     189.12        0.85     0.02   0.712
  SC_1357                  265.70       0.00       0.00      74.94     161.28      28.15     189.43        0.99     0.03   0.713
  SC_1358                  265.70       0.00       0.00      74.89     161.47      27.94     189.41        1.42     0.04   0.713
  SC_1359                  265.70       0.00       0.00      74.36     162.23      27.67     189.89        1.63     0.04   0.715
  SC_1360                  265.70       0.00       0.00      73.47     163.34      27.50     190.84        1.27     0.03   0.718
  SC_1361                  265.70       0.00       0.00      72.70     164.38      27.20     191.58        1.34     0.03   0.721
  SC_1362                  265.70       0.00       0.00      72.80     164.32      27.10     191.43        1.70     0.04   0.720
  SC_1363                  265.70       0.00       0.00      72.79     164.33      27.12     191.45        1.65     0.04   0.721
  SC_1364                  265.70       0.00       0.00      71.91     165.44      26.94     192.37        1.30     0.03   0.724
  SC_1365                  265.70       0.00       0.00      71.12     166.49      26.66     193.15        1.30     0.03   0.727
  SC_1366                  265.70       0.00       0.00      70.41     167.50      26.31     193.81        1.55     0.04   0.729
  SC_1367                  265.70       0.00       0.00      69.16     169.12      25.96     195.08        1.27     0.03   0.734
  SC_1368                  265.70       0.00       0.00      68.97     170.32      24.03     194.34       12.05     0.30   0.731
  SC_1369                  265.70       0.00       0.00      66.72     174.28      20.16     194.45       68.01     1.63   0.732
  
  
  ******************
  Node Depth Summary
  ******************
  
  ---------------------------------------------------------------------------------
                                 Average  Maximum  Maximum  Time of Max    Reported
                                   Depth    Depth      HGL   Occurrence   Max Depth
  Node                 Type       Meters   Meters   Meters  days hr:min      Meters
  ---------------------------------------------------------------------------------
  I-0                  JUNCTION     0.30     0.45    42.15     0  12:40        0.45
  I-1                  JUNCTION     0.83     1.20    33.64     0  06:21        1.20
  I-2                  JUNCTION     1.18     1.20    17.61     0  02:01        1.20
  I-3                  JUNCTION     1.13     1.20    26.26     0  07:20        1.20
  I-4                  JUNCTION     1.19     1.20    17.30     0  02:02        1.20
  I-5                  JUNCTION     0.28     0.43    15.36     0  13:00        0.43
  I-6                  JUNCTION     0.10     0.15    18.74     0  12:23        0.15
  I-7                  JUNCTION     0.35     0.54     8.81     0  12:40        0.54
  I-8                  JUNCTION     0.52     0.67     7.44     0  12:15        0.67
  I-9                  JUNCTION     0.20     0.28    18.73     0  12:23        0.28
  I-10                 JUNCTION     1.18     1.20    28.78     0  02:10        1.20
  I-11                 JUNCTION     0.79     1.20    24.65     0  08:59        1.20
  I-12                 JUNCTION     1.10     1.20    31.85     0  04:08        1.20
  I-13                 JUNCTION     0.37     0.60     6.97     0  12:37        0.60
  I-14                 JUNCTION     0.22     0.31    22.67     0  12:45        0.31
  I-15                 JUNCTION     0.43     0.69    12.45     0  12:42        0.69
  I-16                 JUNCTION     0.22     0.32    12.56     0  12:30        0.32
  I-17                 JUNCTION     0.76     1.20     6.85     0  07:11        1.20
  I-20                 JUNCTION     1.18     1.20    23.59     0  02:09        1.20
  I-21                 JUNCTION     0.42     0.58    25.03     0  12:45        0.58
  I-22                 JUNCTION     0.78     1.20     6.13     0  10:29        1.20
  I-23                 JUNCTION     0.10     0.15    22.21     0  12:21        0.15
  I-24                 JUNCTION     0.08     0.09     7.25     0  12:10        0.09
  I-26                 JUNCTION     0.85     1.20    28.71     0  07:54        1.20
  I-27                 JUNCTION     0.69     1.20     5.09     0  11:23        1.20
  I-28                 JUNCTION     1.17     1.20    24.32     0  22:36        1.19
  I-29                 JUNCTION     0.23     0.35    17.75     0  12:01        0.35
  I-30                 JUNCTION     1.17     1.27     4.55     0  12:20        1.27
  I-31                 JUNCTION     0.14     0.18     6.62     0  12:17        0.18
  I-32                 JUNCTION     0.65     0.89     4.55     0  12:10        0.89
  I-33                 JUNCTION     0.35     0.55    13.83     0  12:16        0.55
  I-34                 JUNCTION     0.35     0.46    30.91     0  12:43        0.46
  I-35                 JUNCTION     0.09     0.15    23.56     0  12:20        0.15
  I-36                 JUNCTION     1.17     1.20    22.24     0  02:41        1.20
  I-37                 JUNCTION     0.10     0.15     4.54     0  12:21        0.15
  I-38                 JUNCTION     0.24     0.34    30.54     0  12:41        0.34
  I-39                 JUNCTION     0.09     0.17    24.49     0  12:15        0.17
  I-40                 JUNCTION     0.88     1.11     4.62     0  12:37        1.11
  I-41                 JUNCTION     0.10     0.16    19.22     0  12:21        0.16
  I-42                 JUNCTION     1.07     1.20     4.32     0  11:04        1.20
  I-43                 JUNCTION     0.18     0.27    17.08     0  12:22        0.27
  I-44                 JUNCTION     0.35     0.53    28.49     0  12:44        0.53
  I-45                 JUNCTION     1.11     1.20     4.27     0  03:56        1.20
  I-46                 JUNCTION     0.56     0.81    22.79     0  12:16        0.81
  I-47                 JUNCTION     0.27     0.35     7.50     0  12:20        0.35
  I-48                 JUNCTION     0.72     0.82     3.78     0  12:25        0.82
  I-49                 JUNCTION     0.91     1.20     4.69     0  10:46        1.16
  I-50                 JUNCTION     0.82     1.20    23.45     0  09:41        1.20
  I-51                 JUNCTION     0.42     0.85     8.88     0  12:07        0.83
  I-52                 JUNCTION     0.67     0.79     3.71     0  12:19        0.79
  I-53                 JUNCTION     0.08     0.12     8.68     0  12:15        0.12
  I-54                 JUNCTION     0.33     0.58    24.23     0  12:50        0.58
  I-55                 JUNCTION     0.81     1.20     6.92     0  06:40        1.20
  I-56                 JUNCTION     0.66     0.77     3.67     0  12:20        0.77
  I-57                 JUNCTION     0.67     1.20     6.54     0  06:41        1.08
  I-58                 JUNCTION     0.08     0.12    10.61     0  12:16        0.12
  I-59                 JUNCTION     0.49     0.68     4.40     0  12:17        0.67
  I-60                 JUNCTION     0.24     0.37    13.11     0  12:20        0.37
  I-61                 JUNCTION     0.43     0.69    24.83     0  12:47        0.69
  I-63                 JUNCTION     0.85     1.39     5.30     0  12:25        1.39
  I-64                 JUNCTION     0.24     0.33     3.77     0  12:13        0.32
  I-65                 JUNCTION     0.10     0.14     7.03     0  12:20        0.14
  I-66                 JUNCTION     0.46     0.71    14.00     0  13:25        0.71
  I-67                 JUNCTION     0.25     0.32     4.15     0  12:22        0.32
  I-68                 JUNCTION     0.57     0.71     3.77     0  12:23        0.71
  I-69                 JUNCTION     0.56     0.70     3.46     0  12:14        0.70
  I-71                 JUNCTION     0.35     0.53    22.11     0  12:47        0.53
  I-72                 JUNCTION     0.47     0.62     3.80     0  12:23        0.62
  I-73                 JUNCTION     0.08     0.12     3.46     0  12:11        0.12
  I-74                 JUNCTION     0.17     0.27     3.80     0  12:23        0.27
  I-75                 JUNCTION     0.59     0.70     3.86     0  12:19        0.70
  I-76                 JUNCTION     0.20     0.31     4.05     0  12:27        0.31
  I-77                 JUNCTION     0.88     1.00     3.87     0  12:19        1.00
  I-78                 JUNCTION     0.43     0.63     4.29     0  12:28        0.63
  I-79                 JUNCTION     0.13     0.19     6.08     0  12:26        0.19
  I-80                 JUNCTION     0.29     0.41    12.91     0  12:18        0.40
  I-81                 JUNCTION     0.42     0.68    25.69     0  12:56        0.68
  I-82                 JUNCTION     0.85     0.97     3.90     0  12:18        0.97
  I-83                 JUNCTION     0.93     1.20    16.91     0  06:12        1.20
  I-84                 JUNCTION     0.30     0.47     5.05     0  12:25        0.47
  I-85                 JUNCTION     0.26     0.38     4.71     0  12:24        0.38
  I-86                 JUNCTION     0.17     0.25     5.15     0  12:27        0.25
  I-87                 JUNCTION     1.18     1.20     9.86     0  02:10        1.20
  I-88                 JUNCTION     0.27     0.41     6.57     0  12:29        0.41
  I-89                 JUNCTION     1.11     1.20     3.89     0  10:04        1.20
  I-90                 JUNCTION     0.21     0.31     4.60     0  12:26        0.31
  I-91                 JUNCTION     0.18     0.28     5.10     0  12:28        0.28
  I-92                 JUNCTION     0.27     0.44    10.52     0  12:27        0.44
  I-93                 JUNCTION     0.15     0.23     4.61     0  12:23        0.23
  I-94                 JUNCTION     0.20     0.30     4.73     0  12:21        0.30
  I-95                 JUNCTION     0.19     0.22     9.87     0  12:21        0.22
  I-96                 JUNCTION     0.18     0.26     8.88     0  12:28        0.26
  I-97                 JUNCTION     0.17     0.26    12.46     0  12:17        0.26
  I-98                 JUNCTION     0.51     0.68    12.58     0  12:10        0.68
  I-99                 JUNCTION     0.56     0.81     9.49     0  12:25        0.81
  I-100                JUNCTION     0.06     0.09    13.51     0  12:10        0.09
  I-101                JUNCTION     0.73     1.20    10.56     0  08:48        1.20
  I-102                JUNCTION     1.04     1.20    13.22     0  04:01        1.20
  I-103                JUNCTION     0.38     0.60    16.01     0  12:52        0.60
  I-104                JUNCTION     0.29     0.42     6.87     0  12:20        0.42
  I-105                JUNCTION     0.32     0.78    14.06     0  12:19        0.78
  I-106                JUNCTION     1.94     2.00    13.44     0  02:40        1.99
  I-107                JUNCTION     0.66     1.20    11.01     0  10:31        1.20
  I-108                JUNCTION     1.95     2.00    13.42     0  02:40        2.00
  I-109                JUNCTION     0.42     0.67    10.43     0  12:51        0.67
  I-110                JUNCTION     0.95     1.20     8.21     0  04:13        1.20
  I-111                JUNCTION     1.14     1.20     9.68     0  02:46        1.20
  I-112                JUNCTION     0.18     0.28    12.25     0  12:20        0.28
  I-113                JUNCTION     0.15     0.23    14.66     0  12:20        0.23
  I-114                JUNCTION     1.12     1.20     4.42     0  03:13        1.20
  I-115                JUNCTION     1.15     1.20     4.30     0  03:11        1.20
  I-117                JUNCTION     1.18     1.20     1.46     0  02:23        1.20
  I-118                JUNCTION     1.02     1.09     6.28     0  12:17        1.08
  I-119                JUNCTION     1.18     1.20    10.03     0  02:04        1.20
  I-120                JUNCTION     1.12     1.20     3.62     0  04:05        1.20
  I-121                JUNCTION     1.19     1.20     8.87     0  01:44        1.20
  I-122                JUNCTION     1.19     1.20     3.88     0  01:54        1.20
  I-123                JUNCTION     1.18     1.20     7.32     0  02:11        1.20
  I-124                JUNCTION     0.61     1.08     9.92     0  12:07        1.01
  I-125                JUNCTION     0.28     0.45     8.64     0  12:08        0.44
  I-126                JUNCTION     0.40     0.53     3.94     0  12:20        0.53
  I-127                JUNCTION     1.17     1.20     7.26     0  02:38        1.20
  I-128                JUNCTION     0.11     0.18    22.94     0  12:20        0.18
  I-129                JUNCTION     0.81     1.13    28.13     0  12:55        1.11
  I-130                JUNCTION     0.35     1.20    27.12     0  11:25        1.05
  I-131                JUNCTION     1.00     1.20    24.76     0  03:52        1.20
  I-132                JUNCTION     1.18     1.20    23.65     0  02:14        1.20
  I-133                JUNCTION     0.20     0.30    28.30     0  12:40        0.30
  I-134                JUNCTION     0.74     1.20    19.11     0  07:49        1.20
  I-135                JUNCTION     1.13     1.20    19.12     0  03:03        1.20
  I-136                JUNCTION     0.10     0.15    23.65     0  12:31        0.15
  I-137                JUNCTION     0.16     0.24    23.56     0  12:20        0.24
  I-138                JUNCTION     1.13     1.20     4.09     0  02:14        1.20
  I-139                JUNCTION     1.17     1.20     3.96     0  04:17        1.20
  I-140                JUNCTION     0.20     0.22     3.95     0  12:05        0.22
  I-141                JUNCTION     1.02     1.20     3.71     0  11:58        1.13
  I-142                JUNCTION     1.06     1.20     4.16     0  02:11        1.20
  I-143                JUNCTION     0.99     1.20     4.40     0  12:46        1.19
  ISD-1                JUNCTION     0.05     0.08     4.31     0  12:10        0.08
  ISD-2                JUNCTION     0.08     0.12     4.23     0  12:10        0.12
  ISD-3                JUNCTION     0.09     0.13     4.09     0  12:10        0.13
  ISD-4                JUNCTION     0.15     0.25     4.01     0  04:15        0.22
  ISD-5                JUNCTION     0.34     0.48     4.04     0  21:08        0.43
  ISD-6                JUNCTION     0.63     0.97     4.24     0  16:19        0.94
  ISD-7                JUNCTION     0.75     0.93     4.09     0  16:40        0.90
  ISD-8                JUNCTION     0.88     1.20     4.23     0  05:44        1.20
  ISD-9                JUNCTION     1.06     1.20     4.05     0  04:05        1.20
  ISD-10               JUNCTION     1.18     1.20     3.93     0  02:38        1.20
  ISD-11               JUNCTION     1.14     1.18     3.95     0  02:39        1.17
  ISD-12               JUNCTION     1.14     1.18     3.96     0  05:11        1.17
  ISD-13               JUNCTION     1.11     1.15     3.96     0  05:22        1.14
  ISD-14               JUNCTION     1.17     1.20     3.95     0  02:39        1.20
  ISD-15               JUNCTION     0.99     1.04     3.97     0  07:59        1.03
  ISD-16               JUNCTION     1.04     1.11     4.00     0  15:04        1.10
  ISD-17               JUNCTION     0.93     0.99     3.99     0  14:01        0.98
  ISD-18               JUNCTION     0.90     0.96     4.00     0  09:47        0.95
  ISD-19               JUNCTION     0.92     0.99     4.01     0  09:47        0.98
  ISD-20               JUNCTION     0.83     0.90     4.01     0  13:42        0.89
  ISD-21               JUNCTION     0.81     0.87     4.01     0  13:42        0.86
  ISD-22               JUNCTION     0.73     0.79     4.01     0  15:51        0.78
  ISD-23               JUNCTION     0.86     0.96     4.07     0  13:45        0.94
  ISD-24               JUNCTION     0.74     0.83     4.06     0  12:36        0.82
  ISD-25               JUNCTION     0.90     0.99     4.07     0  13:45        0.98
  ISD-26               JUNCTION     0.77     0.86     4.07     0  13:45        0.85
  ISD-27               JUNCTION     0.74     0.84     4.08     0  12:36        0.82
  ISD-28               JUNCTION     0.79     0.89     4.10     0  13:45        0.87
  ISD-29               JUNCTION     0.83     0.95     4.12     0  13:46        0.93
  ISD-30               JUNCTION     0.85     0.97     4.14     0  13:46        0.95
  ISD-31               JUNCTION     0.84     0.96     4.14     0  13:46        0.94
  ISD-32               JUNCTION     0.80     0.93     4.15     0  12:35        0.91
  ISD-33               JUNCTION     0.81     0.95     4.16     0  13:46        0.93
  ISD-34               JUNCTION     0.81     0.93     4.15     0  13:44        0.93
  ISD-35               JUNCTION     0.80     0.93     4.16     0  11:40        0.91
  ISD-36               JUNCTION     0.82     0.96     4.19     0  14:31        0.94
  ISD-37               JUNCTION     0.86     1.00     4.19     0  11:33        0.98
  ISD-38               JUNCTION     0.82     0.96     4.19     0  12:41        0.94
  ISD-39               JUNCTION     0.87     1.01     4.20     0  13:44        0.99
  ISD-40               JUNCTION     0.89     1.03     4.20     0  12:02        1.01
  ISD-41               JUNCTION     0.91     1.05     4.20     0  15:05        1.03
  ISD-42               JUNCTION     0.96     1.10     4.20     0  13:44        1.09
  ISD-43               JUNCTION     1.06     1.20     4.21     0  13:29        1.19
  ISD-44               JUNCTION     1.03     1.17     4.21     0  13:44        1.16
  ISD-45               JUNCTION     1.01     1.15     4.21     0  09:47        1.13
  ISD-46               JUNCTION     0.94     1.10     4.23     0  13:29        1.07
  ISD-47               JUNCTION     0.89     1.03     4.21     0  15:14        1.02
  ISD-48               JUNCTION     0.90     1.05     4.23     0  10:42        1.03
  ISD-49               JUNCTION     0.92     1.10     4.28     0  15:05        1.06
  ISD-50               JUNCTION     0.93     1.11     4.28     0  15:47        1.08
  ISD-51               JUNCTION     0.94     1.12     4.28     0  15:04        1.10
  ISD-52               JUNCTION     0.89     1.07     4.28     0  10:00        1.05
  ISD-53               JUNCTION     0.96     1.13     4.27     0  17:30        1.11
  ISD-54               JUNCTION     0.95     1.11     4.26     0  15:39        1.09
  ISD-55               JUNCTION     1.02     1.18     4.27     0  07:46        1.16
  ISD-56               JUNCTION     1.06     1.20     4.25     0  07:24        1.20
  ISD-57               JUNCTION     1.09     1.20     4.22     0  07:14        1.20
  ISD-58               JUNCTION     1.05     1.20     4.26     0  07:24        1.20
  ISD-59               JUNCTION     1.03     1.20     4.28     0  07:03        1.20
  ISD-60               JUNCTION     0.99     1.20     4.32     0  07:27        1.20
  ISD-61               JUNCTION     0.96     1.12     4.27     0  08:12        1.11
  ISD-62               JUNCTION     0.88     1.12     4.35     0  17:41        1.11
  ISD-63               JUNCTION     0.81     1.08     4.38     0  17:32        1.06
  ISD-64               JUNCTION     0.66     0.87     4.32     0  17:27        0.85
  ISD-65               JUNCTION     0.59     0.71     4.23     0  16:34        0.71
  ISD-66               JUNCTION     0.10     0.15     6.31     0  12:15        0.15
  ISD-67               JUNCTION     0.05     0.08     8.59     0  12:10        0.08
  ISD-68               JUNCTION     0.01     0.01    13.07     0  12:05        0.01
  ISD-69               JUNCTION     0.41     0.55     7.42     0  12:16        0.55
  ISD-70               JUNCTION     0.43     0.58     7.44     0  12:15        0.58
  ISD-71               JUNCTION     0.03     0.04    11.16     0  12:05        0.04
  ISD-72               JUNCTION     0.02     0.03    12.24     0  12:10        0.03
  ISD-73               JUNCTION     0.04     0.06    10.78     0  12:10        0.06
  ISD-74               JUNCTION     0.05     0.08     9.91     0  12:10        0.08
  ISD-75               JUNCTION     0.62     0.64     9.82     0  02:02        0.64
  ISD-76               JUNCTION     1.00     1.02     9.82     0  02:01        1.01
  ISD-77               JUNCTION     1.19     1.20     9.81     0  02:01        1.20
  ISD-78               JUNCTION     1.18     1.20     9.84     0  02:01        1.20
  ISD-79               JUNCTION     1.18     1.20     9.87     0  02:01        1.20
  ISD-80               JUNCTION     1.17     1.20     9.92     0  02:04        1.20
  ISD-81               JUNCTION     1.12     1.20    10.05     0  02:04        1.19
  ISD-82               JUNCTION     1.02     1.20    10.20     0  02:16        1.11
  ISD-83               JUNCTION     1.10     1.20    10.17     0  02:11        1.20
  ISD-84               JUNCTION     1.07     1.20    10.25     0  02:26        1.20
  ISD-85               JUNCTION     0.89     1.20    10.49     0  05:40        1.07
  ISD-86               JUNCTION     0.84     1.14    10.55     0  19:59        1.06
  ISD-87               JUNCTION     0.83     1.09    10.58     0  11:58        1.08
  ISD-88               JUNCTION     0.82     1.11    10.68     0  12:55        1.11
  ISD-89               JUNCTION     0.79     1.09    10.78     0  12:12        1.09
  ISD-90               JUNCTION     0.84     1.15    10.87     0  12:13        1.14
  ISD-91               JUNCTION     0.78     1.11    11.04     0  12:38        1.10
  ISD-92               JUNCTION     0.78     1.11    11.12     0  12:28        1.11
  ISD-93               JUNCTION     0.75     1.08    11.21     0  12:16        1.08
  ISD-94               JUNCTION     0.83     1.13    11.27     0  12:59        1.12
  ISD-95               JUNCTION     0.85     1.18    11.36     0  12:06        1.17
  ISD-96               JUNCTION     0.88     1.20    11.41     0  09:37        1.20
  ISD-97               JUNCTION     0.85     1.20    11.49     0  09:45        1.20
  ISD-98               JUNCTION     0.78     1.14    11.57     0  11:57        1.14
  ISD-99               JUNCTION     0.75     1.11    11.64     0  12:35        1.10
  ISD-100              JUNCTION     0.76     1.11    11.72     0  12:31        1.10
  ISD-101              JUNCTION     0.75     1.10    11.78     0  12:25        1.09
  ISD-102              JUNCTION     0.80     1.16    11.90     0  12:25        1.15
  ISD-103              JUNCTION     0.82     1.17    11.94     0  12:12        1.15
  ISD-104              JUNCTION     0.82     1.17    11.99     0  11:59        1.16
  ISD-105              JUNCTION     0.82     1.17    12.03     0  12:08        1.16
  ISD-106              JUNCTION     0.82     1.17    12.08     0  12:09        1.16
  ISD-107              JUNCTION     0.85     1.19    12.15     0  12:01        1.18
  ISD-108              JUNCTION     0.87     1.20    12.18     0  12:03        1.19
  ISD-109              JUNCTION     0.89     1.20    12.19     0  07:36        1.20
  ISD-110              JUNCTION     0.59     0.62     4.07     0  02:17        0.61
  ISD-111              JUNCTION     0.41     0.42     4.05     0  11:58        0.42
  ISD-112              JUNCTION     0.74     0.77     4.08     0  11:55        0.76
  ISD-113              JUNCTION     0.89     0.93     4.09     0  17:52        0.91
  ISD-114              JUNCTION     0.98     1.01     4.08     0  11:15        1.01
  ISD-115              JUNCTION     1.11     1.14     4.08     0  13:18        1.14
  ISD-116              JUNCTION     1.18     1.20     4.07     0  02:16        1.20
  ISD-117              JUNCTION     1.17     1.20     4.09     0  02:17        1.20
  ISD-118              JUNCTION     1.17     1.20     4.11     0  02:48        1.20
  ISD-119              JUNCTION     1.15     1.19     4.13     0  11:59        1.18
  ISD-120              JUNCTION     1.15     1.19     4.14     0  11:38        1.18
  ISD-121              JUNCTION     1.14     1.17     4.14     0  11:49        1.17
  ISD-122              JUNCTION     1.18     1.20     4.14     0  02:15        1.20
  ISD-123              JUNCTION     1.12     1.16     4.19     0  10:36        1.15
  ISD-124              JUNCTION     1.16     1.20     4.22     0  02:16        1.20
  ISD-125              JUNCTION     1.11     1.17     4.27     0  02:17        1.16
  ISD-126              JUNCTION     1.09     1.17     4.30     0  02:17        1.15
  ISD-127              JUNCTION     1.07     1.14     4.32     0  02:17        1.12
  ISD-128              JUNCTION     1.12     1.19     4.34     0  02:17        1.18
  ISD-129              JUNCTION     1.14     1.20     4.36     0  02:16        1.20
  ISD-130              JUNCTION     1.14     1.20     4.37     0  02:16        1.20
  ISD-131              JUNCTION     1.13     1.19     4.39     0  02:17        1.18
  ISD-132              JUNCTION     1.16     1.20     4.38     0  02:16        1.20
  ISD-133              JUNCTION     1.14     1.20     4.41     0  02:16        1.19
  ISD-134              JUNCTION     1.15     1.20     4.41     0  02:16        1.20
  ISD-135              JUNCTION     1.14     1.20     4.43     0  02:16        1.18
  ISD-136              JUNCTION     1.17     1.20     4.41     0  02:16        1.20
  ISD-137              JUNCTION     1.17     1.20     4.41     0  02:16        1.20
  ISD-138              JUNCTION     1.11     1.16     4.45     0  02:17        1.14
  ISD-139              JUNCTION     1.08     1.14     4.47     0  02:17        1.12
  ISD-140              JUNCTION     1.08     1.14     4.48     0  02:17        1.12
  ISD-141              JUNCTION     1.07     1.12     4.48     0  02:17        1.10
  ISD-142              JUNCTION     1.17     1.20     4.46     0  02:16        1.20
  ISD-143              JUNCTION     1.11     1.16     4.54     0  02:16        1.15
  ISD-144              JUNCTION     1.15     1.20     4.57     0  02:16        1.20
  ISD-145              JUNCTION     1.15     1.20     4.59     0  02:16        1.20
  ISD-146              JUNCTION     1.13     1.20     4.64     0  02:16        1.18
  ISD-147              JUNCTION     1.14     1.20     4.64     0  02:16        1.20
  ISD-148              JUNCTION     1.14     1.20     4.67     0  02:16        1.20
  ISD-149              JUNCTION     1.14     1.20     4.68     0  02:16        1.20
  ISD-150              JUNCTION     1.14     1.20     4.70     0  02:16        1.20
  ISD-151              JUNCTION     1.13     1.20     4.72     0  02:16        1.20
  ISD-152              JUNCTION     1.14     1.20     4.74     0  02:16        1.20
  ISD-153              JUNCTION     1.06     1.20     4.83     0  02:17        1.15
  ISD-154              JUNCTION     1.09     1.20     4.80     0  02:17        1.18
  ISD-155              JUNCTION     1.14     1.20     4.74     0  02:17        1.20
  ISD-156              JUNCTION     1.14     1.20     4.73     0  02:17        1.20
  ISD-157              JUNCTION     1.09     1.20     4.77     0  02:17        1.16
  ISD-158              JUNCTION     1.12     1.20     4.73     0  02:17        1.20
  ISD-159              JUNCTION     1.12     1.20     4.70     0  12:12        1.19
  ISD-160              JUNCTION     1.15     1.20     4.63     0  02:17        1.20
  ISD-161              JUNCTION     1.17     1.20     4.57     0  02:17        1.20
  ISD-162              JUNCTION     1.06     1.11     4.59     0  02:17        1.09
  ISD-163              JUNCTION     1.10     1.15     4.56     0  02:17        1.14
  ISD-164              JUNCTION     1.10     1.18     4.57     0  02:17        1.13
  ISD-165              JUNCTION     1.18     1.20     4.51     0  02:17        1.20
  ISD-166              JUNCTION     1.13     1.20     4.57     0  02:17        1.16
  ISD-167              JUNCTION     1.18     1.20     4.52     0  02:17        1.20
  ISD-168              JUNCTION     1.15     1.20     4.56     0  12:17        1.19
  ISD-169              JUNCTION     1.13     1.20     4.61     0  02:18        1.18
  ISD-170              JUNCTION     1.10     1.18     4.62     0  02:18        1.15
  ISD-171              JUNCTION     1.16     1.20     4.58     0  02:18        1.20
  ISD-172              JUNCTION     1.17     1.20     4.57     0  02:18        1.20
  ISD-173              JUNCTION     1.15     1.20     4.59     0  02:18        1.20
  ISD-174              JUNCTION     1.13     1.20     4.61     0  02:18        1.17
  ISD-175              JUNCTION     1.16     1.20     4.58     0  02:18        1.20
  ISD-176              JUNCTION     1.11     1.20     4.66     0  02:18        1.20
  ISD-177              JUNCTION     1.03     1.20     4.74     0  02:18        1.16
  ISD-178              JUNCTION     1.02     1.20     4.76     0  02:18        1.15
  ISD-179              JUNCTION     1.01     1.20     4.77     0  02:18        1.15
  ISD-180              JUNCTION     1.06     1.20     4.72     0  02:18        1.20
  ISD-181              JUNCTION     1.01     1.17     4.73     0  12:17        1.16
  ISD-182              JUNCTION     0.97     1.14     4.74     0  02:18        1.13
  ISD-183              JUNCTION     0.97     1.20     4.80     0  02:18        1.12
  ISD-184              JUNCTION     0.95     1.20     4.81     0  02:18        1.11
  ISD-185              JUNCTION     0.91     1.20     4.84     0  02:18        1.07
  ISD-186              JUNCTION     0.91     1.20     4.82     0  02:18        1.08
  ISD-187              JUNCTION     0.95     1.17     4.74     0  02:18        1.11
  ISD-188              JUNCTION     0.28     0.48     4.64     0  12:09        0.47
  ISD-189              JUNCTION     0.73     0.99     4.61     0  12:04        0.98
  ISD-190              JUNCTION     0.75     0.99     4.55     0  12:10        0.99
  ISD-191              JUNCTION     0.78     1.01     4.54     0  12:05        1.01
  ISD-192              JUNCTION     0.77     1.01     4.54     0  12:05        1.01
  ISD-193              JUNCTION     0.81     1.04     4.53     0  12:10        1.04
  ISD-194              JUNCTION     0.91     1.15     4.53     0  12:05        1.15
  ISD-195              JUNCTION     0.78     1.01     4.52     0  12:05        1.01
  ISD-196              JUNCTION     0.97     1.20     4.51     0  09:31        1.20
  ISD-197              JUNCTION     0.79     1.02     4.51     0  13:28        1.02
  ISD-198              JUNCTION     0.85     1.09     4.51     0  13:28        1.08
  ISD-199              JUNCTION     0.86     1.09     4.50     0  13:28        1.09
  ISD-200              JUNCTION     0.84     1.08     4.49     0  13:47        1.07
  ISD-201              JUNCTION     0.89     1.12     4.48     0  13:28        1.12
  ISD-202              JUNCTION     0.95     1.18     4.48     0  13:28        1.18
  ISD-203              JUNCTION     0.97     1.20     4.47     0  09:53        1.20
  ISD-204              JUNCTION     0.96     1.19     4.47     0  14:07        1.18
  ISD-205              JUNCTION     0.96     1.19     4.46     0  14:07        1.19
  ISD-206              JUNCTION     0.98     1.20     4.45     0  09:53        1.20
  ISD-207              JUNCTION     0.91     1.13     4.45     0  13:48        1.13
  ISD-208              JUNCTION     0.93     1.15     4.44     0  12:44        1.15
  ISD-209              JUNCTION     0.89     1.11     4.44     0  12:44        1.10
  ISD-210              JUNCTION     0.92     1.14     4.43     0  12:44        1.13
  ISD-211              JUNCTION     0.91     1.13     4.43     0  13:48        1.12
  ISD-212              JUNCTION     0.90     1.12     4.42     0  13:48        1.11
  ISD-213              JUNCTION     0.94     1.15     4.41     0  13:48        1.14
  ISD-215              JUNCTION     0.90     1.12     4.41     0  14:06        1.11
  ISD-216              JUNCTION     0.81     1.03     4.41     0  14:06        1.03
  ISD-217              JUNCTION     0.80     1.03     4.42     0  14:06        1.02
  ISD-218              JUNCTION     0.89     1.11     4.41     0  14:06        1.10
  ISD-219              JUNCTION     0.71     0.92     4.41     0  12:47        0.91
  ISD-220              JUNCTION     0.67     0.88     4.41     0  12:24        0.87
  ISD-221              JUNCTION     0.68     0.89     4.41     0  11:59        0.88
  ISD-222              JUNCTION     0.61     0.82     4.41     0  11:19        0.81
  ISD-223              JUNCTION     0.60     0.81     4.41     0  11:19        0.80
  ISD-224              JUNCTION     0.86     1.07     4.41     0  13:15        1.07
  ISD-225              JUNCTION     0.54     0.75     4.41     0  14:06        0.74
  ISD-226              JUNCTION     0.55     0.76     4.41     0  14:06        0.75
  ISD-227              JUNCTION     0.51     0.71     4.41     0  12:18        0.70
  ISD-228              JUNCTION     0.50     0.74     4.42     0  12:06        0.71
  ISD-229              JUNCTION     0.53     0.78     4.42     0  13:27        0.75
  ISD-230              JUNCTION     0.58     0.85     4.43     0  12:14        0.81
  ISD-231              JUNCTION     0.63     0.90     4.42     0  12:37        0.86
  ISD-232              JUNCTION     0.68     0.94     4.40     0  12:17        0.92
  ISD-233              JUNCTION     0.63     0.89     4.40     0  12:35        0.86
  ISD-234              JUNCTION     0.65     0.93     4.40     0  14:26        0.89
  ISD-235              JUNCTION     0.65     0.95     4.40     0  13:13        0.91
  ISD-236              JUNCTION     0.57     0.85     4.29     0  11:31        0.80
  ISD-237              JUNCTION     0.13     0.21     3.75     0  11:44        0.19
  ISD-238              JUNCTION     0.21     0.30     3.77     0  11:43        0.28
  ISD-239              JUNCTION     0.14     0.24     3.71     0  12:10        0.23
  ISD-240              JUNCTION     0.23     0.33     3.71     0  12:10        0.32
  ISD-241              JUNCTION     0.22     0.32     3.69     0  12:10        0.31
  ISD-242              JUNCTION     0.17     0.26     3.65     0  12:10        0.26
  ISD-243              JUNCTION     0.27     0.36     3.65     0  12:11        0.36
  ISD-244              JUNCTION     0.26     0.35     3.64     0  12:11        0.34
  ISD-245              JUNCTION     0.26     0.34     3.62     0  12:11        0.34
  ISD-246              JUNCTION     0.75     0.86     3.87     0  12:18        0.86
  ISD-247              JUNCTION     0.73     0.85     3.88     0  12:18        0.85
  ISD-248              JUNCTION     0.79     0.91     3.89     0  12:18        0.91
  ISD-249              JUNCTION     0.79     0.91     3.89     0  12:17        0.91
  ISD-250              JUNCTION     0.86     0.97     3.89     0  12:18        0.97
  ISD-251              JUNCTION     0.75     0.86     3.89     0  12:18        0.86
  ISD-252              JUNCTION     0.99     1.10     3.90     0  12:19        1.10
  ISD-253              JUNCTION     0.99     1.10     3.90     0  12:19        1.10
  ISD-254              JUNCTION     1.14     1.20     3.83     0  06:50        1.20
  ISD-255              JUNCTION     1.17     1.20     3.75     0  03:32        1.20
  ISD-256              JUNCTION     1.12     1.20     3.83     0  11:14        1.20
  ISD-257              JUNCTION     0.81     0.96     3.92     0  12:20        0.96
  ISD-258              JUNCTION     0.57     0.74     3.96     0  12:20        0.74
  ISD-259              JUNCTION     0.22     0.34     3.92     0  12:20        0.34
  ISD-260              JUNCTION     0.19     0.30     4.24     0  12:20        0.30
  ISD-261              JUNCTION     0.16     0.26     4.45     0  12:20        0.26
  ISD-262              JUNCTION     0.13     0.21     4.52     0  12:21        0.21
  ISD-263              JUNCTION     0.24     0.33     4.68     0  12:21        0.33
  ISD-264              JUNCTION     0.21     0.31     4.71     0  12:21        0.31
  ISD-265              JUNCTION     0.18     0.27     5.28     0  12:20        0.27
  ISD-266              JUNCTION     0.15     0.23     5.86     0  12:20        0.23
  ISD-267              JUNCTION     0.14     0.21     6.24     0  12:25        0.21
  ISD-268              JUNCTION     0.90     1.09     7.09     0  12:24        1.08
  ISD-269              JUNCTION     0.30     0.45     7.04     0  12:22        0.45
  ISD-270              JUNCTION     0.23     0.38     6.97     0  12:21        0.38
  ISD-271              JUNCTION     0.36     0.52     6.95     0  12:20        0.52
  ISD-272              JUNCTION     0.47     0.62     6.94     0  12:21        0.62
  ISD-273              JUNCTION     0.45     0.46     3.95     0  12:00        0.46
  ISD-274              JUNCTION     0.54     0.56     3.95     0  02:34        0.56
  ISD-275              JUNCTION     0.65     0.67     3.95     0  02:34        0.67
  ISD-276              JUNCTION     0.74     0.76     3.95     0  02:34        0.76
  ISD-277              JUNCTION     0.81     0.83     3.95     0  02:34        0.83
  ISD-278              JUNCTION     0.92     0.94     3.95     0  02:34        0.94
  ISD-279              JUNCTION     0.97     0.99     3.95     0  02:34        0.99
  ISD-280              JUNCTION     1.14     1.17     3.96     0  02:34        1.16
  ISD-281              JUNCTION     1.11     1.13     3.95     0  02:34        1.13
  ISD-282              JUNCTION     1.16     1.19     3.96     0  02:33        1.18
  ISD-283              JUNCTION     1.18     1.20     3.95     0  02:33        1.20
  ISD-285              JUNCTION     1.09     1.16     4.02     0  14:58        1.15
  ISD-286              JUNCTION     1.02     1.09     4.02     0  14:58        1.09
  ISD-287              JUNCTION     1.05     1.15     4.08     0  14:18        1.14
  ISD-288              JUNCTION     1.06     1.16     4.09     0  11:01        1.16
  ISD-289              JUNCTION     1.03     1.16     4.12     0  10:53        1.16
  ISD-290              JUNCTION     1.03     1.17     4.14     0  13:44        1.17
  ISD-291              JUNCTION     1.01     1.16     4.16     0  11:04        1.16
  ISD-292              JUNCTION     1.02     1.18     4.18     0  10:53        1.17
  ISD-293              JUNCTION     0.94     1.11     4.19     0  11:01        1.11
  ISD-294              JUNCTION     0.98     1.16     4.21     0  11:01        1.16
  ISD-295              JUNCTION     0.95     1.15     4.25     0  11:01        1.14
  ISD-296              JUNCTION     0.98     1.19     4.27     0  13:56        1.19
  ISD-297              JUNCTION     0.91     1.14     4.30     0  10:56        1.13
  ISD-298              JUNCTION     0.96     1.20     4.32     0  10:52        1.20
  ISD-299              JUNCTION     0.92     1.18     4.35     0  11:23        1.17
  ISD-300              JUNCTION     0.92     1.20     4.38     0  13:26        1.19
  ISD-301              JUNCTION     0.93     1.20     4.38     0  10:51        1.20
  ISD-302              JUNCTION     0.92     1.20     4.40     0  10:56        1.20
  ISD-303              JUNCTION     0.84     1.20     4.48     0  11:11        1.18
  ISD-304              JUNCTION     0.77     1.13     4.49     0  12:07        1.10
  ISD-305              JUNCTION     0.80     1.19     4.51     0  11:32        1.17
  ISD-306              JUNCTION     0.75     1.20     4.59     0  13:19        1.14
  ISD-307              JUNCTION     0.61     1.16     4.67     0  11:17        1.11
  ISD-308              JUNCTION     0.54     0.99     4.57     0  13:43        0.95
  ISD-309              JUNCTION     0.47     0.80     4.51     0  12:40        0.77
  ISD-310              JUNCTION     0.48     0.78     4.54     0  12:07        0.77
  ISD-311              JUNCTION     0.47     0.77     4.58     0  12:08        0.75
  ISD-312              JUNCTION     0.44     0.73     4.63     0  12:40        0.69
  ISD-313              JUNCTION     0.47     0.74     4.68     0  12:07        0.72
  ISD-314              JUNCTION     0.48     0.76     4.73     0  12:08        0.75
  ISD-315              JUNCTION     0.55     0.84     4.79     0  12:05        0.81
  ISD-316              JUNCTION     0.66     0.96     4.84     0  12:40        0.93
  ISD-317              JUNCTION     0.76     1.07     4.88     0  12:08        1.03
  ISD-318              JUNCTION     0.78     1.10     4.90     0  12:08        1.07
  ISD-319              JUNCTION     0.52     0.85     4.88     0  12:22        0.83
  ISD-320              JUNCTION     0.38     0.65     4.85     0  12:07        0.63
  ISD-321              JUNCTION     0.38     0.64     5.00     0  12:07        0.59
  ISD-322              JUNCTION     0.34     0.56     5.02     0  12:07        0.55
  ISD-323              JUNCTION     0.33     0.56     5.13     0  12:07        0.52
  ISD-324              JUNCTION     0.31     0.50     5.23     0  12:07        0.48
  ISD-325              JUNCTION     0.36     0.55     5.35     0  12:32        0.53
  ISD-326              JUNCTION     0.39     0.60     5.43     0  12:07        0.58
  ISD-327              JUNCTION     0.37     0.61     5.50     0  12:36        0.56
  ISD-328              JUNCTION     0.33     0.55     5.54     0  12:32        0.50
  ISD-329              JUNCTION     0.33     0.55     5.62     0  12:36        0.51
  ISD-330              JUNCTION     0.32     0.54     5.72     0  12:36        0.50
  ISD-331              JUNCTION     0.30     0.50     5.76     0  12:32        0.48
  ISD-332              JUNCTION     0.29     0.48     5.87     0  12:06        0.44
  ISD-333              JUNCTION     0.41     0.64     6.04     0  12:29        0.62
  ISD-334              JUNCTION     0.31     0.50     6.06     0  12:29        0.49
  ISD-335              JUNCTION     0.29     0.44     6.13     0  12:21        0.43
  ISD-336              JUNCTION     0.28     0.42     6.21     0  12:29        0.41
  ISD-337              JUNCTION     0.30     0.44     6.31     0  12:19        0.43
  ISD-338              JUNCTION     0.28     0.43     6.43     0  12:20        0.42
  ISD-339              JUNCTION     0.28     0.42     6.50     0  12:21        0.42
  ISD-340              JUNCTION     0.28     0.41     6.58     0  12:21        0.41
  ISD-341              JUNCTION     0.29     0.42     6.67     0  12:22        0.41
  ISD-342              JUNCTION     0.27     0.40     6.79     0  12:21        0.39
  ISD-343              JUNCTION     0.18     0.33     6.90     0  12:26        0.32
  ISD-344              JUNCTION     0.23     0.43     6.94     0  12:34        0.42
  ISD-345              JUNCTION     0.12     0.22     6.86     0  12:20        0.22
  ISD-346              JUNCTION     0.10     0.15     6.92     0  12:10        0.15
  ISD-347              JUNCTION     0.08     0.12     7.01     0  12:10        0.12
  ISD-348              JUNCTION     0.07     0.11     7.14     0  12:10        0.11
  ISD-349              JUNCTION     0.05     0.08     7.28     0  12:10        0.08
  ISD-350              JUNCTION     0.03     0.05     7.35     0  12:10        0.05
  ISD-351              JUNCTION     1.18     1.20     8.62     0  02:31        1.20
  ISD-352              JUNCTION     1.02     1.20     8.78     0  07:05        1.20
  ISD-353              JUNCTION     0.91     0.97     8.66     0  04:19        0.96
  ISD-354              JUNCTION     0.78     1.13     8.95     0  13:19        1.12
  ISD-355              JUNCTION     0.68     0.98     8.89     0  13:29        0.97
  ISD-356              JUNCTION     0.57     0.62     8.65     0  03:54        0.61
  ISD-357              JUNCTION     0.19     0.23     8.65     0  12:22        0.23
  ISD-358              JUNCTION     0.14     0.20     8.79     0  12:27        0.20
  ISD-359              JUNCTION     0.94     1.19     8.22     0  04:13        1.17
  ISD-360              JUNCTION     0.95     1.20     8.22     0  04:13        1.18
  ISD-361              JUNCTION     0.98     1.20     8.19     0  04:13        1.20
  ISD-362              JUNCTION     0.99     1.20     8.18     0  04:13        1.20
  ISD-363              JUNCTION     0.97     1.19     8.20     0  04:13        1.17
  ISD-364              JUNCTION     1.01     1.20     8.17     0  04:13        1.20
  ISD-365              JUNCTION     0.99     1.20     8.21     0  04:13        1.20
  ISD-366              JUNCTION     0.98     1.20     8.24     0  04:13        1.20
  ISD-367              JUNCTION     0.09     0.13    14.32     0  12:25        0.13
  ISD-368              JUNCTION     0.10     0.14    13.87     0  12:20        0.14
  ISD-369              JUNCTION     0.11     0.16    13.18     0  12:20        0.16
  ISD-370              JUNCTION     0.11     0.17    12.48     0  12:15        0.17
  ISD-371              JUNCTION     0.12     0.18    12.03     0  12:15        0.18
  ISD-372              JUNCTION     0.13     0.20    11.25     0  12:15        0.20
  ISD-373              JUNCTION     0.13     0.21    10.47     0  12:15        0.21
  ISD-374              JUNCTION     0.14     0.22     9.64     0  12:15        0.22
  ISD-375              JUNCTION     0.15     0.23     9.19     0  12:15        0.23
  ISD-376              JUNCTION     0.15     0.24     8.49     0  12:15        0.24
  ISD-377              JUNCTION     0.16     0.25     7.70     0  12:15        0.25
  ISD-378              JUNCTION     0.17     0.26     7.17     0  12:15        0.26
  ISD-379              JUNCTION     0.17     0.27     6.80     0  12:14        0.27
  ISD-380              JUNCTION     0.19     0.36     6.53     0  12:11        0.36
  ISD-381              JUNCTION     0.66     1.02     6.33     0  12:12        1.01
  ISD-382              JUNCTION     0.86     1.20     6.25     0  03:21        1.17
  ISD-383              JUNCTION     0.93     1.20     6.15     0  03:21        1.20
  ISD-384              JUNCTION     0.93     1.20     6.12     0  03:23        1.20
  ISD-385              JUNCTION     0.96     1.20     6.04     0  03:21        1.20
  ISD-386              JUNCTION     0.94     1.16     5.97     0  03:21        1.14
  ISD-387              JUNCTION     1.05     1.20     5.87     0  03:20        1.20
  ISD-388              JUNCTION     1.05     1.20     5.85     0  03:20        1.20
  ISD-389              JUNCTION     1.03     1.19     5.86     0  11:09        1.19
  ISD-390              JUNCTION     0.99     1.16     5.86     0  11:56        1.15
  ISD-391              JUNCTION     1.00     1.18     5.86     0  12:35        1.18
  ISD-392              JUNCTION     0.97     1.15     5.85     0  12:40        1.15
  ISD-393              JUNCTION     0.97     1.17     5.85     0  12:27        1.16
  ISD-394              JUNCTION     0.98     1.19     5.84     0  11:29        1.17
  ISD-395              JUNCTION     0.96     1.18     5.83     0  11:59        1.16
  ISD-396              JUNCTION     0.96     1.17     5.81     0  12:58        1.15
  ISD-397              JUNCTION     0.94     1.15     5.79     0  11:57        1.14
  ISD-398              JUNCTION     0.99     1.20     5.75     0  12:28        1.19
  ISD-399              JUNCTION     1.02     1.20     5.68     0  11:33        1.20
  ISD-400              JUNCTION     1.04     1.20     5.63     0  03:21        1.20
  ISD-401              JUNCTION     1.02     1.18     5.61     0  12:12        1.18
  ISD-402              JUNCTION     1.07     1.20     5.55     0  03:19        1.20
  ISD-403              JUNCTION     0.97     1.12     5.54     0  11:56        1.11
  ISD-404              JUNCTION     1.01     1.17     5.52     0  11:22        1.16
  ISD-405              JUNCTION     1.03     1.19     5.50     0  11:57        1.17
  ISD-406              JUNCTION     1.04     1.20     5.48     0  12:47        1.18
  ISD-407              JUNCTION     1.01     1.16     5.44     0  12:31        1.15
  ISD-408              JUNCTION     1.08     1.20     5.37     0  03:19        1.20
  ISD-409              JUNCTION     1.09     1.20     5.30     0  03:19        1.20
  ISD-410              JUNCTION     1.08     1.20     5.34     0  06:21        1.20
  ISD-411              JUNCTION     1.08     1.20     5.30     0  09:00        1.20
  ISD-412              JUNCTION     1.02     1.16     5.30     0  11:47        1.15
  ISD-413              JUNCTION     1.01     1.15     5.29     0  12:51        1.14
  ISD-414              JUNCTION     1.00     1.15     5.26     0  12:42        1.14
  ISD-415              JUNCTION     1.04     1.19     5.22     0  12:14        1.18
  ISD-416              JUNCTION     1.04     1.17     5.18     0  12:30        1.17
  ISD-417              JUNCTION     1.08     1.20     5.14     0  07:34        1.20
  ISD-418              JUNCTION     1.07     1.19     5.12     0  12:17        1.19
  ISD-419              JUNCTION     1.10     1.20     5.04     0  03:17        1.20
  ISD-420              JUNCTION     1.08     1.19     5.02     0  12:18        1.19
  ISD-421              JUNCTION     1.11     1.20     4.98     0  03:17        1.20
  ISD-422              JUNCTION     1.10     1.20     4.88     0  08:25        1.20
  ISD-423              JUNCTION     1.11     1.20     4.91     0  03:17        1.20
  ISD-424              JUNCTION     1.11     1.20     4.95     0  03:16        1.20
  ISD-425              JUNCTION     1.08     1.19     4.81     0  12:19        1.18
  ISD-426              JUNCTION     1.11     1.20     4.73     0  05:10        1.20
  ISD-427              JUNCTION     1.08     1.20     4.69     0  09:45        1.20
  ISD-428              JUNCTION     1.07     1.20     4.66     0  10:03        1.20
  ISD-429              JUNCTION     1.03     1.19     4.59     0  12:12        1.18
  ISD-430              JUNCTION     1.05     1.20     4.51     0  12:03        1.20
  ISD-431              JUNCTION     1.01     1.13     4.38     0  12:20        1.12
  ISD-432              JUNCTION     1.14     1.20     4.15     0  09:08        1.20
  ISD-433              JUNCTION     1.11     1.20     4.29     0  09:47        1.20
  ISD-434              JUNCTION     1.19     1.20     3.98     0  02:15        1.20
  ISD-435              JUNCTION     1.04     1.06     3.98     0  10:39        1.06
  ISD-436              JUNCTION     1.05     1.09     3.98     0  12:29        1.08
  ISD-437              JUNCTION     1.04     1.08     3.96     0  12:50        1.08
  ISD-438              JUNCTION     1.19     1.20     3.88     0  01:52        1.20
  ISD-439              JUNCTION     1.18     1.20     3.89     0  12:51        1.19
  ISD-440              JUNCTION     1.19     1.20     3.86     0  01:51        1.20
  ISD-441              JUNCTION     1.19     1.20     3.98     0  02:17        1.20
  ISD-442              JUNCTION     1.13     1.15     3.94     0  12:36        1.15
  ISD-443              JUNCTION     1.09     1.19     4.22     0  12:08        1.18
  ISD-444              JUNCTION     1.04     1.16     4.33     0  12:26        1.15
  ISD-445              JUNCTION     1.08     1.20     4.40     0  11:45        1.19
  ISD-446              JUNCTION     1.08     1.20     4.46     0  12:08        1.19
  ISD-447              JUNCTION     1.02     1.11     4.51     0  12:10        1.10
  ISD-448              JUNCTION     1.14     1.20     4.52     0  06:50        1.20
  ISD-449              JUNCTION     1.14     1.20     4.61     0  07:14        1.20
  ISD-450              JUNCTION     1.09     1.17     4.66     0  12:12        1.16
  ISD-451              JUNCTION     1.16     1.20     4.71     0  11:04        1.20
  ISD-452              JUNCTION     1.18     1.20     4.71     0  02:21        1.20
  ISD-453              JUNCTION     1.18     1.20     4.76     0  02:21        1.20
  ISD-454              JUNCTION     1.04     1.09     4.88     0  12:32        1.08
  ISD-455              JUNCTION     0.85     0.90     4.93     0  12:23        0.89
  ISD-456              JUNCTION     0.93     0.98     4.99     0  12:00        0.97
  ISD-457              JUNCTION     1.13     1.17     5.04     0  12:18        1.16
  ISD-458              JUNCTION     1.10     1.15     5.02     0  13:07        1.15
  ISD-459              JUNCTION     1.18     1.20     5.04     0  02:23        1.20
  ISD-460              JUNCTION     1.11     1.16     5.14     0  11:57        1.15
  ISD-461              JUNCTION     1.05     1.11     5.20     0  12:17        1.10
  ISD-462              JUNCTION     1.01     1.07     5.30     0  12:26        1.06
  ISD-463              JUNCTION     1.04     1.09     5.33     0  12:19        1.09
  ISD-464              JUNCTION     1.17     1.20     5.40     0  02:45        1.20
  ISD-465              JUNCTION     1.17     1.20     5.43     0  02:31        1.20
  ISD-466              JUNCTION     1.02     1.08     5.58     0  11:48        1.07
  ISD-467              JUNCTION     0.97     1.03     5.64     0  12:16        1.02
  ISD-468              JUNCTION     0.99     1.05     5.71     0  11:39        1.04
  ISD-469              JUNCTION     0.97     1.03     5.74     0  11:15        1.03
  ISD-470              JUNCTION     1.03     1.09     5.79     0  12:25        1.09
  ISD-471              JUNCTION     1.08     1.13     5.84     0  12:05        1.13
  ISD-472              JUNCTION     1.16     1.20     5.87     0  02:35        1.20
  ISD-473              JUNCTION     1.13     1.18     5.93     0  10:20        1.18
  ISD-474              JUNCTION     1.07     1.12     5.99     0  11:21        1.11
  ISD-475              JUNCTION     1.15     1.20     6.03     0  02:35        1.20
  ISD-476              JUNCTION     1.12     1.18     6.09     0  13:14        1.18
  ISD-477              JUNCTION     1.05     1.12     6.16     0  13:40        1.11
  ISD-478              JUNCTION     1.08     1.14     6.21     0  12:31        1.14
  ISD-479              JUNCTION     1.08     1.15     6.32     0  12:38        1.14
  ISD-480              JUNCTION     1.12     1.19     6.37     0  11:23        1.18
  ISD-481              JUNCTION     1.10     1.18     6.48     0  12:16        1.18
  ISD-482              JUNCTION     1.14     1.20     6.38     0  02:35        1.20
  ISD-483              JUNCTION     1.13     1.20     6.55     0  02:35        1.20
  ISD-484              JUNCTION     1.07     1.20     6.67     0  02:35        1.16
  ISD-485              JUNCTION     1.04     1.20     6.83     0  02:35        1.14
  ISD-486              JUNCTION     1.01     1.18     6.92     0  02:35        1.12
  ISD-487              JUNCTION     1.09     1.20     6.94     0  02:35        1.20
  ISD-488              JUNCTION     1.05     1.20     7.50     0  03:52        1.20
  ISD-489              JUNCTION     1.01     1.20     7.76     0  05:25        1.20
  ISD-490              JUNCTION     0.99     1.20     7.85     0  05:28        1.20
  ISD-491              JUNCTION     0.99     1.20     7.98     0  05:25        1.20
  ISD-492              JUNCTION     0.97     1.20     8.14     0  05:27        1.20
  ISD-493              JUNCTION     0.95     1.20     8.26     0  05:39        1.20
  ISD-494              JUNCTION     0.94     1.20     8.41     0  05:54        1.20
  ISD-495              JUNCTION     0.91     1.20     8.58     0  06:51        1.20
  ISD-496              JUNCTION     0.86     1.20     8.75     0  11:04        1.20
  ISD-497              JUNCTION     0.84     1.20     8.92     0  11:38        1.20
  ISD-498              JUNCTION     0.84     1.20     8.86     0  11:51        1.19
  ISD-499              JUNCTION     0.85     1.20     9.00     0  07:04        1.20
  ISD-500              JUNCTION     0.78     1.20     9.24     0  12:11        1.19
  ISD-501              JUNCTION     0.77     1.20     9.30     0  09:00        1.20
  ISD-502              JUNCTION     0.74     1.20     9.40     0  09:13        1.20
  ISD-503              JUNCTION     0.71     1.20     9.52     0  09:40        1.20
  ISD-504              JUNCTION     0.70     1.20     9.59     0  09:13        1.20
  ISD-505              JUNCTION     0.68     1.20     9.72     0  09:13        1.20
  ISD-506              JUNCTION     0.61     1.20     9.95     0  10:35        1.20
  ISD-507              JUNCTION     0.55     1.16    10.02     0  11:33        1.15
  ISD-508              JUNCTION     0.56     1.20    10.16     0  11:05        1.19
  ISD-509              JUNCTION     0.52     1.20    10.24     0  11:22        1.16
  ISD-510              JUNCTION     0.46     1.17    10.34     0  11:22        1.10
  ISD-511              JUNCTION     0.47     1.19    10.39     0  11:22        1.10
  ISD-512              JUNCTION     0.40     1.10    10.41     0  11:23        1.01
  ISD-513              JUNCTION     0.38     1.07    10.48     0  11:22        0.96
  ISD-514              JUNCTION     0.33     1.01    10.53     0  11:23        0.88
  ISD-515              JUNCTION     0.27     1.01    10.73     0  13:26        0.72
  ISD-516              JUNCTION     0.24     0.92    10.74     0  11:22        0.64
  ISD-517              JUNCTION     0.18     0.47    10.46     0  12:10        0.47
  ISD-518              JUNCTION     0.15     0.29    10.43     0  12:10        0.29
  ISD-519              JUNCTION     0.13     0.21    10.66     0  12:09        0.21
  ISD-520              JUNCTION     0.11     0.17    10.81     0  12:07        0.17
  ISD-521              JUNCTION     0.11     0.16    11.26     0  12:06        0.16
  ISD-522              JUNCTION     0.09     0.14    11.43     0  12:06        0.14
  ISD-523              JUNCTION     0.09     0.14    11.84     0  12:10        0.14
  ISD-524              JUNCTION     0.08     0.12    12.06     0  12:10        0.12
  ISD-525              JUNCTION     0.08     0.11    12.45     0  12:10        0.11
  ISD-526              JUNCTION     0.07     0.10    12.66     0  12:10        0.10
  ISD-527              JUNCTION     1.01     1.20     8.19     0  05:08        1.20
  ISD-528              JUNCTION     1.05     1.20     7.96     0  04:13        1.20
  ISD-529              JUNCTION     1.04     1.20     7.95     0  05:49        1.20
  ISD-530              JUNCTION     1.04     1.20     7.90     0  05:42        1.20
  ISD-531              JUNCTION     1.10     1.20     7.41     0  02:36        1.20
  ISD-532              JUNCTION     1.11     1.20     7.25     0  02:36        1.20
  ISD-533              JUNCTION     1.14     1.20     6.69     0  02:36        1.20
  ISD-534              JUNCTION     1.16     1.20     6.50     0  02:34        1.20
  ISD-535              JUNCTION     1.17     1.20     6.30     0  02:34        1.20
  ISD-536              JUNCTION     1.14     1.20     6.31     0  09:14        1.19
  ISD-537              JUNCTION     1.12     1.19     6.31     0  12:28        1.18
  ISD-538              JUNCTION     1.05     1.12     6.29     0  12:59        1.11
  ISD-539              JUNCTION     1.14     1.20     6.28     0  02:35        1.20
  ISD-540              JUNCTION     1.13     1.20     6.30     0  02:31        1.20
  ISD-541              JUNCTION     1.06     1.20     6.38     0  02:31        1.14
  ISD-542              JUNCTION     1.07     1.20     6.37     0  02:31        1.15
  ISD-543              JUNCTION     0.92     1.20     6.52     0  02:31        1.02
  ISD-544              JUNCTION     0.95     1.20     6.49     0  02:31        1.04
  ISD-546              JUNCTION     0.67     0.96     7.43     0  12:04        0.95
  ISD-547              JUNCTION     0.59     0.84     7.33     0  12:11        0.84
  ISD-548              JUNCTION     0.69     1.06     7.61     0  12:31        1.06
  ISD-549              JUNCTION     0.74     1.20     7.91     0  09:11        1.20
  ISD-550              JUNCTION     0.63     1.20     8.34     0  11:45        1.19
  ISD-551              JUNCTION     0.67     1.20     8.22     0  10:14        1.20
  ISD-552              JUNCTION     0.32     1.20     9.80     0  11:45        0.79
  ISD-553              JUNCTION     0.22     0.35     9.90     0  12:29        0.35
  ISD-554              JUNCTION     0.50     0.72    10.16     0  12:26        0.72
  ISD-555              JUNCTION     0.75     1.01    10.21     0  12:31        1.00
  ISD-556              JUNCTION     0.95     1.20    10.21     0  10:13        1.20
  ISD-557              JUNCTION     0.97     1.20    10.18     0  07:08        1.20
  ISD-558              JUNCTION     0.88     1.18    10.25     0  12:31        1.17
  ISD-559              JUNCTION     0.95     1.20     9.50     0  10:41        1.20
  ISD-560              JUNCTION     1.11     1.20     9.11     0  09:11        1.20
  ISD-561              JUNCTION     1.03     1.20     4.38     0  08:36        1.20
  ISD-562              JUNCTION     1.03     1.20     4.38     0  08:09        1.20
  ISD-563              JUNCTION     1.01     1.19     4.41     0  13:13        1.18
  ISD-564              JUNCTION     1.01     1.18     4.41     0  10:38        1.18
  ISD-565              JUNCTION     1.04     1.20     4.42     0  08:25        1.20
  ISD-566              JUNCTION     1.04     1.19     4.42     0  12:16        1.19
  ISD-567              JUNCTION     1.05     1.20     4.42     0  07:02        1.20
  ISD-568              JUNCTION     1.05     1.20     4.43     0  06:58        1.20
  ISD-569              JUNCTION     0.99     1.15     4.46     0  12:19        1.14
  ISD-570              JUNCTION     0.98     1.13     4.46     0  12:10        1.13
  ISD-571              JUNCTION     1.03     1.19     4.47     0  12:37        1.18
  ISD-572              JUNCTION     0.95     1.10     4.47     0  08:52        1.09
  ISD-573              JUNCTION     1.06     1.20     4.46     0  06:30        1.20
  ISD-574              JUNCTION     1.01     1.19     4.52     0  12:09        1.18
  ISD-575              JUNCTION     1.00     1.19     4.54     0  12:12        1.19
  ISD-576              JUNCTION     1.01     1.20     4.56     0  10:25        1.20
  ISD-577              JUNCTION     0.92     1.11     4.55     0  12:33        1.11
  ISD-578              JUNCTION     0.91     1.04     4.45     0  12:12        1.04
  ISD-579              JUNCTION     1.10     1.20     4.39     0  04:38        1.20
  ISD-580              JUNCTION     0.78     0.91     4.43     0  12:14        0.90
  ISD-581              JUNCTION     0.63     0.77     4.44     0  12:16        0.76
  ISD-582              JUNCTION     0.36     0.50     4.46     0  12:11        0.49
  ISD-583              JUNCTION     0.34     0.44     4.42     0  04:46        0.44
  ISD-584              JUNCTION     0.11     0.20     4.43     0  12:11        0.20
  ISD-585              JUNCTION     0.04     0.07     4.52     0  12:15        0.07
  ISD-586              JUNCTION     0.95     1.20     5.12     0  02:19        1.20
  ISD-588              JUNCTION     0.49     0.63     5.30     0  12:08        0.63
  ISD-589              JUNCTION     0.50     0.66     5.39     0  12:08        0.66
  ISD-590              JUNCTION     0.47     0.64     5.44     0  12:09        0.64
  ISD-591              JUNCTION     0.60     0.77     5.52     0  12:15        0.76
  ISD-592              JUNCTION     0.69     0.89     5.62     0  12:10        0.87
  ISD-593              JUNCTION     0.80     0.99     5.68     0  12:22        0.98
  ISD-594              JUNCTION     0.83     1.02     5.71     0  12:19        1.01
  ISD-595              JUNCTION     0.89     1.08     5.73     0  12:15        1.07
  ISD-596              JUNCTION     0.90     1.09     5.75     0  12:25        1.07
  ISD-597              JUNCTION     0.94     1.10     5.76     0  12:03        1.09
  ISD-598              JUNCTION     1.06     1.18     5.77     0  12:20        1.17
  ISD-599              JUNCTION     1.11     1.20     5.76     0  07:19        1.20
  ISD-600              JUNCTION     1.10     1.20     5.78     0  10:12        1.20
  ISD-601              JUNCTION     1.09     1.18     5.78     0  11:03        1.18
  ISD-602              JUNCTION     1.12     1.20     5.78     0  03:56        1.20
  ISD-603              JUNCTION     1.09     1.17     5.81     0  11:52        1.17
  ISD-604              JUNCTION     1.12     1.20     5.82     0  03:13        1.20
  ISD-605              JUNCTION     1.12     1.20     5.85     0  03:24        1.20
  ISD-606              JUNCTION     1.04     1.14     5.89     0  12:04        1.14
  ISD-607              JUNCTION     1.09     1.20     5.97     0  06:32        1.20
  ISD-608              JUNCTION     1.00     1.14     6.04     0  12:11        1.14
  ISD-609              JUNCTION     1.06     1.20     6.10     0  02:41        1.20
  ISD-610              JUNCTION     1.06     1.20     6.15     0  07:34        1.20
  ISD-611              JUNCTION     1.06     1.20     6.18     0  16:06        1.19
  ISD-612              JUNCTION     1.07     1.20     6.17     0  03:28        1.20
  ISD-613              JUNCTION     1.05     1.20     6.22     0  12:07        1.19
  ISD-614              JUNCTION     1.04     1.20     6.26     0  06:54        1.20
  ISD-615              JUNCTION     1.03     1.20     6.25     0  12:02        1.19
  ISD-616              JUNCTION     0.99     1.20     6.37     0  09:44        1.20
  ISD-617              JUNCTION     0.90     1.20     6.56     0  09:46        1.20
  ISD-618              JUNCTION     0.84     1.20     6.67     0  12:09        1.19
  ISD-619              JUNCTION     0.81     1.20     6.75     0  10:49        1.20
  ISD-620              JUNCTION     0.67     1.20     6.98     0  11:06        1.17
  ISD-621              JUNCTION     0.34     1.03     7.41     0  13:43        0.83
  ISD-622              JUNCTION     0.31     1.01     7.49     0  11:11        0.76
  ISD-623              JUNCTION     0.30     0.91     7.46     0  11:25        0.73
  ISD-624              JUNCTION     0.25     0.77     7.43     0  11:27        0.64
  ISD-625              JUNCTION     0.21     0.53     7.31     0  12:16        0.53
  ISD-626              JUNCTION     0.18     0.29     7.31     0  12:15        0.29
  ISD-627              JUNCTION     0.44     0.60     7.45     0  12:15        0.60
  ISD-628              JUNCTION     0.35     0.51     7.45     0  12:15        0.51
  ISD-629              JUNCTION     0.31     0.47     7.45     0  12:15        0.47
  ISD-630              JUNCTION     0.20     0.35     7.46     0  12:15        0.35
  ISD-631              JUNCTION     0.18     0.33     7.46     0  12:15        0.33
  ISD-632              JUNCTION     0.11     0.20     7.46     0  12:15        0.20
  ISD-633              JUNCTION     0.16     0.25     7.45     0  12:15        0.25
  ISD-634              JUNCTION     0.14     0.22     7.41     0  12:15        0.22
  ISD-635              JUNCTION     0.14     0.22     7.35     0  12:15        0.22
  ISD-636              JUNCTION     0.15     0.24     7.26     0  12:15        0.24
  ISD-637              JUNCTION     0.15     0.26     7.22     0  12:15        0.26
  ISD-638              JUNCTION     0.17     0.28     7.18     0  12:15        0.28
  ISD-639              JUNCTION     0.15     0.26     7.12     0  12:14        0.26
  ISD-640              JUNCTION     0.17     0.29     7.06     0  12:14        0.29
  ISD-641              JUNCTION     0.18     0.33     7.02     0  12:14        0.33
  ISD-642              JUNCTION     0.21     0.41     7.02     0  12:13        0.41
  ISD-643              JUNCTION     0.23     0.48     7.02     0  12:13        0.48
  ISD-644              JUNCTION     0.25     0.54     7.02     0  12:13        0.54
  ISD-645              JUNCTION     0.34     0.98     7.31     0  16:00        0.68
  ISD-646              JUNCTION     0.40     0.95     7.18     0  15:56        0.76
  ISD-647              JUNCTION     0.43     1.16     7.32     0  17:24        0.82
  ISD-648              JUNCTION     0.53     1.20     7.20     0  06:57        0.95
  ISD-649              JUNCTION     0.58     1.20     7.11     0  06:37        1.03
  ISD-650              JUNCTION     0.78     1.20     6.74     0  07:12        1.20
  ISD-651              JUNCTION     0.81     1.20     6.59     0  07:47        1.20
  ISD-652              JUNCTION     0.82     1.19     6.46     0  08:12        1.18
  ISD-653              JUNCTION     0.89     1.20     6.27     0  07:04        1.20
  ISD-654              JUNCTION     0.89     1.20     6.22     0  12:10        1.19
  ISD-655              JUNCTION     0.91     1.20     6.12     0  12:59        1.19
  ISD-656              JUNCTION     0.92     1.17     5.99     0  12:34        1.16
  ISD-657              JUNCTION     0.95     1.19     5.94     0  11:44        1.18
  ISD-658              JUNCTION     1.01     1.20     5.84     0  07:13        1.20
  ISD-659              JUNCTION     1.02     1.20     5.74     0  02:10        1.19
  ISD-660              JUNCTION     1.09     1.20     5.57     0  07:54        1.20
  ISD-661              JUNCTION     1.15     1.20     5.40     0  02:09        1.20
  ISD-662              JUNCTION     1.17     1.20     5.31     0  02:09        1.20
  ISD-663              JUNCTION     1.18     1.20     5.25     0  02:08        1.20
  ISD-664              JUNCTION     1.18     1.20     5.22     0  02:06        1.20
  ISD-665              JUNCTION     1.19     1.20     5.12     0  02:05        1.20
  ISD-666              JUNCTION     1.18     1.20     5.17     0  02:16        1.20
  ISD-667              JUNCTION     1.09     1.18     5.31     0  23:56        1.15
  ISD-668              JUNCTION     1.08     1.20     5.40     0  02:29        1.17
  ISD-669              JUNCTION     1.11     1.20     5.40     0  02:16        1.20
  ISD-670              JUNCTION     1.10     1.20     5.43     0  03:33        1.20
  ISD-671              JUNCTION     1.08     1.20     5.49     0  03:42        1.20
  ISD-672              JUNCTION     1.06     1.20     5.54     0  03:57        1.19
  ISD-673              JUNCTION     1.07     1.20     5.56     0  03:57        1.20
  ISD-674              JUNCTION     1.04     1.20     5.63     0  08:30        1.20
  ISD-675              JUNCTION     1.03     1.20     5.67     0  07:54        1.20
  ISD-676              JUNCTION     0.89     1.20     5.93     0  03:23        1.20
  ISD-678              JUNCTION     0.51     1.20     6.45     0  07:38        0.94
  ISD-679              JUNCTION     0.46     0.89     6.23     0  12:00        0.87
  ISD-680              JUNCTION     0.41     0.82     6.24     0  11:49        0.81
  ISD-681              JUNCTION     0.19     0.34     6.25     0  12:10        0.34
  ISD-682              JUNCTION     0.14     0.22     6.32     0  12:11        0.22
  ISD-683              JUNCTION     0.13     0.18     6.50     0  12:10        0.18
  ISD-684              JUNCTION     0.13     0.18     6.60     0  12:10        0.18
  ISD-685              JUNCTION     0.12     0.16     6.73     0  12:10        0.16
  ISD-686              JUNCTION     0.10     0.12     6.94     0  12:10        0.12
  ISD-687              JUNCTION     0.09     0.13     5.87     0  12:14        0.13
  ISD-688              JUNCTION     0.47     0.56     6.01     0  12:14        0.56
  ISD-689              JUNCTION     0.49     0.58     6.02     0  12:14        0.58
  ISD-690              JUNCTION     0.34     0.43     6.02     0  12:14        0.43
  ISD-691              JUNCTION     0.14     0.20     6.05     0  12:14        0.20
  ISD-692              JUNCTION     0.15     0.21     6.33     0  12:14        0.21
  ISD-693              JUNCTION     0.16     0.23     6.43     0  12:12        0.23
  ISD-694              JUNCTION     0.25     0.33     6.50     0  12:14        0.33
  ISD-695              JUNCTION     0.12     0.17     6.54     0  12:15        0.17
  ISD-696              JUNCTION     0.23     0.31     6.79     0  12:29        0.31
  ISD-697              JUNCTION     0.32     0.41     6.84     0  12:17        0.41
  ISD-698              JUNCTION     0.22     0.30     7.64     0  12:29        0.29
  ISD-699              JUNCTION     0.59     0.77     8.22     0  12:29        0.76
  ISD-700              JUNCTION     0.55     0.71     8.50     0  12:29        0.71
  ISD-701              JUNCTION     0.54     0.69     8.53     0  12:30        0.69
  ISD-702              JUNCTION     0.50     0.65     8.77     0  12:11        0.65
  ISD-703              JUNCTION     0.55     0.69     8.83     0  12:10        0.69
  ISD-704              JUNCTION     0.52     0.66     8.99     0  12:10        0.65
  ISD-705              JUNCTION     0.49     0.64     9.07     0  12:10        0.64
  ISD-706              JUNCTION     0.54     0.69     9.11     0  12:10        0.66
  ISD-707              JUNCTION     0.64     0.79     9.17     0  12:10        0.79
  ISD-708              JUNCTION     0.55     0.70     9.18     0  12:10        0.69
  ISD-709              JUNCTION     0.59     0.74     9.21     0  12:10        0.74
  ISD-710              JUNCTION     0.64     0.79     9.24     0  12:11        0.79
  ISD-711              JUNCTION     0.59     0.74     9.24     0  12:10        0.74
  ISD-712              JUNCTION     0.66     0.81     9.29     0  12:10        0.81
  ISD-713              JUNCTION     0.68     0.83     9.32     0  12:10        0.83
  ISD-714              JUNCTION     0.74     0.90     9.35     0  12:09        0.90
  ISD-715              JUNCTION     0.91     1.11     9.47     0  17:27        1.07
  ISD-716              JUNCTION     0.90     1.11     9.48     0  17:25        1.07
  ISD-717              JUNCTION     0.93     1.14     9.49     0  17:25        1.10
  ISD-718              JUNCTION     0.97     1.18     9.50     0  17:25        1.14
  ISD-719              JUNCTION     1.03     1.20     9.47     0  07:47        1.20
  ISD-720              JUNCTION     0.98     1.19     9.52     0  17:37        1.18
  ISD-721              JUNCTION     0.99     1.20     9.53     0  08:10        1.19
  ISD-722              JUNCTION     1.02     1.20     9.49     0  08:05        1.20
  ISD-723              JUNCTION     0.99     1.20     9.55     0  08:05        1.20
  ISD-724              JUNCTION     0.94     1.19     9.60     0  09:11        1.19
  ISD-725              JUNCTION     0.94     1.20     9.63     0  08:43        1.20
  ISD-726              JUNCTION     0.79     1.20     9.82     0  08:45        1.15
  ISD-727              JUNCTION     0.75     1.20     9.87     0  08:47        1.12
  ISD-728              JUNCTION     0.38     0.78     9.89     0  12:24        0.68
  ISD-729              JUNCTION     0.41     0.77     9.94     0  11:33        0.72
  ISD-730              JUNCTION     0.37     0.69    10.00     0  12:34        0.68
  ISD-731              JUNCTION     0.34     0.64    10.11     0  12:34        0.59
  ISD-732              JUNCTION     0.31     0.58    10.59     0  12:23        0.51
  ISD-733              JUNCTION     0.49     1.00    11.01     0  12:04        0.89
  ISD-734              JUNCTION     0.31     0.58    10.89     0  12:04        0.50
  ISD-735              JUNCTION     0.29     0.52    10.99     0  12:04        0.47
  ISD-736              JUNCTION     0.37     0.58    11.15     0  12:18        0.58
  ISD-737              JUNCTION     0.28     0.46    11.27     0  12:18        0.46
  ISD-738              JUNCTION     0.27     0.42    11.53     0  12:18        0.42
  ISD-739              JUNCTION     0.28     0.43    11.67     0  12:19        0.43
  ISD-740              JUNCTION     0.26     0.40    12.07     0  12:19        0.40
  ISD-741              JUNCTION     0.26     0.40    12.30     0  12:19        0.40
  ISD-742              JUNCTION     0.26     0.40    12.45     0  12:19        0.40
  ISD-743              JUNCTION     0.24     0.38    12.63     0  12:20        0.37
  ISD-744              JUNCTION     0.24     0.37    12.81     0  12:20        0.37
  ISD-745              JUNCTION     0.16     0.27    13.10     0  12:20        0.27
  ISD-746              JUNCTION     0.14     0.23    13.11     0  12:15        0.23
  ISD-747              JUNCTION     0.20     0.31    13.12     0  12:18        0.31
  ISD-748              JUNCTION     0.14     0.22    13.13     0  12:15        0.22
  ISD-749              JUNCTION     0.13     0.19    13.18     0  12:10        0.19
  ISD-750              JUNCTION     0.07     0.10    15.34     0  12:10        0.10
  ISD-751              JUNCTION     0.04     0.05    16.37     0  12:05        0.05
  ISD-752              JUNCTION     0.03     0.04    17.32     0  12:05        0.04
  ISD-753              JUNCTION     0.02     0.03    18.05     0  12:05        0.03
  ISD-754              JUNCTION     0.01     0.02    18.37     0  12:05        0.02
  ISD-755              JUNCTION     0.47     0.72    14.00     0  13:25        0.72
  ISD-756              JUNCTION     0.01     0.02    18.60     0  12:05        0.02
  ISD-757              JUNCTION     0.03     0.04    18.76     0  12:06        0.04
  ISD-758              JUNCTION     0.08     0.11    13.44     0  12:10        0.11
  ISD-759              JUNCTION     0.12     0.22    13.17     0  12:09        0.22
  ISD-760              JUNCTION     0.24     0.38    13.19     0  12:09        0.38
  ISD-761              JUNCTION     0.29     0.43    13.19     0  12:09        0.42
  ISD-762              JUNCTION     0.24     0.38    13.18     0  12:09        0.38
  ISD-763              JUNCTION     0.23     0.37    13.16     0  12:10        0.37
  ISD-764              JUNCTION     0.24     0.38    13.15     0  12:10        0.38
  ISD-765              JUNCTION     0.27     0.41    13.14     0  12:12        0.41
  ISD-766              JUNCTION     0.25     0.40    13.13     0  12:07        0.40
  ISD-767              JUNCTION     0.24     0.38    13.10     0  12:12        0.38
  ISD-768              JUNCTION     0.27     0.42    13.08     0  12:14        0.42
  ISD-769              JUNCTION     0.27     0.42    13.06     0  12:14        0.42
  ISD-770              JUNCTION     0.26     0.41    13.03     0  12:10        0.40
  ISD-771              JUNCTION     0.27     0.41    12.98     0  12:19        0.41
  ISD-772              JUNCTION     0.25     0.39    12.95     0  12:15        0.38
  ISD-773              JUNCTION     0.47     0.74    13.27     0  14:45        0.65
  ISD-774              JUNCTION     0.60     1.20    13.70     0  11:08        0.83
  ISD-775              JUNCTION     0.61     1.20    13.91     0  12:09        0.98
  ISD-776              JUNCTION     0.56     1.17    13.95     0  12:09        0.93
  ISD-777              JUNCTION     0.61     1.17    13.95     0  11:30        0.94
  ISD-778              JUNCTION     0.82     1.20    13.78     0  11:21        1.14
  ISD-779              JUNCTION     0.90     1.20    13.70     0  09:55        1.20
  ISD-780              JUNCTION     0.86     1.17    13.71     0  12:15        1.16
  ISD-781              JUNCTION     0.75     1.06    13.70     0  12:18        1.05
  ISD-782              JUNCTION     0.49     0.76    13.65     0  12:09        0.76
  ISD-783              JUNCTION     0.39     0.64    13.62     0  12:14        0.64
  ISD-784              JUNCTION     0.32     0.56    13.58     0  12:10        0.56
  ISD-785              JUNCTION     0.28     0.49    13.51     0  12:10        0.49
  ISD-786              JUNCTION     0.32     0.54    13.55     0  12:10        0.54
  ISD-787              JUNCTION     0.27     0.47    13.47     0  12:10        0.47
  ISD-788              JUNCTION     0.25     0.44    13.41     0  12:10        0.44
  ISD-789              JUNCTION     0.22     0.40    13.28     0  12:10        0.40
  ISD-790              JUNCTION     0.25     0.45    13.18     0  12:10        0.45
  ISD-791              JUNCTION     0.28     0.49    13.09     0  12:10        0.49
  ISD-792              JUNCTION     0.24     0.42    12.95     0  12:10        0.42
  ISD-793              JUNCTION     0.25     0.44    12.82     0  12:10        0.44
  ISD-794              JUNCTION     0.24     0.44    12.70     0  12:10        0.44
  ISD-795              JUNCTION     0.32     0.51    12.61     0  12:10        0.51
  ISD-796              JUNCTION     0.60     0.77    12.58     0  12:10        0.77
  ISD-797              JUNCTION     0.57     0.74    12.58     0  12:10        0.74
  ISD-798              JUNCTION     0.58     0.75    12.58     0  12:10        0.75
  ISD-799              JUNCTION     0.64     0.81    12.58     0  12:10        0.81
  ISD-800              JUNCTION     0.80     1.14    12.74     0  03:49        0.94
  ISD-801              JUNCTION     0.90     1.19    12.68     0  03:49        1.01
  ISD-802              JUNCTION     1.05     1.20    12.52     0  03:49        1.13
  ISD-803              JUNCTION     1.09     1.18    12.45     0  03:49        1.15
  ISD-804              JUNCTION     1.18     1.20    12.36     0  02:27        1.20
  ISD-805              JUNCTION     1.10     1.13    12.37     0  22:50        1.13
  ISD-806              JUNCTION     1.08     1.20    13.09     0  22:08        1.19
  ISD-807              JUNCTION     1.09     1.20    13.08     0  03:37        1.20
  ISD-808              JUNCTION     1.10     1.20    13.07     0  03:31        1.20
  ISD-809              JUNCTION     0.97     1.11    13.13     0  20:24        1.10
  ISD-810              JUNCTION     0.90     1.06    13.16     0  20:24        1.04
  ISD-811              JUNCTION     0.89     1.05    13.18     0  20:24        1.03
  ISD-812              JUNCTION     0.94     1.11    13.20     0  20:25        1.09
  ISD-813              JUNCTION     1.01     1.18    13.21     0  20:28        1.17
  ISD-814              JUNCTION     1.00     1.20    13.31     0  07:42        1.20
  ISD-815              JUNCTION     0.99     1.20    13.36     0  08:02        1.20
  ISD-816              JUNCTION     0.96     1.19    13.41     0  12:07        1.19
  ISD-817              JUNCTION     0.95     1.20    13.45     0  20:32        1.19
  ISD-818              JUNCTION     0.96     1.20    13.46     0  08:12        1.20
  ISD-819              JUNCTION     0.90     1.20    13.57     0  11:25        1.20
  ISD-820              JUNCTION     0.79     1.19    13.75     0  12:24        1.19
  ISD-821              JUNCTION     0.77     1.20    13.81     0  11:36        1.20
  ISD-822              JUNCTION     0.70     1.17    13.87     0  12:11        1.16
  ISD-823              JUNCTION     0.66     1.16    13.92     0  12:14        1.14
  ISD-824              JUNCTION     0.65     1.17    13.96     0  12:14        1.15
  ISD-825              JUNCTION     0.58     1.12    14.00     0  12:16        1.11
  ISD-826              JUNCTION     0.56     1.10    14.02     0  12:02        1.09
  ISD-827              JUNCTION     0.50     1.04    14.04     0  12:14        1.03
  ISD-828              JUNCTION     0.50     1.03    14.05     0  12:17        1.02
  ISD-829              JUNCTION     0.41     0.91    14.06     0  12:12        0.91
  ISD-830              JUNCTION     0.42     0.94    14.06     0  12:12        0.93
  ISD-831              JUNCTION     0.38     0.88    14.07     0  12:18        0.87
  ISD-832              JUNCTION     0.32     0.80    14.07     0  12:17        0.80
  ISD-833              JUNCTION     0.29     0.75    14.07     0  12:15        0.75
  ISD-834              JUNCTION     0.28     0.73    14.07     0  12:15        0.73
  ISD-835              JUNCTION     0.26     0.71    14.07     0  12:15        0.71
  ISD-836              JUNCTION     0.28     0.73    14.07     0  12:15        0.73
  ISD-837              JUNCTION     0.32     0.78    14.07     0  12:15        0.78
  ISD-838              JUNCTION     0.47     1.07    14.01     0  12:13        1.05
  ISD-839              JUNCTION     0.54     1.16    13.98     0  12:15        1.14
  ISD-840              JUNCTION     0.58     1.19    13.94     0  12:14        1.18
  ISD-841              JUNCTION     0.58     1.18    13.90     0  12:16        1.17
  ISD-842              JUNCTION     0.62     1.19    13.78     0  12:16        1.18
  ISD-843              JUNCTION     0.70     1.20    13.63     0  10:18        1.20
  ISD-844              JUNCTION     0.67     1.16    13.58     0  12:22        1.16
  ISD-845              JUNCTION     0.67     1.16    13.52     0  12:15        1.15
  ISD-846              JUNCTION     0.70     1.17    13.42     0  12:13        1.16
  ISD-847              JUNCTION     0.75     1.20    13.33     0  09:52        1.20
  ISD-848              JUNCTION     0.78     1.20    13.24     0  08:45        1.20
  ISD-849              JUNCTION     0.80     1.20    13.17     0  08:40        1.20
  ISD-850              JUNCTION     0.79     1.20    13.12     0  12:08        1.19
  ISD-851              JUNCTION     0.81     1.20    13.05     0  10:20        1.20
  ISD-852              JUNCTION     0.81     1.20    12.98     0  12:08        1.18
  ISD-853              JUNCTION     0.86     1.20    12.86     0  07:38        1.20
  ISD-854              JUNCTION     0.84     1.20    12.83     0  12:20        1.20
  ISD-855              JUNCTION     0.85     1.20    12.77     0  07:41        1.20
  ISD-856              JUNCTION     0.86     1.20    12.71     0  07:39        1.20
  ISD-857              JUNCTION     0.87     1.20    12.62     0  07:28        1.20
  ISD-858              JUNCTION     0.88     1.20    12.55     0  07:16        1.20
  ISD-859              JUNCTION     0.89     1.20    12.48     0  07:05        1.20
  ISD-860              JUNCTION     0.90     1.20    12.42     0  06:57        1.20
  ISD-861              JUNCTION     0.90     1.20    12.35     0  12:18        1.19
  ISD-862              JUNCTION     0.92     1.20    12.27     0  06:08        1.20
  ISD-863              JUNCTION     0.89     1.18    12.23     0  12:19        1.17
  ISD-864              JUNCTION     0.92     1.20    12.15     0  05:52        1.20
  ISD-865              JUNCTION     0.93     1.20    12.09     0  05:31        1.20
  ISD-866              JUNCTION     0.93     1.20    12.04     0  05:38        1.20
  ISD-867              JUNCTION     0.93     1.20    11.99     0  05:39        1.20
  ISD-868              JUNCTION     0.94     1.20    11.91     0  05:20        1.20
  ISD-869              JUNCTION     0.94     1.20    11.87     0  05:27        1.20
  ISD-870              JUNCTION     0.91     1.18    11.82     0  12:33        1.17
  ISD-871              JUNCTION     0.96     1.20    11.75     0  05:17        1.20
  ISD-872              JUNCTION     0.95     1.20    11.71     0  07:55        1.20
  ISD-873              JUNCTION     0.93     1.20    11.68     0  09:35        1.20
  ISD-874              JUNCTION     0.94     1.20    11.63     0  08:24        1.20
  ISD-875              JUNCTION     0.95     1.20    11.57     0  08:29        1.20
  ISD-876              JUNCTION     0.95     1.20    11.51     0  08:26        1.20
  ISD-877              JUNCTION     0.88     1.15    11.48     0  12:37        1.14
  ISD-878              JUNCTION     0.87     1.16    11.42     0  12:30        1.15
  ISD-879              JUNCTION     0.90     1.20    11.29     0  10:54        1.20
  ISD-880              JUNCTION     0.89     1.20    11.15     0  11:31        1.20
  ISD-881              JUNCTION     0.88     1.20    11.00     0  12:27        1.19
  ISD-882              JUNCTION     0.90     1.20    10.88     0  10:56        1.20
  ISD-883              JUNCTION     0.90     1.20    10.79     0  12:08        1.19
  ISD-884              JUNCTION     0.93     1.20    10.68     0  10:34        1.20
  ISD-885              JUNCTION     0.93     1.19    10.57     0  11:40        1.19
  ISD-886              JUNCTION     0.98     1.20    10.45     0  08:40        1.20
  ISD-887              JUNCTION     0.97     1.17    10.31     0  11:50        1.16
  ISD-888              JUNCTION     0.99     1.17    10.21     0  12:22        1.16
  ISD-889              JUNCTION     1.03     1.18    10.09     0  12:13        1.17
  ISD-890              JUNCTION     1.10     1.20     9.93     0  04:58        1.20
  ISD-891              JUNCTION     1.07     1.17     9.85     0  12:22        1.16
  ISD-892              JUNCTION     1.11     1.19     9.51     0  12:13        1.18
  ISD-893              JUNCTION     1.15     1.20     9.40     0  02:31        1.20
  ISD-894              JUNCTION     1.13     1.20     9.37     0  12:12        1.19
  ISD-895              JUNCTION     1.14     1.20     9.29     0  03:11        1.20
  ISD-896              JUNCTION     1.14     1.20     9.24     0  02:32        1.20
  ISD-897              JUNCTION     1.15     1.20     9.17     0  02:28        1.20
  ISD-898              JUNCTION     1.15     1.20     9.11     0  02:27        1.20
  ISD-899              JUNCTION     1.15     1.20     9.07     0  02:31        1.20
  ISD-900              JUNCTION     1.15     1.20     9.02     0  02:45        1.20
  ISD-901              JUNCTION     1.14     1.20     8.92     0  11:45        1.20
  ISD-902              JUNCTION     1.16     1.20     8.83     0  02:25        1.20
  ISD-903              JUNCTION     1.16     1.20     8.78     0  02:25        1.20
  ISD-904              JUNCTION     1.16     1.20     8.68     0  02:23        1.20
  ISD-905              JUNCTION     1.13     1.19     8.66     0  12:18        1.18
  ISD-906              JUNCTION     1.10     1.17     8.58     0  12:26        1.17
  ISD-907              JUNCTION     1.13     1.20     8.53     0  12:05        1.19
  ISD-908              JUNCTION     1.16     1.20     8.45     0  02:21        1.20
  ISD-909              JUNCTION     1.14     1.20     8.43     0  12:10        1.19
  ISD-910              JUNCTION     1.16     1.20     8.36     0  02:32        1.20
  ISD-911              JUNCTION     1.14     1.19     8.32     0  12:16        1.19
  ISD-912              JUNCTION     1.16     1.20     8.25     0  02:21        1.20
  ISD-913              JUNCTION     1.17     1.20     8.19     0  02:21        1.20
  ISD-914              JUNCTION     1.17     1.20     8.02     0  02:21        1.20
  ISD-915              JUNCTION     1.17     1.20     7.96     0  02:21        1.20
  ISD-916              JUNCTION     1.15     1.19     7.87     0  12:14        1.19
  ISD-917              JUNCTION     1.17     1.20     7.80     0  02:20        1.20
  ISD-918              JUNCTION     1.17     1.20     7.74     0  02:20        1.20
  ISD-919              JUNCTION     1.15     1.19     7.66     0  12:09        1.19
  ISD-920              JUNCTION     1.18     1.20     7.59     0  02:18        1.20
  ISD-921              JUNCTION     1.17     1.20     7.55     0  12:14        1.19
  ISD-922              JUNCTION     1.18     1.20     7.49     0  02:14        1.20
  ISD-923              JUNCTION     1.17     1.20     7.45     0  02:15        1.20
  ISD-924              JUNCTION     1.18     1.20     7.35     0  02:11        1.20
  ISD-925              JUNCTION     1.17     1.20     7.27     0  02:11        1.20
  ISD-926              JUNCTION     1.14     1.18     7.23     0  13:36        1.17
  ISD-927              JUNCTION     1.10     1.15     7.18     0  13:08        1.14
  ISD-928              JUNCTION     1.18     1.20     7.09     0  02:11        1.20
  ISD-929              JUNCTION     1.18     1.20     7.04     0  02:11        1.20
  ISD-930              JUNCTION     1.16     1.19     7.01     0  12:58        1.19
  ISD-931              JUNCTION     1.18     1.20     6.95     0  02:11        1.20
  ISD-932              JUNCTION     1.18     1.20     6.91     0  02:11        1.20
  ISD-933              JUNCTION     1.17     1.20     6.87     0  03:59        1.20
  ISD-934              JUNCTION     1.16     1.20     6.83     0  13:26        1.19
  ISD-935              JUNCTION     1.18     1.20     6.74     0  02:11        1.20
  ISD-936              JUNCTION     1.18     1.20     6.70     0  02:11        1.20
  ISD-937              JUNCTION     1.17     1.20     6.65     0  03:49        1.20
  ISD-938              JUNCTION     1.17     1.20     6.59     0  04:06        1.20
  ISD-939              JUNCTION     1.17     1.20     6.54     0  03:36        1.20
  ISD-940              JUNCTION     1.17     1.20     6.51     0  03:55        1.20
  ISD-941              JUNCTION     1.14     1.20     6.50     0  14:08        1.19
  ISD-942              JUNCTION     1.15     1.20     6.46     0  05:53        1.20
  ISD-943              JUNCTION     1.12     1.19     6.44     0  12:58        1.18
  ISD-944              JUNCTION     1.08     1.15     6.40     0  13:15        1.14
  ISD-945              JUNCTION     1.15     1.20     6.29     0  05:42        1.20
  ISD-946              JUNCTION     1.14     1.20     6.26     0  06:40        1.20
  ISD-947              JUNCTION     1.15     1.20     6.33     0  05:10        1.20
  ISD-948              JUNCTION     1.12     1.20     6.23     0  09:29        1.20
  ISD-949              JUNCTION     1.08     1.19     6.22     0  13:15        1.18
  ISD-950              JUNCTION     1.06     1.18     6.18     0  12:56        1.17
  ISD-951              JUNCTION     1.00     1.13     6.13     0  13:42        1.12
  ISD-952              JUNCTION     0.86     0.98     6.06     0  12:51        0.97
  ISD-953              JUNCTION     0.78     0.91     5.99     0  13:39        0.90
  ISD-954              JUNCTION     0.71     0.83     5.91     0  13:04        0.82
  ISD-955              JUNCTION     0.71     0.81     5.83     0  12:58        0.81
  ISD-956              JUNCTION     0.60     0.67     5.71     0  13:05        0.66
  ISD-957              JUNCTION     0.53     0.74     5.83     0  12:58        0.74
  ISD-958              JUNCTION     0.65     0.95     6.04     0  12:58        0.94
  ISD-959              JUNCTION     0.74     1.10     6.19     0  13:13        1.08
  ISD-960              JUNCTION     0.76     1.18     6.34     0  12:57        1.17
  ISD-961              JUNCTION     0.73     1.20     6.53     0  11:15        1.20
  ISD-962              JUNCTION     0.71     1.20     6.64     0  10:43        1.20
  ISD-963              JUNCTION     0.71     1.20     6.73     0  08:53        1.20
  ISD-964              JUNCTION     0.69     1.20     6.85     0  09:01        1.20
  ISD-965              JUNCTION     0.65     1.20     7.02     0  09:58        1.20
  ISD-966              JUNCTION     0.60     1.20     7.22     0  11:04        1.20
  ISD-967              JUNCTION     0.57     1.20     7.39     0  11:23        1.20
  ISD-968              JUNCTION     0.51     1.19     7.65     0  12:14        1.18
  ISD-969              JUNCTION     0.35     0.96     8.20     0  12:22        0.95
  ISD-970              JUNCTION     0.28     0.77     8.35     0  12:17        0.76
  ISD-971              JUNCTION     0.21     0.38     8.61     0  12:17        0.38
  ISD-972              JUNCTION     0.24     0.53     8.46     0  12:17        0.53
  ISD-973              JUNCTION     0.21     0.32     8.99     0  12:16        0.32
  ISD-974              JUNCTION     0.19     0.30     9.87     0  12:16        0.30
  ISD-975              JUNCTION     0.18     0.28    10.37     0  12:20        0.28
  ISD-976              JUNCTION     0.18     0.27    11.97     0  12:20        0.27
  ISD-977              JUNCTION     0.16     0.25    12.75     0  12:20        0.25
  ISD-978              JUNCTION     0.16     0.25    14.16     0  12:20        0.25
  ISD-979              JUNCTION     0.27     0.45    15.44     0  12:20        0.45
  ISD-980              JUNCTION     0.24     0.41    16.36     0  12:20        0.41
  ISD-981              JUNCTION     0.24     0.40    16.79     0  12:20        0.40
  ISD-982              JUNCTION     0.22     0.37    17.84     0  12:20        0.37
  ISD-983              JUNCTION     0.22     0.36    18.63     0  12:20        0.36
  ISD-984              JUNCTION     0.21     0.34    20.50     0  12:20        0.34
  ISD-985              JUNCTION     0.19     0.32    21.05     0  12:20        0.32
  ISD-986              JUNCTION     0.18     0.30    22.59     0  12:20        0.30
  ISD-987              JUNCTION     0.17     0.28    24.63     0  12:20        0.28
  ISD-988              JUNCTION     0.16     0.25    26.82     0  12:20        0.25
  ISD-989              JUNCTION     0.14     0.22    29.09     0  12:20        0.22
  ISD-990              JUNCTION     0.11     0.17    30.66     0  12:20        0.17
  ISD-991              JUNCTION     0.08     0.13    31.25     0  12:20        0.13
  ISD-992              JUNCTION     0.12     0.19    30.93     0  12:25        0.19
  ISD-993              JUNCTION     0.16     0.25    29.03     0  12:25        0.25
  ISD-994              JUNCTION     0.19     0.31    27.32     0  12:25        0.31
  ISD-995              JUNCTION     0.22     0.39    25.66     0  12:29        0.39
  ISD-996              JUNCTION     0.32     1.20    24.61     0  11:40        1.02
  ISD-997              JUNCTION     0.38     1.20    23.87     0  11:39        1.20
  ISD-998              JUNCTION     0.52     1.20    20.25     0  10:36        1.20
  ISD-999              JUNCTION     0.54     1.20    19.82     0  10:21        1.20
  ISD-1000             JUNCTION     0.63     1.20    18.26     0  09:10        1.20
  ISD-1001             JUNCTION     0.81     1.20    14.51     0  07:39        1.20
  ISD-1002             JUNCTION     0.85     1.20    14.03     0  07:12        1.20
  ISD-1003             JUNCTION     0.92     1.20    13.20     0  06:20        1.20
  ISD-1004             JUNCTION     0.97     1.20    12.83     0  05:24        1.20
  ISD-1005             JUNCTION     1.04     1.20    12.02     0  03:55        1.20
  ISD-1006             JUNCTION     1.09     1.20    11.17     0  03:08        1.20
  ISD-1007             JUNCTION     1.00     1.20    10.96     0  10:43        1.20
  ISD-1008             JUNCTION     0.34     0.39     9.60     0  12:50        0.39
  ISD-1009             JUNCTION     0.78     1.20    10.06     0  11:26        1.19
  ISD-1010             JUNCTION     0.77     1.20    10.14     0  09:39        1.20
  ISD-1011             JUNCTION     0.71     1.17    10.21     0  12:43        1.16
  ISD-1012             JUNCTION     0.70     1.17    10.30     0  12:17        1.16
  ISD-1013             JUNCTION     0.71     1.19    10.41     0  12:17        1.18
  ISD-1014             JUNCTION     0.69     1.18    10.47     0  11:37        1.16
  ISD-1015             JUNCTION     0.69     1.18    10.70     0  12:28        1.17
  ISD-1016             JUNCTION     0.70     1.20    10.80     0  12:34        1.19
  ISD-1017             JUNCTION     0.70     1.19    10.84     0  11:44        1.18
  ISD-1018             JUNCTION     0.73     1.20    10.91     0  09:15        1.20
  ISD-1019             JUNCTION     0.72     1.20    10.99     0  09:14        1.20
  ISD-1020             JUNCTION     0.68     1.18    11.15     0  12:08        1.18
  ISD-1021             JUNCTION     0.70     1.20    11.25     0  09:26        1.20
  ISD-1022             JUNCTION     0.62     1.17    11.48     0  12:12        1.16
  ISD-1023             JUNCTION     0.61     1.16    11.63     0  12:19        1.16
  ISD-1024             JUNCTION     0.63     1.20    11.87     0  10:55        1.20
  ISD-1025             JUNCTION     0.59     1.20    12.03     0  11:30        1.20
  ISD-1026             JUNCTION     0.29     0.46    14.33     0  12:15        0.46
  ISD-1027             JUNCTION     0.27     0.42    15.40     0  12:15        0.42
  ISD-1028             JUNCTION     0.18     0.28    18.36     0  12:01        0.27
  ISD-1029             JUNCTION     0.18     0.29    19.02     0  12:01        0.28
  ISD-1030             JUNCTION     0.19     0.29    19.49     0  12:01        0.28
  ISD-1031             JUNCTION     0.18     0.28    19.99     0  12:01        0.27
  ISD-1032             JUNCTION     0.18     0.28    20.55     0  12:25        0.27
  ISD-1033             JUNCTION     0.18     0.29    21.13     0  12:25        0.28
  ISD-1034             JUNCTION     0.35     0.56    21.41     0  12:25        0.56
  ISD-1035             JUNCTION     0.19     0.31    21.54     0  12:28        0.31
  ISD-1036             JUNCTION     0.20     0.31    21.75     0  12:15        0.31
  ISD-1037             JUNCTION     0.22     0.33    21.87     0  12:15        0.33
  ISD-1038             JUNCTION     0.40     0.50    21.93     0  12:15        0.50
  ISD-1039             JUNCTION     0.25     0.39    22.04     0  12:15        0.39
  ISD-1040             JUNCTION     0.33     0.47    22.08     0  12:15        0.47
  ISD-1041             JUNCTION     0.25     0.39    22.16     0  12:15        0.39
  ISD-1042             JUNCTION     0.17     0.29    22.15     0  12:15        0.29
  ISD-1043             JUNCTION     0.19     0.30    22.18     0  12:16        0.30
  ISD-1044             JUNCTION     0.19     0.27    22.32     0  12:15        0.27
  ISD-1045             JUNCTION     0.26     0.35    22.35     0  12:16        0.35
  ISD-1046             JUNCTION     0.10     0.15    22.34     0  12:20        0.15
  ISD-1047             JUNCTION     0.13     0.19    22.38     0  12:25        0.19
  ISD-1048             JUNCTION     0.27     0.39    16.55     0  12:21        0.39
  ISD-1051             JUNCTION     0.50     0.70    16.61     0  12:25        0.70
  ISD-1052             JUNCTION     0.44     0.63    16.60     0  12:25        0.63
  ISD-1053             JUNCTION     0.31     0.43    16.79     0  12:21        0.43
  ISD-1054             JUNCTION     0.24     0.35    16.72     0  12:21        0.35
  ISD-1055             JUNCTION     0.08     0.12    19.54     0  12:15        0.12
  ISD-1056             JUNCTION     0.07     0.11    19.54     0  12:15        0.11
  ISD-1057             JUNCTION     0.10     0.15    19.50     0  12:13        0.15
  ISD-1058             JUNCTION     0.11     0.27    19.50     0  12:13        0.27
  ISD-1059             JUNCTION     0.24     0.44    19.52     0  12:12        0.41
  ISD-1060             JUNCTION     0.15     0.40    19.54     0  12:12        0.38
  ISD-1061             JUNCTION     0.25     0.48    19.50     0  12:12        0.47
  ISD-1062             JUNCTION     0.39     0.64    19.52     0  12:13        0.60
  ISD-1063             JUNCTION     0.70     0.95    19.52     0  12:09        0.95
  ISD-1064             JUNCTION     0.67     0.90    19.50     0  12:15        0.90
  ISD-1065             JUNCTION     0.64     0.85    19.48     0  12:19        0.83
  ISD-1066             JUNCTION     0.65     0.86    19.48     0  12:15        0.84
  ISD-1067             JUNCTION     0.67     0.88    19.48     0  12:19        0.87
  ISD-1068             JUNCTION     0.58     0.80    19.48     0  12:15        0.79
  ISD-1069             JUNCTION     0.33     0.49    19.39     0  12:15        0.48
  ISD-1070             JUNCTION     0.31     0.35    19.12     0  12:16        0.35
  ISD-1071             JUNCTION     0.93     1.19    19.32     0  22:45        1.05
  ISD-1072             JUNCTION     1.12     1.20    19.12     0  03:03        1.20
  ISD-1074             JUNCTION     1.13     1.20    19.12     0  03:03        1.20
  ISD-1075             JUNCTION     1.09     1.20    19.22     0  03:51        1.20
  ISD-1076             JUNCTION     1.02     1.20    19.34     0  22:11        1.18
  ISD-1077             JUNCTION     0.96     1.20    19.52     0  21:29        1.19
  ISD-1078             JUNCTION     0.94     1.20    19.58     0  03:07        1.20
  ISD-1079             JUNCTION     0.89     1.20    19.67     0  12:16        1.20
  ISD-1080             JUNCTION     0.71     1.20    20.13     0  10:03        1.20
  ISD-1081             JUNCTION     0.61     1.20    20.98     0  10:48        1.20
  ISD-1082             JUNCTION     0.60     1.20    21.28     0  10:48        1.20
  ISD-1083             JUNCTION     0.56     1.20    21.98     0  10:48        1.20
  ISD-1084             JUNCTION     0.39     0.65    23.68     0  12:30        0.65
  ISD-1085             JUNCTION     0.31     0.48    24.57     0  12:30        0.48
  ISD-1086             JUNCTION     0.30     0.46    24.78     0  12:35        0.46
  ISD-1087             JUNCTION     0.29     0.45    24.95     0  12:35        0.45
  ISD-1088             JUNCTION     0.26     0.40    25.36     0  12:35        0.40
  ISD-1089             JUNCTION     0.38     0.58    11.82     0  12:15        0.58
  ISD-1090             JUNCTION     0.49     0.74    13.46     0  12:10        0.74
  ISD-1091             JUNCTION     0.49     0.75    13.82     0  13:25        0.75
  ISD-1092             JUNCTION     0.65     0.93    14.13     0  13:24        0.92
  ISD-1093             JUNCTION     0.74     1.08    14.29     0  11:23        1.08
  ISD-1094             JUNCTION     0.76     1.12    14.33     0  11:23        1.11
  ISD-1095             JUNCTION     0.82     1.20    14.39     0  11:19        1.20
  ISD-1096             JUNCTION     0.75     1.19    14.46     0  12:13        1.19
  ISD-1097             JUNCTION     0.64     1.10    14.50     0  12:13        1.10
  ISD-1098             JUNCTION     0.62     1.08    14.53     0  12:13        1.08
  ISD-1099             JUNCTION     0.58     1.01    14.57     0  12:13        1.01
  ISD-1100             JUNCTION     0.56     0.98    14.63     0  12:13        0.98
  ISD-1101             JUNCTION     0.47     0.83    14.79     0  12:13        0.83
  ISD-1102             JUNCTION     0.51     0.83    14.88     0  12:15        0.83
  ISD-1103             JUNCTION     0.49     0.80    14.97     0  12:15        0.80
  ISD-1104             JUNCTION     0.47     0.77    15.11     0  12:15        0.77
  ISD-1105             JUNCTION     0.57     0.87    15.19     0  12:15        0.87
  ISD-1106             JUNCTION     0.46     0.75    15.47     0  12:15        0.75
  ISD-1107             JUNCTION     0.53     0.87    15.66     0  12:15        0.87
  ISD-1108             JUNCTION     0.56     0.89    15.72     0  12:14        0.89
  ISD-1109             JUNCTION     0.58     0.90    15.75     0  12:14        0.90
  ISD-1110             JUNCTION     0.57     0.89    15.78     0  12:14        0.89
  ISD-1111             JUNCTION     0.54     0.87    15.85     0  12:14        0.87
  ISD-1112             JUNCTION     0.53     0.87    15.89     0  12:14        0.87
  ISD-1113             JUNCTION     0.49     0.81    16.03     0  12:14        0.81
  ISD-1114             JUNCTION     0.46     0.77    16.10     0  12:14        0.77
  ISD-1115             JUNCTION     0.42     0.70    16.19     0  12:14        0.70
  ISD-1116             JUNCTION     0.42     0.68    16.33     0  12:12        0.68
  ISD-1117             JUNCTION     0.41     0.66    16.42     0  12:14        0.66
  ISD-1118             JUNCTION     0.49     0.80    16.63     0  12:16        0.80
  ISD-1119             JUNCTION     0.43     0.72    16.71     0  12:16        0.72
  ISD-1120             JUNCTION     0.40     0.66    16.77     0  12:16        0.66
  ISD-1121             JUNCTION     0.38     0.61    16.92     0  12:15        0.61
  ISD-1122             JUNCTION     0.37     0.59    17.10     0  12:15        0.59
  ISD-1123             JUNCTION     0.33     0.52    17.24     0  12:15        0.52
  ISD-1124             JUNCTION     0.32     0.50    17.47     0  12:15        0.50
  ISD-1125             JUNCTION     0.31     0.48    17.81     0  12:15        0.48
  ISD-1126             JUNCTION     0.29     0.45    17.97     0  12:15        0.45
  ISD-1127             JUNCTION     0.26     0.40    19.15     0  12:15        0.40
  ISD-1128             JUNCTION     0.26     0.40    19.45     0  12:15        0.40
  ISD-1129             JUNCTION     0.25     0.38    20.07     0  12:15        0.38
  ISD-1130             JUNCTION     0.25     0.39    20.45     0  12:15        0.39
  ISD-1131             JUNCTION     0.24     0.36    20.73     0  12:15        0.36
  ISD-1132             JUNCTION     0.25     0.37    20.99     0  12:16        0.37
  ISD-1133             JUNCTION     0.24     0.37    21.65     0  12:16        0.37
  ISD-1134             JUNCTION     0.25     0.38    22.45     0  12:16        0.38
  ISD-1135             JUNCTION     0.44     0.62    22.62     0  12:16        0.62
  ISD-1136             JUNCTION     0.49     0.68    22.67     0  12:16        0.68
  ISD-1137             JUNCTION     0.62     0.84    22.75     0  12:16        0.84
  ISD-1138             JUNCTION     0.56     0.80    22.77     0  12:23        0.79
  ISD-1139             JUNCTION     0.59     0.90    22.89     0  12:16        0.89
  ISD-1140             JUNCTION     0.49     0.83    22.93     0  12:16        0.83
  ISD-1141             JUNCTION     0.26     0.41    23.27     0  12:15        0.41
  ISD-1142             JUNCTION     0.20     0.33    23.46     0  12:15        0.33
  ISD-1143             JUNCTION     0.21     0.33    23.62     0  12:15        0.33
  ISD-1144             JUNCTION     0.20     0.31    23.87     0  12:15        0.31
  ISD-1145             JUNCTION     0.20     0.31    24.08     0  12:15        0.31
  ISD-1146             JUNCTION     0.19     0.30    24.43     0  12:15        0.30
  ISD-1147             JUNCTION     0.19     0.31    24.48     0  12:15        0.31
  ISD-1148             JUNCTION     0.23     0.35    24.51     0  12:15        0.35
  ISD-1149             JUNCTION     0.19     0.31    24.51     0  12:15        0.31
  ISD-1150             JUNCTION     0.13     0.26    24.59     0  12:50        0.24
  ISD-1151             JUNCTION     0.15     0.28    24.59     0  12:18        0.28
  ISD-1152             JUNCTION     0.42     0.65    24.62     0  12:25        0.65
  ISD-1153             JUNCTION     0.62     1.20    24.98     0  11:04        0.90
  ISD-1154             JUNCTION     0.83     1.20    24.76     0  07:55        1.20
  ISD-1155             JUNCTION     0.86     1.20    24.73     0  03:49        1.20
  ISD-1156             JUNCTION     0.99     1.20    24.57     0  02:33        1.18
  ISD-1157             JUNCTION     1.01     1.20    24.55     0  02:33        1.17
  ISD-1158             JUNCTION     1.02     1.20    24.54     0  02:33        1.16
  ISD-1159             JUNCTION     1.09     1.20    24.46     0  02:26        1.20
  ISD-1160             JUNCTION     1.10     1.20    24.44     0  02:26        1.20
  ISD-1161             JUNCTION     1.10     1.20    24.44     0  02:26        1.20
  ISD-1162             JUNCTION     1.09     1.20    24.44     0  02:26        1.18
  ISD-1163             JUNCTION     1.18     1.20    24.31     0  02:24        1.20
  ISD-1164             JUNCTION     1.18     1.20    24.31     0  02:24        1.20
  ISD-1165             JUNCTION     1.18     1.20    24.31     0  02:25        1.20
  ISD-1166             JUNCTION     1.12     1.20    24.39     0  11:51        1.19
  ISD-1167             JUNCTION     1.04     1.20    24.49     0  10:48        1.20
  ISD-1168             JUNCTION     1.00     1.19    24.52     0  11:59        1.18
  ISD-1169             JUNCTION     0.94     1.13    24.53     0  12:02        1.11
  ISD-1170             JUNCTION     0.93     1.14    24.54     0  12:09        1.12
  ISD-1171             JUNCTION     0.85     1.06    24.53     0  12:16        1.05
  ISD-1172             JUNCTION     0.85     1.07    24.53     0  12:20        1.06
  ISD-1173             JUNCTION     0.82     1.05    24.49     0  12:21        1.03
  ISD-1174             JUNCTION     0.92     1.20    24.51     0  02:09        1.12
  ISD-1175             JUNCTION     1.18     1.20    24.04     0  02:09        1.20
  ISD-1176             JUNCTION     1.19     1.20    23.96     0  02:09        1.20
  ISD-1177             JUNCTION     1.19     1.20    23.95     0  02:09        1.20
  ISD-1178             JUNCTION     1.19     1.20    23.95     0  02:09        1.20
  ISD-1179             JUNCTION     1.18     1.20    23.95     0  02:09        1.20
  ISD-1180             JUNCTION     1.03     1.19    24.14     0  12:14        1.18
  ISD-1181             JUNCTION     0.91     1.14    24.22     0  12:20        1.12
  ISD-1182             JUNCTION     0.77     1.03    24.25     0  12:23        1.01
  ISD-1183             JUNCTION     0.61     0.88    24.25     0  12:13        0.87
  ISD-1184             JUNCTION     0.54     0.82    24.24     0  12:10        0.81
  ISD-1185             JUNCTION     0.54     0.82    24.22     0  12:14        0.80
  ISD-1186             JUNCTION     0.60     0.88    24.19     0  12:09        0.86
  ISD-1187             JUNCTION     0.77     1.20    24.33     0  02:12        1.01
  ISD-1188             JUNCTION     0.89     1.20    24.18     0  02:10        1.11
  ISD-1189             JUNCTION     1.06     1.20    23.92     0  02:09        1.20
  ISD-1190             JUNCTION     1.12     1.20    23.79     0  02:09        1.20
  ISD-1191             JUNCTION     1.14     1.20    23.73     0  02:09        1.20
  ISD-1192             JUNCTION     1.13     1.20    23.70     0  02:09        1.18
  ISD-1193             JUNCTION     1.18     1.20    23.63     0  02:10        1.20
  ISD-1194             JUNCTION     1.10     1.15    23.68     0  02:09        1.14
  ISD-1195             JUNCTION     1.09     1.14    23.69     0  02:09        1.13
  ISD-1196             JUNCTION     1.17     1.20    23.68     0  02:09        1.20
  ISD-1197             JUNCTION     1.16     1.20    23.72     0  04:46        1.20
  ISD-1198             JUNCTION     1.13     1.20    23.80     0  08:46        1.20
  ISD-1199             JUNCTION     1.05     1.18    23.91     0  12:13        1.17
  ISD-1200             JUNCTION     1.03     1.20    24.04     0  08:52        1.20
  ISD-1201             JUNCTION     0.95     1.20    24.18     0  09:54        1.20
  ISD-1202             JUNCTION     0.76     1.20    24.45     0  11:04        1.20
  ISD-1203             JUNCTION     0.31     1.20    25.41     0  11:04        1.00
  ISD-1204             JUNCTION     0.16     0.33    26.02     0  12:21        0.33
  ISD-1205             JUNCTION     0.17     0.43    26.14     0  12:21        0.43
  ISD-1206             JUNCTION     0.24     0.56    26.16     0  12:21        0.56
  ISD-1207             JUNCTION     0.29     0.67    26.16     0  12:21        0.67
  ISD-1208             JUNCTION     0.48     1.05    26.17     0  12:23        1.04
  ISD-1209             JUNCTION     0.55     1.16    26.16     0  12:25        1.15
  ISD-1210             JUNCTION     0.57     1.20    26.14     0  12:17        1.18
  ISD-1211             JUNCTION     0.79     1.20    25.15     0  08:51        1.20
  ISD-1212             JUNCTION     0.72     1.11    25.04     0  12:26        1.11
  ISD-1213             JUNCTION     0.69     1.02    24.88     0  12:29        1.01
  ISD-1214             JUNCTION     0.61     0.80    24.56     0  12:19        0.80
  ISD-1215             JUNCTION     0.63     0.79    24.71     0  12:27        0.78
  ISD-1216             JUNCTION     0.78     1.00    25.03     0  12:27        0.99
  ISD-1217             JUNCTION     0.89     1.12    25.14     0  12:20        1.11
  ISD-1218             JUNCTION     1.00     1.20    25.29     0  12:00        1.19
  ISD-1219             JUNCTION     1.02     1.20    25.32     0  09:07        1.20
  ISD-1220             JUNCTION     1.00     1.20    25.47     0  11:25        1.20
  ISD-1221             JUNCTION     0.95     1.13    25.61     0  12:16        1.13
  ISD-1222             JUNCTION     0.97     1.12    25.67     0  12:46        1.11
  ISD-1223             JUNCTION     0.95     1.06    25.68     0  12:23        1.05
  ISD-1224             JUNCTION     1.12     1.20    25.68     0  05:15        1.20
  ISD-1225             JUNCTION     1.06     1.18    25.84     0  12:30        1.17
  ISD-1226             JUNCTION     1.08     1.20    25.90     0  12:09        1.19
  ISD-1227             JUNCTION     1.07     1.17    25.92     0  12:02        1.17
  ISD-1228             JUNCTION     1.12     1.20    25.93     0  08:03        1.20
  ISD-1229             JUNCTION     1.11     1.20    25.97     0  12:13        1.19
  ISD-1230             JUNCTION     1.08     1.15    25.98     0  12:14        1.15
  ISD-1231             JUNCTION     1.13     1.20    26.00     0  12:38        1.19
  ISD-1232             JUNCTION     1.16     1.20    25.99     0  02:33        1.20
  ISD-1233             JUNCTION     1.14     1.20    26.34     0  02:33        1.20
  ISD-1234             JUNCTION     1.14     1.20    26.51     0  02:33        1.20
  ISD-1235             JUNCTION     1.12     1.20    26.71     0  02:33        1.20
  ISD-1236             JUNCTION     0.85     1.14    27.66     0  12:39        1.12
  ISD-1237             JUNCTION     0.81     1.13    28.04     0  12:45        1.12
  ISD-1238             JUNCTION     1.04     1.20    28.85     0  03:47        1.20
  ISD-1239             JUNCTION     1.01     1.20    28.79     0  11:22        1.20
  O-0                  OUTFALL      0.09     0.13     2.65     0  12:14        0.13
  O-1                  OUTFALL      0.22     0.28     2.77     0  12:29        0.28
  O-2                  OUTFALL      0.10     0.15    14.82     0  12:21        0.15
  O-3                  OUTFALL      0.22     0.31    19.88     0  12:45        0.31
  O-4                  OUTFALL      0.50     0.55    24.32     0  12:23        0.55
  O-5                  OUTFALL      0.45     0.56    24.34     0  12:15        0.56
  O-6                  OUTFALL      0.35     0.45    22.77     0  11:05        0.45
  O-7                  OUTFALL      0.42     0.58    22.91     0  12:45        0.58
  O-8                  OUTFALL      0.26     0.38    24.32     0  12:50        0.38
  O-9                  OUTFALL      0.00     0.00    23.27     0  00:00        0.00
  O-10                 OUTFALL      0.34     0.39     6.84     0  12:50        0.39
  O-11                 OUTFALL      0.46     0.56     5.57     0  13:05        0.56
  O-12                 OUTFALL      0.49     0.53     5.57     0  13:06        0.53
  O-13                 OUTFALL      0.08     0.11     6.31     0  12:10        0.11
  O-14                 OUTFALL      0.01     0.03    13.49     0  12:10        0.03
  O-15                 OUTFALL      0.00     0.00    13.63     0  00:00        0.00
  O-16                 OUTFALL      0.38     0.58     8.63     0  12:15        0.58
  O-17                 OUTFALL      0.10     0.16     8.35     0  12:28        0.16
  O-18                 OUTFALL      0.13     0.19     3.90     0  12:26        0.19
  O-19                 OUTFALL      0.25     0.32     2.53     0  12:22        0.32
  O-20                 OUTFALL      0.25     0.32     2.10     0  12:22        0.32
  O-21                 OUTFALL      0.15     0.22     3.65     0  12:23        0.22
  O-22                 OUTFALL      0.08     0.12     2.44     0  12:11        0.12
  O-23                 OUTFALL      0.40     0.48     3.00     0  12:14        0.48
  O-24                 OUTFALL      0.22     0.32     4.83     0  12:26        0.32
  O-25                 OUTFALL      0.00     0.01     4.29     0  12:10        0.01
  O-26                 OUTFALL      0.46     0.53     5.08     0  12:14        0.53
  O-27                 OUTFALL      0.13     0.20     2.21     0  12:23        0.20
  O-28                 OUTFALL      0.33     0.37     3.28     0  12:35        0.37
  O-29                 OUTFALL      0.10     0.15    14.91     0  12:23        0.15
  O-30                 OUTFALL      0.27     0.39    16.47     0  12:21        0.39
  O-31                 OUTFALL      0.10     0.14     3.60     0  12:20        0.14
  O-32                 OUTFALL      0.20     0.31     2.48     0  12:27        0.31
  O-33                 OUTFALL      0.24     0.32     1.96     0  11:43        0.31
  O-34                 OUTFALL      0.56     0.67     3.84     0  12:19        0.67
  O-35                 OUTFALL      0.41     0.54     7.03     0  12:12        0.54
  O-36                 OUTFALL      0.10     0.14     2.67     0  12:21        0.14
  O-37                 OUTFALL      0.08     0.09     2.66     0  12:10        0.08
  O-38                 OUTFALL      0.39     0.42     3.37     0  11:31        0.42
  O-39                 OUTFALL      0.16     0.16     3.96     0  11:59        0.16
  O-40                 OUTFALL      0.50     0.57     3.03     0  12:20        0.57
  O-41                 OUTFALL      0.28     0.43    16.45     0  12:25        0.43
  O-42                 OUTFALL      0.10     0.15    19.82     0  12:31        0.15
  O-43                 OUTFALL      0.28     0.29     2.75     0  12:53        0.29
  
  
  *******************
  Node Inflow Summary
  *******************
  
  -------------------------------------------------------------------------------------------------
                                  Maximum  Maximum                  Lateral       Total        Flow
                                  Lateral    Total  Time of Max      Inflow      Inflow     Balance
                                   Inflow   Inflow   Occurrence      Volume      Volume       Error
  Node                 Type           CMS      CMS  days hr:min    10^6 ltr    10^6 ltr     Percent
  -------------------------------------------------------------------------------------------------
  I-0                  JUNCTION     1.253    1.253     0  12:40        53.4        53.4       0.021
  I-1                  JUNCTION     0.867    2.120     0  12:40        36.6          90       0.027
  I-2                  JUNCTION     0.209    1.373     0  12:20        8.32        84.5       0.085
  I-3                  JUNCTION     0.176    0.575     0  12:50        7.22        40.1       0.034
  I-4                  JUNCTION     0.335    0.760     0  12:20        13.5        42.8       0.299
  I-5                  JUNCTION     1.241    1.342     0  13:00        51.1        55.2       0.069
  I-6                  JUNCTION     0.325    0.325     0  12:20        13.1        13.1       0.043
  I-7                  JUNCTION     0.913    0.913     0  12:40        37.3        37.3       0.026
  I-8                  JUNCTION     0.003    0.156     0  07:29       0.111        6.16       0.124
  I-9                  JUNCTION     0.155    0.461     0  12:20        6.08        20.5       0.065
  I-10                 JUNCTION     0.646    0.646     0  12:45          25          25       0.031
  I-11                 JUNCTION     0.970    0.972     0  12:55          38        38.2       0.136
  I-12                 JUNCTION     2.273    2.273     0  13:10        93.7        93.7       0.191
  I-13                 JUNCTION     0.332    1.245     0  12:35        13.2        50.5       0.076
  I-14                 JUNCTION     0.983    1.114     0  12:45        40.3        49.8       0.054
  I-15                 JUNCTION     0.635    1.913     0  12:40        25.7        77.9       0.058
  I-16                 JUNCTION     0.492    0.492     0  12:30        19.8        19.8       0.005
  I-17                 JUNCTION     0.034    0.953     0  12:23        1.34        39.5       0.011
  I-20                 JUNCTION     0.077    0.726     0  12:14        2.95        46.8       0.118
  I-21                 JUNCTION     0.717    1.706     0  12:45          28        89.4       0.042
  I-22                 JUNCTION     0.045    1.106     0  12:26        1.77        43.3       0.086
  I-23                 JUNCTION     0.031    0.332     0  12:20        1.21          13       0.029
  I-24                 JUNCTION     0.044    0.128     0  12:10        1.71        8.91       0.067
  I-26                 JUNCTION     1.224    1.723     0  12:50        49.5        78.2       0.084
  I-27                 JUNCTION     0.645    0.645     0  12:30        26.4        26.4       0.064
  I-28                 JUNCTION     0.129    0.129     0  12:20        4.99        6.01       0.259
  I-29                 JUNCTION     0.083    1.219     0  12:01         3.3          47       0.010
  I-30                 JUNCTION     0.281    0.281     0  12:20        11.3        11.3       1.709
  I-31                 JUNCTION     0.007    0.237     0  12:29       0.275        11.4       0.015
  I-32                 JUNCTION     0.026    0.374     0  04:13        1.02        20.8       0.008
  I-33                 JUNCTION     0.154    1.794     0  12:15        6.14          71       0.021
  I-34                 JUNCTION     0.553    1.071     0  12:40        21.3          57       0.112
  I-35                 JUNCTION     0.133    0.204     0  12:19        5.22        7.04       0.017
  I-36                 JUNCTION     4.306    5.592     0  12:45         180         252       0.260
  I-37                 JUNCTION     0.026    0.307     0  12:20        1.03        12.2       0.029
  I-38                 JUNCTION     0.268    0.839     0  12:40        10.3        38.5       0.032
  I-39                 JUNCTION     0.014    0.196     0  12:50       0.528        4.59       0.006
  I-40                 JUNCTION     0.018    0.847     0  12:18       0.693        35.6       0.142
  I-41                 JUNCTION     0.200    0.524     0  12:20        8.02        19.6       0.025
  I-42                 JUNCTION     0.141    0.141     0  12:15        5.64        5.64       0.222
  I-43                 JUNCTION     0.291    0.570     0  12:20        11.8        22.2       0.042
  I-44                 JUNCTION     0.555    1.202     0  12:43        21.9          50       0.032
  I-45                 JUNCTION     1.937    2.072     0  12:45        81.2        86.9       0.047
  I-46                 JUNCTION     0.060    1.406     0  12:16        2.36        54.3       0.006
  I-47                 JUNCTION     0.207    0.580     0  12:18        8.29        30.6       0.024
  I-48                 JUNCTION     0.035    0.741     0  10:32        1.37        51.6       0.042
  I-49                 JUNCTION     0.322    0.775     0  12:20          13          41       0.185
  I-50                 JUNCTION     1.238    2.091     0  12:45        50.7        86.5       0.161
  I-51                 JUNCTION     0.030    1.004     0  12:08        1.18        25.6      -0.065
  I-52                 JUNCTION     0.118    0.857     0  12:25        4.72        56.3       0.191
  I-53                 JUNCTION     0.072    0.131     0  12:15        2.87        5.25       0.010
  I-54                 JUNCTION     0.750    1.032     0  12:45        30.1        44.9       0.074
  I-55                 JUNCTION     0.084    1.764     0  12:08        3.36        76.5       0.009
  I-56                 JUNCTION     0.270    1.023     0  12:20        10.9        64.7       0.138
  I-57                 JUNCTION     0.155    0.957     0  18:44        6.21          57       0.022
  I-58                 JUNCTION     0.170    0.170     0  12:15        6.82        6.82       0.016
  I-59                 JUNCTION     0.015    0.799     0  14:04       0.611        40.9       0.011
  I-60                 JUNCTION     0.028    0.791     0  12:19        1.09          31       0.034
  I-61                 JUNCTION     0.512    1.713     0  12:45        19.8        69.8       0.031
  I-63                 JUNCTION     0.151    0.815     0  12:14        6.05        43.8       0.049
  I-64                 JUNCTION     0.014    1.824     0  13:21       0.537        47.8       0.040
  I-65                 JUNCTION     0.238    0.350     0  12:20         9.5        13.9       0.019
  I-66                 JUNCTION     0.002    2.614     0  13:25      0.0766         110       0.002
  I-67                 JUNCTION     0.084    0.898     0  12:22        3.33        47.1       0.016
  I-68                 JUNCTION     0.068    0.464     0  12:23         2.7        18.4       0.110
  I-69                 JUNCTION     0.141    0.595     0  12:12        5.65        35.8       0.211
  I-71                 JUNCTION     0.389    2.102     0  12:47        16.3        86.1       0.014
  I-72                 JUNCTION     0.125    0.397     0  12:23        5.02        15.7       0.179
  I-73                 JUNCTION     0.013    0.229     0  12:11         0.5        9.39       0.003
  I-74                 JUNCTION     0.082    0.271     0  12:25        3.26        10.7       0.027
  I-75                 JUNCTION     0.004    1.382     0  12:14       0.141        82.2       0.322
  I-76                 JUNCTION     0.035    0.631     0  12:27        1.37        24.8       0.008
  I-77                 JUNCTION     0.089    0.400     0  12:20        3.54        17.3       0.383
  I-78                 JUNCTION     0.059    0.597     0  12:25        2.33        23.4       0.110
  I-79                 JUNCTION     0.193    0.603     0  12:26        7.72        22.9       0.019
  I-80                 JUNCTION     0.011    1.464     0  12:18       0.435        58.6       0.009
  I-81                 JUNCTION     2.536    2.536     0  12:55         104         104       0.044
  I-82                 JUNCTION     0.040    0.957     0  12:24         1.6          61       0.856
  I-83                 JUNCTION     1.528    3.628     0  12:55        61.6         148       0.068
  I-84                 JUNCTION     0.043    0.350     0  12:25        1.69        15.3       0.027
  I-85                 JUNCTION     0.108    0.458     0  12:22        4.27        19.6       0.045
  I-86                 JUNCTION     0.090    0.456     0  12:26        3.52        18.9       0.021
  I-87                 JUNCTION     0.196    1.536     0  12:18        7.64        66.7       0.200
  I-88                 JUNCTION     0.332    0.777     0  12:27        13.2        30.6       0.054
  I-89                 JUNCTION     2.527    2.749     0  12:40         107         110       0.028
  I-90                 JUNCTION     0.058    0.784     0  12:26        2.22        31.4       0.022
  I-91                 JUNCTION     0.147    0.611     0  12:27        5.78        25.3       0.039
  I-92                 JUNCTION     0.253    0.445     0  12:22          10        17.4       0.097
  I-93                 JUNCTION     0.033    0.306     0  12:20        1.25        11.9       0.053
  I-94                 JUNCTION     0.040    0.430     0  12:20        1.53        16.8       0.042
  I-95                 JUNCTION     0.178    0.178     0  12:25        6.99        9.08       0.159
  I-96                 JUNCTION     0.263    0.782     0  12:25        10.4        33.1       0.047
  I-97                 JUNCTION     0.214    0.433     0  12:16        8.46        16.7       0.061
  I-98                 JUNCTION     0.025    0.690     0  12:11       0.921          25       0.024
  I-99                 JUNCTION     0.209    0.925     0  12:25        8.21        50.5       0.085
  I-100                JUNCTION     0.105    0.105     0  12:10         4.1         4.1       0.008
  I-101                JUNCTION     0.346    0.971     0  12:30        13.8        41.6       0.047
  I-102                JUNCTION     0.049    0.916     0  12:15        1.97        52.9       0.108
  I-103                JUNCTION     1.044    3.295     0  12:51        41.4         131       0.020
  I-104                JUNCTION     0.008    0.876     0  12:21       0.291        34.8       0.012
  I-105                JUNCTION     0.176    0.409     0  12:16        6.88        15.4       0.005
  I-106                JUNCTION     0.771    2.013     0  12:40        30.5         115       0.509
  I-107                JUNCTION     0.470    0.711     0  12:25        19.1        28.4       0.103
  I-108                JUNCTION     0.080    2.873     0  12:29        3.05         145       0.172
  I-109                JUNCTION     0.110    3.404     0  12:51        3.96         135       0.007
  I-110                JUNCTION     0.267    0.673     0  12:25        10.6        41.8       0.105
  I-111                JUNCTION     0.092    1.217     0  12:14        3.52        80.3       0.004
  I-112                JUNCTION     0.015    0.541     0  12:20       0.549        21.7       0.005
  I-113                JUNCTION     0.019    1.201     0  12:20       0.665        43.9       0.001
  I-114                JUNCTION     1.028    1.235     0  12:35        42.4        50.5       0.689
  I-115                JUNCTION     0.036    0.570     0  12:10        1.37          35       0.000
  I-117                JUNCTION     7.298    7.557     0  13:05         315         331       0.072
  I-118                JUNCTION     0.005    0.439     0  13:54        0.18          34       0.024
  I-119                JUNCTION     3.219    3.552     0  13:00         136         162       0.100
  I-120                JUNCTION     1.650    1.861     0  12:44        68.9        71.8       0.057
  I-121                JUNCTION     2.693    3.469     0  13:00         114         162       0.005
  I-122                JUNCTION     1.630    1.782     0  12:40          68        74.1       0.042
  I-123                JUNCTION     0.160    3.967     0  12:50        5.81         173       0.029
  I-124                JUNCTION     0.014    2.996     0  11:33        0.57         130       0.005
  I-125                JUNCTION     0.015    1.980     0  12:08       0.574        75.8       0.010
  I-126                JUNCTION     0.133    0.916     0  12:24        5.28        36.7       0.085
  I-127                JUNCTION     0.793    2.705     0  12:40        32.4         110       0.299
  I-128                JUNCTION     0.121    0.324     0  12:20         4.8        11.6       0.013
  I-129                JUNCTION     0.091    0.651     0  21:23        3.54          47       0.009
  I-130                JUNCTION     0.120    0.311     0  12:50        4.87        15.2       0.048
  I-131                JUNCTION     0.633    0.858     0  12:35        25.5        39.6       0.057
  I-132                JUNCTION     1.541    2.118     0  12:40        63.6         100       0.147
  I-133                JUNCTION     0.644    0.644     0  12:40        25.9        25.9       0.007
  I-134                JUNCTION     1.247    1.247     0  13:05        51.2        51.2       0.006
  I-135                JUNCTION     0.029    0.567     0  23:20        1.13        10.4       0.040
  I-136                JUNCTION     0.358    0.358     0  12:30        14.4        14.4       0.044
  I-137                JUNCTION     0.180    0.264     0  12:25        7.19        10.8       0.050
  I-138                JUNCTION     0.211    0.211     0  12:20        8.39         8.4       0.186
  I-139                JUNCTION     0.015    1.915     0  12:02       0.586        88.7       0.049
  I-140                JUNCTION     0.141    0.260     0  12:05        5.63          17       0.204
  I-141                JUNCTION     0.796    0.796     0  12:35        32.5        43.6       0.422
  I-142                JUNCTION     0.154    0.154     0  12:20        6.17        6.17       0.254
  I-143                JUNCTION     0.003    0.831     0  12:00       0.128        52.1       0.024
  ISD-1                JUNCTION     0.032    0.032     0  12:10        1.26        1.26       0.017
  ISD-2                JUNCTION     0.039    0.068     0  12:10        1.54        2.74       0.012
  ISD-3                JUNCTION     0.040    0.108     0  12:10        1.57        4.31       0.008
  ISD-4                JUNCTION     0.032    0.140     0  05:33        1.25         5.9       0.032
  ISD-5                JUNCTION     0.040    0.401     0  20:32        1.61          10       0.060
  ISD-6                JUNCTION     0.039    1.199     0  09:02        1.54        20.4       0.029
  ISD-7                JUNCTION     0.028    1.034     0  12:09        1.11        26.4      -0.028
  ISD-8                JUNCTION     0.040    1.112     0  12:03        1.58        19.5      -2.793
  ISD-9                JUNCTION     0.040    0.636     0  08:49        1.57        19.4      -1.078
  ISD-10               JUNCTION     0.030    1.806     0  12:05        1.19        71.9       0.020
  ISD-11               JUNCTION     0.032    0.855     0  12:10        1.26        52.5       0.033
  ISD-12               JUNCTION     0.025    0.824     0  06:53        0.98        51.2       0.029
  ISD-13               JUNCTION     0.024    0.818     0  06:53        0.97        50.3       0.028
  ISD-14               JUNCTION     0.030    1.301     0  12:36         1.2        62.2       0.026
  ISD-15               JUNCTION     0.031    1.260     0  12:02        1.24          61       0.029
  ISD-16               JUNCTION     0.026    1.232     0  12:36        1.03        59.8       0.030
  ISD-17               JUNCTION     0.030    1.208     0  12:36        1.19        58.7       0.023
  ISD-18               JUNCTION     0.026    1.169     0  12:04        1.02        57.6       0.020
  ISD-19               JUNCTION     0.021    1.152     0  11:42       0.841        56.5       0.020
  ISD-20               JUNCTION     0.016    1.134     0  11:41       0.639        55.7       0.019
  ISD-21               JUNCTION     0.023    1.119     0  12:04       0.898        55.1       0.019
  ISD-22               JUNCTION     0.041    1.083     0  12:02        1.61        54.2       0.024
  ISD-23               JUNCTION     0.034    1.051     0  12:36        1.35        52.6       0.025
  ISD-24               JUNCTION     0.025    0.997     0  14:01       0.974        50.3       0.018
  ISD-25               JUNCTION     0.024    1.028     0  13:45       0.968        51.3       0.021
  ISD-26               JUNCTION     0.025    0.979     0  11:42       0.999        49.3       0.019
  ISD-27               JUNCTION     0.041    0.965     0  13:45        1.62        48.3       0.025
  ISD-28               JUNCTION     0.034    0.954     0  13:45        1.37        46.7       0.024
  ISD-29               JUNCTION     0.013    1.039     0  13:45        0.53        45.4       0.021
  ISD-30               JUNCTION     0.014    0.956     0  08:47       0.561        44.8       0.021
  ISD-31               JUNCTION     0.016    0.918     0  08:58       0.617        44.3       0.021
  ISD-32               JUNCTION     0.022    0.897     0  13:45        0.89        43.7       0.021
  ISD-33               JUNCTION     0.026    0.916     0  08:47        1.03        42.8       0.021
  ISD-34               JUNCTION     0.021    0.899     0  13:45       0.825        41.8       0.021
  ISD-35               JUNCTION     0.021    0.881     0  10:30       0.845          41       0.021
  ISD-36               JUNCTION     0.028    0.844     0  13:44         1.1        40.1       0.021
  ISD-37               JUNCTION     0.022    0.823     0  15:06       0.876          39       0.024
  ISD-38               JUNCTION     0.028    0.806     0  16:35         1.1        38.2       0.023
  ISD-39               JUNCTION     0.020    0.782     0  16:41       0.809          36       0.026
  ISD-40               JUNCTION     0.027    0.785     0  09:46        1.06        37.1       0.026
  ISD-41               JUNCTION     0.023    0.771     0  08:46       0.901        35.2       0.028
  ISD-42               JUNCTION     0.026    0.750     0  08:46        1.05        34.3       0.031
  ISD-43               JUNCTION     0.025    0.705     0  16:24       0.992        33.3       0.035
  ISD-44               JUNCTION     0.021    0.723     0  08:44       0.839        32.3       0.035
  ISD-45               JUNCTION     0.029    0.696     0  08:46        1.15        31.5       0.038
  ISD-46               JUNCTION     0.025    0.707     0  07:40        1.01        30.4       0.033
  ISD-47               JUNCTION     0.022    0.724     0  17:21       0.866        29.4       0.030
  ISD-48               JUNCTION     0.047    0.655     0  08:03        1.85        28.5       0.041
  ISD-49               JUNCTION     0.047    0.675     0  15:04        1.85        26.7       0.044
  ISD-50               JUNCTION     0.028    0.617     0  17:36        1.12        24.8       0.040
  ISD-51               JUNCTION     0.037    0.595     0  08:09        1.47        23.7       0.037
  ISD-52               JUNCTION     0.036    0.644     0  18:02        1.44        22.3       0.020
  ISD-53               JUNCTION     0.024    0.653     0  07:21       0.964        20.8       0.048
  ISD-54               JUNCTION     0.021    0.560     0  17:38       0.821        19.9       0.049
  ISD-55               JUNCTION     0.035    0.651     0  17:34         1.4        19.1       0.056
  ISD-56               JUNCTION     0.025    0.572     0  17:42           1        17.7       0.047
  ISD-57               JUNCTION     0.020    0.765     0  11:54       0.776        26.3       0.005
  ISD-58               JUNCTION     0.051    0.746     0  12:04        2.01        25.5      -0.022
  ISD-59               JUNCTION     0.057    0.897     0  12:11        2.25        24.2      -0.668
  ISD-60               JUNCTION     0.025    0.838     0  12:07       0.978        22.1      -0.098
  ISD-61               JUNCTION     0.028    0.687     0  12:02        1.11        20.9       0.044
  ISD-62               JUNCTION     0.029    0.988     0  12:10        1.13          22       0.040
  ISD-63               JUNCTION     0.036    1.079     0  18:19         1.4        21.4       0.040
  ISD-64               JUNCTION     0.037    0.668     0  18:31        1.45        17.7       0.032
  ISD-65               JUNCTION     0.181    0.394     0  12:15        7.21        15.6       0.119
  ISD-66               JUNCTION     0.162    0.213     0  12:15        6.42        8.41       0.009
  ISD-67               JUNCTION     0.048    0.052     0  12:10        1.87        1.99       0.009
  ISD-68               JUNCTION     0.009    0.009     0  12:05       0.329       0.329       0.003
  ISD-69               JUNCTION     0.026    0.167     0  12:12           1           7       0.073
  ISD-70               JUNCTION     0.006    0.030     0  12:05       0.226        1.25       0.287
  ISD-71               JUNCTION     0.015    0.024     0  12:05       0.567       0.927       0.008
  ISD-72               JUNCTION     0.020    0.020     0  12:10       0.744       0.744       0.008
  ISD-73               JUNCTION     0.022    0.032     0  12:10       0.846        1.23       0.010
  ISD-74               JUNCTION     0.021    0.053     0  12:10       0.801        2.03       0.009
  ISD-75               JUNCTION     0.022    0.098     0  01:56       0.837        2.88       0.286
  ISD-76               JUNCTION     0.021    0.158     0  01:55        0.81        3.71       0.310
  ISD-77               JUNCTION     0.030    0.798     0  12:10        1.14        54.5       0.023
  ISD-78               JUNCTION     0.033    0.884     0  12:10        1.26        62.4       0.021
  ISD-79               JUNCTION     0.022    1.330     0  12:10       0.844        87.7       0.013
  ISD-80               JUNCTION     0.024    1.549     0  12:13       0.918        97.5       0.012
  ISD-81               JUNCTION     0.044    1.525     0  12:15         1.7        96.6       0.005
  ISD-82               JUNCTION     0.052    1.484     0  19:33           2          95       0.006
  ISD-83               JUNCTION     0.036    1.754     0  12:10        1.37         105      -0.029
  ISD-84               JUNCTION     0.028    1.815     0  12:16        1.06         105      -0.019
  ISD-85               JUNCTION     0.030    1.787     0  12:11        1.14         104       0.007
  ISD-86               JUNCTION     0.020    1.757     0  12:16       0.745         103       0.005
  ISD-87               JUNCTION     0.019    1.738     0  12:16       0.733         102       0.004
  ISD-88               JUNCTION     0.022    1.719     0  12:20       0.832         101       0.002
  ISD-89               JUNCTION     0.017    1.697     0  12:20       0.651         101       0.005
  ISD-90               JUNCTION     0.053    1.679     0  12:20        2.06        99.9       0.001
  ISD-91               JUNCTION     0.052    1.629     0  15:04        2.02        97.9       0.004
  ISD-92               JUNCTION     0.038    1.589     0  09:53        1.45        95.9       0.002
  ISD-93               JUNCTION     0.035    1.576     0  06:09        1.33        94.4       0.006
  ISD-94               JUNCTION     0.036    1.534     0  09:51        1.38        93.1       0.001
  ISD-95               JUNCTION     0.041    1.508     0  15:09        1.57        91.7       0.005
  ISD-96               JUNCTION     0.039    1.558     0  12:13        1.52        91.5       0.003
  ISD-97               JUNCTION     0.040    1.519     0  12:09        1.56          90       0.004
  ISD-98               JUNCTION     0.041    1.478     0  12:09        1.57        88.4       0.003
  ISD-99               JUNCTION     0.044    1.438     0  12:09        1.73        86.9       0.004
  ISD-100              JUNCTION     0.044    1.402     0  19:11         1.7        85.2       0.003
  ISD-101              JUNCTION     0.064    1.387     0  19:11        2.48        83.5       0.004
  ISD-102              JUNCTION     0.063    1.364     0  19:11        2.46          81       0.005
  ISD-103              JUNCTION     0.043    1.341     0  19:11        1.68        78.5       0.005
  ISD-104              JUNCTION     0.045    1.326     0  19:11        1.74        76.9       0.005
  ISD-105              JUNCTION     0.047    1.310     0  19:11        1.83        75.1       0.005
  ISD-106              JUNCTION     0.073    1.293     0  19:11        2.85        73.3       0.005
  ISD-107              JUNCTION     0.073    1.267     0  19:11        2.86        70.4       0.006
  ISD-108              JUNCTION     0.050    1.241     0  19:11        1.95        67.6       0.005
  ISD-109              JUNCTION     1.880    2.432     0  13:00        78.4         101       0.075
  ISD-110              JUNCTION     0.009    0.119     0  02:17       0.357        8.16       0.091
  ISD-111              JUNCTION     0.010    0.122     0  02:17       0.378        8.53       0.061
  ISD-112              JUNCTION     0.010    0.118     0  02:17       0.407        7.81       0.128
  ISD-113              JUNCTION     0.008    0.117     0  02:17       0.331        7.42       0.117
  ISD-114              JUNCTION     0.010    0.116     0  02:17       0.394        7.09       0.101
  ISD-115              JUNCTION     0.013    0.114     0  02:17       0.508         6.7       0.108
  ISD-116              JUNCTION     0.013    0.221     0  12:11        0.51        15.1       0.051
  ISD-117              JUNCTION     0.018    0.208     0  12:11       0.701        14.6       0.048
  ISD-118              JUNCTION     0.019    0.190     0  12:08       0.745        13.9       0.054
  ISD-119              JUNCTION     0.017    0.171     0  12:33       0.689        13.1       0.060
  ISD-120              JUNCTION     0.018    0.163     0  23:50       0.695        12.5       0.062
  ISD-121              JUNCTION     0.024    0.162     0  23:50       0.936        11.8       0.065
  ISD-122              JUNCTION     0.025    0.371     0  12:08       0.981          24       0.032
  ISD-123              JUNCTION     0.020    0.347     0  12:08       0.786          23       0.034
  ISD-124              JUNCTION     0.022    0.332     0  12:09       0.866        22.2       0.034
  ISD-125              JUNCTION     0.019    0.310     0  12:08       0.747        21.4       0.036
  ISD-126              JUNCTION     0.019    0.291     0  12:14       0.732        20.6       0.037
  ISD-127              JUNCTION     0.024    0.272     0  12:11       0.954        19.9       0.039
  ISD-128              JUNCTION     0.039    0.252     0  16:47        1.53          19       0.041
  ISD-129              JUNCTION     0.035    0.230     0  18:00        1.38        17.5       0.044
  ISD-130              JUNCTION     0.022    0.221     0  21:45       0.884        16.1       0.045
  ISD-131              JUNCTION     0.028    0.217     0  21:51        1.12        15.2       0.055
  ISD-132              JUNCTION     0.028    0.213     0  12:10        1.12        15.6       0.049
  ISD-133              JUNCTION     0.030    0.209     0  22:41        1.17        14.5       0.050
  ISD-134              JUNCTION     0.027    0.206     0  22:41        1.07        13.3       0.060
  ISD-135              JUNCTION     0.027    0.203     0  22:41        1.07        12.2       0.071
  ISD-136              JUNCTION     0.032    0.200     0  22:41        1.27        11.2       0.054
  ISD-137              JUNCTION     0.034    0.263     0  12:09        1.36        17.2       0.044
  ISD-138              JUNCTION     0.036    0.228     0  12:05        1.44        15.8       0.048
  ISD-139              JUNCTION     0.028    0.192     0  12:05        1.11        14.4       0.053
  ISD-140              JUNCTION     0.027    0.184     0  22:42        1.07        13.3       0.057
  ISD-141              JUNCTION     0.039    0.181     0  22:42        1.54        12.2       0.063
  ISD-142              JUNCTION     0.051    0.405     0  12:10        2.03        25.8       0.030
  ISD-143              JUNCTION     0.051    0.354     0  12:09        2.03        23.8       0.033
  ISD-144              JUNCTION     0.043    0.309     0  07:30        1.71        21.8       0.033
  ISD-145              JUNCTION     0.044    0.324     0  12:10        1.74        21.4       0.036
  ISD-146              JUNCTION     0.044    0.280     0  12:11        1.73        19.7       0.040
  ISD-147              JUNCTION     0.059    0.278     0  12:15        2.36        18.7       0.041
  ISD-148              JUNCTION     0.063    0.236     0  20:22        2.52        16.3       0.044
  ISD-149              JUNCTION     0.046    0.292     0  12:10        1.83        18.3       0.042
  ISD-150              JUNCTION     0.048    0.272     0  12:15        1.91        16.8       0.048
  ISD-151              JUNCTION     0.119    0.234     0  12:15        4.76        14.9       0.065
  ISD-152              JUNCTION     0.610    0.745     0  12:29          25        30.2       0.062
  ISD-153              JUNCTION     0.252    0.252     0  12:20        10.2        10.5       0.123
  ISD-154              JUNCTION     0.114    0.232     0  12:20        4.58        10.1       0.081
  ISD-155              JUNCTION     0.129    0.361     0  12:20        5.16        15.1       0.050
  ISD-156              JUNCTION     0.113    0.248     0  12:15        4.52          14       0.054
  ISD-157              JUNCTION     0.108    0.225     0  19:16        4.34          13       0.059
  ISD-158              JUNCTION     0.120    0.271     0  06:07        4.81        17.8       0.042
  ISD-159              JUNCTION     0.132    0.379     0  12:16        5.31          23       0.033
  ISD-160              JUNCTION     0.071    0.450     0  12:16        2.83        25.8       0.029
  ISD-161              JUNCTION     0.061    0.511     0  12:16        2.44        28.3       0.027
  ISD-162              JUNCTION     0.085    0.215     0  21:50        3.41        15.2       0.051
  ISD-163              JUNCTION     0.090    0.290     0  12:11         3.6        18.8       0.040
  ISD-164              JUNCTION     0.051    0.157     0  12:20        2.04        9.64       0.079
  ISD-165              JUNCTION     0.059    0.505     0  12:15        2.33        30.6       0.025
  ISD-166              JUNCTION     0.066    0.108     0  15:36        2.64        7.64       0.100
  ISD-167              JUNCTION     0.061    0.351     0  12:18        2.44        17.4       0.044
  ISD-168              JUNCTION     0.137    0.290     0  12:18         5.5        15.1       0.071
  ISD-169              JUNCTION     0.167    0.167     0  12:20         6.7        9.87       0.124
  ISD-170              JUNCTION     0.072    0.094     0  04:26        2.87        4.78       0.165
  ISD-171              JUNCTION     0.060    0.147     0  12:15        2.38        4.99       0.145
  ISD-172              JUNCTION     0.059    0.347     0  12:15        2.35          13       0.059
  ISD-173              JUNCTION     0.064    0.142     0  12:10        2.57        7.83       0.098
  ISD-174              JUNCTION     0.063    0.092     0  05:56         2.5        5.56       0.139
  ISD-175              JUNCTION     0.110    0.404     0  12:15        4.38        14.6       0.055
  ISD-176              JUNCTION     0.104    0.372     0  12:14        4.13        11.9       0.068
  ISD-177              JUNCTION     0.059    0.268     0  12:18        2.35        8.99       0.085
  ISD-178              JUNCTION     0.049    0.209     0  11:59        1.93        7.77       0.098
  ISD-179              JUNCTION     0.051    0.161     0  11:59        2.02        7.11       0.108
  ISD-180              JUNCTION     0.045    0.120     0  23:34         1.8        6.56       0.115
  ISD-181              JUNCTION     0.057    0.128     0  20:24        2.26        6.83       0.112
  ISD-182              JUNCTION     0.053    0.142     0  20:24        2.11        7.94       0.096
  ISD-183              JUNCTION     0.038    0.152     0  20:24        1.51        9.38       0.081
  ISD-184              JUNCTION     0.056    0.171     0  18:53        2.23        11.6       0.065
  ISD-185              JUNCTION     0.052    0.195     0  06:59        2.07        13.7       0.056
  ISD-186              JUNCTION     0.033    0.219     0  12:34        1.32          15       0.050
  ISD-187              JUNCTION     0.034    0.253     0  12:09        1.36        16.3       0.047
  ISD-188              JUNCTION     0.045    0.298     0  12:09        1.77        18.1       0.009
  ISD-189              JUNCTION     0.042    0.340     0  12:10        1.66        19.7       0.016
  ISD-190              JUNCTION     0.027    0.517     0  04:18        1.08        21.8       0.014
  ISD-191              JUNCTION     0.028    0.421     0  12:10        1.13        22.9       0.015
  ISD-192              JUNCTION     0.035    0.456     0  12:10        1.37        24.3       0.016
  ISD-193              JUNCTION     0.039    0.494     0  12:10        1.53        25.8       0.020
  ISD-194              JUNCTION     0.025    0.520     0  12:10       0.992        26.8       0.021
  ISD-195              JUNCTION     0.027    0.546     0  12:10        1.05        27.9       0.013
  ISD-196              JUNCTION     0.033    0.579     0  12:10         1.3        29.2       0.030
  ISD-197              JUNCTION     0.024    0.487     0  09:53       0.951        27.9       0.012
  ISD-198              JUNCTION     0.024    0.497     0  15:13       0.961        28.9       0.014
  ISD-199              JUNCTION     0.050    0.535     0  15:13        1.97        30.9       0.022
  ISD-200              JUNCTION     0.046    0.570     0  15:13        1.84        32.7       0.016
  ISD-201              JUNCTION     0.016    0.581     0  15:13       0.631        33.3       0.011
  ISD-202              JUNCTION     0.015    0.592     0  15:13        0.58        33.9       0.013
  ISD-203              JUNCTION     0.016    0.604     0  14:05       0.633        34.5       0.014
  ISD-204              JUNCTION     0.018    0.619     0  14:05       0.697        35.2       0.014
  ISD-205              JUNCTION     0.017    0.632     0  14:05       0.664        35.9       0.014
  ISD-206              JUNCTION     0.012    0.642     0  14:05       0.481        36.4       0.014
  ISD-207              JUNCTION     0.010    0.650     0  14:05       0.405        36.7       0.011
  ISD-208              JUNCTION     0.011    0.659     0  13:48       0.431        37.2       0.012
  ISD-209              JUNCTION     0.011    0.669     0  13:48       0.442        37.6       0.010
  ISD-210              JUNCTION     0.008    0.676     0  13:48       0.304        37.9       0.011
  ISD-211              JUNCTION     0.005    0.680     0  13:48       0.196        38.1       0.010
  ISD-212              JUNCTION     0.005    0.683     0  13:48       0.182        38.3       0.010
  ISD-213              JUNCTION     0.004    0.686     0  13:48       0.157        38.4       0.012
  ISD-215              JUNCTION     0.006    0.162     0  12:19       0.225        3.94       0.130
  ISD-216              JUNCTION     0.010    0.161     0  12:19       0.374        3.96       0.082
  ISD-217              JUNCTION     0.009    0.153     0  12:19       0.354         3.9       0.067
  ISD-218              JUNCTION     0.015    0.144     0  12:19       0.574        3.98       0.100
  ISD-219              JUNCTION     0.026    0.130     0  12:18        1.02        4.24       0.032
  ISD-220              JUNCTION     0.031    0.133     0  08:26        1.24        4.55       0.027
  ISD-221              JUNCTION     0.024    0.154     0  08:26       0.949        4.81       0.032
  ISD-222              JUNCTION     0.017    0.161     0  08:26        0.66         5.1       0.018
  ISD-223              JUNCTION     0.012    0.177     0  08:53       0.487        5.78       0.013
  ISD-224              JUNCTION     0.012    0.168     0  08:53       0.483        5.41       0.069
  ISD-225              JUNCTION     0.014    0.188     0  08:25       0.535        6.21       0.012
  ISD-226              JUNCTION     0.028    0.206     0  08:53        1.12        7.17       0.015
  ISD-227              JUNCTION     0.025    0.226     0  09:19       0.994        7.98       0.012
  ISD-228              JUNCTION     0.015    0.860     0  14:03       0.596          41       0.000
  ISD-229              JUNCTION     0.011    0.876     0  15:11       0.421        41.4       0.002
  ISD-230              JUNCTION     0.017    0.882     0  12:09       0.687        42.1      -0.001
  ISD-231              JUNCTION     0.017    0.890     0  12:44       0.689        42.8      -0.003
  ISD-232              JUNCTION     0.019    0.959     0  14:02       0.738        44.2      -0.013
  ISD-233              JUNCTION     0.016    0.925     0  12:09       0.648        43.4       0.002
  ISD-234              JUNCTION     0.027    0.993     0  14:03        1.05        45.2      -0.008
  ISD-235              JUNCTION     0.028    1.082     0  11:59        1.11        46.3      -0.019
  ISD-236              JUNCTION     0.022    1.180     0  13:23       0.854        47.2      -0.148
  ISD-237              JUNCTION     0.019    0.115     0  11:43        0.74        4.34       0.002
  ISD-238              JUNCTION     0.012    0.106     0  13:47       0.491        3.64       0.009
  ISD-239              JUNCTION     0.022    0.130     0  11:44       0.874         5.2       0.009
  ISD-240              JUNCTION     0.018    0.152     0  12:10       0.728        5.93       0.013
  ISD-241              JUNCTION     0.017    0.166     0  12:10       0.656        6.59       0.012
  ISD-242              JUNCTION     0.016    0.178     0  12:10       0.644        7.23       0.006
  ISD-243              JUNCTION     0.014    0.190     0  12:11       0.555        7.78       0.016
  ISD-244              JUNCTION     0.011    0.201     0  12:11       0.448        8.23       0.015
  ISD-245              JUNCTION     0.017    0.216     0  12:11       0.666        8.89       0.015
  ISD-246              JUNCTION     0.009    0.429     0  10:07       0.359          28       0.034
  ISD-247              JUNCTION     0.023    0.422     0  10:07       0.922        27.7       0.060
  ISD-248              JUNCTION     0.022    0.387     0  16:22        0.86        25.6       0.035
  ISD-249              JUNCTION     0.029    0.405     0  16:21        1.14        26.8       0.053
  ISD-250              JUNCTION     0.018    0.358     0  16:22        0.71        23.8       0.037
  ISD-251              JUNCTION     0.025    0.373     0  16:22       0.977        24.8       0.035
  ISD-252              JUNCTION     0.045    0.533     0  03:35         1.8        23.8       0.078
  ISD-253              JUNCTION     0.083    0.523     0  03:35        3.31        23.6       0.147
  ISD-254              JUNCTION     0.067    1.854     0  12:15        2.67        82.1       0.018
  ISD-255              JUNCTION     0.112    1.781     0  12:15        4.46        85.7       0.028
  ISD-256              JUNCTION     0.134    0.880     0  12:20        5.37        34.5       0.085
  ISD-257              JUNCTION     0.156    0.746     0  12:20        6.25        29.1       0.095
  ISD-258              JUNCTION     0.128    0.589     0  12:20        5.09        22.9       0.068
  ISD-259              JUNCTION     0.112    0.462     0  12:20        4.42        17.8       0.007
  ISD-260              JUNCTION     0.095    0.350     0  12:20        3.71        13.4       0.007
  ISD-261              JUNCTION     0.048    0.255     0  12:20        1.84        9.69       0.007
  ISD-262              JUNCTION     0.024    0.207     0  12:22       0.921        7.85       0.007
  ISD-263              JUNCTION     0.028    0.273     0  12:21        1.09        10.7       0.014
  ISD-264              JUNCTION     0.023    0.245     0  12:21       0.872        9.61       0.010
  ISD-265              JUNCTION     0.100    0.391     0  12:20        3.87        15.3       0.006
  ISD-266              JUNCTION     0.104    0.291     0  12:20        4.05        11.4       0.007
  ISD-267              JUNCTION     0.187    0.187     0  12:25        7.36        7.36       0.000
  ISD-268              JUNCTION     0.245    0.245     0  12:25        9.71        9.72       0.368
  ISD-269              JUNCTION     0.111    0.357     0  12:25        4.33          14       0.042
  ISD-270              JUNCTION     0.024    0.381     0  12:24       0.933        14.9       0.007
  ISD-271              JUNCTION     0.018    0.399     0  12:21         0.7        15.6       0.017
  ISD-272              JUNCTION     0.006    0.407     0  12:21       0.238        15.9       0.027
  ISD-273              JUNCTION     0.008    0.150     0  02:34        0.31        5.79       0.098
  ISD-274              JUNCTION     0.006    0.151     0  02:34       0.246         5.5       0.127
  ISD-275              JUNCTION     0.009    0.152     0  02:33       0.357        5.32       0.159
  ISD-276              JUNCTION     0.009    0.160     0  02:33       0.372        5.12       0.187
  ISD-277              JUNCTION     0.010    0.154     0  02:33       0.405        4.99       0.212
  ISD-278              JUNCTION     0.011    0.165     0  02:33       0.434        4.91       0.244
  ISD-279              JUNCTION     0.012    0.163     0  02:33       0.468        4.89       0.262
  ISD-280              JUNCTION     0.011    0.171     0  02:33       0.445        4.89       0.301
  ISD-281              JUNCTION     0.011    0.183     0  02:33       0.416        4.93       0.289
  ISD-282              JUNCTION     0.011    0.191     0  02:23       0.433           5       0.303
  ISD-283              JUNCTION     0.009    1.413     0  12:11       0.367        77.6       0.019
  ISD-285              JUNCTION     0.017    1.792     0  11:59       0.659        81.7       0.024
  ISD-286              JUNCTION     0.019    1.774     0  11:56       0.722        81.1       0.023
  ISD-287              JUNCTION     0.019    1.759     0  13:48       0.732        80.3       0.024
  ISD-288              JUNCTION     0.012    1.746     0  13:45       0.441        79.6       0.016
  ISD-289              JUNCTION     0.011    1.789     0  13:45       0.418        79.2       0.015
  ISD-290              JUNCTION     0.012    1.734     0  13:45       0.475        78.8       0.016
  ISD-291              JUNCTION     0.014    1.716     0  11:05       0.551        78.3       0.016
  ISD-292              JUNCTION     0.012    1.708     0  10:54       0.476        77.8       0.015
  ISD-293              JUNCTION     0.010    1.695     0  13:56       0.381        77.3       0.014
  ISD-294              JUNCTION     0.015    1.691     0  13:56       0.573        76.9       0.019
  ISD-295              JUNCTION     0.017    1.684     0  13:56       0.656        76.4       0.021
  ISD-296              JUNCTION     0.022    1.663     0  14:20        0.83        75.7       0.019
  ISD-297              JUNCTION     0.033    1.666     0  14:21        1.27        74.9       0.019
  ISD-298              JUNCTION     0.026    1.720     0  14:21       0.992        73.9       0.008
  ISD-299              JUNCTION     0.023    1.682     0  13:44       0.871          73       0.014
  ISD-300              JUNCTION     0.021    1.695     0  14:18       0.813        72.1       0.014
  ISD-301              JUNCTION     0.021    1.659     0  13:29       0.817        71.4       0.003
  ISD-302              JUNCTION     0.027    1.888     0  12:06        1.04        71.7       0.003
  ISD-303              JUNCTION     0.022    1.999     0  11:54       0.827        70.8      -0.003
  ISD-304              JUNCTION     0.029    1.821     0  12:41        1.11        69.2       0.012
  ISD-305              JUNCTION     0.020    1.810     0  12:08       0.752          70       0.012
  ISD-306              JUNCTION     0.023    2.171     0  13:42       0.866        68.5       0.012
  ISD-307              JUNCTION     0.012    2.309     0  13:43       0.465        68.1       0.012
  ISD-308              JUNCTION     0.027    1.747     0  12:07        1.03        67.2      -0.003
  ISD-309              JUNCTION     0.032    1.681     0  12:08        1.22        65.7       0.006
  ISD-310              JUNCTION     0.026    1.625     0  12:08       0.981        64.5       0.004
  ISD-311              JUNCTION     0.030    1.597     0  12:23        1.13        63.5       0.004
  ISD-312              JUNCTION     0.027    1.593     0  12:51        1.05        62.4       0.002
  ISD-313              JUNCTION     0.030    1.561     0  12:25        1.16        61.3       0.003
  ISD-314              JUNCTION     0.030    1.531     0  12:05        1.16        60.2       0.004
  ISD-315              JUNCTION     0.023    1.487     0  12:08       0.881          59       0.004
  ISD-316              JUNCTION     0.029    1.480     0  12:08        1.13        58.1       0.005
  ISD-317              JUNCTION     0.036    1.443     0  12:05        1.38          57       0.008
  ISD-318              JUNCTION     0.043    1.408     0  12:36        1.64        55.6       0.009
  ISD-319              JUNCTION     0.038    1.387     0  12:22        1.44          54       0.008
  ISD-320              JUNCTION     0.043    1.358     0  12:07        1.66        52.6       0.009
  ISD-321              JUNCTION     0.041    1.349     0  12:16        1.57        50.9       0.002
  ISD-322              JUNCTION     0.026    1.312     0  12:07       0.976        49.3       0.004
  ISD-323              JUNCTION     0.031    1.244     0  12:32         1.2        48.4       0.009
  ISD-324              JUNCTION     0.032    1.211     0  12:32        1.22        47.2       0.000
  ISD-325              JUNCTION     0.027    1.236     0  12:32        1.01          46       0.003
  ISD-326              JUNCTION     0.021    1.224     0  12:36       0.791        44.9       0.005
  ISD-327              JUNCTION     0.020    1.159     0  12:32       0.775        44.2       0.004
  ISD-328              JUNCTION     0.020    1.164     0  12:36        0.78        43.4       0.005
  ISD-329              JUNCTION     0.024    1.171     0  12:36       0.929        42.6       0.009
  ISD-330              JUNCTION     0.020    1.126     0  12:32        0.76        41.7       0.004
  ISD-331              JUNCTION     0.017    1.084     0  12:32       0.653        40.9       0.003
  ISD-332              JUNCTION     0.017    1.229     0  12:38       0.631        40.3       0.007
  ISD-333              JUNCTION     0.017    0.986     0  12:23        0.64        39.6       0.008
  ISD-334              JUNCTION     0.018    0.935     0  12:32       0.685          39       0.010
  ISD-335              JUNCTION     0.014    0.908     0  12:15       0.543        38.3       0.003
  ISD-336              JUNCTION     0.013    0.892     0  12:19       0.506        37.8       0.004
  ISD-337              JUNCTION     0.015    0.887     0  12:20       0.577        37.3       0.007
  ISD-338              JUNCTION     0.013    0.856     0  12:21       0.485        36.7       0.005
  ISD-339              JUNCTION     0.010    0.855     0  12:20        0.39        36.2       0.004
  ISD-340              JUNCTION     0.010    0.840     0  12:21       0.386        35.8       0.004
  ISD-341              JUNCTION     0.010    0.827     0  12:21       0.397        35.4       0.008
  ISD-342              JUNCTION     0.009    0.799     0  12:21       0.347        35.1       0.003
  ISD-343              JUNCTION     0.012    0.153     0  12:15       0.444        4.69      -0.025
  ISD-344              JUNCTION     0.010    0.234     0  12:21       0.373        5.17       0.248
  ISD-345              JUNCTION     0.017    0.111     0  12:10       0.642        4.21      -0.029
  ISD-346              JUNCTION     0.020    0.094     0  12:10       0.744        3.57       0.010
  ISD-347              JUNCTION     0.020    0.074     0  12:10       0.752        2.83       0.011
  ISD-348              JUNCTION     0.023    0.054     0  12:10       0.871        2.07       0.013
  ISD-349              JUNCTION     0.017    0.032     0  12:10       0.659         1.2       0.015
  ISD-350              JUNCTION     0.014    0.014     0  12:10       0.545       0.545       0.000
  ISD-351              JUNCTION     0.022    0.722     0  11:59       0.838        18.1      -0.174
  ISD-352              JUNCTION     0.020    1.042     0  11:58       0.756        21.2      -1.309
  ISD-353              JUNCTION     0.018    0.981     0  12:34       0.677          23       0.035
  ISD-354              JUNCTION     0.020    1.554     0  13:19        0.76        31.2      -0.280
  ISD-355              JUNCTION     0.021    1.364     0  13:00       0.795        28.5      -0.121
  ISD-356              JUNCTION     0.053    0.352     0  12:22        2.02        15.5       0.141
  ISD-357              JUNCTION     0.051    0.299     0  12:24        1.96        12.6       0.034
  ISD-358              JUNCTION     0.021    0.259     0  12:26       0.801        10.6       0.006
  ISD-359              JUNCTION     0.028    0.156     0  04:12        1.06        5.07       0.049
  ISD-360              JUNCTION     0.013    0.150     0  04:12       0.504        4.97       0.053
  ISD-361              JUNCTION     0.014    0.146     0  04:12       0.532        5.15       0.054
  ISD-362              JUNCTION     0.022    0.143     0  04:11       0.841        5.54       0.055
  ISD-363              JUNCTION     0.024    0.137     0  04:11       0.916        4.59       0.058
  ISD-364              JUNCTION     0.023    0.254     0  12:09       0.865        12.4       0.025
  ISD-365              JUNCTION     0.023    0.184     0  12:10       0.882        9.97       0.027
  ISD-366              JUNCTION     0.306    0.306     0  12:30        12.2        12.5       0.075
  ISD-367              JUNCTION     0.302    0.302     0  12:25          12          12       0.010
  ISD-368              JUNCTION     0.033    0.182     0  12:20        1.27        7.21       0.006
  ISD-369              JUNCTION     0.040    0.222     0  12:20        1.55        8.77       0.005
  ISD-370              JUNCTION     0.034    0.255     0  12:15         1.3        10.1       0.005
  ISD-371              JUNCTION     0.034    0.289     0  12:15         1.3        11.4       0.004
  ISD-372              JUNCTION     0.043    0.331     0  12:15        1.65          13       0.004
  ISD-373              JUNCTION     0.044    0.376     0  12:15         1.7        14.7       0.004
  ISD-374              JUNCTION     0.035    0.410     0  12:15        1.34          16       0.004
  ISD-375              JUNCTION     0.033    0.443     0  12:15        1.27        17.3       0.003
  ISD-376              JUNCTION     0.042    0.486     0  12:15        1.63        18.9       0.003
  ISD-377              JUNCTION     0.037    0.522     0  12:15        1.42        20.4       0.003
  ISD-378              JUNCTION     0.026    0.548     0  12:15       0.991        21.4       0.003
  ISD-379              JUNCTION     0.022    0.571     0  12:15       0.851        22.2       0.003
  ISD-380              JUNCTION     0.034    0.604     0  12:14        1.29        23.5       0.003
  ISD-381              JUNCTION     0.035    0.640     0  12:14        1.34        24.8       0.003
  ISD-382              JUNCTION     0.023    0.663     0  12:15       0.894        25.7       0.003
  ISD-383              JUNCTION     0.023    0.686     0  12:11       0.885        26.6       0.007
  ISD-384              JUNCTION     0.036    0.472     0  09:14        1.39        24.4       0.006
  ISD-385              JUNCTION     0.047    0.509     0  12:08        1.81        26.3       0.005
  ISD-386              JUNCTION     0.039    0.548     0  12:08        1.49        27.7       0.005
  ISD-387              JUNCTION     0.027    0.575     0  12:08        1.03        28.8       0.010
  ISD-388              JUNCTION     0.026    0.366     0  12:15       0.974        22.3       0.014
  ISD-389              JUNCTION     0.035    0.229     0  20:21        1.34        10.9       0.026
  ISD-390              JUNCTION     0.049    0.241     0  20:21        1.86        12.8       0.019
  ISD-391              JUNCTION     0.042    0.250     0  20:20        1.57        14.3       0.018
  ISD-392              JUNCTION     0.039    0.260     0  20:21        1.49        15.8       0.013
  ISD-393              JUNCTION     0.050    0.272     0  20:21        1.88        17.7       0.012
  ISD-394              JUNCTION     0.039    0.281     0  20:21        1.48        19.2       0.012
  ISD-395              JUNCTION     0.027    0.289     0  07:49           1        20.2       0.010
  ISD-396              JUNCTION     0.027    0.304     0  10:11        1.01        21.2       0.009
  ISD-397              JUNCTION     0.040    0.343     0  12:10        1.51        22.7       0.007
  ISD-398              JUNCTION     0.053    0.396     0  12:10        1.97        24.6       0.007
  ISD-399              JUNCTION     0.044    0.439     0  12:10        1.63        26.3       0.008
  ISD-400              JUNCTION     0.028    0.468     0  12:10        1.06        27.3       0.009
  ISD-401              JUNCTION     0.029    0.468     0  12:12        1.06        28.2       0.008
  ISD-402              JUNCTION     0.042    0.510     0  12:14        1.56        29.8       0.011
  ISD-403              JUNCTION     0.055    0.333     0  20:39        2.06        22.3       0.008
  ISD-404              JUNCTION     0.044    0.343     0  20:37        1.65        23.9       0.008
  ISD-405              JUNCTION     0.028    0.352     0  12:25        1.04          25       0.008
  ISD-406              JUNCTION     0.030    0.382     0  12:07        1.11        26.1       0.008
  ISD-407              JUNCTION     0.043    0.424     0  12:19         1.6        27.7       0.007
  ISD-408              JUNCTION     0.044    0.468     0  12:13        1.64        29.3       0.008
  ISD-409              JUNCTION     0.031    0.468     0  12:15        1.15        30.7       0.011
  ISD-410              JUNCTION     0.032    0.437     0  12:12        1.18        29.5       0.007
  ISD-411              JUNCTION     0.032    0.318     0  21:23        1.21          20       0.017
  ISD-412              JUNCTION     0.030    0.324     0  21:22        1.11        21.1       0.012
  ISD-413              JUNCTION     0.047    0.332     0  21:22        1.76        22.8       0.010
  ISD-414              JUNCTION     0.061    0.344     0  12:20        2.29        25.1       0.008
  ISD-415              JUNCTION     0.046    0.390     0  12:20        1.74        26.9       0.008
  ISD-416              JUNCTION     0.033    0.423     0  12:20        1.23        28.1       0.007
  ISD-417              JUNCTION     0.031    0.453     0  12:20        1.15        29.2       0.008
  ISD-418              JUNCTION     0.045    0.448     0  12:15         1.7        30.3       0.007
  ISD-419              JUNCTION     0.050    0.498     0  12:15        1.88        32.2       0.008
  ISD-420              JUNCTION     0.035    0.407     0  12:13        1.31        29.3       0.008
  ISD-421              JUNCTION     0.036    0.442     0  12:14        1.33        30.6       0.009
  ISD-422              JUNCTION     0.114    0.385     0  21:42        4.36        26.1       0.014
  ISD-423              JUNCTION     0.078    0.402     0  12:20        2.96        27.6       0.012
  ISD-424              JUNCTION     0.050    0.409     0  12:15        1.86        28.7       0.011
  ISD-425              JUNCTION     0.102    0.431     0  12:20        3.86        29.8       0.013
  ISD-426              JUNCTION     0.091    0.522     0  12:20        3.44        33.2       0.016
  ISD-427              JUNCTION     0.088    0.430     0  21:17        3.35        29.1       0.019
  ISD-428              JUNCTION     0.087    0.452     0  19:32        3.31          32       0.018
  ISD-429              JUNCTION     0.090    0.481     0  19:31         3.4        35.4       0.019
  ISD-430              JUNCTION     0.075    0.546     0  12:20        2.83        38.2       0.020
  ISD-431              JUNCTION     0.063    0.610     0  12:20        2.39        40.6       0.019
  ISD-432              JUNCTION     0.074    0.705     0  12:20         2.8        45.2       0.017
  ISD-433              JUNCTION     0.057    0.667     0  12:20        2.14        42.7       0.018
  ISD-434              JUNCTION     0.061    0.724     0  12:15         2.3        46.9       0.016
  ISD-435              JUNCTION     0.057    0.250     0  23:17        2.14        16.7       0.046
  ISD-436              JUNCTION     0.073    0.255     0  02:23        2.76        19.5       0.039
  ISD-437              JUNCTION     0.100    0.335     0  12:15        3.81        23.3       0.033
  ISD-438              JUNCTION     0.124    0.459     0  12:22        4.75          28       0.028
  ISD-439              JUNCTION     0.139    0.166     0  12:18        5.35        11.8       0.069
  ISD-440              JUNCTION     0.108    0.703     0  12:14        4.19        48.4       0.017
  ISD-441              JUNCTION     0.093    0.715     0  12:12        3.58        44.6       0.017
  ISD-442              JUNCTION     0.076    0.428     0  12:13        2.93        32.4       0.024
  ISD-443              JUNCTION     0.092    0.623     0  12:12        3.57          41       0.019
  ISD-444              JUNCTION     0.073    0.530     0  12:12         2.8        37.5       0.020
  ISD-445              JUNCTION     0.071    0.461     0  09:47        2.75        34.7       0.022
  ISD-446              JUNCTION     0.078    0.427     0  18:14        3.02        31.9       0.024
  ISD-447              JUNCTION     0.076    0.392     0  18:15        2.93        28.9       0.026
  ISD-448              JUNCTION     0.075    0.424     0  12:15         2.9        30.1       0.025
  ISD-449              JUNCTION     0.114    0.420     0  12:14        4.38        28.2       0.027
  ISD-450              JUNCTION     0.094    0.353     0  23:45        3.63        23.8       0.041
  ISD-451              JUNCTION     0.097    0.349     0  23:45        3.72        20.2       0.048
  ISD-452              JUNCTION     0.051    0.353     0  12:10        1.95          26       0.029
  ISD-453              JUNCTION     0.055    0.469     0  12:10        2.08        32.2       0.024
  ISD-454              JUNCTION     0.044    0.414     0  12:12        1.69        30.1       0.025
  ISD-455              JUNCTION     0.030    0.370     0  12:10        1.17        28.4       0.027
  ISD-456              JUNCTION     0.030    0.350     0  23:38        1.16        27.3       0.028
  ISD-457              JUNCTION     0.025    0.347     0  23:38       0.964        24.9       0.031
  ISD-458              JUNCTION     0.032    0.348     0  23:38         1.2        26.1       0.029
  ISD-459              JUNCTION     0.030    0.528     0  12:11        1.13        36.9       0.021
  ISD-460              JUNCTION     0.030    0.499     0  12:11        1.15        35.8       0.021
  ISD-461              JUNCTION     0.040    0.469     0  12:18        1.54        34.6       0.022
  ISD-462              JUNCTION     0.038    0.429     0  12:25        1.46        33.1       0.023
  ISD-463              JUNCTION     0.035    0.413     0  22:51        1.36        31.6       0.025
  ISD-464              JUNCTION     0.033    0.410     0  22:51         1.3        30.5       0.023
  ISD-465              JUNCTION     0.030    0.519     0  12:11        1.19        37.3       0.020
  ISD-466              JUNCTION     0.028    0.488     0  12:11        1.09        36.1       0.021
  ISD-467              JUNCTION     0.019    0.461     0  12:11       0.736          35       0.019
  ISD-468              JUNCTION     0.016    0.443     0  12:27       0.631        34.3       0.018
  ISD-469              JUNCTION     0.012    0.439     0  21:55       0.477        33.7       0.017
  ISD-470              JUNCTION     0.014    0.437     0  22:04       0.551        33.2       0.019
  ISD-471              JUNCTION     0.012    0.435     0  22:03       0.471        32.7       0.020
  ISD-472              JUNCTION     0.009    0.454     0  11:59       0.355        34.6       0.021
  ISD-473              JUNCTION     0.009    0.445     0  12:10       0.359        34.2       0.019
  ISD-474              JUNCTION     0.008    0.436     0  20:37         0.3        33.9       0.015
  ISD-475              JUNCTION     0.005    0.458     0  12:00       0.209        34.6       0.017
  ISD-476              JUNCTION     0.005    0.452     0  12:08       0.192        34.4       0.014
  ISD-477              JUNCTION     0.004    0.448     0  12:00       0.172        34.3       0.011
  ISD-478              JUNCTION     0.004    0.443     0  12:00       0.153        34.1       0.012
  ISD-479              JUNCTION     0.007    0.321     0  22:12        0.26          23       0.018
  ISD-480              JUNCTION     0.007    0.320     0  22:12       0.287        22.7       0.019
  ISD-481              JUNCTION     0.019    0.392     0  12:08       0.739          29       0.010
  ISD-482              JUNCTION     0.010    0.402     0  12:05       0.393        29.4       0.015
  ISD-483              JUNCTION     0.017    0.529     0  12:06       0.685        36.5       0.008
  ISD-484              JUNCTION     0.020    0.512     0  12:06       0.807        35.8       0.006
  ISD-485              JUNCTION     0.028    0.491     0  12:06         1.1          35       0.006
  ISD-486              JUNCTION     0.027    0.472     0  20:17        1.07        33.9       0.006
  ISD-487              JUNCTION     0.138    0.564     0  12:15        5.51        36.4       0.018
  ISD-488              JUNCTION     0.206    0.776     0  12:15        8.23        46.2       0.011
  ISD-489              JUNCTION     0.068    0.618     0  12:09        2.68        38.9       0.004
  ISD-490              JUNCTION     0.052    0.551     0  12:10        2.07        36.2       0.002
  ISD-491              JUNCTION     0.075    0.575     0  12:10        2.97        36.4       0.005
  ISD-492              JUNCTION     0.071    0.583     0  12:10         2.8        36.3       0.005
  ISD-493              JUNCTION     0.068    0.567     0  12:10        2.71        35.1       0.005
  ISD-494              JUNCTION     0.077    0.629     0  12:10        3.07          37       0.004
  ISD-495              JUNCTION     0.070    0.651     0  12:12        2.79        36.4       0.004
  ISD-496              JUNCTION     0.058    0.581     0  12:12         2.3        33.6       0.004
  ISD-497              JUNCTION     0.052    0.494     0  17:47        2.06        29.6       0.005
  ISD-498              JUNCTION     0.044    0.523     0  12:13        1.73        31.3       0.005
  ISD-499              JUNCTION     0.075    0.675     0  12:10        2.98        34.1       0.005
  ISD-500              JUNCTION     0.057    0.600     0  12:11        2.27        31.1       0.004
  ISD-501              JUNCTION     0.034    0.633     0  12:10        1.33        30.5       0.004
  ISD-502              JUNCTION     0.040    0.605     0  12:10        1.57        29.2       0.004
  ISD-503              JUNCTION     0.039    0.565     0  12:09        1.53        27.6       0.005
  ISD-504              JUNCTION     0.048    0.539     0  12:10        1.91        26.2       0.005
  ISD-505              JUNCTION     0.078    0.597     0  12:10        3.08        25.7       0.005
  ISD-506              JUNCTION     0.057    0.582     0  12:10        2.25          23       0.004
  ISD-507              JUNCTION     0.041    0.525     0  12:10        1.62        20.7       0.004
  ISD-508              JUNCTION     0.041    0.484     0  12:11        1.62        19.1       0.005
  ISD-509              JUNCTION     0.030    0.443     0  12:10        1.17        17.5       0.006
  ISD-510              JUNCTION     0.027    0.413     0  12:11        1.05        16.3       0.005
  ISD-511              JUNCTION     0.018    0.387     0  12:08       0.715        15.2       0.007
  ISD-512              JUNCTION     0.026    0.369     0  12:10        1.03        14.5       0.005
  ISD-513              JUNCTION     0.027    0.342     0  12:11        1.07        13.5       0.006
  ISD-514              JUNCTION     0.032    0.315     0  12:10        1.26        12.4       0.006
  ISD-515              JUNCTION     0.031    0.347     0  10:37        1.22        11.2       0.005
  ISD-516              JUNCTION     0.022    0.333     0  11:16       0.857        9.95       0.005
  ISD-517              JUNCTION     0.020    0.230     0  12:11       0.799        9.09       0.006
  ISD-518              JUNCTION     0.027    0.210     0  12:07        1.05        8.29       0.006
  ISD-519              JUNCTION     0.025    0.183     0  12:07       0.991        7.24       0.007
  ISD-520              JUNCTION     0.024    0.158     0  12:06       0.962        6.25       0.007
  ISD-521              JUNCTION     0.021    0.134     0  12:06       0.822        5.29       0.007
  ISD-522              JUNCTION     0.017    0.113     0  12:06       0.684        4.47       0.008
  ISD-523              JUNCTION     0.016    0.096     0  12:10        0.62        3.78       0.009
  ISD-524              JUNCTION     0.012    0.080     0  12:10       0.486        3.16       0.010
  ISD-525              JUNCTION     0.010    0.068     0  12:10       0.393        2.68       0.011
  ISD-526              JUNCTION     0.012    0.058     0  12:10       0.474        2.28       0.012
  ISD-527              JUNCTION     0.394    0.430     0  12:30        15.9        17.7       0.060
  ISD-528              JUNCTION     0.157    0.298     0  12:20        6.27        15.5       0.045
  ISD-529              JUNCTION     0.125    0.164     0  12:20        4.95        9.22       0.037
  ISD-530              JUNCTION     0.283    0.392     0  12:25        11.3        19.5       0.020
  ISD-531              JUNCTION     0.190    0.400     0  12:20        7.52        22.6       0.018
  ISD-532              JUNCTION     0.159    0.370     0  12:20        6.29          22       0.019
  ISD-533              JUNCTION     0.119    0.342     0  12:15        4.75        21.5       0.019
  ISD-534              JUNCTION     0.052    0.309     0  12:10        2.07        21.2       0.024
  ISD-535              JUNCTION     0.044    0.246     0  12:10        1.73        17.4       0.036
  ISD-536              JUNCTION     0.024    0.169     0  23:24       0.936        4.67       0.122
  ISD-537              JUNCTION     0.018    0.171     0  23:24        0.71        5.37       0.119
  ISD-538              JUNCTION     0.027    0.081     0  19:34        1.05        5.45       0.141
  ISD-539              JUNCTION     0.043    0.205     0  12:10        1.72        9.12       0.089
  ISD-540              JUNCTION     0.044    0.206     0  12:11        1.74        7.78       0.073
  ISD-541              JUNCTION     0.036    0.162     0  12:11        1.42        6.04       0.065
  ISD-542              JUNCTION     0.032    0.126     0  12:11        1.25        4.63       0.085
  ISD-543              JUNCTION     0.106    0.106     0  12:15        4.09        4.09       0.075
  ISD-544              JUNCTION     0.030    0.094     0  12:19        1.16        3.37       0.070
  ISD-546              JUNCTION     0.019    0.715     0  12:05        0.68          37       0.006
  ISD-547              JUNCTION     0.024    0.738     0  12:12       0.832        37.8       0.005
  ISD-548              JUNCTION     0.060    0.696     0  12:27        2.23        36.3       0.003
  ISD-549              JUNCTION     0.080    0.807     0  12:20        2.94        37.7       0.003
  ISD-550              JUNCTION     0.147    0.831     0  12:25        5.48        34.8       0.002
  ISD-551              JUNCTION     0.043    0.874     0  12:26        1.56        36.4       0.002
  ISD-552              JUNCTION     0.185    0.684     0  12:29        6.86        29.3       0.002
  ISD-553              JUNCTION     0.154    0.499     0  12:29        5.68        22.5       0.002
  ISD-554              JUNCTION     0.133    0.346     0  11:46        4.87        17.1       0.003
  ISD-555              JUNCTION     0.091    0.244     0  18:19        3.29        12.7       0.010
  ISD-556              JUNCTION     0.335    0.335     0  12:40        12.8        14.2       0.094
  ISD-557              JUNCTION     0.410    0.777     0  12:34          16          25       0.057
  ISD-558              JUNCTION     0.625    0.625     0  12:35        24.9        30.1       0.039
  ISD-559              JUNCTION     0.585    0.925     0  12:34        23.4        48.2       0.079
  ISD-560              JUNCTION     0.080    0.889     0  12:15         3.1        50.2       0.016
  ISD-561              JUNCTION     0.004    0.215     0  18:41       0.167        11.8       0.046
  ISD-562              JUNCTION     0.007    0.214     0  18:41       0.289        14.3       0.041
  ISD-563              JUNCTION     0.010    0.211     0  18:41         0.4          14       0.039
  ISD-564              JUNCTION     0.011    0.207     0  04:45       0.427        13.6       0.041
  ISD-565              JUNCTION     0.013    0.204     0  20:31       0.524        13.2       0.044
  ISD-566              JUNCTION     0.011    0.200     0  20:31       0.454        12.7       0.047
  ISD-567              JUNCTION     0.013    0.197     0  20:31       0.526        13.7       0.044
  ISD-568              JUNCTION     0.026    0.194     0  20:31        1.04        13.4       0.045
  ISD-569              JUNCTION     0.029    0.187     0  20:32        1.14        12.4       0.042
  ISD-570              JUNCTION     0.017    0.180     0  20:39       0.687        11.3       0.045
  ISD-571              JUNCTION     0.016    0.175     0  20:39       0.617        10.6       0.055
  ISD-572              JUNCTION     0.021    0.171     0  20:39       0.822        9.99       0.048
  ISD-573              JUNCTION     0.023    0.366     0  12:12       0.919        17.7       0.036
  ISD-574              JUNCTION     0.018    0.343     0  12:09       0.695        16.8       0.033
  ISD-575              JUNCTION     0.017    0.325     0  14:19       0.662        16.1       0.033
  ISD-576              JUNCTION     0.026    0.388     0  12:18        1.04          16       0.034
  ISD-577              JUNCTION     0.025    0.510     0  12:18       0.971        21.2       0.019
  ISD-578              JUNCTION     0.017    0.526     0  12:18       0.666        21.7       0.021
  ISD-579              JUNCTION     0.017    0.662     0  12:09       0.675        25.4       0.029
  ISD-580              JUNCTION     0.020    0.120     0  12:09       0.804        3.47       0.088
  ISD-581              JUNCTION     0.020    0.099     0  12:09       0.784         2.7       0.049
  ISD-582              JUNCTION     0.015    0.127     0  12:11       0.582        2.59       0.011
  ISD-583              JUNCTION     0.007    0.169     0  12:14       0.273         3.2       0.003
  ISD-584              JUNCTION     0.006    0.094     0  12:14       0.227        2.24       0.012
  ISD-585              JUNCTION     0.014    0.025     0  12:15       0.547       0.825       0.012
  ISD-586              JUNCTION     0.147    0.295     0  12:15        5.87        13.2       0.270
  ISD-588              JUNCTION     0.059    0.694     0  12:14        2.33        42.9       0.006
  ISD-589              JUNCTION     0.038    0.635     0  12:12        1.49        40.5       0.006
  ISD-590              JUNCTION     0.039    0.597     0  12:08        1.53        39.1       0.006
  ISD-591              JUNCTION     0.059    0.558     0  12:16        2.33        37.5       0.009
  ISD-592              JUNCTION     0.076    0.507     0  15:28        2.99        35.2       0.012
  ISD-593              JUNCTION     0.060    0.456     0  08:48        2.36        32.2       0.015
  ISD-594              JUNCTION     0.040    0.419     0  08:35        1.56        29.9       0.017
  ISD-595              JUNCTION     0.038    0.402     0  19:38        1.47        28.3       0.019
  ISD-596              JUNCTION     0.055    0.390     0  19:45        2.17        26.9       0.020
  ISD-597              JUNCTION     0.103    0.376     0  21:32        4.05        24.7       0.022
  ISD-598              JUNCTION     0.091    0.356     0  21:32        3.61        20.6       0.031
  ISD-599              JUNCTION     0.045    0.338     0  21:33        1.77        20.4       0.033
  ISD-600              JUNCTION     0.039    0.330     0  21:33        1.54        18.6       0.035
  ISD-601              JUNCTION     0.053    0.323     0  21:34        2.07        17.1       0.037
  ISD-602              JUNCTION     0.080    0.340     0  12:14        3.16        22.4       0.029
  ISD-603              JUNCTION     0.065    0.297     0  21:34        2.59        19.2       0.030
  ISD-604              JUNCTION     0.048    0.428     0  12:10         1.9        28.7       0.021
  ISD-605              JUNCTION     0.032    0.480     0  12:10        1.27        30.2       0.018
  ISD-606              JUNCTION     0.063    0.448     0  12:12        2.47        28.9       0.016
  ISD-607              JUNCTION     0.081    0.464     0  12:14         3.2        27.9       0.015
  ISD-608              JUNCTION     0.067    0.383     0  12:11        2.67        24.7       0.010
  ISD-609              JUNCTION     0.113    0.339     0  12:15         4.5        22.2       0.015
  ISD-610              JUNCTION     0.125    0.281     0  12:15        4.98        18.5       0.017
  ISD-611              JUNCTION     0.077    0.238     0  04:10        3.06        13.5       0.018
  ISD-612              JUNCTION     0.039    0.454     0  12:06        1.55        25.9       0.011
  ISD-613              JUNCTION     0.026    0.415     0  12:06        1.01        24.4       0.008
  ISD-614              JUNCTION     0.035    0.598     0  12:10        1.36        28.6       0.006
  ISD-615              JUNCTION     0.025    0.390     0  08:39       0.991        23.4       0.008
  ISD-616              JUNCTION     0.067    0.563     0  12:14        2.64        27.2       0.003
  ISD-617              JUNCTION     0.063    0.600     0  12:13        2.47          26       0.005
  ISD-618              JUNCTION     0.035    0.537     0  12:09        1.37        23.5       0.006
  ISD-619              JUNCTION     0.058    0.565     0  12:14        2.28        22.5       0.005
  ISD-620              JUNCTION     0.113    0.507     0  12:15        4.46        20.2       0.006
  ISD-621              JUNCTION     0.079    0.394     0  12:14        3.11        15.8       0.006
  ISD-622              JUNCTION     0.026    0.315     0  12:14           1        12.7       0.007
  ISD-623              JUNCTION     0.024    0.306     0  13:47       0.911        11.7       0.010
  ISD-624              JUNCTION     0.018    0.367     0  11:19       0.688        10.8       0.004
  ISD-625              JUNCTION     0.030    0.247     0  12:16        1.16        10.1       0.007
  ISD-626              JUNCTION     0.050    0.217     0  12:15        1.92        8.91       0.010
  ISD-627              JUNCTION     0.003    0.150     0  06:28       0.101        4.81       0.067
  ISD-628              JUNCTION     0.005    0.135     0  06:52       0.175        4.65       0.038
  ISD-629              JUNCTION     0.015    0.096     0  12:00       0.556        4.27       0.035
  ISD-630              JUNCTION     0.020    0.081     0  12:55        0.75        3.72       0.015
  ISD-631              JUNCTION     0.052    0.063     0  13:06        2.02        2.97       0.019
  ISD-632              JUNCTION     0.079    0.079     0  12:15        3.08        3.08       0.013
  ISD-633              JUNCTION     0.027    0.096     0  12:15        1.04        3.17       0.022
  ISD-634              JUNCTION     0.026    0.123     0  12:15        1.02         4.2       0.013
  ISD-635              JUNCTION     0.027    0.149     0  12:15        1.05        5.24       0.010
  ISD-636              JUNCTION     0.022    0.171     0  12:15       0.861         6.1       0.009
  ISD-637              JUNCTION     0.014    0.186     0  12:15       0.562        6.67       0.008
  ISD-638              JUNCTION     0.014    0.200     0  12:15       0.544        7.21       0.009
  ISD-639              JUNCTION     0.015    0.214     0  12:15       0.574        7.78       0.007
  ISD-640              JUNCTION     0.016    0.230     0  12:14       0.627        8.41       0.007
  ISD-641              JUNCTION     0.015    0.245     0  12:14       0.595           9       0.007
  ISD-642              JUNCTION     0.015    0.260     0  12:14       0.579        9.58       0.007
  ISD-643              JUNCTION     0.016    0.276     0  12:14       0.612        10.2       0.007
  ISD-644              JUNCTION     0.017    0.311     0  16:12        0.68        10.9       0.006
  ISD-645              JUNCTION     0.017    0.328     0  16:05       0.661        11.6      -0.007
  ISD-646              JUNCTION     0.015    0.449     0  18:24        0.58        12.3       0.009
  ISD-647              JUNCTION     0.016    0.389     0  07:48       0.644        12.8      -0.004
  ISD-648              JUNCTION     0.017    0.358     0  12:14        0.67        13.5       0.007
  ISD-649              JUNCTION     0.032    0.390     0  12:14        1.25        14.7       0.001
  ISD-650              JUNCTION     0.027    0.693     0  12:10        1.05        37.3       0.006
  ISD-651              JUNCTION     0.030    0.672     0  12:10        1.19        37.5       0.005
  ISD-652              JUNCTION     0.030    0.693     0  12:09        1.17        38.6       0.004
  ISD-653              JUNCTION     0.025    0.718     0  12:10       0.982        39.6       0.005
  ISD-654              JUNCTION     0.025    0.564     0  18:37       0.981        34.3       0.006
  ISD-655              JUNCTION     0.031    0.577     0  18:37        1.24        35.6       0.008
  ISD-656              JUNCTION     0.022    0.588     0  12:12       0.883        36.5       0.010
  ISD-657              JUNCTION     0.015    0.603     0  12:12       0.604        37.1       0.014
  ISD-658              JUNCTION     0.022    0.625     0  12:12       0.886          38       0.017
  ISD-659              JUNCTION     0.029    0.632     0  10:31        1.12        38.9       0.018
  ISD-660              JUNCTION     0.031    0.662     0  12:13        1.21        40.1       0.020
  ISD-661              JUNCTION     0.029    0.691     0  12:09        1.15        41.2       0.019
  ISD-662              JUNCTION     0.031    0.550     0  12:10         1.2        35.7       0.022
  ISD-663              JUNCTION     0.030    0.410     0  12:10        1.17        28.2       0.027
  ISD-664              JUNCTION     0.096    0.412     0  12:15         3.8        26.9       0.046
  ISD-665              JUNCTION     0.103    0.720     0  12:15        4.06          48       0.027
  ISD-666              JUNCTION     0.036    0.551     0  12:10        1.39        33.5       0.024
  ISD-667              JUNCTION     0.038    0.515     0  12:16        1.48        32.1       0.022
  ISD-668              JUNCTION     0.026    0.480     0  19:01        1.02        30.6       0.033
  ISD-669              JUNCTION     0.016    0.471     0  19:04        0.63        29.6       0.020
  ISD-670              JUNCTION     0.019    0.508     0  12:15       0.731        31.1       0.025
  ISD-671              JUNCTION     0.020    0.489     0  12:15       0.756        30.3       0.024
  ISD-672              JUNCTION     0.019    0.471     0  16:07       0.714        29.6       0.024
  ISD-673              JUNCTION     0.020    0.583     0  12:10       0.752        33.5       0.023
  ISD-674              JUNCTION     0.018    0.564     0  12:08       0.697        32.8       0.028
  ISD-675              JUNCTION     0.024    0.828     0  12:10       0.937        40.4       0.019
  ISD-676              JUNCTION     0.034    0.957     0  12:10         1.3        42.8       0.005
  ISD-678              JUNCTION     0.031    0.355     0  12:10         1.2        14.4      -0.001
  ISD-679              JUNCTION     0.019    0.342     0  08:18       0.734        13.2       0.006
  ISD-680              JUNCTION     0.065    0.305     0  12:10        2.53        12.5       0.005
  ISD-681              JUNCTION     0.066    0.239     0  12:10        2.55        9.97       0.010
  ISD-682              JUNCTION     0.029    0.174     0  12:10        1.13        7.42       0.012
  ISD-683              JUNCTION     0.025    0.144     0  12:10       0.971        6.29       0.014
  ISD-684              JUNCTION     0.022    0.119     0  12:10       0.861        5.32       0.019
  ISD-685              JUNCTION     0.026    0.097     0  12:10       0.993        4.46       0.021
  ISD-686              JUNCTION     0.047    0.071     0  12:10        1.83        3.47       0.025
  ISD-687              JUNCTION     0.011    0.208     0  12:14       0.451        8.98       0.004
  ISD-688              JUNCTION     0.009    0.196     0  12:14       0.354        8.53       0.048
  ISD-689              JUNCTION     0.011    0.187     0  12:14       0.438        8.18       0.052
  ISD-690              JUNCTION     0.015    0.176     0  12:14       0.581        7.74       0.031
  ISD-691              JUNCTION     0.018    0.162     0  12:14       0.692        7.16       0.009
  ISD-692              JUNCTION     0.019    0.147     0  12:11        0.75        6.47       0.011
  ISD-693              JUNCTION     0.015    0.125     0  12:14       0.597        5.72       0.014
  ISD-694              JUNCTION     0.015    0.109     0  12:14       0.593        5.13       0.029
  ISD-695              JUNCTION     0.012    0.094     0  12:15       0.459        4.54       0.014
  ISD-696              JUNCTION     0.005    0.224     0  12:17        0.18        11.1       0.010
  ISD-697              JUNCTION     0.052    0.220     0  12:15        2.08        10.9       0.113
  ISD-698              JUNCTION     0.024    1.716     0  12:29        0.93        80.5       0.005
  ISD-699              JUNCTION     0.037    1.452     0  11:58        1.47        79.6       0.009
  ISD-700              JUNCTION     0.028    1.406     0  12:03        1.11        78.1       0.007
  ISD-701              JUNCTION     0.023    1.375     0  12:11       0.913          77       0.005
  ISD-702              JUNCTION     0.030    1.352     0  12:11        1.18        76.1       0.005
  ISD-703              JUNCTION     0.028    1.324     0  12:11        1.11        74.9       0.005
  ISD-704              JUNCTION     0.032    1.325     0  12:10        1.29        73.8       0.004
  ISD-705              JUNCTION     0.017    1.328     0  12:10       0.674        72.5       0.003
  ISD-706              JUNCTION     0.020    1.267     0  12:10       0.773        71.9       0.004
  ISD-707              JUNCTION     0.025    1.235     0  12:10        1.01        71.1       0.006
  ISD-708              JUNCTION     0.020    1.213     0  12:10       0.792        70.1       0.004
  ISD-709              JUNCTION     0.015    1.182     0  12:10       0.611        69.3       0.004
  ISD-710              JUNCTION     0.017    1.176     0  12:11       0.662        68.7       0.005
  ISD-711              JUNCTION     0.024    1.154     0  12:11       0.938          68       0.004
  ISD-712              JUNCTION     0.031    1.129     0  12:15        1.23        67.1       0.005
  ISD-713              JUNCTION     0.027    1.097     0  12:26        1.07        65.9       0.006
  ISD-714              JUNCTION     0.080    1.084     0  08:17         3.2        64.8       0.014
  ISD-715              JUNCTION     0.066    1.085     0  17:27        2.64        61.6       0.021
  ISD-716              JUNCTION     0.011    1.028     0  17:25       0.436          59       0.009
  ISD-717              JUNCTION     0.012    1.018     0  17:25       0.483        58.6       0.010
  ISD-718              JUNCTION     0.018    1.007     0  17:25       0.712        58.1       0.011
  ISD-719              JUNCTION     0.015    1.350     0  12:10       0.607        67.8       0.010
  ISD-720              JUNCTION     0.010    1.325     0  12:10       0.413        66.8       0.009
  ISD-721              JUNCTION     0.013    1.315     0  14:23       0.522        66.4       0.009
  ISD-722              JUNCTION     0.010    1.335     0  12:05       0.397        67.2       0.010
  ISD-723              JUNCTION     0.017    1.434     0  12:04       0.669        66.8       0.009
  ISD-724              JUNCTION     0.016    1.417     0  12:04       0.644        66.1       0.008
  ISD-725              JUNCTION     0.027    1.478     0  12:35        1.08        65.5       0.011
  ISD-726              JUNCTION     0.022    1.450     0  12:35       0.866        64.4       0.000
  ISD-727              JUNCTION     0.013    1.431     0  12:35       0.496        63.6       0.001
  ISD-728              JUNCTION     0.012    1.490     0  12:34       0.462        47.9       0.007
  ISD-729              JUNCTION     0.010    1.462     0  12:34       0.413        47.4       0.004
  ISD-730              JUNCTION     0.013    1.443     0  12:34       0.495          47       0.005
  ISD-731              JUNCTION     0.028    1.442     0  12:34         1.1        46.5       0.017
  ISD-732              JUNCTION     0.033    2.080     0  12:04        1.31        45.4       0.013
  ISD-733              JUNCTION     0.021    1.265     0  12:34       0.841        44.1      -0.031
  ISD-734              JUNCTION     0.022    1.216     0  12:05       0.862        43.3       0.001
  ISD-735              JUNCTION     0.024    1.080     0  12:18        0.96        42.4       0.003
  ISD-736              JUNCTION     0.026    1.056     0  12:18        1.05        41.5       0.004
  ISD-737              JUNCTION     0.028    1.029     0  12:18        1.13        40.4       0.003
  ISD-738              JUNCTION     0.028    1.001     0  12:18         1.1        39.3       0.003
  ISD-739              JUNCTION     0.038    0.973     0  12:19        1.49        38.2       0.003
  ISD-740              JUNCTION     0.045    0.936     0  12:19        1.79        36.7       0.003
  ISD-741              JUNCTION     0.027    0.890     0  12:19        1.08        34.9       0.003
  ISD-742              JUNCTION     0.021    0.863     0  12:20       0.843        33.8       0.003
  ISD-743              JUNCTION     0.022    0.842     0  12:20       0.856          33       0.003
  ISD-744              JUNCTION     0.029    0.821     0  12:20        1.17        32.1       0.003
  ISD-745              JUNCTION     0.014    0.195     0  12:10       0.555        7.71       0.007
  ISD-746              JUNCTION     0.010    0.171     0  12:10       0.382        6.75       0.007
  ISD-747              JUNCTION     0.010    0.181     0  12:10       0.403        7.15       0.014
  ISD-748              JUNCTION     0.014    0.161     0  12:10       0.537        6.37       0.008
  ISD-749              JUNCTION     0.055    0.147     0  12:10        2.17        5.83       0.008
  ISD-750              JUNCTION     0.053    0.093     0  12:10         2.1        3.66       0.007
  ISD-751              JUNCTION     0.016    0.040     0  12:05       0.648        1.56       0.008
  ISD-752              JUNCTION     0.013    0.023     0  12:05       0.494       0.913       0.010
  ISD-753              JUNCTION     0.008    0.011     0  12:05       0.298        0.42       0.013
  ISD-754              JUNCTION     0.010    0.010     0  12:05        0.38        0.38       0.006
  ISD-755              JUNCTION     0.006    0.042     0  14:38       0.234       0.527       0.381
  ISD-756              JUNCTION     0.003    0.009     0  12:05       0.124        0.36       0.010
  ISD-757              JUNCTION     0.024    0.024     0  12:05       0.953       0.953       0.010
  ISD-758              JUNCTION     0.055    0.073     0  12:10        2.17        2.89       0.010
  ISD-759              JUNCTION     0.025    0.099     0  12:10       0.994        3.89       0.010
  ISD-760              JUNCTION     0.024    0.123     0  12:09       0.923        4.81       0.017
  ISD-761              JUNCTION     0.019    0.142     0  12:09        0.75        5.56       0.026
  ISD-762              JUNCTION     0.019    0.160     0  12:09       0.729        6.28       0.014
  ISD-763              JUNCTION     0.024    0.184     0  12:09       0.941        7.22       0.012
  ISD-764              JUNCTION     0.027    0.212     0  12:10        1.07        8.29       0.010
  ISD-765              JUNCTION     0.023    0.235     0  12:10       0.914         9.2       0.012
  ISD-766              JUNCTION     0.021    0.256     0  12:11         0.8          10       0.010
  ISD-767              JUNCTION     0.028    0.284     0  12:10        1.09        11.1       0.007
  ISD-768              JUNCTION     0.025    0.309     0  12:11       0.969        12.1       0.008
  ISD-769              JUNCTION     0.022    0.331     0  12:11        0.85        12.9       0.008
  ISD-770              JUNCTION     0.028    0.360     0  12:11        1.11          14       0.007
  ISD-771              JUNCTION     0.025    0.386     0  12:10       0.978          15       0.007
  ISD-772              JUNCTION     0.034    0.423     0  12:19        1.32        16.3       0.005
  ISD-773              JUNCTION     0.056    0.880     0  12:09        2.19        41.8      -0.007
  ISD-774              JUNCTION     0.184    0.795     0  12:17        7.36        39.7       0.033
  ISD-775              JUNCTION     0.221    0.612     0  12:01        8.82        32.3       0.021
  ISD-776              JUNCTION     0.153    0.419     0  10:43        6.05        23.5       0.014
  ISD-777              JUNCTION     0.261    0.298     0  09:47        10.3        17.6       0.045
  ISD-778              JUNCTION     0.199    0.243     0  12:19        7.86        10.4       0.116
  ISD-779              JUNCTION     0.113    0.356     0  12:19        4.43        8.68       0.100
  ISD-780              JUNCTION     0.106    0.282     0  14:45        4.15         9.1       0.085
  ISD-781              JUNCTION     0.110    0.370     0  14:45        4.29        12.4       0.052
  ISD-782              JUNCTION     0.083    0.436     0  12:41        3.21        15.2       0.010
  ISD-783              JUNCTION     0.039    0.474     0  12:14        1.49        16.6       0.002
  ISD-784              JUNCTION     0.029    0.503     0  12:14        1.09        17.7       0.002
  ISD-785              JUNCTION     0.013    0.535     0  12:10       0.487        18.9       0.001
  ISD-786              JUNCTION     0.018    0.521     0  12:10        0.69        18.4       0.002
  ISD-787              JUNCTION     0.011    0.545     0  12:10       0.377        19.2       0.002
  ISD-788              JUNCTION     0.007    0.552     0  12:10       0.241        19.5       0.001
  ISD-789              JUNCTION     0.016    0.568     0  12:10       0.601        20.1       0.001
  ISD-790              JUNCTION     0.030    0.598     0  12:10        1.13        21.2       0.002
  ISD-791              JUNCTION     0.027    0.625     0  12:10        1.01        22.2       0.002
  ISD-792              JUNCTION     0.017    0.645     0  12:10       0.622        22.8       0.002
  ISD-793              JUNCTION     0.008    0.650     0  12:10        0.29        23.1       0.002
  ISD-794              JUNCTION     0.003    0.653     0  12:10       0.133        23.3       0.002
  ISD-795              JUNCTION     0.012    0.665     0  12:11       0.429        23.7       0.010
  ISD-796              JUNCTION     0.014    0.165     0  06:26       0.545        5.84       0.102
  ISD-797              JUNCTION     0.009    0.162     0  06:28       0.336        6.18       0.090
  ISD-798              JUNCTION     0.009    0.171     0  12:09       0.357        6.72       0.083
  ISD-799              JUNCTION     0.048    0.219     0  12:10        1.92        8.53       0.214
  ISD-800              JUNCTION     0.053    0.604     0  12:11        2.05        21.9       0.040
  ISD-801              JUNCTION     0.048    0.652     0  12:10        1.84        23.7       0.042
  ISD-802              JUNCTION     0.042    0.693     0  12:10        1.62        25.2       0.038
  ISD-803              JUNCTION     0.030    0.723     0  12:10        1.14        26.3       0.036
  ISD-804              JUNCTION     0.030    0.870     0  12:10        1.13        31.9       0.030
  ISD-805              JUNCTION     0.062    0.117     0  12:10        2.38        4.58       0.531
  ISD-806              JUNCTION     0.086    0.086     0  12:15        3.42        3.42       0.256
  ISD-807              JUNCTION     0.021    0.107     0  12:10       0.829        4.24       0.120
  ISD-808              JUNCTION     0.028    0.749     0  12:07        1.12        36.1       0.013
  ISD-809              JUNCTION     0.030    0.614     0  12:07         1.2          31       0.010
  ISD-810              JUNCTION     0.026    0.584     0  12:18        1.04        29.9       0.006
  ISD-811              JUNCTION     0.032    0.557     0  12:18        1.27        28.9       0.006
  ISD-812              JUNCTION     0.036    0.530     0  17:47        1.42        27.8       0.007
  ISD-813              JUNCTION     0.053    0.512     0  17:47        2.11        26.5       0.011
  ISD-814              JUNCTION     0.061    0.886     0  12:10        2.42        50.7       0.004
  ISD-815              JUNCTION     0.254    0.939     0  12:19        10.1          50       0.004
  ISD-816              JUNCTION     0.047    0.686     0  12:09        1.82        39.9       0.005
  ISD-817              JUNCTION     0.048    0.650     0  17:17        1.88        38.1       0.005
  ISD-818              JUNCTION     0.057    1.167     0  12:12        2.22        47.3       0.007
  ISD-819              JUNCTION     0.092    1.110     0  12:11         3.6        45.1      -0.000
  ISD-820              JUNCTION     0.142    1.019     0  12:48        5.55        41.5       0.002
  ISD-821              JUNCTION     0.117    0.928     0  12:17        4.56        36.2      -0.002
  ISD-822              JUNCTION     0.053    0.810     0  12:16        2.06        31.6       0.004
  ISD-823              JUNCTION     0.056    0.757     0  12:15        2.16        29.5       0.004
  ISD-824              JUNCTION     0.076    0.701     0  12:16        2.94        27.3       0.005
  ISD-825              JUNCTION     0.072    0.625     0  12:15        2.77        24.4       0.005
  ISD-826              JUNCTION     0.055    0.553     0  12:16         2.1        21.6       0.006
  ISD-827              JUNCTION     0.062    0.499     0  12:16         2.4        19.5       0.005
  ISD-828              JUNCTION     0.065    0.437     0  12:17        2.48        17.1       0.007
  ISD-829              JUNCTION     0.069    0.303     0  12:17        2.66          12       0.008
  ISD-830              JUNCTION     0.070    0.372     0  12:17        2.68        14.6       0.006
  ISD-831              JUNCTION     0.066    0.233     0  12:22        2.52         9.3       0.009
  ISD-832              JUNCTION     0.068    0.168     0  12:24         2.6        6.78       0.009
  ISD-833              JUNCTION     0.077    0.100     0  12:23        2.96        4.35       0.014
  ISD-834              JUNCTION     0.049    0.063     0  08:42         1.9        2.44       0.022
  ISD-835              JUNCTION     0.071    0.104     0  11:42        2.74        3.79       0.009
  ISD-836              JUNCTION     0.063    0.164     0  11:59         2.4        5.82       0.008
  ISD-837              JUNCTION     0.071    0.234     0  12:05        2.73        8.55       0.010
  ISD-838              JUNCTION     0.182    0.591     0  12:16         7.1        22.5       0.004
  ISD-839              JUNCTION     0.068    0.659     0  12:16        2.62        25.2       0.005
  ISD-840              JUNCTION     0.061    0.721     0  12:15        2.36        27.5       0.005
  ISD-841              JUNCTION     0.095    0.816     0  12:17        3.68        31.2       0.004
  ISD-842              JUNCTION     0.148    0.964     0  12:17        5.75        36.9       0.003
  ISD-843              JUNCTION     0.142    1.106     0  12:16        5.51        42.5       0.004
  ISD-844              JUNCTION     0.062    0.910     0  14:54        2.37        42.3       0.004
  ISD-845              JUNCTION     0.068    0.970     0  12:14        2.59        44.9       0.003
  ISD-846              JUNCTION     0.065    1.035     0  12:14        2.49        47.4       0.003
  ISD-847              JUNCTION     0.059    1.094     0  12:14        2.25        49.6       0.003
  ISD-848              JUNCTION     0.063    1.105     0  12:15        2.39        51.4       0.003
  ISD-849              JUNCTION     0.065    0.967     0  12:15        2.47        49.6       0.004
  ISD-850              JUNCTION     0.061    0.929     0  16:58        2.34        49.5       0.003
  ISD-851              JUNCTION     0.059    0.972     0  11:59        2.25        51.8       0.003
  ISD-852              JUNCTION     0.065    1.037     0  12:12         2.5        54.2       0.003
  ISD-853              JUNCTION     0.063    1.100     0  12:12        2.39        56.6       0.004
  ISD-854              JUNCTION     0.055    0.837     0  18:04         2.1        49.1       0.004
  ISD-855              JUNCTION     0.056    0.868     0  12:26        2.13        51.2       0.002
  ISD-856              JUNCTION     0.065    0.933     0  12:14        2.49        53.7       0.004
  ISD-857              JUNCTION     0.066    0.998     0  12:10         2.5        56.2       0.003
  ISD-858              JUNCTION     0.058    0.990     0  12:15         2.2        57.3       0.003
  ISD-859              JUNCTION     0.054    0.993     0  12:15        2.06          58       0.003
  ISD-860              JUNCTION     0.063    0.984     0  12:15        2.38        58.2       0.003
  ISD-861              JUNCTION     0.064    0.956     0  12:14        2.41          58       0.004
  ISD-862              JUNCTION     0.056    1.012     0  12:16        2.11        60.1       0.004
  ISD-863              JUNCTION     0.061    0.859     0  12:13        2.32          55       0.001
  ISD-864              JUNCTION     0.058    0.917     0  12:14        2.19        57.1       0.004
  ISD-865              JUNCTION     0.056    0.953     0  12:15         2.1        59.1       0.004
  ISD-866              JUNCTION     0.057    0.827     0  19:22        2.14        54.6       0.002
  ISD-867              JUNCTION     0.060    0.881     0  12:19        2.27        56.8      -0.003
  ISD-868              JUNCTION     0.059    0.940     0  12:16        2.21        59.1       0.004
  ISD-869              JUNCTION     0.054    0.839     0  14:03        2.02        56.1       0.006
  ISD-870              JUNCTION     0.049    0.887     0  12:32        1.83        57.9       0.001
  ISD-871              JUNCTION     0.101    0.986     0  12:32         3.8        61.7       0.004
  ISD-872              JUNCTION     0.064    0.860     0  19:46        2.42        52.5       0.002
  ISD-873              JUNCTION     0.047    0.873     0  19:46        1.77        54.2       0.005
  ISD-874              JUNCTION     0.054    0.888     0  19:46        2.02        56.2       0.005
  ISD-875              JUNCTION     0.058    0.905     0  19:46        2.18        58.2       0.004
  ISD-876              JUNCTION     0.052    0.919     0  19:46        1.98        60.2       0.005
  ISD-877              JUNCTION     0.057    0.936     0  19:46        2.16        59.4       0.004
  ISD-878              JUNCTION     0.069    0.956     0  19:46        2.63          62       0.004
  ISD-879              JUNCTION     0.082    0.981     0  19:46        3.17        65.2       0.004
  ISD-880              JUNCTION     0.079    1.007     0  17:51        3.05        68.2       0.003
  ISD-881              JUNCTION     0.064    1.069     0  12:14        2.46        70.7       0.003
  ISD-882              JUNCTION     0.053    1.122     0  12:14        1.99        72.7       0.003
  ISD-883              JUNCTION     0.049    1.164     0  12:41        1.85        74.5       0.003
  ISD-884              JUNCTION     0.048    1.211     0  12:18        1.82        76.3       0.003
  ISD-885              JUNCTION     0.047    1.257     0  12:16        1.77        78.1       0.003
  ISD-886              JUNCTION     0.056    1.313     0  12:12        2.12        80.2       0.003
  ISD-887              JUNCTION     0.054    1.228     0  16:27        2.04        80.1       0.003
  ISD-888              JUNCTION     0.043    1.264     0  12:14        1.62        81.7       0.002
  ISD-889              JUNCTION     0.048    1.312     0  12:09        1.81        83.5       0.003
  ISD-890              JUNCTION     0.049    1.360     0  12:13        1.86        85.3       0.003
  ISD-891              JUNCTION     0.059    1.125     0  12:09        2.26        76.8       0.003
  ISD-892              JUNCTION     0.080    0.603     0  12:14        3.07        43.9       0.006
  ISD-893              JUNCTION     0.047    0.650     0  12:10        1.77        45.7       0.007
  ISD-894              JUNCTION     0.052    0.457     0  22:37        1.99        34.5       0.010
  ISD-895              JUNCTION     0.048    0.491     0  12:11        1.82        36.3       0.008
  ISD-896              JUNCTION     0.042    0.514     0  12:10         1.6        37.7       0.009
  ISD-897              JUNCTION     0.043    0.538     0  12:10        1.62          39       0.007
  ISD-898              JUNCTION     0.039    0.542     0  12:10         1.5        39.7       0.009
  ISD-899              JUNCTION     0.042    0.452     0  22:48        1.58        34.2       0.010
  ISD-900              JUNCTION     0.063    0.492     0  12:15        2.39        36.4       0.008
  ISD-901              JUNCTION     0.064    0.520     0  12:15        2.43        38.3       0.009
  ISD-902              JUNCTION     0.044    0.563     0  12:10        1.65        39.9       0.009
  ISD-903              JUNCTION     0.058    0.491     0  12:15         2.2        36.1       0.010
  ISD-904              JUNCTION     0.061    0.511     0  12:15        2.32        37.4       0.011
  ISD-905              JUNCTION     0.059    0.421     0  23:06        2.22        31.4       0.012
  ISD-906              JUNCTION     0.056    0.444     0  12:15        2.12        33.5       0.010
  ISD-907              JUNCTION     0.041    0.485     0  12:15        1.52        35.1       0.010
  ISD-908              JUNCTION     0.038    0.523     0  12:15        1.43        36.5       0.012
  ISD-909              JUNCTION     0.060    0.436     0  22:57        2.23        33.4       0.013
  ISD-910              JUNCTION     0.069    0.503     0  12:15        2.59          36       0.013
  ISD-911              JUNCTION     0.041    0.473     0  12:11         1.5          36       0.016
  ISD-912              JUNCTION     0.041    0.514     0  12:12        1.52        37.6       0.017
  ISD-913              JUNCTION     0.081    0.548     0  12:15        3.01        39.3       0.017
  ISD-914              JUNCTION     0.090    0.560     0  12:20         3.3          40       0.019
  ISD-915              JUNCTION     0.060    0.535     0  12:15        2.19        39.4       0.019
  ISD-916              JUNCTION     0.061    0.477     0  12:15        2.19        36.1       0.017
  ISD-917              JUNCTION     0.039    0.516     0  12:14         1.4        37.5       0.022
  ISD-918              JUNCTION     0.056    0.540     0  12:15        2.02          39       0.020
  ISD-919              JUNCTION     0.058    0.469     0  12:15        2.07        35.4       0.022
  ISD-920              JUNCTION     0.040    0.509     0  12:15         1.4        36.8       0.020
  ISD-921              JUNCTION     0.036    0.472     0  12:14        1.27        36.2       0.022
  ISD-922              JUNCTION     0.037    0.509     0  12:15         1.3        37.5       0.020
  ISD-923              JUNCTION     0.048    0.429     0  12:15        1.71        33.1       0.016
  ISD-924              JUNCTION     0.011    0.439     0  12:10       0.391        33.5       0.023
  ISD-925              JUNCTION     0.011    0.458     0  23:54       0.368        35.4       0.021
  ISD-926              JUNCTION     0.027    0.459     0  10:43       0.948        36.3       0.022
  ISD-927              JUNCTION     0.078    0.534     0  12:36        3.04        39.3       0.019
  ISD-928              JUNCTION     0.103    0.636     0  12:51        4.01        43.3       0.018
  ISD-929              JUNCTION     0.077    0.480     0  13:05        2.91        35.1       0.022
  ISD-930              JUNCTION     0.052    0.428     0  23:58         1.9          33       0.024
  ISD-931              JUNCTION     0.034    0.453     0  13:00        1.23        34.2       0.022
  ISD-932              JUNCTION     0.030    0.442     0  12:55        1.08        34.4       0.022
  ISD-933              JUNCTION     0.053    0.459     0  13:05        1.99        35.6       0.022
  ISD-934              JUNCTION     0.113    0.543     0  13:15        4.48        39.8       0.015
  ISD-935              JUNCTION     0.034    0.577     0  13:11        1.26          41       0.019
  ISD-936              JUNCTION     0.051    0.454     0  13:10        1.94        34.1       0.022
  ISD-937              JUNCTION     0.068    0.431     0  23:59        2.65        28.9       0.027
  ISD-938              JUNCTION     0.056    0.433     0  23:59        2.16        30.6       0.020
  ISD-939              JUNCTION     0.040    0.436     0  13:05        1.52        32.1       0.024
  ISD-940              JUNCTION     0.027    0.435     0  23:59       0.986        29.9       0.025
  ISD-941              JUNCTION     0.040    0.436     0  23:59        1.52          29       0.027
  ISD-942              JUNCTION     0.037    0.437     0  23:58        1.41        30.4       0.025
  ISD-943              JUNCTION     0.038    0.440     0  23:57        1.44        31.8       0.025
  ISD-944              JUNCTION     0.040    0.441     0  13:07        1.54        33.3       0.023
  ISD-945              JUNCTION     0.041    0.442     0  21:47        1.56        33.1       0.023
  ISD-946              JUNCTION     0.040    0.450     0  20:37         1.5        33.5       0.023
  ISD-947              JUNCTION     0.043    0.484     0  13:07        1.66          35       0.022
  ISD-948              JUNCTION     0.040    0.461     0  20:13        1.52          34       0.023
  ISD-949              JUNCTION     0.039    0.471     0  04:24         1.5        35.3       0.022
  ISD-950              JUNCTION     0.043    0.484     0  05:15        1.62        36.9       0.021
  ISD-951              JUNCTION     0.044    0.500     0  05:56        1.67        38.6       0.020
  ISD-952              JUNCTION     0.045    0.522     0  09:50        1.72        40.3       0.019
  ISD-953              JUNCTION     0.044    0.558     0  13:06        1.67          42       0.018
  ISD-954              JUNCTION     0.037    0.596     0  13:01        1.39        43.3       0.017
  ISD-955              JUNCTION     0.037    0.633     0  13:05         1.4        44.7       0.018
  ISD-956              JUNCTION     0.064    0.697     0  13:06        2.47        47.2       0.014
  ISD-957              JUNCTION     0.066    0.869     0  13:05        2.53          46       0.004
  ISD-958              JUNCTION     0.041    0.803     0  12:58        1.54        43.5       0.006
  ISD-959              JUNCTION     0.042    0.762     0  11:56        1.58        41.9       0.007
  ISD-960              JUNCTION     0.056    0.728     0  09:00        2.16        40.4       0.005
  ISD-961              JUNCTION     0.056    0.695     0  08:55        2.13        38.3       0.004
  ISD-962              JUNCTION     0.042    0.664     0  16:58         1.6        36.2       0.004
  ISD-963              JUNCTION     0.042    0.699     0  12:55        1.58          37       0.005
  ISD-964              JUNCTION     0.045    0.803     0  12:55         1.7        38.6       0.004
  ISD-965              JUNCTION     0.042    0.908     0  12:55        1.61        39.1       0.004
  ISD-966              JUNCTION     0.036    0.919     0  12:50        1.38          38       0.004
  ISD-967              JUNCTION     0.038    0.947     0  12:21        1.46        36.9       0.004
  ISD-968              JUNCTION     0.068    0.909     0  12:19        2.69        35.4       0.004
  ISD-969              JUNCTION     0.082    0.842     0  12:17        2.99        32.7       0.004
  ISD-970              JUNCTION     0.034    0.760     0  12:17        1.25        29.7       0.004
  ISD-971              JUNCTION     0.031    0.705     0  12:16        1.11        27.7       0.004
  ISD-972              JUNCTION     0.020    0.726     0  12:16       0.754        28.5       0.004
  ISD-973              JUNCTION     0.041    0.675     0  12:16        1.52        26.6       0.004
  ISD-974              JUNCTION     0.024    0.633     0  12:16       0.873        25.1       0.004
  ISD-975              JUNCTION     0.024    0.610     0  12:20       0.898        24.2       0.004
  ISD-976              JUNCTION     0.044    0.585     0  12:20        1.59        23.3       0.004
  ISD-977              JUNCTION     0.018    0.491     0  12:20       0.637        18.4       0.003
  ISD-978              JUNCTION     0.057    0.474     0  12:20        2.03        17.8       0.003
  ISD-979              JUNCTION     0.091    1.182     0  12:20         3.6        43.2       0.002
  ISD-980              JUNCTION     0.058    1.092     0  12:20        2.05        39.6       0.002
  ISD-981              JUNCTION     0.060    1.034     0  12:20        2.12        37.6       0.002
  ISD-982              JUNCTION     0.061    0.974     0  12:20        2.17        35.5       0.002
  ISD-983              JUNCTION     0.096    0.913     0  12:20        3.44        33.3       0.002
  ISD-984              JUNCTION     0.078    0.817     0  12:20        2.77        29.9       0.002
  ISD-985              JUNCTION     0.055    0.739     0  12:20        1.97        27.1       0.002
  ISD-986              JUNCTION     0.078    0.684     0  12:20        2.81        25.1       0.002
  ISD-987              JUNCTION     0.073    0.606     0  12:20        2.63        22.3       0.003
  ISD-988              JUNCTION     0.134    0.533     0  12:20           5        19.7       0.003
  ISD-989              JUNCTION     0.169    0.399     0  12:20        6.29        14.7       0.003
  ISD-990              JUNCTION     0.146    0.229     0  12:20        5.37        8.41       0.005
  ISD-991              JUNCTION     0.146    0.146     0  12:20        5.32        5.32       0.006
  ISD-992              JUNCTION     0.208    0.271     0  12:25        7.65        9.94       0.004
  ISD-993              JUNCTION     0.236    0.506     0  12:25        8.68        18.6       0.003
  ISD-994              JUNCTION     0.221    0.727     0  12:25        8.12        26.7       0.002
  ISD-995              JUNCTION     0.245    0.972     0  12:30        9.02        35.8       0.002
  ISD-996              JUNCTION     0.189    1.161     0  12:27        6.88        42.6       0.002
  ISD-997              JUNCTION     0.330    1.491     0  12:29        12.3        54.9       0.002
  ISD-998              JUNCTION     0.313    1.700     0  12:35        11.6          66       0.002
  ISD-999              JUNCTION     0.157    1.535     0  12:25        5.68        67.7       0.002
  ISD-1000             JUNCTION     0.545    1.957     0  12:45        20.6        86.4       0.002
  ISD-1001             JUNCTION     0.306    1.654     0  12:50        12.6        85.6       0.002
  ISD-1002             JUNCTION     0.108    1.273     0  12:50        4.21          75       0.002
  ISD-1003             JUNCTION     0.102    1.248     0  12:50        3.99        75.1       0.002
  ISD-1004             JUNCTION     0.127    1.176     0  12:50        5.01        72.6       0.002
  ISD-1005             JUNCTION     1.030    1.950     0  12:40        43.9         106       0.003
  ISD-1006             JUNCTION     0.340    1.237     0  12:50        13.9        78.9       0.005
  ISD-1007             JUNCTION     0.515    1.022     0  12:45        21.4        67.8       0.007
  ISD-1008             JUNCTION     0.275    1.205     0  12:50        11.2          78       0.004
  ISD-1009             JUNCTION     0.009    1.587     0  09:20       0.343        81.3       0.005
  ISD-1010             JUNCTION     0.007    1.581     0  09:20        0.26          82       0.003
  ISD-1011             JUNCTION     0.007    1.576     0  09:20       0.266        81.8       0.003
  ISD-1012             JUNCTION     0.011    1.571     0  09:20       0.436        81.5       0.003
  ISD-1013             JUNCTION     0.011    1.564     0  09:20        0.44        81.1       0.002
  ISD-1014             JUNCTION     0.025    1.555     0  09:20       0.971        80.6       0.004
  ISD-1015             JUNCTION     0.033    1.539     0  16:08        1.33        79.7       0.003
  ISD-1016             JUNCTION     0.017    1.517     0  16:08       0.674        78.3       0.003
  ISD-1017             JUNCTION     0.018    1.506     0  16:08       0.705        77.7       0.003
  ISD-1018             JUNCTION     0.024    1.494     0  16:08       0.958        77.1       0.003
  ISD-1019             JUNCTION     0.033    1.577     0  12:10        1.32        79.9       0.003
  ISD-1020             JUNCTION     0.039    1.543     0  12:13        1.53        78.6       0.002
  ISD-1021             JUNCTION     0.041    1.882     0  12:10        1.64        83.1       0.003
  ISD-1022             JUNCTION     0.042    1.841     0  12:10        1.67        81.5       0.002
  ISD-1023             JUNCTION     0.050    1.798     0  12:23        1.99        79.8       0.003
  ISD-1024             JUNCTION     0.050    1.926     0  12:10           2        79.2       0.003
  ISD-1025             JUNCTION     0.159    1.953     0  12:17        6.37        77.4       0.005
  ISD-1026             JUNCTION     0.090    1.395     0  12:15        3.58        55.7       0.002
  ISD-1027             JUNCTION     0.129    1.305     0  12:22        5.15        52.1       0.003
  ISD-1028             JUNCTION     0.044    0.877     0  12:01        1.76        32.9       0.002
  ISD-1029             JUNCTION     0.038    0.825     0  12:01        1.51        31.1       0.002
  ISD-1030             JUNCTION     0.033    0.780     0  12:01         1.3        29.6       0.003
  ISD-1031             JUNCTION     0.032    0.752     0  12:24        1.25        28.3       0.003
  ISD-1032             JUNCTION     0.029    0.742     0  12:25        1.15          27       0.002
  ISD-1033             JUNCTION     0.021    0.865     0  12:21       0.834        25.9       0.001
  ISD-1034             JUNCTION     0.028    0.639     0  12:24         1.1        25.1       0.007
  ISD-1035             JUNCTION     0.027    0.605     0  12:14        1.06          24       0.003
  ISD-1036             JUNCTION     0.027    0.578     0  12:15        1.05        22.9       0.004
  ISD-1037             JUNCTION     0.029    0.552     0  12:15        1.13        21.9       0.004
  ISD-1038             JUNCTION     0.070    0.523     0  12:15        2.79        20.7       0.017
  ISD-1039             JUNCTION     0.060    0.453     0  12:15        2.37        17.9       0.006
  ISD-1040             JUNCTION     0.105    0.393     0  12:15        4.15        15.6       0.019
  ISD-1041             JUNCTION     0.104    0.288     0  12:15        4.14        11.4       0.015
  ISD-1042             JUNCTION     0.038    0.184     0  12:16        1.48        7.28       0.009
  ISD-1043             JUNCTION     0.042    0.147     0  12:18        1.66         5.8       0.016
  ISD-1044             JUNCTION     0.029    0.168     0  12:15        1.13        6.47       0.016
  ISD-1045             JUNCTION     0.037    0.139     0  12:20        1.43        5.34       0.032
  ISD-1046             JUNCTION     0.039    0.103     0  12:20        1.52        3.91       0.011
  ISD-1047             JUNCTION     0.320    0.320     0  12:25        12.8        12.8       0.021
  ISD-1048             JUNCTION     0.018    0.619     0  12:21         0.7        26.6       0.006
  ISD-1051             JUNCTION     0.041    0.537     0  12:25        1.56        21.4       0.018
  ISD-1052             JUNCTION     0.240    0.496     0  12:25        9.46        19.9       0.069
  ISD-1053             JUNCTION     0.117    0.578     0  12:21        4.54          25       0.022
  ISD-1054             JUNCTION     0.023    0.601     0  12:21       0.894        25.9       0.005
  ISD-1055             JUNCTION     0.090    0.091     0  12:15        3.54        3.59       0.010
  ISD-1056             JUNCTION     0.049    0.049     0  12:15        1.95        1.95       0.015
  ISD-1057             JUNCTION     0.032    0.081     0  12:14        1.25        3.15       0.013
  ISD-1058             JUNCTION     0.035    0.121     0  12:14        1.39        4.54       0.018
  ISD-1059             JUNCTION     0.022    0.224     0  12:13       0.848        5.38       0.025
  ISD-1060             JUNCTION     0.018    0.224     0  12:13       0.689        6.07       0.008
  ISD-1061             JUNCTION     0.024    0.298     0  12:12       0.926        7.11       0.008
  ISD-1062             JUNCTION     0.054    0.375     0  12:12        2.11        9.22       0.068
  ISD-1063             JUNCTION     0.047    0.331     0  12:17        1.85        10.9       0.041
  ISD-1064             JUNCTION     0.019    0.369     0  12:13       0.728        11.7       0.046
  ISD-1065             JUNCTION     0.024    0.422     0  12:19       0.931        12.6       0.039
  ISD-1066             JUNCTION     0.026    0.451     0  12:10        1.01        13.6       0.037
  ISD-1067             JUNCTION     0.023    0.470     0  12:10       0.903        14.5       0.036
  ISD-1068             JUNCTION     0.041    0.479     0  12:15        1.62        16.1       0.025
  ISD-1069             JUNCTION     0.118    0.583     0  12:15        4.67        20.8       0.011
  ISD-1070             JUNCTION     0.138    0.676     0  12:15        5.46        26.2       0.006
  ISD-1071             JUNCTION     0.105    0.773     0  12:16        4.14        30.4       0.006
  ISD-1072             JUNCTION     0.055    0.830     0  12:16        2.16        42.1       0.046
  ISD-1074             JUNCTION     0.042    1.676     0  12:10        1.62        94.2       0.004
  ISD-1075             JUNCTION     0.024    1.839     0  12:06       0.935        98.4       0.003
  ISD-1076             JUNCTION     0.019    1.815     0  12:01       0.751        97.5       0.002
  ISD-1077             JUNCTION     0.031    1.797     0  13:33        1.19        96.7      -0.008
  ISD-1078             JUNCTION     0.022    2.047     0  12:13       0.868         102      -0.019
  ISD-1079             JUNCTION     0.057    2.024     0  12:14        2.23         101      -0.001
  ISD-1080             JUNCTION     0.140    2.338     0  12:20         5.5         105       0.004
  ISD-1081             JUNCTION     0.130    2.211     0  12:20        5.12        99.7       0.003
  ISD-1082             JUNCTION     0.154    2.220     0  12:20        6.06        96.1       0.003
  ISD-1083             JUNCTION     0.412    2.287     0  12:30        16.6        91.4       0.008
  ISD-1084             JUNCTION     0.465    1.874     0  12:30        18.7        74.9       0.008
  ISD-1085             JUNCTION     0.186    1.409     0  12:30        7.29        56.2       0.003
  ISD-1086             JUNCTION     0.072    1.224     0  12:35        2.78        48.9       0.003
  ISD-1087             JUNCTION     0.084    1.153     0  12:35        3.24        46.1       0.003
  ISD-1088             JUNCTION     0.426    1.070     0  12:35          17        42.9       0.007
  ISD-1089             JUNCTION     0.193    2.895     0  12:15        7.65         121       0.007
  ISD-1090             JUNCTION     0.088    2.702     0  12:10         3.5         114       0.007
  ISD-1091             JUNCTION     0.008    2.622     0  13:25       0.308         110       0.002
  ISD-1092             JUNCTION     0.005    2.585     0  13:25       0.194         109       0.005
  ISD-1093             JUNCTION     0.008    2.585     0  11:24       0.318         109       0.004
  ISD-1094             JUNCTION     0.006    2.585     0  11:24       0.242         109       0.004
  ISD-1095             JUNCTION     0.011    2.796     0  12:13       0.415         109       0.004
  ISD-1096             JUNCTION     0.014    2.785     0  12:13       0.537         109       0.003
  ISD-1097             JUNCTION     0.012    2.772     0  12:13       0.489         108       0.002
  ISD-1098             JUNCTION     0.012    2.759     0  12:13       0.471         108       0.002
  ISD-1099             JUNCTION     0.017    2.748     0  12:13       0.675         107       0.002
  ISD-1100             JUNCTION     0.028    2.730     0  12:15         1.1         107       0.002
  ISD-1101             JUNCTION     0.031    2.702     0  12:15        1.22         106       0.002
  ISD-1102             JUNCTION     0.021    2.672     0  12:15       0.831         104       0.002
  ISD-1103             JUNCTION     0.023    2.651     0  12:15        0.92         104       0.002
  ISD-1104             JUNCTION     0.023    2.627     0  12:15       0.889         103       0.002
  ISD-1105             JUNCTION     0.053    2.605     0  12:15         2.1         102       0.003
  ISD-1106             JUNCTION     0.052    2.552     0  12:15        2.06        99.8       0.002
  ISD-1107             JUNCTION     0.026    2.500     0  12:14        1.03        97.7       0.002
  ISD-1108             JUNCTION     0.019    2.474     0  12:14       0.739        96.7       0.002
  ISD-1109             JUNCTION     0.016    2.455     0  12:14       0.621        95.9       0.002
  ISD-1110             JUNCTION     0.025    2.440     0  12:14       0.969        95.3       0.002
  ISD-1111             JUNCTION     0.024    2.415     0  12:14       0.961        94.4       0.002
  ISD-1112             JUNCTION     0.037    2.391     0  12:14        1.47        93.4       0.002
  ISD-1113             JUNCTION     0.043    2.354     0  12:14        1.69        91.9       0.002
  ISD-1114             JUNCTION     0.027    2.311     0  12:14        1.08        90.2       0.002
  ISD-1115             JUNCTION     0.032    2.284     0  12:16        1.27        89.2       0.002
  ISD-1116             JUNCTION     0.030    2.252     0  12:16        1.17        87.9       0.002
  ISD-1117             JUNCTION     0.027    2.222     0  12:16        1.09        86.7       0.002
  ISD-1118             JUNCTION     0.032    2.195     0  12:16        1.28        85.6       0.002
  ISD-1119             JUNCTION     0.026    2.163     0  12:16        1.04        84.4       0.002
  ISD-1120             JUNCTION     0.028    2.136     0  12:16        1.12        83.3       0.002
  ISD-1121             JUNCTION     0.037    2.108     0  12:15        1.48        82.2       0.002
  ISD-1122             JUNCTION     0.031    2.071     0  12:15        1.25        80.7       0.002
  ISD-1123             JUNCTION     0.029    2.040     0  12:15        1.14        79.5       0.002
  ISD-1124             JUNCTION     0.038    2.011     0  12:15        1.52        78.3       0.002
  ISD-1125             JUNCTION     0.031    1.972     0  12:15        1.21        76.8       0.002
  ISD-1126             JUNCTION     0.053    1.942     0  12:15        2.08        75.6       0.002
  ISD-1127             JUNCTION     0.056    1.889     0  12:15        2.23        73.5       0.001
  ISD-1128             JUNCTION     0.032    1.833     0  12:15        1.28        71.3       0.001
  ISD-1129             JUNCTION     0.035    1.801     0  12:15         1.4          70       0.001
  ISD-1130             JUNCTION     0.024    1.766     0  12:15       0.939        68.6       0.002
  ISD-1131             JUNCTION     0.019    1.742     0  12:16       0.739        67.7       0.001
  ISD-1132             JUNCTION     0.034    1.723     0  12:16        1.34        66.9       0.002
  ISD-1133             JUNCTION     0.060    1.689     0  12:16        2.36        65.6       0.002
  ISD-1134             JUNCTION     0.059    1.630     0  12:16        2.33        63.2       0.002
  ISD-1135             JUNCTION     0.042    1.571     0  12:16        1.67        60.9       0.005
  ISD-1136             JUNCTION     0.042    1.529     0  12:16        1.65        59.2       0.005
  ISD-1137             JUNCTION     0.048    1.495     0  12:16         1.9        57.6       0.007
  ISD-1138             JUNCTION     0.036    1.486     0  12:23        1.43        55.7       0.005
  ISD-1139             JUNCTION     0.096    1.344     0  12:16        3.81        51.9       0.006
  ISD-1140             JUNCTION     0.360    1.248     0  12:16        14.4        48.1       0.004
  ISD-1141             JUNCTION     0.272    0.888     0  12:15        10.8        33.7       0.003
  ISD-1142             JUNCTION     0.062    0.616     0  12:15         2.4          23       0.003
  ISD-1143             JUNCTION     0.045    0.554     0  12:15        1.76        20.6       0.004
  ISD-1144             JUNCTION     0.023    0.509     0  12:15       0.904        18.8       0.004
  ISD-1145             JUNCTION     0.092    0.486     0  12:15        3.59        17.9       0.004
  ISD-1146             JUNCTION     0.129    0.394     0  12:15        5.03        14.3       0.005
  ISD-1147             JUNCTION     0.065    0.265     0  12:15        2.52        9.28       0.007
  ISD-1148             JUNCTION     0.050    0.200     0  12:15        1.92        6.77       0.014
  ISD-1149             JUNCTION     0.054    0.151     0  12:19        2.06        4.84       0.009
  ISD-1150             JUNCTION     0.053    0.156     0  12:50        2.04        4.07       0.011
  ISD-1151             JUNCTION     0.188    0.188     0  12:15        7.33        7.34       0.008
  ISD-1152             JUNCTION     0.199    0.456     0  08:08        7.78        15.2       0.075
  ISD-1153             JUNCTION     0.067    0.700     0  14:07        2.58        19.5      -0.073
  ISD-1154             JUNCTION     0.053    0.593     0  07:55        2.05        20.1       0.004
  ISD-1155             JUNCTION     0.237    0.824     0  07:37        9.25        27.6      -0.564
  ISD-1156             JUNCTION     0.092    0.759     0  12:16        3.57        30.4       0.007
  ISD-1157             JUNCTION     0.031    0.790     0  12:20        1.17        31.5       0.019
  ISD-1158             JUNCTION     0.047    0.838     0  12:16        1.82        33.3       0.017
  ISD-1159             JUNCTION     0.051    0.889     0  12:16        1.96        35.3       0.026
  ISD-1160             JUNCTION     0.034    0.870     0  12:14        1.29        36.1       0.025
  ISD-1161             JUNCTION     0.031    0.816     0  13:32        1.17        36.6       0.020
  ISD-1162             JUNCTION     0.112    0.921     0  12:09        4.34        40.9       0.030
  ISD-1163             JUNCTION     0.187    1.199     0  12:21        7.29        51.5       0.047
  ISD-1164             JUNCTION     0.088    0.131     0  23:11        3.38        6.04       0.127
  ISD-1165             JUNCTION     0.068    0.490     0  12:16         2.6        17.4       0.044
  ISD-1166             JUNCTION     0.150    0.422     0  12:19        5.84        15.8       0.067
  ISD-1167             JUNCTION     0.129    0.371     0  12:17        5.02        12.3       0.078
  ISD-1168             JUNCTION     0.030    0.242     0  12:17        1.16        8.63       0.088
  ISD-1169             JUNCTION     0.026    0.211     0  12:19       0.999        8.07       0.095
  ISD-1170             JUNCTION     0.121    0.185     0  12:19        4.69        9.39       0.101
  ISD-1171             JUNCTION     0.132    0.190     0  02:29        5.11        11.3       0.086
  ISD-1172             JUNCTION     0.122    0.208     0  03:38        4.74        15.5       0.060
  ISD-1173             JUNCTION     0.120    0.311     0  11:02        4.64        20.1       0.048
  ISD-1174             JUNCTION     0.144    0.454     0  12:16        5.61        25.7       0.048
  ISD-1175             JUNCTION     0.162    0.617     0  12:19        6.31          32       0.045
  ISD-1176             JUNCTION     0.057    0.386     0  12:15        2.19        26.7       0.028
  ISD-1177             JUNCTION     0.034    0.258     0  12:10         1.3        18.8       0.041
  ISD-1178             JUNCTION     0.034    0.147     0  23:54        1.31        3.18       0.253
  ISD-1179             JUNCTION     0.069    0.501     0  12:15        2.66        16.6       0.046
  ISD-1180             JUNCTION     0.141    0.431     0  12:15        5.45          15       0.069
  ISD-1181             JUNCTION     0.121    0.290     0  12:15        4.66        11.5       0.093
  ISD-1182             JUNCTION     0.140    0.169     0  12:14        5.41        9.95       0.104
  ISD-1183             JUNCTION     0.110    0.181     0  21:54        4.23        10.4       0.080
  ISD-1184             JUNCTION     0.092    0.198     0  20:59        3.54        13.6       0.039
  ISD-1185             JUNCTION     0.072    0.246     0  12:19        2.77        16.4       0.026
  ISD-1186             JUNCTION     0.057    0.303     0  12:15        2.17        18.5       0.020
  ISD-1187             JUNCTION     0.062    0.365     0  12:14        2.39        20.9       0.035
  ISD-1188             JUNCTION     0.081    0.446     0  12:15        3.09          24       0.035
  ISD-1189             JUNCTION     0.088    0.533     0  12:15        3.37        27.4       0.032
  ISD-1190             JUNCTION     0.056    0.547     0  12:15        2.14        29.3       0.026
  ISD-1191             JUNCTION     0.043    0.464     0  12:10        1.62          29       0.026
  ISD-1192             JUNCTION     0.046    0.461     0  12:10        1.75        29.8       0.026
  ISD-1193             JUNCTION     0.088    0.311     0  12:12        3.41        18.8       0.053
  ISD-1194             JUNCTION     0.044    0.223     0  12:10        1.69        15.4       0.049
  ISD-1195             JUNCTION     0.036    0.190     0  21:18        1.36        13.7       0.056
  ISD-1196             JUNCTION     0.042    0.355     0  12:15         1.6        22.3       0.034
  ISD-1197             JUNCTION     0.036    0.570     0  12:10        1.38          30       0.025
  ISD-1198             JUNCTION     0.040    0.547     0  12:14        1.53        28.7       0.028
  ISD-1199             JUNCTION     0.067    0.507     0  12:14        2.57        27.2       0.025
  ISD-1200             JUNCTION     0.076    0.669     0  12:15        2.91          30       0.025
  ISD-1201             JUNCTION     0.061    0.906     0  12:15        2.34        31.2       0.024
  ISD-1202             JUNCTION     0.140    0.896     0  12:21         5.4        29.1       0.019
  ISD-1203             JUNCTION     0.256    0.756     0  12:25          10        23.7       0.005
  ISD-1204             JUNCTION     0.224    0.500     0  12:21        8.72        13.6       0.005
  ISD-1205             JUNCTION     0.111    0.277     0  12:21        4.28        6.49       0.007
  ISD-1206             JUNCTION     0.078    0.170     0  09:16        2.96        5.38       0.011
  ISD-1207             JUNCTION     0.132    0.262     0  09:15        5.07        8.24       0.007
  ISD-1208             JUNCTION     0.132    0.248     0  09:13        5.08        12.5       0.007
  ISD-1209             JUNCTION     0.081    0.299     0  09:17         3.1        15.6       0.008
  ISD-1210             JUNCTION     0.313    0.570     0  12:23        12.2        27.8       0.008
  ISD-1211             JUNCTION     0.292    0.861     0  12:25        11.4        39.2       0.010
  ISD-1212             JUNCTION     0.066    0.675     0  17:17        2.47          37       0.005
  ISD-1213             JUNCTION     0.082    0.730     0  12:15        3.11        40.1       0.005
  ISD-1214             JUNCTION     0.081    0.811     0  12:15        3.04        43.1       0.006
  ISD-1215             JUNCTION     0.120    0.753     0  12:23        4.52        49.7       0.010
  ISD-1216             JUNCTION     0.091    0.634     0  12:12        3.42        45.2       0.010
  ISD-1217             JUNCTION     0.086    0.569     0  16:52         3.2        41.8       0.013
  ISD-1218             JUNCTION     0.079    0.519     0  16:56        2.93        38.6       0.014
  ISD-1219             JUNCTION     0.070    0.557     0  12:22         2.6        38.4       0.014
  ISD-1220             JUNCTION     0.123    0.486     0  12:21        4.58        35.8       0.015
  ISD-1221             JUNCTION     0.086    0.437     0  04:14        3.17        31.2       0.017
  ISD-1222             JUNCTION     0.068    0.427     0  02:33         2.5          28       0.016
  ISD-1223             JUNCTION     0.055    0.421     0  23:11        1.98        25.5       0.017
  ISD-1224             JUNCTION     0.082    0.513     0  12:23        2.98        33.7       0.021
  ISD-1225             JUNCTION     0.099    0.432     0  12:27        3.62        30.8       0.018
  ISD-1226             JUNCTION     0.074    0.406     0  23:12        2.67        27.1       0.019
  ISD-1227             JUNCTION     0.058    0.401     0  23:11        2.08        24.5       0.020
  ISD-1228             JUNCTION     0.053    0.398     0  23:11         1.9        24.3       0.023
  ISD-1229             JUNCTION     0.049    0.395     0  23:12        1.75        22.4       0.024
  ISD-1230             JUNCTION     0.046    0.392     0  23:11        1.63        20.7       0.024
  ISD-1231             JUNCTION     0.042    0.389     0  23:11         1.5          19       0.031
  ISD-1232             JUNCTION     0.052    0.575     0  12:20        1.86        41.2       0.016
  ISD-1233             JUNCTION     0.048    0.535     0  12:15        1.69        38.9       0.010
  ISD-1234             JUNCTION     0.062    0.748     0  12:20        2.19        52.7       0.006
  ISD-1235             JUNCTION     0.098    0.941     0  12:49        3.91        59.4       0.005
  ISD-1236             JUNCTION     0.119    0.842     0  12:52        4.74        55.5       0.005
  ISD-1237             JUNCTION     0.095    0.724     0  12:52        3.75        50.8       0.005
  ISD-1238             JUNCTION     0.433    1.331     0  12:45        16.2        75.2       0.018
  ISD-1239             JUNCTION     0.174    0.633     0  21:23        7.02        43.6       0.012
  O-0                  OUTFALL      0.000    0.208     0  12:14           0        8.97       0.000
  O-1                  OUTFALL      0.000    1.627     0  12:29           0        80.5       0.000
  O-2                  OUTFALL      0.000    0.227     0  12:21           0        8.88       0.000
  O-3                  OUTFALL      0.000    0.913     0  12:45           0        39.9       0.000
  O-4                  OUTFALL      0.000    0.753     0  12:23           0        49.7       0.000
  O-5                  OUTFALL      0.000    0.811     0  12:15           0        43.1       0.000
  O-6                  OUTFALL      0.000    0.549     0  11:05           0        30.4       0.000
  O-7                  OUTFALL      0.000    1.481     0  12:45           0        75.3       0.000
  O-8                  OUTFALL      0.000    0.311     0  12:50           0        15.2       0.000
  O-9                  OUTFALL      0.000    0.000     0  00:00           0           0       0.000 ltr
  O-10                 OUTFALL      0.000    1.205     0  12:50           0          78       0.000
  O-11                 OUTFALL      0.000    0.869     0  13:05           0          46       0.000
  O-12                 OUTFALL      0.000    0.697     0  13:06           0        47.2       0.000
  O-13                 OUTFALL      0.000    0.043     0  12:10           0        1.89       0.000
  O-14                 OUTFALL      0.000    0.004     0  12:10           0       0.108       0.000
  O-15                 OUTFALL      0.000    0.000     0  00:00           0           0       0.000 ltr
  O-16                 OUTFALL      0.000    2.895     0  12:15           0         121       0.000
  O-17                 OUTFALL      0.000    0.092     0  12:28           0        3.71       0.000
  O-18                 OUTFALL      0.000    0.270     0  12:26           0        10.3       0.000
  O-19                 OUTFALL      0.000    0.459     0  12:22           0        24.5       0.000
  O-20                 OUTFALL      0.000    0.438     0  12:22           0        22.6       0.000
  O-21                 OUTFALL      0.000    0.464     0  12:23           0        18.4       0.000
  O-22                 OUTFALL      0.000    0.200     0  12:11           0        7.66       0.000
  O-23                 OUTFALL      0.000    0.593     0  12:14           0        35.7       0.000
  O-24                 OUTFALL      0.000    0.293     0  12:26           0        13.1       0.000
  O-25                 OUTFALL      0.000    0.002     0  12:10           0      0.0583       0.000
  O-26                 OUTFALL      0.000    0.694     0  12:14           0        42.9       0.000
  O-27                 OUTFALL      0.000    0.096     0  12:23           0         3.7       0.000
  O-28                 OUTFALL      0.000    0.398     0  12:35           0          27       0.000
  O-29                 OUTFALL      0.000    0.099     0  12:23           0        3.92       0.000
  O-30                 OUTFALL      0.000    0.619     0  12:21           0        26.6       0.000
  O-31                 OUTFALL      0.000    0.146     0  12:20           0        5.87       0.000
  O-32                 OUTFALL      0.000    0.442     0  12:27           0        17.3       0.000
  O-33                 OUTFALL      0.000    0.930     0  11:43           0        44.7       0.000
  O-34                 OUTFALL      0.000    1.382     0  12:19           0          82       0.000
  O-35                 OUTFALL      0.000    0.738     0  12:12           0        37.8       0.000
  O-36                 OUTFALL      0.000    0.295     0  12:21           0        11.9       0.000
  O-37                 OUTFALL      0.000    0.104     0  12:10           0        7.26       0.000
  O-38                 OUTFALL      0.000    0.373     0  13:21           0        26.9       0.000
  O-39                 OUTFALL      0.000    0.113     0  11:59           0        8.52       0.000
  O-40                 OUTFALL      0.000    1.022     0  12:20           0        64.6       0.000
  O-41                 OUTFALL      0.000    0.537     0  12:25           0        21.4       0.000
  O-42                 OUTFALL      0.000    0.140     0  12:31           0        5.62       0.000
  O-43                 OUTFALL      0.000    0.186     0  12:53           0        13.6       0.000
  
  
  **********************
  Node Surcharge Summary
  **********************
  
  Surcharging occurs when water rises above the top of the highest conduit.
  ---------------------------------------------------------------------
                                               Max. Height   Min. Depth
                                   Hours       Above Crown    Below Rim
  Node                 Type      Surcharged         Meters       Meters
  ---------------------------------------------------------------------
  I-1                  JUNCTION       12.88          0.300        0.000
  I-2                  JUNCTION       21.98          0.600        0.000
  I-3                  JUNCTION       21.05          0.600        0.000
  I-4                  JUNCTION       21.95          0.200        0.000
  I-10                 JUNCTION       21.82          1.000        0.000
  I-11                 JUNCTION       10.07          0.400        0.000
  I-12                 JUNCTION       18.39          0.300        0.000
  I-17                 JUNCTION       11.94          0.300        0.000
  I-20                 JUNCTION       21.91          0.600        0.000
  I-22                 JUNCTION        8.62          0.200        0.000
  I-26                 JUNCTION       11.64          0.400        0.000
  I-27                 JUNCTION        6.68          0.300        0.000
  I-28                 JUNCTION       21.75          0.300        0.000
  I-36                 JUNCTION       21.32          0.000        0.000
  I-40                 JUNCTION       13.96          0.209        0.091
  I-42                 JUNCTION       20.22          0.600        0.000
  I-45                 JUNCTION       20.41          0.600        0.000
  I-49                 JUNCTION       15.17          0.300        0.000
  I-50                 JUNCTION        8.19          0.000        0.000
  I-55                 JUNCTION       12.16          0.300        0.000
  I-57                 JUNCTION       12.36          0.600        0.000
  I-83                 JUNCTION       14.35          0.300        0.000
  I-87                 JUNCTION       21.83          0.200        0.000
  I-89                 JUNCTION       19.65          0.150        0.000
  I-101                JUNCTION       10.02          0.300        0.000
  I-102                JUNCTION       18.97          0.450        0.000
  I-105                JUNCTION        1.37          0.030        0.420
  I-106                JUNCTION        0.01          0.000        0.000
  I-107                JUNCTION        8.63          0.300        0.000
  I-108                JUNCTION       21.33          0.000        0.000
  I-110                JUNCTION       17.18          0.600        0.000
  I-111                JUNCTION       20.80          0.450        0.000
  I-114                JUNCTION       20.79          0.200        0.000
  I-115                JUNCTION       20.84          0.200        0.000
  I-117                JUNCTION       21.61          0.000        0.000
  I-118                JUNCTION       21.11          0.490        0.110
  I-119                JUNCTION       21.92          0.600        0.000
  I-120                JUNCTION       19.75          0.300        0.000
  I-121                JUNCTION       22.67          0.600        0.000
  I-122                JUNCTION       22.10          0.600        0.000
  I-123                JUNCTION       21.80          0.200        0.000
  I-124                JUNCTION        0.01          0.033        0.117
  I-127                JUNCTION       21.37          0.200        0.000
  I-129                JUNCTION       17.98          0.526        0.074
  I-130                JUNCTION        4.27          0.800        0.000
  I-131                JUNCTION       18.36          0.600        0.000
  I-132                JUNCTION       21.77          0.600        0.000
  I-134                JUNCTION       11.94          0.600        0.000
  I-135                JUNCTION       20.18          0.300        0.000
  I-138                JUNCTION       21.84          0.700        0.000
  I-139                JUNCTION       10.41          0.000        0.000
  I-141                JUNCTION       18.66          0.300        0.000
  I-142                JUNCTION       21.81          0.700        0.000
  I-143                JUNCTION       12.70          0.150        0.000
  ISD-8                JUNCTION        0.58          0.000        0.000
  ISD-9                JUNCTION        1.96          0.000        0.000
  ISD-10               JUNCTION       21.30          0.000        0.000
  ISD-14               JUNCTION       12.58          0.000        0.000
  ISD-56               JUNCTION        0.05          0.000        0.000
  ISD-57               JUNCTION        8.26          0.000        0.000
  ISD-58               JUNCTION        0.12          0.000        0.000
  ISD-59               JUNCTION        1.11          0.000        0.000
  ISD-60               JUNCTION        0.14          0.000        0.000
  ISD-76               JUNCTION       22.00          0.119        0.181
  ISD-77               JUNCTION       22.07          0.300        0.000
  ISD-78               JUNCTION       22.06          0.300        0.000
  ISD-79               JUNCTION       22.04          0.300        0.000
  ISD-80               JUNCTION       22.03          0.300        0.000
  ISD-81               JUNCTION       21.59          0.300        0.000
  ISD-82               JUNCTION       18.75          0.300        0.000
  ISD-83               JUNCTION       19.49          0.300        0.000
  ISD-84               JUNCTION       18.17          0.300        0.000
  ISD-85               JUNCTION       14.33          0.300        0.000
  ISD-86               JUNCTION       13.47          0.238        0.062
  ISD-87               JUNCTION       13.28          0.191        0.109
  ISD-88               JUNCTION       13.10          0.213        0.087
  ISD-89               JUNCTION       12.62          0.192        0.108
  ISD-90               JUNCTION       12.81          0.252        0.048
  ISD-91               JUNCTION       12.11          0.208        0.092
  ISD-92               JUNCTION       12.03          0.215        0.085
  ISD-93               JUNCTION       11.67          0.184        0.116
  ISD-94               JUNCTION       11.92          0.232        0.068
  ISD-95               JUNCTION       12.08          0.277        0.023
  ISD-96               JUNCTION       12.20          0.300        0.000
  ISD-97               JUNCTION       12.14          0.300        0.000
  ISD-98               JUNCTION       11.82          0.244        0.056
  ISD-99               JUNCTION       11.69          0.211        0.089
  ISD-100              JUNCTION       11.66          0.206        0.094
  ISD-101              JUNCTION       11.64          0.195        0.105
  ISD-102              JUNCTION       11.72          0.257        0.043
  ISD-103              JUNCTION       11.75          0.273        0.027
  ISD-104              JUNCTION       11.76          0.273        0.027
  ISD-105              JUNCTION       11.77          0.273        0.027
  ISD-106              JUNCTION       11.79          0.270        0.030
  ISD-107              JUNCTION       11.86          0.287        0.013
  ISD-108              JUNCTION       11.93          0.297        0.003
  ISD-109              JUNCTION       12.02          0.300        0.000
  ISD-110              JUNCTION       21.71          0.020        0.580
  ISD-112              JUNCTION       21.75          0.167        0.433
  ISD-113              JUNCTION       21.78          0.326        0.274
  ISD-114              JUNCTION       21.82          0.414        0.186
  ISD-115              JUNCTION       21.87          0.543        0.057
  ISD-116              JUNCTION       21.91          0.600        0.000
  ISD-117              JUNCTION       21.90          0.600        0.000
  ISD-118              JUNCTION       21.89          0.600        0.000
  ISD-119              JUNCTION       21.87          0.592        0.008
  ISD-120              JUNCTION       21.87          0.592        0.008
  ISD-121              JUNCTION       21.86          0.574        0.026
  ISD-122              JUNCTION       21.87          0.600        0.000
  ISD-123              JUNCTION       21.84          0.559        0.041
  ISD-124              JUNCTION       21.84          0.600        0.000
  ISD-125              JUNCTION       21.80          0.571        0.029
  ISD-126              JUNCTION       21.79          0.567        0.033
  ISD-127              JUNCTION       21.78          0.543        0.057
  ISD-128              JUNCTION       21.79          0.592        0.008
  ISD-129              JUNCTION       21.78          0.600        0.000
  ISD-130              JUNCTION       21.78          0.600        0.000
  ISD-131              JUNCTION       21.78          0.592        0.008
  ISD-132              JUNCTION       21.78          0.600        0.000
  ISD-133              JUNCTION       21.77          0.598        0.002
  ISD-134              JUNCTION       21.77          0.600        0.000
  ISD-135              JUNCTION       21.77          0.597        0.003
  ISD-136              JUNCTION       21.77          0.600        0.000
  ISD-137              JUNCTION       21.77          0.600        0.000
  ISD-138              JUNCTION       21.76          0.560        0.040
  ISD-139              JUNCTION       21.75          0.543        0.057
  ISD-140              JUNCTION       21.75          0.538        0.062
  ISD-141              JUNCTION       21.75          0.515        0.085
  ISD-142              JUNCTION       21.76          0.600        0.000
  ISD-143              JUNCTION       21.74          0.564        0.036
  ISD-144              JUNCTION       21.74          0.600        0.000
  ISD-145              JUNCTION       21.74          0.600        0.000
  ISD-146              JUNCTION       21.73          0.600        0.000
  ISD-147              JUNCTION       21.73          0.600        0.000
  ISD-148              JUNCTION       21.72          0.600        0.000
  ISD-149              JUNCTION       21.73          0.600        0.000
  ISD-150              JUNCTION       21.72          0.600        0.000
  ISD-151              JUNCTION       21.72          0.600        0.000
  ISD-152              JUNCTION       21.72          0.600        0.000
  ISD-153              JUNCTION       21.71          0.600        0.000
  ISD-154              JUNCTION       21.71          0.600        0.000
  ISD-155              JUNCTION       21.71          0.600        0.000
  ISD-156              JUNCTION       21.71          0.600        0.000
  ISD-157              JUNCTION       21.71          0.600        0.000
  ISD-158              JUNCTION       21.71          0.600        0.000
  ISD-159              JUNCTION       21.72          0.600        0.000
  ISD-160              JUNCTION       21.78          0.600        0.000
  ISD-161              JUNCTION       21.84          0.600        0.000
  ISD-162              JUNCTION       21.74          0.511        0.089
  ISD-163              JUNCTION       21.81          0.550        0.050
  ISD-164              JUNCTION       21.83          0.580        0.020
  ISD-165              JUNCTION       21.91          0.600        0.000
  ISD-166              JUNCTION       21.84          0.600        0.000
  ISD-167              JUNCTION       21.90          0.600        0.000
  ISD-168              JUNCTION       21.86          0.595        0.005
  ISD-169              JUNCTION       21.81          0.599        0.001
  ISD-170              JUNCTION       21.79          0.577        0.023
  ISD-171              JUNCTION       21.84          0.600        0.000
  ISD-172              JUNCTION       21.85          0.600        0.000
  ISD-173              JUNCTION       21.83          0.600        0.000
  ISD-174              JUNCTION       21.81          0.600        0.000
  ISD-175              JUNCTION       21.84          0.600        0.000
  ISD-176              JUNCTION       21.77          0.600        0.000
  ISD-177              JUNCTION       21.72          0.600        0.000
  ISD-178              JUNCTION       21.71          0.600        0.000
  ISD-179              JUNCTION       21.71          0.600        0.000
  ISD-180              JUNCTION       21.73          0.600        0.000
  ISD-181              JUNCTION       21.71          0.574        0.026
  ISD-182              JUNCTION       21.70          0.543        0.057
  ISD-183              JUNCTION       21.70          0.600        0.000
  ISD-184              JUNCTION       21.70          0.600        0.000
  ISD-185              JUNCTION       21.70          0.600        0.000
  ISD-186              JUNCTION       21.70          0.600        0.000
  ISD-187              JUNCTION       21.70          0.565        0.035
  ISD-189              JUNCTION       16.00          0.390        0.210
  ISD-194              JUNCTION        9.05          0.095        0.055
  ISD-196              JUNCTION       11.42          0.150        0.000
  ISD-198              JUNCTION        7.06          0.039        0.111
  ISD-199              JUNCTION        7.20          0.044        0.106
  ISD-200              JUNCTION        6.48          0.029        0.121
  ISD-201              JUNCTION        8.56          0.072        0.078
  ISD-202              JUNCTION       10.74          0.127        0.023
  ISD-203              JUNCTION       11.73          0.150        0.000
  ISD-204              JUNCTION       11.29          0.136        0.014
  ISD-205              JUNCTION       11.50          0.137        0.013
  ISD-206              JUNCTION       11.97          0.150        0.000
  ISD-207              JUNCTION        9.03          0.078        0.072
  ISD-208              JUNCTION       10.15          0.104        0.046
  ISD-209              JUNCTION        8.29          0.060        0.090
  ISD-210              JUNCTION        9.75          0.092        0.058
  ISD-211              JUNCTION        9.06          0.077        0.073
  ISD-212              JUNCTION        8.87          0.071        0.079
  ISD-213              JUNCTION       10.54          0.102        0.048
  ISD-215              JUNCTION        8.66          0.066        0.084
  ISD-218              JUNCTION        8.16          0.062        0.088
  ISD-224              JUNCTION        0.94          0.024        0.126
  ISD-252              JUNCTION        9.70          0.046        0.104
  ISD-253              JUNCTION        9.97          0.045        0.105
  ISD-254              JUNCTION       21.15          0.300        0.000
  ISD-255              JUNCTION       21.33          0.300        0.000
  ISD-256              JUNCTION       21.16          0.300        0.000
  ISD-257              JUNCTION        4.57          0.057        0.243
  ISD-268              JUNCTION       11.27          0.185        0.115
  ISD-283              JUNCTION       21.31          0.000        0.000
  ISD-298              JUNCTION        2.53          0.000        0.000
  ISD-301              JUNCTION        1.28          0.000        0.000
  ISD-302              JUNCTION        2.38          0.000        0.000
  ISD-303              JUNCTION        0.06          0.000        0.000
  ISD-306              JUNCTION        0.01          0.000        0.000
  ISD-351              JUNCTION       18.52          0.000        0.000
  ISD-352              JUNCTION        1.01          0.000        0.000
  ISD-359              JUNCTION       18.10          0.745        0.005
  ISD-360              JUNCTION       18.24          0.748        0.002
  ISD-361              JUNCTION       18.58          0.750        0.000
  ISD-362              JUNCTION       18.76          0.750        0.000
  ISD-363              JUNCTION       18.61          0.740        0.010
  ISD-364              JUNCTION       19.00          0.750        0.000
  ISD-365              JUNCTION       18.74          0.750        0.000
  ISD-366              JUNCTION       18.57          0.750        0.000
  ISD-381              JUNCTION       16.12          0.419        0.181
  ISD-382              JUNCTION       18.03          0.600        0.000
  ISD-383              JUNCTION       18.26          0.600        0.000
  ISD-384              JUNCTION       18.34          0.600        0.000
  ISD-385              JUNCTION       18.56          0.600        0.000
  ISD-386              JUNCTION       18.60          0.561        0.039
  ISD-387              JUNCTION       18.90          0.600        0.000
  ISD-388              JUNCTION       18.95          0.600        0.000
  ISD-389              JUNCTION       18.88          0.592        0.008
  ISD-390              JUNCTION       18.78          0.561        0.039
  ISD-391              JUNCTION       18.81          0.582        0.018
  ISD-392              JUNCTION       18.75          0.555        0.045
  ISD-393              JUNCTION       18.78          0.571        0.029
  ISD-394              JUNCTION       18.83          0.586        0.014
  ISD-395              JUNCTION       18.81          0.575        0.025
  ISD-396              JUNCTION       18.83          0.574        0.026
  ISD-397              JUNCTION       18.80          0.551        0.049
  ISD-398              JUNCTION       19.07          0.598        0.002
  ISD-399              JUNCTION       19.22          0.600        0.000
  ISD-400              JUNCTION       19.33          0.600        0.000
  ISD-401              JUNCTION       19.31          0.576        0.024
  ISD-402              JUNCTION       19.50          0.600        0.000
  ISD-403              JUNCTION       19.28          0.522        0.078
  ISD-404              JUNCTION       19.43          0.567        0.033
  ISD-405              JUNCTION       19.51          0.592        0.008
  ISD-406              JUNCTION       19.57          0.600        0.000
  ISD-407              JUNCTION       19.54          0.564        0.036
  ISD-408              JUNCTION       19.77          0.600        0.000
  ISD-409              JUNCTION       19.89          0.600        0.000
  ISD-410              JUNCTION       19.81          0.600        0.000
  ISD-411              JUNCTION       19.87          0.600        0.000
  ISD-412              JUNCTION       19.75          0.557        0.043
  ISD-413              JUNCTION       19.73          0.550        0.050
  ISD-414              JUNCTION       19.75          0.550        0.050
  ISD-415              JUNCTION       19.93          0.589        0.011
  ISD-416              JUNCTION       19.95          0.575        0.025
  ISD-417              JUNCTION       20.12          0.600        0.000
  ISD-418              JUNCTION       20.12          0.591        0.009
  ISD-419              JUNCTION       20.33          0.600        0.000
  ISD-420              JUNCTION       20.32          0.588        0.012
  ISD-421              JUNCTION       20.44          0.600        0.000
  ISD-422              JUNCTION       20.59          0.600        0.000
  ISD-423              JUNCTION       20.57          0.600        0.000
  ISD-424              JUNCTION       20.50          0.600        0.000
  ISD-425              JUNCTION       20.70          0.589        0.011
  ISD-426              JUNCTION       21.04          0.600        0.000
  ISD-427              JUNCTION       21.13          0.600        0.000
  ISD-428              JUNCTION       21.22          0.600        0.000
  ISD-429              JUNCTION       21.45          0.588        0.012
  ISD-430              JUNCTION       22.11          0.600        0.000
  ISD-431              JUNCTION       22.13          0.533        0.067
  ISD-432              JUNCTION       22.20          0.600        0.000
  ISD-433              JUNCTION       22.17          0.600        0.000
  ISD-434              JUNCTION       22.25          0.600        0.000
  ISD-435              JUNCTION       22.20          0.464        0.136
  ISD-436              JUNCTION       22.21          0.492        0.108
  ISD-437              JUNCTION       22.21          0.481        0.119
  ISD-438              JUNCTION       22.30          0.600        0.000
  ISD-439              JUNCTION       22.29          0.597        0.003
  ISD-440              JUNCTION       22.32          0.600        0.000
  ISD-441              JUNCTION       22.25          0.600        0.000
  ISD-442              JUNCTION       22.24          0.550        0.050
  ISD-443              JUNCTION       22.18          0.587        0.013
  ISD-444              JUNCTION       22.15          0.561        0.039
  ISD-445              JUNCTION       22.14          0.600        0.000
  ISD-446              JUNCTION       22.13          0.600        0.000
  ISD-447              JUNCTION       21.92          0.508        0.092
  ISD-448              JUNCTION       22.10          0.600        0.000
  ISD-449              JUNCTION       21.96          0.600        0.000
  ISD-450              JUNCTION       21.90          0.569        0.031
  ISD-451              JUNCTION       21.91          0.600        0.000
  ISD-452              JUNCTION       21.92          0.600        0.000
  ISD-453              JUNCTION       21.91          0.600        0.000
  ISD-454              JUNCTION       21.81          0.492        0.108
  ISD-455              JUNCTION       21.72          0.299        0.301
  ISD-456              JUNCTION       21.74          0.377        0.223
  ISD-457              JUNCTION       21.83          0.570        0.030
  ISD-458              JUNCTION       21.82          0.551        0.049
  ISD-459              JUNCTION       21.87          0.600        0.000
  ISD-460              JUNCTION       21.79          0.562        0.038
  ISD-461              JUNCTION       21.75          0.507        0.093
  ISD-462              JUNCTION       21.71          0.473        0.127
  ISD-463              JUNCTION       21.72          0.494        0.106
  ISD-464              JUNCTION       21.74          0.600        0.000
  ISD-465              JUNCTION       21.73          0.600        0.000
  ISD-466              JUNCTION       21.68          0.485        0.115
  ISD-467              JUNCTION       21.59          0.429        0.171
  ISD-468              JUNCTION       21.56          0.449        0.151
  ISD-469              JUNCTION       21.52          0.433        0.167
  ISD-470              JUNCTION       21.56          0.492        0.108
  ISD-471              JUNCTION       21.58          0.532        0.068
  ISD-472              JUNCTION       21.65          0.600        0.000
  ISD-473              JUNCTION       21.58          0.583        0.017
  ISD-474              JUNCTION       21.47          0.520        0.080
  ISD-475              JUNCTION       21.55          0.600        0.000
  ISD-476              JUNCTION       21.48          0.579        0.021
  ISD-477              JUNCTION       21.28          0.519        0.081
  ISD-478              JUNCTION       21.28          0.545        0.055
  ISD-479              JUNCTION       21.16          0.553        0.047
  ISD-480              JUNCTION       21.17          0.588        0.012
  ISD-481              JUNCTION       21.01          0.581        0.019
  ISD-482              JUNCTION       21.17          0.600        0.000
  ISD-483              JUNCTION       20.96          0.600        0.000
  ISD-484              JUNCTION       20.75          0.600        0.000
  ISD-485              JUNCTION       20.41          0.600        0.000
  ISD-486              JUNCTION       20.17          0.581        0.019
  ISD-487              JUNCTION       20.22          0.600        0.000
  ISD-488              JUNCTION       19.28          0.600        0.000
  ISD-489              JUNCTION       18.61          0.600        0.000
  ISD-490              JUNCTION       18.39          0.600        0.000
  ISD-491              JUNCTION       18.09          0.600        0.000
  ISD-492              JUNCTION       17.75          0.600        0.000
  ISD-493              JUNCTION       17.51          0.600        0.000
  ISD-494              JUNCTION       17.23          0.600        0.000
  ISD-495              JUNCTION       16.66          0.600        0.000
  ISD-496              JUNCTION       15.79          0.600        0.000
  ISD-497              JUNCTION       15.19          0.600        0.000
  ISD-498              JUNCTION       15.36          0.600        0.000
  ISD-499              JUNCTION       15.00          0.600        0.000
  ISD-500              JUNCTION       14.21          0.599        0.001
  ISD-501              JUNCTION       14.05          0.600        0.000
  ISD-502              JUNCTION       13.69          0.600        0.000
  ISD-503              JUNCTION       13.08          0.600        0.000
  ISD-504              JUNCTION       12.74          0.600        0.000
  ISD-505              JUNCTION       12.02          0.600        0.000
  ISD-506              JUNCTION       10.79          0.600        0.000
  ISD-507              JUNCTION        9.82          0.563        0.037
  ISD-508              JUNCTION        9.10          0.600        0.000
  ISD-509              JUNCTION        8.54          0.600        0.000
  ISD-510              JUNCTION        7.72          0.572        0.028
  ISD-511              JUNCTION        7.59          0.586        0.014
  ISD-512              JUNCTION        6.89          0.504        0.096
  ISD-513              JUNCTION        6.30          0.472        0.128
  ISD-514              JUNCTION        5.43          0.405        0.195
  ISD-515              JUNCTION        2.59          0.409        0.191
  ISD-516              JUNCTION        1.15          0.316        0.284
  ISD-527              JUNCTION       18.98          0.750        0.000
  ISD-528              JUNCTION       20.19          0.750        0.000
  ISD-529              JUNCTION       20.06          0.750        0.000
  ISD-530              JUNCTION       20.13          0.750        0.000
  ISD-531              JUNCTION       20.84          0.750        0.000
  ISD-532              JUNCTION       20.98          0.750        0.000
  ISD-533              JUNCTION       21.33          0.750        0.000
  ISD-534              JUNCTION       21.56          0.750        0.000
  ISD-535              JUNCTION       21.86          0.750        0.000
  ISD-536              JUNCTION       21.81          0.750        0.000
  ISD-537              JUNCTION       21.76          0.739        0.011
  ISD-538              JUNCTION       21.14          0.519        0.081
  ISD-539              JUNCTION       21.29          0.600        0.000
  ISD-540              JUNCTION       21.26          0.600        0.000
  ISD-541              JUNCTION       21.12          0.600        0.000
  ISD-542              JUNCTION       21.14          0.600        0.000
  ISD-543              JUNCTION       20.91          0.600        0.000
  ISD-544              JUNCTION       20.94          0.600        0.000
  ISD-546              JUNCTION       13.70          0.360        0.240
  ISD-547              JUNCTION       13.02          0.243        0.357
  ISD-548              JUNCTION       13.49          0.464        0.136
  ISD-549              JUNCTION       13.22          0.600        0.000
  ISD-550              JUNCTION       11.49          0.600        0.000
  ISD-551              JUNCTION       12.08          0.600        0.000
  ISD-552              JUNCTION        2.99          0.600        0.000
  ISD-554              JUNCTION       12.40          0.125        0.475
  ISD-555              JUNCTION       16.19          0.409        0.191
  ISD-556              JUNCTION       17.73          0.600        0.000
  ISD-557              JUNCTION       17.62          0.600        0.000
  ISD-558              JUNCTION       16.97          0.578        0.022
  ISD-559              JUNCTION       20.99          0.600        0.000
  ISD-560              JUNCTION       22.46          0.600        0.000
  ISD-561              JUNCTION       20.42          0.600        0.000
  ISD-562              JUNCTION       20.50          0.600        0.000
  ISD-563              JUNCTION       20.34          0.588        0.012
  ISD-564              JUNCTION       20.34          0.584        0.016
  ISD-565              JUNCTION       20.48          0.600        0.000
  ISD-566              JUNCTION       20.48          0.595        0.005
  ISD-567              JUNCTION       20.58          0.600        0.000
  ISD-568              JUNCTION       20.59          0.600        0.000
  ISD-569              JUNCTION       20.19          0.549        0.051
  ISD-570              JUNCTION       20.11          0.534        0.066
  ISD-571              JUNCTION       20.48          0.590        0.010
  ISD-572              JUNCTION       19.91          0.496        0.104
  ISD-573              JUNCTION       20.71          0.600        0.000
  ISD-574              JUNCTION       20.32          0.589        0.011
  ISD-575              JUNCTION       20.21          0.590        0.010
  ISD-576              JUNCTION       20.19          0.600        0.000
  ISD-577              JUNCTION       19.63          0.510        0.090
  ISD-578              JUNCTION       19.84          0.445        0.155
  ISD-579              JUNCTION       21.19          0.600        0.000
  ISD-580              JUNCTION       18.91          0.306        0.294
  ISD-581              JUNCTION       17.26          0.175        0.425
  ISD-586              JUNCTION       21.68          0.600        0.000
  ISD-588              JUNCTION        4.23          0.031        0.569
  ISD-589              JUNCTION        5.18          0.057        0.543
  ISD-590              JUNCTION        4.30          0.045        0.555
  ISD-591              JUNCTION       12.62          0.174        0.426
  ISD-592              JUNCTION       18.57          0.288        0.312
  ISD-593              JUNCTION       19.53          0.393        0.207
  ISD-594              JUNCTION       19.75          0.415        0.185
  ISD-595              JUNCTION       20.29          0.480        0.120
  ISD-596              JUNCTION       20.29          0.485        0.115
  ISD-597              JUNCTION       20.44          0.500        0.100
  ISD-598              JUNCTION       21.17          0.581        0.019
  ISD-599              JUNCTION       21.44          0.600        0.000
  ISD-600              JUNCTION       21.30          0.600        0.000
  ISD-601              JUNCTION       21.18          0.584        0.016
  ISD-602              JUNCTION       21.35          0.600        0.000
  ISD-603              JUNCTION       20.99          0.574        0.026
  ISD-604              JUNCTION       21.15          0.600        0.000
  ISD-605              JUNCTION       20.98          0.600        0.000
  ISD-606              JUNCTION       20.43          0.544        0.056
  ISD-607              JUNCTION       20.38          0.600        0.000
  ISD-608              JUNCTION       19.84          0.541        0.059
  ISD-609              JUNCTION       19.92          0.600        0.000
  ISD-610              JUNCTION       19.78          0.600        0.000
  ISD-611              JUNCTION       19.70          0.595        0.005
  ISD-612              JUNCTION       19.76          0.600        0.000
  ISD-613              JUNCTION       19.56          0.597        0.003
  ISD-614              JUNCTION       19.42          0.600        0.000
  ISD-615              JUNCTION       19.45          0.595        0.005
  ISD-616              JUNCTION       19.03          0.600        0.000
  ISD-617              JUNCTION       18.51          0.600        0.000
  ISD-618              JUNCTION       18.00          0.599        0.001
  ISD-619              JUNCTION       17.30          0.600        0.000
  ISD-620              JUNCTION       12.76          0.600        0.000
  ISD-621              JUNCTION        5.11          0.434        0.166
  ISD-622              JUNCTION        3.85          0.412        0.188
  ISD-623              JUNCTION        2.87          0.311        0.289
  ISD-624              JUNCTION        1.40          0.165        0.435
  ISD-645              JUNCTION        5.30          0.377        0.223
  ISD-646              JUNCTION        7.58          0.350        0.250
  ISD-647              JUNCTION        8.86          0.564        0.036
  ISD-648              JUNCTION       11.73          0.600        0.000
  ISD-649              JUNCTION       12.15          0.600        0.000
  ISD-650              JUNCTION       13.93          0.600        0.000
  ISD-651              JUNCTION       14.49          0.600        0.000
  ISD-652              JUNCTION       14.95          0.589        0.011
  ISD-653              JUNCTION       16.21          0.600        0.000
  ISD-654              JUNCTION       16.46          0.600        0.000
  ISD-655              JUNCTION       17.11          0.598        0.002
  ISD-656              JUNCTION       17.95          0.572        0.028
  ISD-657              JUNCTION       18.89          0.587        0.013
  ISD-658              JUNCTION       20.08          0.600        0.000
  ISD-659              JUNCTION       21.35          0.600        0.000
  ISD-660              JUNCTION       21.94          0.600        0.000
  ISD-661              JUNCTION       21.99          0.600        0.000
  ISD-662              JUNCTION       22.03          0.600        0.000
  ISD-663              JUNCTION       22.06          0.600        0.000
  ISD-664              JUNCTION       22.08          0.600        0.000
  ISD-665              JUNCTION       22.14          0.600        0.000
  ISD-666              JUNCTION       22.10          0.600        0.000
  ISD-667              JUNCTION       22.02          0.578        0.022
  ISD-668              JUNCTION       22.00          0.600        0.000
  ISD-669              JUNCTION       22.00          0.600        0.000
  ISD-670              JUNCTION       21.99          0.600        0.000
  ISD-671              JUNCTION       21.97          0.600        0.000
  ISD-672              JUNCTION       21.95          0.595        0.005
  ISD-673              JUNCTION       21.95          0.600        0.000
  ISD-674              JUNCTION       21.94          0.600        0.000
  ISD-675              JUNCTION       21.41          0.600        0.000
  ISD-676              JUNCTION       16.94          0.600        0.000
  ISD-678              JUNCTION       10.15          0.600        0.000
  ISD-679              JUNCTION        8.95          0.288        0.312
  ISD-680              JUNCTION        7.96          0.223        0.377
  ISD-715              JUNCTION        8.77          0.062        0.088
  ISD-716              JUNCTION        8.77          0.062        0.088
  ISD-717              JUNCTION        9.53          0.094        0.056
  ISD-718              JUNCTION       10.99          0.126        0.024
  ISD-719              JUNCTION       13.08          0.150        0.000
  ISD-720              JUNCTION       11.52          0.142        0.008
  ISD-721              JUNCTION       11.77          0.150        0.000
  ISD-722              JUNCTION       12.59          0.150        0.000
  ISD-723              JUNCTION       11.44          0.150        0.000
  ISD-724              JUNCTION        9.92          0.145        0.005
  ISD-725              JUNCTION        9.69          0.150        0.000
  ISD-726              JUNCTION        5.57          0.150        0.000
  ISD-727              JUNCTION        4.35          0.150        0.000
  ISD-774              JUNCTION        3.78          0.450        0.000
  ISD-775              JUNCTION        7.45          0.450        0.000
  ISD-776              JUNCTION        6.27          0.423        0.027
  ISD-777              JUNCTION        7.20          0.422        0.028
  ISD-778              JUNCTION       13.03          0.450        0.000
  ISD-779              JUNCTION       15.83          0.450        0.000
  ISD-780              JUNCTION       14.45          0.418        0.032
  ISD-781              JUNCTION       10.99          0.308        0.142
  ISD-782              JUNCTION        3.55          0.009        0.441
  ISD-796              JUNCTION        2.30          0.022        0.428
  ISD-799              JUNCTION        4.44          0.056        0.394
  ISD-800              JUNCTION       17.88          0.395        0.055
  ISD-801              JUNCTION       21.69          0.438        0.012
  ISD-802              JUNCTION       21.79          0.450        0.000
  ISD-803              JUNCTION       21.83          0.429        0.021
  ISD-804              JUNCTION       21.89          0.450        0.000
  ISD-805              JUNCTION       21.85          0.382        0.068
  ISD-806              JUNCTION       19.29          0.450        0.000
  ISD-807              JUNCTION       19.31          0.450        0.000
  ISD-808              JUNCTION       19.34          0.450        0.000
  ISD-809              JUNCTION       18.97          0.356        0.094
  ISD-810              JUNCTION       18.84          0.306        0.144
  ISD-811              JUNCTION       18.78          0.301        0.149
  ISD-812              JUNCTION       18.86          0.360        0.090
  ISD-813              JUNCTION       18.96          0.430        0.020
  ISD-814              JUNCTION       18.84          0.450        0.000
  ISD-815              JUNCTION       18.77          0.450        0.000
  ISD-816              JUNCTION       18.67          0.443        0.007
  ISD-817              JUNCTION       18.63          0.450        0.000
  ISD-818              JUNCTION       18.62          0.450        0.000
  ISD-819              JUNCTION       16.67          0.450        0.000
  ISD-820              JUNCTION       13.26          0.444        0.006
  ISD-821              JUNCTION       12.72          0.450        0.000
  ISD-822              JUNCTION       11.64          0.423        0.027
  ISD-823              JUNCTION       10.83          0.406        0.044
  ISD-824              JUNCTION       10.22          0.416        0.034
  ISD-825              JUNCTION        8.03          0.371        0.079
  ISD-826              JUNCTION        7.34          0.354        0.096
  ISD-827              JUNCTION        6.06          0.291        0.159
  ISD-828              JUNCTION        5.86          0.284        0.166
  ISD-829              JUNCTION        3.92          0.164        0.286
  ISD-830              JUNCTION        4.43          0.188        0.262
  ISD-831              JUNCTION        3.17          0.127        0.323
  ISD-832              JUNCTION        1.66          0.047        0.403
  ISD-837              JUNCTION        1.25          0.025        0.425
  ISD-838              JUNCTION        6.94          0.319        0.131
  ISD-839              JUNCTION        8.55          0.406        0.044
  ISD-840              JUNCTION        8.91          0.441        0.009
  ISD-841              JUNCTION        9.01          0.429        0.021
  ISD-842              JUNCTION        9.69          0.444        0.006
  ISD-843              JUNCTION       10.66          0.450        0.000
  ISD-844              JUNCTION       10.60          0.414        0.036
  ISD-845              JUNCTION       10.82          0.408        0.042
  ISD-846              JUNCTION       11.34          0.423        0.027
  ISD-847              JUNCTION       12.12          0.450        0.000
  ISD-848              JUNCTION       12.73          0.450        0.000
  ISD-849              JUNCTION       13.08          0.450        0.000
  ISD-850              JUNCTION       13.28          0.450        0.000
  ISD-851              JUNCTION       13.68          0.450        0.000
  ISD-852              JUNCTION       14.01          0.447        0.003
  ISD-853              JUNCTION       14.48          0.450        0.000
  ISD-854              JUNCTION       14.51          0.448        0.002
  ISD-855              JUNCTION       14.60          0.450        0.000
  ISD-856              JUNCTION       14.68          0.450        0.000
  ISD-857              JUNCTION       14.79          0.450        0.000
  ISD-858              JUNCTION       14.87          0.450        0.000
  ISD-859              JUNCTION       14.94          0.450        0.000
  ISD-860              JUNCTION       15.00          0.450        0.000
  ISD-861              JUNCTION       15.05          0.447        0.003
  ISD-862              JUNCTION       15.14          0.450        0.000
  ISD-863              JUNCTION       15.12          0.427        0.023
  ISD-864              JUNCTION       15.22          0.450        0.000
  ISD-865              JUNCTION       15.27          0.450        0.000
  ISD-866              JUNCTION       15.29          0.450        0.000
  ISD-867              JUNCTION       15.32          0.450        0.000
  ISD-868              JUNCTION       15.39          0.450        0.000
  ISD-869              JUNCTION       15.40          0.450        0.000
  ISD-870              JUNCTION       15.37          0.426        0.024
  ISD-871              JUNCTION       15.51          0.450        0.000
  ISD-872              JUNCTION       15.48          0.450        0.000
  ISD-873              JUNCTION       15.44          0.450        0.000
  ISD-874              JUNCTION       15.47          0.450        0.000
  ISD-875              JUNCTION       15.46          0.450        0.000
  ISD-876              JUNCTION       15.51          0.450        0.000
  ISD-877              JUNCTION       15.26          0.396        0.054
  ISD-878              JUNCTION       15.25          0.408        0.042
  ISD-879              JUNCTION       15.56          0.450        0.000
  ISD-880              JUNCTION       15.64          0.450        0.000
  ISD-881              JUNCTION       15.78          0.449        0.001
  ISD-882              JUNCTION       15.96          0.450        0.000
  ISD-883              JUNCTION       16.06          0.449        0.001
  ISD-884              JUNCTION       16.33          0.450        0.000
  ISD-885              JUNCTION       16.68          0.443        0.007
  ISD-886              JUNCTION       17.42          0.450        0.000
  ISD-887              JUNCTION       18.05          0.422        0.028
  ISD-888              JUNCTION       19.24          0.424        0.026
  ISD-889              JUNCTION       19.97          0.429        0.021
  ISD-890              JUNCTION       20.48          0.450        0.000
  ISD-891              JUNCTION       20.56          0.416        0.034
  ISD-892              JUNCTION       20.96          0.589        0.011
  ISD-893              JUNCTION       21.01          0.600        0.000
  ISD-894              JUNCTION       21.01          0.598        0.002
  ISD-895              JUNCTION       21.06          0.600        0.000
  ISD-896              JUNCTION       21.09          0.600        0.000
  ISD-897              JUNCTION       21.13          0.600        0.000
  ISD-898              JUNCTION       21.17          0.600        0.000
  ISD-899              JUNCTION       21.18          0.600        0.000
  ISD-900              JUNCTION       21.21          0.600        0.000
  ISD-901              JUNCTION       21.27          0.600        0.000
  ISD-902              JUNCTION       21.32          0.600        0.000
  ISD-903              JUNCTION       21.34          0.600        0.000
  ISD-904              JUNCTION       21.40          0.600        0.000
  ISD-905              JUNCTION       21.38          0.588        0.012
  ISD-906              JUNCTION       21.40          0.573        0.027
  ISD-907              JUNCTION       21.46          0.596        0.004
  ISD-908              JUNCTION       21.51          0.600        0.000
  ISD-909              JUNCTION       21.51          0.595        0.005
  ISD-910              JUNCTION       21.56          0.600        0.000
  ISD-911              JUNCTION       21.58          0.590        0.010
  ISD-912              JUNCTION       21.66          0.600        0.000
  ISD-913              JUNCTION       21.72          0.600        0.000
  ISD-914              JUNCTION       21.80          0.600        0.000
  ISD-915              JUNCTION       21.81          0.600        0.000
  ISD-916              JUNCTION       21.81          0.594        0.006
  ISD-917              JUNCTION       21.82          0.600        0.000
  ISD-918              JUNCTION       21.82          0.600        0.000
  ISD-919              JUNCTION       21.83          0.591        0.009
  ISD-920              JUNCTION       21.84          0.600        0.000
  ISD-921              JUNCTION       21.84          0.600        0.000
  ISD-922              JUNCTION       21.85          0.600        0.000
  ISD-923              JUNCTION       21.86          0.600        0.000
  ISD-924              JUNCTION       21.87          0.600        0.000
  ISD-925              JUNCTION       21.88          0.600        0.000
  ISD-926              JUNCTION       21.88          0.578        0.022
  ISD-927              JUNCTION       21.88          0.546        0.054
  ISD-928              JUNCTION       21.91          0.600        0.000
  ISD-929              JUNCTION       21.91          0.600        0.000
  ISD-930              JUNCTION       21.91          0.595        0.005
  ISD-931              JUNCTION       21.92          0.600        0.000
  ISD-932              JUNCTION       21.92          0.600        0.000
  ISD-933              JUNCTION       21.93          0.600        0.000
  ISD-934              JUNCTION       21.93          0.599        0.001
  ISD-935              JUNCTION       21.95          0.600        0.000
  ISD-936              JUNCTION       21.95          0.600        0.000
  ISD-937              JUNCTION       21.95          0.600        0.000
  ISD-938              JUNCTION       21.95          0.600        0.000
  ISD-939              JUNCTION       21.96          0.600        0.000
  ISD-940              JUNCTION       21.96          0.600        0.000
  ISD-941              JUNCTION       21.96          0.597        0.003
  ISD-942              JUNCTION       21.96          0.600        0.000
  ISD-943              JUNCTION       21.95          0.590        0.010
  ISD-944              JUNCTION       21.95          0.547        0.053
  ISD-945              JUNCTION       22.01          0.600        0.000
  ISD-946              JUNCTION       22.02          0.600        0.000
  ISD-947              JUNCTION       22.00          0.600        0.000
  ISD-948              JUNCTION       22.03          0.600        0.000
  ISD-949              JUNCTION       22.01          0.585        0.015
  ISD-950              JUNCTION       22.02          0.579        0.021
  ISD-951              JUNCTION       22.00          0.530        0.070
  ISD-952              JUNCTION       21.90          0.384        0.216
  ISD-953              JUNCTION       21.85          0.310        0.290
  ISD-954              JUNCTION       21.06          0.229        0.371
  ISD-955              JUNCTION       21.83          0.213        0.387
  ISD-956              JUNCTION       13.28          0.065        0.535
  ISD-957              JUNCTION       10.23          0.140        0.460
  ISD-958              JUNCTION       12.62          0.348        0.252
  ISD-959              JUNCTION       13.83          0.498        0.102
  ISD-960              JUNCTION       13.55          0.583        0.017
  ISD-961              JUNCTION       12.49          0.600        0.000
  ISD-962              JUNCTION       11.90          0.600        0.000
  ISD-963              JUNCTION       11.56          0.600        0.000
  ISD-964              JUNCTION       11.02          0.600        0.000
  ISD-965              JUNCTION       10.31          0.600        0.000
  ISD-966              JUNCTION        9.60          0.600        0.000
  ISD-967              JUNCTION        9.09          0.600        0.000
  ISD-968              JUNCTION        8.39          0.594        0.006
  ISD-969              JUNCTION        4.02          0.357        0.243
  ISD-970              JUNCTION        2.22          0.173        0.427
  ISD-996              JUNCTION        2.58          0.600        0.000
  ISD-997              JUNCTION        3.02          0.600        0.000
  ISD-998              JUNCTION        7.17          0.600        0.000
  ISD-999              JUNCTION        7.64          0.600        0.000
  ISD-1000             JUNCTION        8.85          0.600        0.000
  ISD-1001             JUNCTION       13.84          0.600        0.000
  ISD-1002             JUNCTION       14.69          0.600        0.000
  ISD-1003             JUNCTION       16.62          0.600        0.000
  ISD-1004             JUNCTION       17.48          0.600        0.000
  ISD-1005             JUNCTION       18.87          0.600        0.000
  ISD-1006             JUNCTION       19.57          0.600        0.000
  ISD-1007             JUNCTION       19.32          0.600        0.000
  ISD-1009             JUNCTION        9.44          0.300        0.000
  ISD-1010             JUNCTION        9.43          0.300        0.000
  ISD-1011             JUNCTION        8.78          0.265        0.035
  ISD-1012             JUNCTION        8.57          0.272        0.028
  ISD-1013             JUNCTION        8.56          0.287        0.013
  ISD-1014             JUNCTION        8.41          0.277        0.023
  ISD-1015             JUNCTION        8.16          0.282        0.018
  ISD-1016             JUNCTION        8.14          0.295        0.005
  ISD-1017             JUNCTION        8.13          0.292        0.008
  ISD-1018             JUNCTION        8.19          0.300        0.000
  ISD-1019             JUNCTION        8.15          0.300        0.000
  ISD-1020             JUNCTION        7.91          0.284        0.016
  ISD-1021             JUNCTION        7.91          0.300        0.000
  ISD-1022             JUNCTION        7.38          0.266        0.034
  ISD-1023             JUNCTION        7.15          0.261        0.039
  ISD-1024             JUNCTION        6.93          0.300        0.000
  ISD-1025             JUNCTION        6.24          0.300        0.000
  ISD-1063             JUNCTION        0.26          0.051        0.249
  ISD-1071             JUNCTION       19.74          0.291        0.009
  ISD-1072             JUNCTION       20.15          0.300        0.000
  ISD-1074             JUNCTION       20.21          0.300        0.000
  ISD-1075             JUNCTION       20.06          0.300        0.000
  ISD-1076             JUNCTION       19.77          0.300        0.000
  ISD-1077             JUNCTION       15.05          0.300        0.000
  ISD-1078             JUNCTION       13.84          0.300        0.000
  ISD-1079             JUNCTION       12.05          0.300        0.000
  ISD-1080             JUNCTION        8.99          0.300        0.000
  ISD-1081             JUNCTION        6.22          0.300        0.000
  ISD-1082             JUNCTION        5.84          0.300        0.000
  ISD-1083             JUNCTION        4.58          0.300        0.000
  ISD-1095             JUNCTION        2.04          0.000        0.000
  ISD-1153             JUNCTION        0.37          0.300        0.000
  ISD-1154             JUNCTION        6.13          0.300        0.000
  ISD-1155             JUNCTION        9.64          0.300        0.000
  ISD-1156             JUNCTION       17.96          0.300        0.000
  ISD-1157             JUNCTION       20.94          0.300        0.000
  ISD-1158             JUNCTION       21.01          0.300        0.000
  ISD-1159             JUNCTION       21.30          0.300        0.000
  ISD-1160             JUNCTION       21.36          0.300        0.000
  ISD-1161             JUNCTION       21.35          0.300        0.000
  ISD-1162             JUNCTION       21.35          0.300        0.000
  ISD-1163             JUNCTION       21.76          0.300        0.000
  ISD-1164             JUNCTION       22.02          0.600        0.000
  ISD-1165             JUNCTION       22.02          0.600        0.000
  ISD-1166             JUNCTION       21.94          0.600        0.000
  ISD-1167             JUNCTION       21.85          0.600        0.000
  ISD-1168             JUNCTION       21.81          0.587        0.013
  ISD-1169             JUNCTION       21.76          0.529        0.071
  ISD-1170             JUNCTION       21.76          0.535        0.065
  ISD-1171             JUNCTION       21.38          0.463        0.137
  ISD-1172             JUNCTION       21.40          0.475        0.125
  ISD-1173             JUNCTION       21.32          0.449        0.151
  ISD-1174             JUNCTION       21.81          0.600        0.000
  ISD-1175             JUNCTION       22.10          0.600        0.000
  ISD-1176             JUNCTION       22.13          0.600        0.000
  ISD-1177             JUNCTION       22.14          0.600        0.000
  ISD-1178             JUNCTION       22.14          0.600        0.000
  ISD-1179             JUNCTION       22.14          0.600        0.000
  ISD-1180             JUNCTION       22.06          0.589        0.011
  ISD-1181             JUNCTION       21.99          0.539        0.061
  ISD-1182             JUNCTION       21.81          0.427        0.173
  ISD-1183             JUNCTION        9.74          0.278        0.322
  ISD-1184             JUNCTION        7.31          0.216        0.384
  ISD-1185             JUNCTION        7.61          0.223        0.377
  ISD-1186             JUNCTION       10.82          0.277        0.323
  ISD-1187             JUNCTION       20.54          0.600        0.000
  ISD-1188             JUNCTION       21.82          0.600        0.000
  ISD-1189             JUNCTION       21.85          0.600        0.000
  ISD-1190             JUNCTION       21.87          0.600        0.000
  ISD-1191             JUNCTION       21.88          0.600        0.000
  ISD-1192             JUNCTION       21.88          0.600        0.000
  ISD-1193             JUNCTION       21.90          0.600        0.000
  ISD-1194             JUNCTION       21.87          0.554        0.046
  ISD-1195             JUNCTION       21.87          0.541        0.059
  ISD-1196             JUNCTION       21.88          0.600        0.000
  ISD-1197             JUNCTION       21.87          0.600        0.000
  ISD-1198             JUNCTION       21.86          0.600        0.000
  ISD-1199             JUNCTION       21.85          0.581        0.019
  ISD-1200             JUNCTION       21.83          0.600        0.000
  ISD-1201             JUNCTION       21.80          0.600        0.000
  ISD-1202             JUNCTION       14.22          0.600        0.000
  ISD-1203             JUNCTION        3.60          0.600        0.000
  ISD-1207             JUNCTION        2.68          0.072        0.528
  ISD-1208             JUNCTION        9.01          0.454        0.146
  ISD-1209             JUNCTION        9.24          0.563        0.037
  ISD-1210             JUNCTION        9.33          0.599        0.001
  ISD-1211             JUNCTION       13.52          0.600        0.000
  ISD-1212             JUNCTION       13.33          0.509        0.091
  ISD-1213             JUNCTION       13.35          0.418        0.182
  ISD-1214             JUNCTION       13.08          0.204        0.396
  ISD-1215             JUNCTION       14.84          0.187        0.413
  ISD-1216             JUNCTION       18.94          0.403        0.197
  ISD-1217             JUNCTION       20.82          0.522        0.078
  ISD-1218             JUNCTION       21.05          0.600        0.000
  ISD-1219             JUNCTION       21.08          0.600        0.000
  ISD-1220             JUNCTION       20.93          0.600        0.000
  ISD-1221             JUNCTION       20.75          0.534        0.066
  ISD-1222             JUNCTION       20.82          0.519        0.081
  ISD-1223             JUNCTION       20.80          0.461        0.139
  ISD-1224             JUNCTION       21.59          0.600        0.000
  ISD-1225             JUNCTION       21.02          0.578        0.022
  ISD-1226             JUNCTION       21.08          0.600        0.000
  ISD-1227             JUNCTION       21.07          0.573        0.027
  ISD-1228             JUNCTION       21.24          0.600        0.000
  ISD-1229             JUNCTION       21.22          0.596        0.004
  ISD-1230             JUNCTION       21.16          0.554        0.046
  ISD-1231             JUNCTION       21.31          0.596        0.004
  ISD-1232             JUNCTION       21.42          0.600        0.000
  ISD-1233             JUNCTION       21.01          0.600        0.000
  ISD-1234             JUNCTION       20.90          0.600        0.000
  ISD-1235             JUNCTION       20.76          0.600        0.000
  ISD-1236             JUNCTION       18.44          0.539        0.061
  ISD-1237             JUNCTION       18.02          0.534        0.066
  ISD-1238             JUNCTION       18.32          0.600        0.000
  ISD-1239             JUNCTION       18.26          0.600        0.000
  
  
  *********************
  Node Flooding Summary
  *********************
  
  Flooding refers to all water that overflows a node, whether it ponds or not.
  --------------------------------------------------------------------------
                                                             Total   Maximum
                                 Maximum   Time of Max       Flood    Ponded
                        Hours       Rate    Occurrence      Volume     Depth
  Node                 Flooded       CMS   days hr:min    10^6 ltr    Meters
  --------------------------------------------------------------------------
  I-1                    12.70     1.222      0  12:40      31.057     0.000
  I-2                    21.58     1.055      0  12:20      59.256     0.000
  I-3                     7.10     0.053      0  12:50       0.720     0.000
  I-4                    21.95     0.760      0  12:20      42.716     0.000
  I-10                   21.74     0.620      0  12:45      22.922     0.000
  I-11                    8.77     0.423      0  12:55       7.730     0.000
  I-12                   17.68     1.755      0  13:10      57.886     0.000
  I-17                    5.78     0.287      0  12:23       3.225     0.000
  I-20                   21.82     0.595      0  12:10      37.224     0.000
  I-22                    4.74     0.183      0  12:25       1.778     0.000
  I-26                   11.25     0.734      0  12:50      16.712     0.000
  I-27                    1.27     0.019      0  12:27       0.057     0.000
  I-36                   21.32     5.592      0  12:45     251.148     0.000
  I-42                    1.33     0.005      0  12:15       0.016     0.000
  I-45                   18.65     1.745      0  12:43      60.857     0.000
  I-49                    0.13     0.007      0  10:56       0.001     0.000
  I-50                    8.19     0.805      0  12:45      14.564     0.000
  I-55                   11.90     1.006      0  12:08      25.700     0.000
  I-57                    0.01     0.053      0  18:44       0.000     0.000
  I-83                   14.16     2.386      0  12:55      63.450     0.000
  I-87                   21.82     1.536      0  12:18      64.430     0.000
  I-89                    6.27     0.962      0  12:40      12.606     0.000
  I-101                   8.57     0.399      0  12:30       7.900     0.000
  I-102                  10.28     0.148      0  12:12       3.837     0.000
  I-106                   0.01     0.215      0  02:40       0.002     0.000
  I-107                   3.28     0.085      0  12:25       0.594     0.000
  I-108                  21.33     2.838      0  12:29     142.202     0.000
  I-110                   3.84     0.047      0  12:22       0.325     0.000
  I-111                  19.45     0.694      0  12:14      39.401     0.000
  I-114                  12.55     0.701      0  12:35      16.479     0.000
  I-115                  20.79     0.570      0  12:10      34.902     0.000
  I-117                  21.61     7.557      0  13:05     331.212     0.000
  I-119                  21.92     3.552      0  13:00     161.358     0.000
  I-120                  17.69     1.861      0  12:44      60.581     0.000
  I-121                  22.25     3.469      0  13:00     162.323     0.000
  I-122                  22.09     1.782      0  12:40      74.067     0.000
  I-123                  21.74     3.549      0  12:50     137.654     0.000
  I-127                  21.37     2.620      0  12:40     102.672     0.000
  I-130                   0.01     0.014      0  11:25       0.000     0.000
  I-131                  13.36     0.461      0  12:35      11.776     0.000
  I-132                  21.76     2.118      0  12:40     100.294     0.000
  I-134                   9.62     0.553      0  13:05      11.153     0.000
  I-135                  14.59     0.031      0  12:10       0.826     0.000
  I-138                  10.04     0.103      0  12:20       1.956     0.000
  I-139                  10.37     0.600      0  12:02      12.792     0.000
  I-141                   0.01     0.005      0  12:55       0.000     0.000
  I-142                   6.31     0.045      0  12:20       0.564     0.000
  I-143                   0.01     0.001      0  12:46       0.000     0.000
  ISD-8                   0.58     0.772      0  11:57       0.660     0.000
  ISD-9                   1.95     0.330      0  05:01       0.659     0.000
  ISD-10                 21.30     1.804      0  12:05      65.985     0.000
  ISD-14                 12.56     0.526      0  12:36      12.885     0.000
  ISD-56                  0.05     0.249      0  17:54       0.011     0.000
  ISD-57                  8.26     0.764      0  11:54       9.562     0.000
  ISD-58                  0.12     0.246      0  17:30       0.026     0.000
  ISD-59                  1.11     0.500      0  07:41       0.558     0.000
  ISD-60                  0.14     0.355      0  08:04       0.054     0.000
  ISD-77                 21.98     0.798      0  12:10      54.445     0.000
  ISD-78                 19.88     0.212      0  12:10      12.707     0.000
  ISD-79                 18.26     0.479      0  12:10      26.575     0.000
  ISD-80                 14.55     0.241      0  12:13      10.616     0.000
  ISD-81                  0.03     0.237      0  02:29       0.008     0.000
  ISD-82                  0.01     0.188      0  02:16       0.000     0.000
  ISD-83                 12.93     0.406      0  23:48      12.007     0.000
  ISD-84                  8.09     0.412      0  23:29       1.588     0.000
  ISD-85                  0.01     0.138      0  05:40       0.000     0.000
  ISD-96                  5.38     0.134      0  12:13       1.372     0.000
  ISD-97                  1.15     0.002      0  14:58       0.001     0.000
  ISD-109                11.53     1.529      0  12:49      35.458     0.000
  ISD-116                21.72     0.168      0  12:09       8.875     0.000
  ISD-117                 1.86     0.000      0  08:33       0.001     0.000
  ISD-118                 0.80     0.001      0  12:27       0.000     0.000
  ISD-122                21.63     0.259      0  12:03      13.136     0.000
  ISD-124                 2.63     0.005      0  12:08       0.015     0.000
  ISD-129                 1.60     0.002      0  02:17       0.001     0.000
  ISD-130                 0.96     0.002      0  02:17       0.000     0.000
  ISD-132                 9.23     0.089      0  12:10       1.478     0.000
  ISD-134                 0.26     0.003      0  02:16       0.000     0.000
  ISD-136                 2.69     0.003      0  02:16       0.001     0.000
  ISD-137                19.25     0.194      0  12:13       7.237     0.000
  ISD-142                20.03     0.307      0  12:08      15.181     0.000
  ISD-144                 1.30     0.004      0  02:16       0.000     0.000
  ISD-145                11.15     0.065      0  12:13       1.308     0.000
  ISD-146                 0.01     0.004      0  02:16       0.000     0.000
  ISD-147                10.48     0.042      0  12:14       0.703     0.000
  ISD-148                 5.40     0.029      0  02:16       0.025     0.000
  ISD-149                15.26     0.131      0  12:10       4.473     0.000
  ISD-150                 8.66     0.064      0  02:16       0.331     0.000
  ISD-151                 4.79     0.069      0  02:16       0.050     0.000
  ISD-152                16.00     0.630      0  12:29      19.960     0.000
  ISD-153                 0.01     0.042      0  02:17       0.000     0.000
  ISD-154                 0.01     0.023      0  02:17       0.000     0.000
  ISD-155                13.70     0.226      0  12:20       5.534     0.000
  ISD-156                13.50     0.231      0  12:19       5.271     0.000
  ISD-157                 0.01     0.073      0  02:17       0.000     0.000
  ISD-158                 0.11     0.054      0  02:17       0.000     0.000
  ISD-159                 0.01     0.000      0  12:12       0.000     0.000
  ISD-160                 0.46     0.012      0  02:17       0.000     0.000
  ISD-161                18.50     0.397      0  12:14      16.437     0.000
  ISD-165                21.30     0.505      0  12:15      30.508     0.000
  ISD-166                 0.01     0.003      0  02:17       0.000     0.000
  ISD-167                18.89     0.312      0  12:19      12.385     0.000
  ISD-171                 0.94     0.004      0  02:18       0.000     0.000
  ISD-172                16.13     0.347      0  12:15      11.599     0.000
  ISD-173                 0.01     0.004      0  02:18       0.000     0.000
  ISD-174                 0.01     0.004      0  02:18       0.000     0.000
  ISD-175                13.75     0.390      0  12:16      10.889     0.000
  ISD-176                 3.83     0.077      0  12:14       0.592     0.000
  ISD-177                 0.01     0.003      0  02:18       0.000     0.000
  ISD-178                 0.01     0.005      0  02:18       0.000     0.000
  ISD-179                 0.01     0.005      0  02:18       0.000     0.000
  ISD-180                 0.92     0.008      0  12:12       0.011     0.000
  ISD-183                 0.01     0.008      0  02:18       0.000     0.000
  ISD-184                 0.01     0.061      0  02:18       0.000     0.000
  ISD-185                 0.01     0.016      0  02:18       0.000     0.000
  ISD-186                 0.01     0.075      0  02:18       0.000     0.000
  ISD-196                 5.65     0.202      0  12:09       2.160     0.000
  ISD-203                 0.31     0.005      0  13:47       0.001     0.000
  ISD-206                 0.81     0.018      0  12:47       0.012     0.000
  ISD-254                12.46     1.023      0  12:15      34.014     0.000
  ISD-255                19.63     1.781      0  12:15      84.563     0.000
  ISD-256                 1.62     0.041      0  12:20       0.136     0.000
  ISD-283                21.31     1.413      0  12:11      74.187     0.000
  ISD-298                 2.52     0.140      0  14:17       0.270     0.000
  ISD-301                 1.26     0.109      0  14:08       0.112     0.000
  ISD-302                 2.38     0.358      0  12:06       1.183     0.000
  ISD-303                 0.06     0.363      0  11:34       0.024     0.000
  ISD-306                 0.01     0.144      0  13:19       0.000     0.000
  ISD-351                18.49     0.720      0  11:59      17.847     0.000
  ISD-352                 1.01     0.665      0  12:36       0.951     0.000
  ISD-361                 3.19     0.004      0  04:13       0.003     0.000
  ISD-362                 7.59     0.077      0  12:13       1.338     0.000
  ISD-364                15.56     0.253      0  12:09      10.281     0.000
  ISD-365                 8.93     0.025      0  12:10       0.591     0.000
  ISD-366                 7.59     0.109      0  12:30       1.629     0.000
  ISD-382                 0.01     0.114      0  03:22       0.000     0.000
  ISD-383                 7.00     0.262      0  12:12       3.552     0.000
  ISD-384                 0.27     0.082      0  21:40       0.000     0.000
  ISD-385                 0.76     0.012      0  03:22       0.000     0.000
  ISD-387                12.87     0.241      0  12:08       7.498     0.000
  ISD-388                16.14     0.366      0  12:15      12.679     0.000
  ISD-399                 0.02     0.000      0  13:19       0.000     0.000
  ISD-400                 3.92     0.029      0  12:10       0.192     0.000
  ISD-402                16.75     0.285      0  12:13       9.532     0.000
  ISD-408                 9.17     0.063      0  12:18       0.976     0.000
  ISD-409                18.08     0.295      0  12:16      11.914     0.000
  ISD-410                 0.25     0.001      0  21:36       0.000     0.000
  ISD-411                 0.35     0.001      0  11:58       0.000     0.000
  ISD-417                 6.37     0.051      0  12:20       0.576     0.000
  ISD-419                17.73     0.127      0  12:15       4.240     0.000
  ISD-421                18.41     0.083      0  12:14       3.744     0.000
  ISD-422                 4.27     0.020      0  12:20       0.138     0.000
  ISD-423                17.09     0.167      0  12:20       5.926     0.000
  ISD-424                18.48     0.085      0  12:15       4.059     0.000
  ISD-426                14.04     0.267      0  12:20       7.469     0.000
  ISD-427                 4.53     0.043      0  12:20       0.393     0.000
  ISD-428                 2.07     0.007      0  12:19       0.019     0.000
  ISD-430                 0.01     0.000      0  12:03       0.000     0.000
  ISD-432                 5.98     0.043      0  12:20       0.610     0.000
  ISD-433                 4.40     0.035      0  12:20       0.282     0.000
  ISD-434                21.04     0.619      0  12:17      32.304     0.000
  ISD-438                22.12     0.432      0  12:22      21.557     0.000
  ISD-440                22.13     0.703      0  12:14      48.415     0.000
  ISD-441                21.41     0.363      0  12:17      15.111     0.000
  ISD-445                 0.02     0.000      0  12:04       0.000     0.000
  ISD-446                 0.01     0.000      0  12:08       0.000     0.000
  ISD-448                11.04     0.192      0  12:16       4.114     0.000
  ISD-449                 7.73     0.071      0  12:14       0.992     0.000
  ISD-451                 0.02     0.000      0  13:37       0.000     0.000
  ISD-452                19.67     0.239      0  12:16       9.511     0.000
  ISD-453                21.42     0.167      0  12:10       8.098     0.000
  ISD-459                21.25     0.276      0  12:08      12.937     0.000
  ISD-464                 6.79     0.023      0  12:16       0.214     0.000
  ISD-465                20.36     0.174      0  12:11       8.076     0.000
  ISD-472                19.44     0.066      0  12:09       2.361     0.000
  ISD-475                18.20     0.030      0  12:05       1.092     0.000
  ISD-482                19.41     0.120      0  12:01       6.924     0.000
  ISD-483                18.49     0.156      0  12:06       8.254     0.000
  ISD-484                 0.01     0.002      0  02:35       0.000     0.000
  ISD-485                 0.01     0.004      0  02:35       0.000     0.000
  ISD-487                16.41     0.129      0  12:13       3.590     0.000
  ISD-488                17.03     0.350      0  12:15      15.316     0.000
  ISD-489                11.30     0.048      0  12:09       0.875     0.000
  ISD-490                 1.62     0.000      0  17:47       0.000     0.000
  ISD-491                13.89     0.077      0  12:09       2.241     0.000
  ISD-492                13.79     0.082      0  12:10       2.891     0.000
  ISD-493                13.10     0.055      0  12:10       1.595     0.000
  ISD-494                12.82     0.129      0  12:10       4.613     0.000
  ISD-495                11.07     0.100      0  12:10       2.459     0.000
  ISD-496                 0.06     0.000      0  12:50       0.000     0.000
  ISD-497                 0.01     0.000      0  11:59       0.000     0.000
  ISD-498                 0.01     0.000      0  11:51       0.000     0.000
  ISD-499                10.43     0.248      0  12:10       6.552     0.000
  ISD-501                 6.74     0.091      0  12:10       1.687     0.000
  ISD-502                 4.02     0.006      0  12:09       0.029     0.000
  ISD-503                 0.17     0.000      0  09:58       0.000     0.000
  ISD-504                 4.71     0.013      0  12:10       0.100     0.000
  ISD-505                 5.34     0.106      0  12:10       1.436     0.000
  ISD-506                 2.61     0.062      0  12:10       0.308     0.000
  ISD-508                 0.04     0.006      0  11:22       0.000     0.000
  ISD-509                 0.01     0.001      0  13:27       0.000     0.000
  ISD-527                14.76     0.289      0  12:30       8.059     0.000
  ISD-528                16.91     0.259      0  12:20      11.238     0.000
  ISD-529                 9.42     0.054      0  12:20       0.928     0.000
  ISD-530                13.36     0.182      0  12:25       4.509     0.000
  ISD-531                17.37     0.188      0  12:20       6.840     0.000
  ISD-532                17.85     0.147      0  12:20       5.201     0.000
  ISD-533                16.17     0.085      0  12:15       2.385     0.000
  ISD-534                19.66     0.106      0  12:10       5.577     0.000
  ISD-535                20.83     0.226      0  12:11      13.634     0.000
  ISD-536                 0.04     0.000      0  11:35       0.000     0.000
  ISD-539                14.90     0.156      0  12:12       4.716     0.000
  ISD-540                 5.05     0.044      0  12:11       0.375     0.000
  ISD-541                 0.01     0.005      0  02:31       0.000     0.000
  ISD-542                 0.01     0.025      0  02:31       0.000     0.000
  ISD-543                 0.01     0.026      0  02:31       0.000     0.000
  ISD-544                 0.01     0.009      0  02:31       0.000     0.000
  ISD-549                 7.94     0.173      0  12:16       3.580     0.000
  ISD-550                 0.01     0.003      0  11:45       0.000     0.000
  ISD-551                 5.31     0.147      0  12:24       1.634     0.000
  ISD-552                 0.01     0.023      0  11:45       0.000     0.000
  ISD-556                 5.49     0.132      0  12:35       1.464     0.000
  ISD-557                11.86     0.777      0  12:34      18.860     0.000
  ISD-559                 4.46     0.116      0  12:34       1.097     0.000
  ISD-560                 7.48     0.113      0  12:15       2.190     0.000
  ISD-561                 5.83     0.135      0  12:19       1.156     0.000
  ISD-562                 8.27     0.168      0  12:20       3.635     0.000
  ISD-565                 0.20     0.000      0  10:26       0.000     0.000
  ISD-567                 9.81     0.057      0  12:13       1.491     0.000
  ISD-568                 9.39     0.020      0  12:05       0.274     0.000
  ISD-573                12.09     0.296      0  12:08       8.500     0.000
  ISD-576                 3.57     0.080      0  12:18       0.602     0.000
  ISD-579                15.91     0.662      0  12:09      25.046     0.000
  ISD-586                 0.51     0.020      0  02:19       0.002     0.000
  ISD-599                 8.28     0.220      0  12:10       3.329     0.000
  ISD-600                 0.05     0.000      0  14:19       0.000     0.000
  ISD-602                15.14     0.222      0  12:13       7.379     0.000
  ISD-604                18.20     0.234      0  12:14      12.092     0.000
  ISD-605                15.79     0.100      0  12:10       3.319     0.000
  ISD-607                 9.14     0.078      0  12:12       1.452     0.000
  ISD-609                 5.14     0.041      0  02:41       0.180     0.000
  ISD-610                 7.06     0.055      0  12:15       0.750     0.000
  ISD-612                16.48     0.377      0  12:09      15.520     0.000
  ISD-614                10.56     0.236      0  12:13       6.159     0.000
  ISD-616                 1.46     0.000      0  09:50       0.000     0.000
  ISD-617                 5.49     0.104      0  12:13       1.429     0.000
  ISD-619                 2.90     0.062      0  12:14       0.370     0.000
  ISD-620                 0.01     0.002      0  13:47       0.000     0.000
  ISD-648                 0.01     0.097      0  06:59       0.000     0.000
  ISD-649                 0.01     0.199      0  19:04       0.003     0.000
  ISD-650                 6.57     0.051      0  12:10       0.991     0.000
  ISD-651                 5.66     0.009      0  12:10       0.077     0.000
  ISD-653                11.62     0.210      0  12:10       6.218     0.000
  ISD-654                 0.01     0.000      0  12:24       0.000     0.000
  ISD-658                 5.58     0.023      0  12:06       0.221     0.000
  ISD-659                 0.01     0.084      0  23:44       0.001     0.000
  ISD-660                 2.36     0.013      0  23:36       0.001     0.000
  ISD-661                13.91     0.171      0  12:09       6.720     0.000
  ISD-662                16.61     0.170      0  12:10       8.672     0.000
  ISD-663                17.99     0.094      0  12:10       5.059     0.000
  ISD-664                19.96     0.187      0  12:15       9.740     0.000
  ISD-665                21.90     0.720      0  12:15      47.984     0.000
  ISD-666                15.19     0.159      0  12:10       6.627     0.000
  ISD-668                 0.01     0.005      0  23:56       0.000     0.000
  ISD-669                 3.23     0.010      0  23:53       0.004     0.000
  ISD-670                12.25     0.074      0  12:07       2.061     0.000
  ISD-671                 1.16     0.004      0  04:07       0.001     0.000
  ISD-673                11.82     0.133      0  12:16       4.664     0.000
  ISD-674                 0.08     0.000      0  15:52       0.000     0.000
  ISD-675                10.09     0.283      0  12:10       8.340     0.000
  ISD-676                 6.96     0.153      0  12:10       3.190     0.000
  ISD-678                 0.01     0.076      0  07:42       0.000     0.000
  ISD-719                 8.63     0.473      0  12:10      10.376     0.000
  ISD-721                 0.01     0.008      0  17:37       0.000     0.000
  ISD-722                 0.04     0.021      0  17:37       0.000     0.000
  ISD-723                 4.47     0.133      0  12:04       0.922     0.000
  ISD-725                 0.95     0.103      0  12:07       0.054     0.000
  ISD-726                 0.01     0.138      0  16:45       0.001     0.000
  ISD-727                 0.01     0.297      0  08:47       0.001     0.000
  ISD-774                 0.01     0.046      0  14:45       0.000     0.000
  ISD-775                 0.01     0.003      0  12:19       0.000     0.000
  ISD-778                 0.01     0.001      0  11:50       0.000     0.000
  ISD-779                 4.09     0.218      0  12:19       1.670     0.000
  ISD-802                 0.01     0.004      0  03:49       0.000     0.000
  ISD-804                20.36     0.870      0  12:11      31.743     0.000
  ISD-806                 0.01     0.001      0  22:08       0.000     0.000
  ISD-807                 0.12     0.002      0  22:09       0.000     0.000
  ISD-808                18.53     0.749      0  12:12      35.860     0.000
  ISD-814                 7.49     0.020      0  12:10       0.254     0.000
  ISD-815                 8.11     0.114      0  12:19       1.674     0.000
  ISD-817                 0.01     0.011      0  20:32       0.000     0.000
  ISD-818                 8.96     0.581      0  12:18      11.136     0.000
  ISD-819                 0.39     0.039      0  20:32       0.000     0.000
  ISD-821                 1.37     0.051      0  12:16       0.148     0.000
  ISD-843                 4.55     0.267      0  12:16       2.530     0.000
  ISD-847                 4.95     0.051      0  12:19       0.598     0.000
  ISD-848                 7.75     0.203      0  12:15       4.304     0.000
  ISD-849                 8.30     0.116      0  12:15       2.422     0.000
  ISD-851                 0.13     0.000      0  12:39       0.000     0.000
  ISD-853                10.42     0.345      0  12:16       9.667     0.000
  ISD-855                 1.38     0.001      0  13:41       0.001     0.000
  ISD-856                 0.87     0.001      0  14:48       0.001     0.000
  ISD-857                 9.64     0.066      0  12:10       1.095     0.000
  ISD-858                10.60     0.052      0  12:15       1.337     0.000
  ISD-859                10.98     0.072      0  12:15       2.186     0.000
  ISD-860                11.30     0.091      0  12:15       2.624     0.000
  ISD-862                12.77     0.215      0  12:13       7.466     0.000
  ISD-864                 8.16     0.019      0  12:14       0.180     0.000
  ISD-865                13.70     0.189      0  12:14       6.613     0.000
  ISD-866                 4.44     0.002      0  11:14       0.007     0.000
  ISD-867                 2.45     0.001      0  09:26       0.001     0.000
  ISD-868                14.19     0.160      0  12:12       5.021     0.000
  ISD-869                 0.81     0.001      0  17:56       0.001     0.000
  ISD-871                14.48     0.342      0  12:26      11.644     0.000
  ISD-872                 2.42     0.001      0  12:28       0.002     0.000
  ISD-873                 0.14     0.001      0  09:35       0.000     0.000
  ISD-874                 5.44     0.024      0  12:12       0.189     0.000
  ISD-875                 4.30     0.006      0  12:15       0.034     0.000
  ISD-876                 8.20     0.172      0  12:17       2.931     0.000
  ISD-879                 1.15     0.003      0  12:11       0.004     0.000
  ISD-880                 0.17     0.000      0  12:44       0.000     0.000
  ISD-882                 1.31     0.008      0  12:14       0.016     0.000
  ISD-884                 1.34     0.002      0  12:26       0.002     0.000
  ISD-886                 7.64     0.146      0  12:09       2.211     0.000
  ISD-890                15.00     0.294      0  12:12      10.820     0.000
  ISD-893                20.20     0.259      0  12:10      13.204     0.000
  ISD-895                 7.88     0.019      0  12:10       0.202     0.000
  ISD-896                 8.70     0.019      0  12:10       0.287     0.000
  ISD-897                12.60     0.035      0  12:10       0.811     0.000
  ISD-898                20.38     0.143      0  12:10       7.149     0.000
  ISD-899                 8.20     0.011      0  12:10       0.114     0.000
  ISD-900                 9.97     0.037      0  12:15       0.564     0.000
  ISD-901                 0.01     0.000      0  12:51       0.000     0.000
  ISD-902                20.52     0.130      0  12:10       6.009     0.000
  ISD-903                17.18     0.042      0  12:15       1.066     0.000
  ISD-904                20.71     0.182      0  12:15       8.181     0.000
  ISD-908                19.46     0.150      0  12:15       5.260     0.000
  ISD-910                13.65     0.071      0  12:14       1.485     0.000
  ISD-912                15.94     0.048      0  12:12       1.276     0.000
  ISD-913                18.57     0.077      0  12:15       2.538     0.000
  ISD-914                19.88     0.085      0  12:20       2.857     0.000
  ISD-915                20.83     0.120      0  12:15       5.445     0.000
  ISD-917                 9.81     0.032      0  12:14       0.470     0.000
  ISD-918                20.91     0.128      0  12:15       5.660     0.000
  ISD-920                17.91     0.073      0  12:13       1.875     0.000
  ISD-922                21.08     0.128      0  12:15       6.078     0.000
  ISD-923                 4.42     0.002      0  12:15       0.005     0.000
  ISD-924                21.19     0.034      0  12:10       1.516     0.000
  ISD-925                 0.34     0.004      0  02:11       0.000     0.000
  ISD-928                21.80     0.233      0  12:51      11.137     0.000
  ISD-929                20.09     0.113      0  13:00       3.976     0.000
  ISD-931                12.74     0.040      0  13:00       0.885     0.000
  ISD-932                11.30     0.037      0  12:55       0.809     0.000
  ISD-933                 7.43     0.029      0  13:11       0.312     0.000
  ISD-935                21.80     0.174      0  13:11       8.808     0.000
  ISD-936                21.22     0.150      0  13:10       7.909     0.000
  ISD-937                 9.95     0.030      0  13:10       0.415     0.000
  ISD-938                 4.51     0.001      0  13:10       0.005     0.000
  ISD-939                16.10     0.090      0  13:05       3.198     0.000
  ISD-940                14.84     0.089      0  13:07       2.454     0.000
  ISD-942                 1.14     0.001      0  14:33       0.001     0.000
  ISD-945                 9.75     0.049      0  13:05       1.132     0.000
  ISD-946                 7.17     0.066      0  13:05       1.004     0.000
  ISD-947                13.07     0.119      0  13:07       3.385     0.000
  ISD-948                 3.60     0.029      0  13:02       0.202     0.000
  ISD-961                 2.96     0.017      0  13:04       0.105     0.000
  ISD-962                 1.49     0.000      0  14:47       0.000     0.000
  ISD-963                 8.07     0.117      0  12:55       2.429     0.000
  ISD-964                 7.50     0.146      0  12:55       3.194     0.000
  ISD-965                 5.42     0.149      0  12:55       2.168     0.000
  ISD-966                 3.00     0.053      0  12:50       0.456     0.000
  ISD-967                 2.08     0.065      0  12:21       0.288     0.000
  ISD-996                 0.01     0.028      0  11:40       0.000     0.000
  ISD-997                 2.11     0.103      0  12:30       0.505     0.000
  ISD-998                 4.88     0.322      0  12:35       3.924     0.000
  ISD-999                 5.53     0.123      0  12:25       1.978     0.000
  ISD-1000                8.43     0.609      0  12:45      13.411     0.000
  ISD-1001               11.02     0.488      0  12:50      14.726     0.000
  ISD-1002               11.67     0.128      0  12:50       3.988     0.000
  ISD-1003               12.95     0.199      0  12:50       7.415     0.000
  ISD-1004               14.50     0.255      0  12:50      10.531     0.000
  ISD-1005               17.12     1.054      0  12:40      40.978     0.000
  ISD-1006               18.65     0.730      0  12:50      32.550     0.000
  ISD-1007                4.57     0.091      0  12:45       0.928     0.000
  ISD-1009                0.04     0.043      0  12:07       0.001     0.000
  ISD-1010                4.25     0.229      0  12:35       1.062     0.000
  ISD-1018                4.63     0.015      0  12:15       0.094     0.000
  ISD-1019                6.91     0.185      0  12:10       3.809     0.000
  ISD-1021                6.22     0.378      0  12:10       6.058     0.000
  ISD-1024                3.00     0.178      0  12:11       1.342     0.000
  ISD-1025                1.39     0.077      0  12:17       0.214     0.000
  ISD-1072               11.20     0.360      0  12:16       6.045     0.000
  ISD-1074               19.67     1.673      0  12:15      84.890     0.000
  ISD-1075                9.04     0.205      0  12:13       5.807     0.000
  ISD-1076                0.01     0.116      0  22:50       0.001     0.000
  ISD-1077                0.01     0.136      0  22:28       0.001     0.000
  ISD-1078                7.66     0.427      0  03:21       6.523     0.000
  ISD-1080                5.99     0.371      0  12:19       6.205     0.000
  ISD-1081                2.99     0.013      0  12:20       0.072     0.000
  ISD-1082                3.70     0.139      0  12:20       1.504     0.000
  ISD-1083                2.79     0.220      0  12:31       1.364     0.000
  ISD-1095                2.04     0.233      0  12:13       1.015     0.000
  ISD-1153                0.07     0.274      0  11:25       0.037     0.000
  ISD-1154                0.27     0.143      0  10:59       0.042     0.000
  ISD-1155                0.88     0.438      0  07:33       0.251     0.000
  ISD-1156                0.26     0.017      0  04:26       0.006     0.000
  ISD-1157                0.41     0.025      0  04:03       0.017     0.000
  ISD-1158                0.07     0.024      0  21:23       0.003     0.000
  ISD-1159                4.63     0.073      0  14:08       0.441     0.000
  ISD-1160                6.00     0.093      0  12:14       0.722     0.000
  ISD-1161                0.46     0.020      0  03:55       0.011     0.000
  ISD-1162                0.11     0.024      0  03:46       0.004     0.000
  ISD-1163               20.61     1.199      0  12:19      50.450     0.000
  ISD-1164               18.42     0.124      0  12:16       4.381     0.000
  ISD-1165               17.59     0.490      0  12:15      15.574     0.000
  ISD-1166                0.02     0.000      0  12:51       0.000     0.000
  ISD-1167                3.29     0.099      0  12:19       0.665     0.000
  ISD-1174                0.01     0.038      0  02:09       0.000     0.000
  ISD-1175               15.28     0.288      0  12:20       7.548     0.000
  ISD-1176               21.15     0.162      0  12:15       9.153     0.000
  ISD-1177               21.67     0.258      0  12:10      16.945     0.000
  ISD-1178               18.20     0.034      0  12:10       1.177     0.000
  ISD-1179               17.82     0.500      0  12:15      14.294     0.000
  ISD-1187                0.01     0.077      0  02:12       0.001     0.000
  ISD-1188                0.01     0.077      0  02:10       0.000     0.000
  ISD-1189                2.29     0.075      0  02:09       0.193     0.000
  ISD-1190                6.75     0.125      0  12:15       1.905     0.000
  ISD-1191                7.65     0.049      0  12:10       0.952     0.000
  ISD-1192                0.01     0.003      0  02:09       0.000     0.000
  ISD-1193               18.77     0.123      0  12:12       4.660     0.000
  ISD-1196               18.04     0.212      0  12:11      10.005     0.000
  ISD-1197               14.04     0.257      0  12:10       9.269     0.000
  ISD-1198                5.23     0.013      0  12:14       0.097     0.000
  ISD-1200                8.31     0.230      0  12:15       5.380     0.000
  ISD-1201                5.85     0.312      0  12:15       4.113     0.000
  ISD-1202                1.53     0.052      0  12:21       0.176     0.000
  ISD-1203                0.01     0.006      0  11:04       0.000     0.000
  ISD-1211                8.37     0.279      0  12:25       4.665     0.000
  ISD-1218                0.01     0.000      0  12:31       0.000     0.000
  ISD-1219                7.65     0.179      0  12:22       2.731     0.000
  ISD-1220                0.12     0.000      0  12:11       0.000     0.000
  ISD-1224               14.34     0.359      0  12:20      10.180     0.000
  ISD-1226                0.01     0.000      0  12:22       0.000     0.000
  ISD-1228                8.34     0.119      0  12:21       1.885     0.000
  ISD-1232               20.65     0.445      0  12:17      23.704     0.000
  ISD-1233               19.87     0.159      0  12:15       7.844     0.000
  ISD-1234               19.52     0.262      0  12:20      15.568     0.000
  ISD-1235               17.88     0.254      0  12:49       8.879     0.000
  ISD-1238               17.59     0.947      0  12:45      38.566     0.000
  ISD-1239                2.46     0.020      0  12:50       0.108     0.000
  
  
  ***********************
  Outfall Loading Summary
  ***********************
  
  -----------------------------------------------------------
                         Flow       Avg       Max       Total
                         Freq      Flow      Flow      Volume
  Outfall Node           Pcnt       CMS       CMS    10^6 ltr
  -----------------------------------------------------------
  O-0                   99.75     0.112     0.208       8.975
  O-1                   99.84     1.004     1.627      80.499
  O-2                   99.85     0.110     0.227       8.876
  O-3                   99.89     0.496     0.913      39.933
  O-4                   99.81     0.619     0.753      49.684
  O-5                   99.71     0.537     0.811      43.109
  O-6                   99.82     0.379     0.549      30.445
  O-7                   99.88     0.938     1.481      75.283
  O-8                   99.83     0.190     0.311      15.241
  O-9                    0.00     0.000     0.000       0.000
  O-10                  99.89     0.972     1.205      78.041
  O-11                  99.80     0.572     0.869      46.010
  O-12                  99.71     0.587     0.697      47.182
  O-13                  89.94     0.026     0.043       1.889
  O-14                  85.00     0.002     0.004       0.108
  O-15                   0.00     0.000     0.000       0.000
  O-16                  99.87     1.508     2.895     121.470
  O-17                  99.62     0.046     0.092       3.706
  O-18                  99.81     0.128     0.270      10.310
  O-19                  99.81     0.306     0.459      24.500
  O-20                  99.80     0.282     0.438      22.622
  O-21                  97.74     0.233     0.464      18.352
  O-22                  99.74     0.095     0.200       7.656
  O-23                  99.74     0.446     0.593      35.697
  O-24                  97.49     0.167     0.293      13.114
  O-25                  60.44     0.001     0.002       0.058
  O-26                  99.80     0.536     0.694      42.873
  O-27                  99.53     0.046     0.096       3.700
  O-28                  96.95     0.348     0.398      26.984
  O-29                  99.78     0.049     0.099       3.920
  O-30                  99.77     0.331     0.619      26.579
  O-31                  99.83     0.073     0.146       5.867
  O-32                  99.73     0.216     0.442      17.344
  O-33                  99.80     0.558     0.930      44.671
  O-34                  97.99     1.043     1.382      81.964
  O-35                  99.68     0.471     0.738      37.818
  O-36                  99.72     0.148     0.295      11.885
  O-37                  99.81     0.091     0.104       7.262
  O-38                  99.81     0.337     0.373      26.887
  O-39                  97.83     0.109     0.113       8.522
  O-40                  99.80     0.807     1.022      64.564
  O-41                  99.43     0.267     0.537      21.400
  O-42                  99.82     0.070     0.140       5.623
  O-43                  99.62     0.171     0.186      13.623
  -----------------------------------------------------------
  System                93.53    15.426    23.626    1234.250
  
  
  ********************
  Link Flow Summary
  ********************
  
  -----------------------------------------------------------------------------
                                 Maximum  Time of Max   Maximum    Max/    Max/
                                  |Flow|   Occurrence   |Veloc|    Full    Full
  Link                 Type          CMS  days hr:min     m/sec    Flow   Depth
  -----------------------------------------------------------------------------
  C_0-C-88             CONDUIT     1.253     0  12:40      2.45    0.50    0.75
  C_1-C-139            CONDUIT     0.907     0  06:06      3.27    1.01    1.00
  C_2-C-125            CONDUIT     0.318     0  08:57      1.12    1.00    1.00
  C_3-C-109            CONDUIT     0.522     0  14:19      1.85    1.00    1.00
  C_4-C-16             CONDUIT     0.027     0  02:11      0.87    1.17    1.00
  C_5-C-97             CONDUIT     0.107     0  12:23      0.23    0.05    0.57
  C_6-C-57             CONDUIT     0.791     0  13:00      1.78    0.38    0.56
  C_7-C-12             CONDUIT     0.551     0  13:00      1.10    0.45    0.74
  C_8-C-77             CONDUIT     0.099     0  12:23      1.87    0.13    0.24
  C_9-C-128            CONDUIT     0.104     0  12:23      0.61    0.06    0.32
  C_10-C-37            CONDUIT     0.913     0  12:40      2.15    0.67    0.63
  C_11-C-32            CONDUIT     0.111     0  07:29      0.45    0.27    1.00
  C_12-C-3             CONDUIT     0.005     0  12:05      0.07    0.00    0.29
  C_13-C-83            CONDUIT     0.141     0  12:13      0.51    0.49    0.96
  C_14-C-100           CONDUIT     0.461     0  12:23      1.97    0.21    0.39
  C_15-C-129           CONDUIT     0.018     0  09:46      0.21    0.04    0.24
  C_16-C-17            CONDUIT     0.002     0  02:11      1.21    1.12    1.00
  C_17-C-121           CONDUIT     0.549     0  11:05      1.30    1.20    0.78
  C_18-C-19            CONDUIT     0.518     0  12:42      1.04    1.93    0.76
  C_19-C-37            CONDUIT     0.535     0  12:38      1.25    0.47    0.84
  C_20-C-36            CONDUIT     0.710     0  12:37      1.05    0.68    0.80
  C_21-C-101           CONDUIT     0.913     0  12:45      2.93    0.05    0.16
  C_22-C-82            CONDUIT     0.201     0  12:40      1.83    0.80    0.65
  C_23-C-57            CONDUIT     1.913     0  12:42      2.71    0.81    0.84
  C_24-C-76            CONDUIT     0.492     0  12:30      1.35    0.28    0.56
  C_25-C-32            CONDUIT     0.666     0  10:33      2.36    1.00    1.00
  C_26-C-89            CONDUIT     0.461     0  12:11      1.63    0.88    1.00
  C_27-C-141           CONDUIT     0.188     0  07:27      0.67    1.00    1.00
  C_28-C-127           CONDUIT     0.131     0  12:45      0.99    5.60    0.85
  C_29-C-122           CONDUIT     1.481     0  12:45      3.80    0.87    0.72
  C_30-C-117           CONDUIT     0.225     0  12:19      0.90    0.58    0.98
  C_31-C-32            CONDUIT     0.355     0  12:10      1.26    0.42    1.00
  C_32-C-30            CONDUIT     0.168     0  12:15      1.51    0.38    0.23
  C_33-C-29            CONDUIT     0.105     0  12:21      0.84    0.06    0.25
  C_34-C-98            CONDUIT     0.227     0  12:21      2.11    0.01    0.08
  C_35-C-32            CONDUIT     0.104     0  12:10      4.23    0.04    0.14
  C_36-C-18            CONDUIT     0.500     0  12:43      1.88    0.90    0.89
  C_37-C-123           CONDUIT     0.989     0  12:45      2.35    1.09    0.86
  C_38-C-15            CONDUIT     0.628     0  13:10      0.99    1.12    1.00
  C_39-C-42            CONDUIT     0.114     0  23:18      0.18    0.36    1.00
  C_40-C-29            CONDUIT     1.176     0  12:01      4.55    0.32    0.43
  C_41-C-56            CONDUIT     0.281     0  12:21      0.22    0.01    0.24
  C_42-C-133           CONDUIT     0.083     0  12:17      1.24    0.19    0.29
  C_43-C-111           CONDUIT     0.148     0  12:17      0.76    0.19    0.65
  C_44-C-113           CONDUIT     0.340     0  12:09      1.40    1.15    1.00
  C_45-C-29            CONDUIT     1.794     0  12:17      3.27    0.68    0.80
  C_46-C-19            CONDUIT     0.571     0  12:44      2.07    0.59    0.45
  C_47-C-5             CONDUIT     0.006     0  07:02      0.15    0.04    0.33
  C_48-C-61            CONDUIT     1.333     0  09:38      1.19    1.04    1.00
  C_49-C-134           CONDUIT     0.295     0  12:21      5.60    0.13    0.24
  C_50-C-19_1          CONDUIT     0.647     0  12:41      2.12    0.31    0.48
  C_51-C-119           CONDUIT     0.193     0  11:43      1.69    0.99    0.93
  C_52-C-42            CONDUIT     0.097     0  12:19      0.71    0.06    0.27
  C_53-C-5             CONDUIT     0.071     0  12:15      1.16    0.17    0.27
  C_54-C-134           CONDUIT     0.485     0  12:18      1.72    1.06    1.00
  C_55-C-24            CONDUIT     0.362     0  12:18      1.28    0.62    1.00
  C_56-C-11            CONDUIT     0.204     0  12:18      0.46    1.22    1.00
  C_57-C-47            CONDUIT     0.279     0  12:21      1.52    0.01    0.11
  C_58-C-6             CONDUIT     0.246     0  12:21      0.66    0.01    0.18
  C_59-C-25            CONDUIT     0.136     0  12:45      0.48    1.00    1.00
  C_60-C-46            CONDUIT     0.570     0  12:22      1.75    0.04    0.16
  C_61-C-20            CONDUIT     1.202     0  12:44      2.62    0.65    0.68
  C_62-C-13            CONDUIT     0.384     0  22:36      1.36    2.21    1.00
  C_63-C-35            CONDUIT     1.450     0  12:23      1.81    0.91    0.67
  C_64-C-138           CONDUIT     0.386     0  12:20      1.61    0.59    0.79
  C_65-C-26            CONDUIT     0.168     0  12:20      0.89    0.64    0.63
  C_66-C-23            CONDUIT     0.740     0  10:10      1.10    1.22    0.77
  C_67-C-11            CONDUIT     0.582     0  12:11      0.99    1.07    0.88
  C_68-C-70            CONDUIT     0.853     0  12:50      2.31    0.81    0.92
  C_69-C-72            CONDUIT     0.373     0  12:08      2.66    1.17    0.89
  C_70-C-23            CONDUIT     0.427     0  12:01      0.66    1.23    0.74
  C_71-C-4             CONDUIT     0.426     0  12:20      0.79    1.24    0.83
  C_72-C-73            CONDUIT     0.131     0  12:15      0.57    0.01    0.14
  C_73-C-118           CONDUIT     0.293     0  14:51      1.09    1.11    0.99
  C_74-C-138           CONDUIT     0.891     0  18:44      3.20    1.35    1.00
  C_75-C-14            CONDUIT     1.022     0  12:20      1.75    0.90    0.64
  C_76-C-138           CONDUIT     0.512     0  06:41      1.81    0.98    1.00
  C_77-C-66            CONDUIT     0.453     0  12:11      1.60    0.98    1.00
  C_78-C-74            CONDUIT     0.059     0  12:16      1.44    0.09    0.20
  C_79-C-31            CONDUIT     0.112     0  12:16      1.77    0.03    0.13
  C_80-C-55            CONDUIT     0.847     0  14:03      1.51    0.68    0.67
  C_81-C-34            CONDUIT     0.791     0  12:20      2.91    0.27    0.35
  C_82-C-20            CONDUIT     1.713     0  12:47      3.72    0.90    0.68
  C_83-C-104           CONDUIT     0.814     0  12:25      3.49    3.44    0.77
  C_84-C-55            CONDUIT     0.095     0  10:25      0.46    0.07    0.30
  C_85-C-49            CONDUIT     0.930     0  11:43      2.83    0.06    0.16
  C_86-C-71            CONDUIT     0.203     0  12:20      0.22    0.01    0.38
  C_87-C-31            CONDUIT     0.146     0  12:20      2.12    0.04    0.13
  C_88-C-2             CONDUIT     0.009     0  12:05      0.47    0.00    0.49
  C_89-C-102           CONDUIT     2.615     0  13:25      3.63    0.60    0.61
  C_90-C-34            CONDUIT     0.056     0  14:37      0.14    0.09    0.68
  C_91-C-104           CONDUIT     0.459     0  12:22      2.96    0.56    0.54
  C_92-C-67            CONDUIT     0.438     0  12:22      2.00    0.23    0.32
  C_93-C-105           CONDUIT     0.464     0  12:23      0.83    0.03    0.23
  C_94-C-22            CONDUIT     0.593     0  12:14      1.59    1.27    0.79
  C_95-C-20            CONDUIT     2.102     0  12:47      3.87    0.66    0.80
  C_96-C-50            CONDUIT     0.397     0  12:25      0.68    0.40    0.63
  C_97-C-55            CONDUIT     0.200     0  12:11      3.46    0.03    0.12
  C_98-C-22            CONDUIT     0.041     0  11:17      0.17    0.05    0.55
  C_99-C-51            CONDUIT     0.271     0  12:26      0.52    0.03    0.22
  C_100-C-106          CONDUIT     1.382     0  12:19      2.31    1.11    0.65
  C_101-C-52           CONDUIT     0.190     0  12:29      1.41    0.54    0.49
  C_102-C-27           CONDUIT     0.442     0  12:27      2.99    0.53    0.52
  C_103-C-43           CONDUIT     0.400     0  12:20      0.30    0.02    0.39
  C_104-C-27           CONDUIT     0.597     0  12:28      2.59    1.61    0.76
  C_105-C-103          CONDUIT     0.410     0  12:29      1.98    0.36    0.29
  C_106-C-45           CONDUIT     0.334     0  12:26      0.71    0.02    0.21
  C_107-C-2            CONDUIT     1.052     0  14:45      3.34    2.45    0.73
  C_108-C-10           CONDUIT     1.307     0  12:18      2.22    0.35    0.70
  C_109-C-60           CONDUIT     2.253     0  12:56      4.22    0.79    0.64
  C_110-C-106          CONDUIT     0.347     0  16:22      0.43    0.48    0.92
  C_111-C-21           CONDUIT     0.584     0  16:21      0.34    0.05    0.24
  C_112-C-20           CONDUIT     1.263     0  06:06      2.04    0.92    1.00
  C_113-C-120          CONDUIT     0.000     0  00:00      0.00    0.00    0.50
  C_114-C-44           CONDUIT     0.350     0  12:26      1.64    1.00    0.71
  C_115-C-75           CONDUIT     0.065     0  16:16      0.55    0.57    0.81
  C_116-C-53           CONDUIT     0.146     0  12:24      0.70    0.60    0.44
  C_117-C-44           CONDUIT     0.312     0  12:24      1.26    0.73    0.82
  C_118-C-44           CONDUIT     0.251     0  12:27      1.42    0.37    0.60
  C_119-C-27           CONDUIT     0.205     0  12:27      0.95    0.37    0.71
  C_120-C-84           CONDUIT     0.066     0  02:13      0.38    0.19    0.68
  C_121-C-44           CONDUIT     0.366     0  12:29      2.27    0.77    0.56
  C_122-C-114          CONDUIT     1.787     0  12:37      2.81    1.00    1.00
  C_123-C-106          CONDUIT     0.511     0  23:09      0.61    0.48    1.00
  C_124-C-39           CONDUIT     0.784     0  12:26      1.63    0.05    0.21
  C_125-C-54           CONDUIT     0.026     0  12:09      0.25    0.06    0.30
  C_126-C-40           CONDUIT     0.555     0  12:28      1.91    0.04    0.15
  C_127-C-44           CONDUIT     0.445     0  12:27      2.07    0.88    0.71
  C_128-C-8            CONDUIT     0.273     0  12:21      1.60    0.32    0.31
  C_129-C-0            CONDUIT     0.096     0  12:23      1.06    0.30    0.36
  C_130-C-8            CONDUIT     0.391     0  12:20      2.25    0.20    0.32
  C_131-C-9            CONDUIT     0.208     0  12:21      0.39    0.20    0.65
  C_132-C-99           CONDUIT     0.144     0  12:21      1.16    0.29    0.68
  C_133-C-28           CONDUIT     0.092     0  12:28      0.70    0.07    0.17
  C_134-C-41           CONDUIT     0.463     0  12:28      1.84    0.04    0.13
  C_135-C-92           CONDUIT     0.240     0  12:17      0.86    0.29    0.68
  C_136-C-94           CONDUIT     0.192     0  12:17      0.96    0.25    0.47
  C_137-C-94           CONDUIT     0.159     0  06:26      0.66    0.14    0.96
  C_138-C-2            CONDUIT     0.551     0  12:11      1.27    0.46    0.96
  C_139-C-65           CONDUIT     0.405     0  12:26      1.60    0.87    1.00
  C_140-C-86           CONDUIT     0.519     0  12:25      1.32    2.02    0.59
  C_141-C-2            CONDUIT     0.004     0  12:10      0.21    0.01    0.08
  C_142-C-93           CONDUIT     0.594     0  17:28      2.10    1.30    1.00
  C_143-C-108          CONDUIT     0.866     0  10:59      1.96    1.00    1.00
  C_144-C-59           CONDUIT     3.295     0  12:52      6.24    0.68    0.64
  C_145-C-28           CONDUIT     0.245     0  12:21      0.79    0.09    0.34
  C_146-C-63           CONDUIT     0.208     0  11:02      1.36    1.68    0.96
  C_147-C-90           CONDUIT     0.409     0  12:16      1.34    0.44    1.00
  C_148-C-80           CONDUIT     2.013     0  12:40      0.64    0.72    1.00
  C_149-C-87           CONDUIT     0.625     0  14:04      0.98    1.00    1.00
  C_150-C-80           CONDUIT     0.784     0  12:20      0.44    0.03    0.56
  C_151-C-79           CONDUIT     0.038     0  06:17      1.33    1.63    1.00
  C_152-C-58           CONDUIT     3.404     0  12:51      4.86    0.79    0.84
  C_153-C-63           CONDUIT     0.156     0  04:12      0.98    2.13    1.00
  C_154-C-64           CONDUIT     0.373     0  13:21      1.98    1.12    0.92
  C_155-C-112          CONDUIT     0.545     0  22:14      1.93    1.11    1.00
  C_156-C-140          CONDUIT     0.541     0  12:20      4.27    0.43    0.46
  C_157-C-91           CONDUIT     0.491     0  12:20      4.13    0.36    0.44
  C_158-C-91           CONDUIT     1.182     0  12:20      7.19    0.90    0.56
  C_159-C-68           CONDUIT     0.534     0  08:55      0.68    1.00    1.00
  C_160-C-28           CONDUIT     0.260     0  12:05      0.37    0.07    0.59
  C_161-C-7            CONDUIT     0.321     0  22:12      1.13    1.53    1.00
  C_162-C-107          CONDUIT     0.081     0  19:34      0.29    0.64    1.00
  C_163-C-1            CONDUIT     0.333     0  13:23      1.18    1.00    1.00
  C_164-C-69           CONDUIT     0.373     0  21:57      0.59    0.82    1.00
  C_165-C-81           CONDUIT     0.776     0  10:58      2.74    1.00    1.00
  C_166-C-7            CONDUIT     0.153     0  12:25      0.85    0.11    0.61
  C_167-C-112          CONDUIT     0.457     0  23:54      1.63    1.14    1.00
  C_168-C-34           CONDUIT     1.419     0  12:35      1.65    0.63    1.00
  C_169-C-29           CONDUIT     1.360     0  12:07      3.04    1.23    0.75
  C_170-C-73           CONDUIT     0.974     0  12:08      1.60    0.05    0.31
  C_171-C-29           CONDUIT     1.295     0  12:08      2.54    0.49    0.75
  C_172-C-38           CONDUIT     0.917     0  12:24      0.86    0.13    0.37
  C_173-C-57           CONDUIT     0.105     0  02:40      0.24    0.06    0.54
  C_174-C-78           CONDUIT     0.204     0  12:20      1.64    0.01    0.08
  C_175-C-126          CONDUIT     0.324     0  12:20      2.51    0.02    0.09
  C_176-C-109          CONDUIT     0.651     0  21:23      2.59    1.00    1.00
  C_177-C-110          CONDUIT     0.311     0  12:50      2.50    1.18    0.97
  C_178-C-116          CONDUIT     0.397     0  08:53      1.40    1.00    1.00
  C_179-C-115          CONDUIT     0.181     0  12:20      0.65    0.73    0.99
  C_180-C-85           CONDUIT     0.644     0  12:40      2.78    0.24    0.39
  C_181-C-96           CONDUIT     0.694     0  11:34      2.46    1.00    1.00
  C_182-C-95           CONDUIT     0.591     0  23:23      2.09   12.34    1.00
  C_183-C-132          CONDUIT     0.133     0  12:30      1.23    0.01    0.08
  C_184-C-48           CONDUIT     0.140     0  12:31      1.29    0.01    0.08
  C_185-C-131          CONDUIT     0.084     0  12:31      0.53    0.01    0.10
  C_186-C-130          CONDUIT     0.263     0  12:20      1.90    0.34    0.49
  C_187-C-135          CONDUIT     0.110     0  17:43      0.56    1.01    1.00
  C_188-C-28           CONDUIT     1.793     0  11:02      1.59    0.74    0.98
  C_189-C-28           CONDUIT     0.143     0  02:34      0.85    0.03    0.28
  C_190-C-136          CONDUIT     0.186     0  12:53      1.11    3.95    0.79
  C_191-C-69           CONDUIT     0.398     0  12:35      0.83    0.74    0.70
  C_192-C-137          CONDUIT     0.109     0  15:51      0.72    0.41    0.72
  C_193-C-55           CONDUIT     0.163     0  12:19      0.35    0.08    1.00
  C_194-C-142          CONDUIT     0.686     0  10:28      0.79    0.44    1.00
  C_195-C-24           CONDUIT     0.714     0  09:43      2.53    1.62    1.00
  C_196-C-3            CONDUIT     0.002     0  12:10      0.17    0.00    0.04
  C_197-C-3            CONDUIT     0.029     0  12:10      0.67    0.01    0.08
  C_198-C-3            CONDUIT     0.068     0  12:10      1.10    0.02    0.10
  C_199-C-3            CONDUIT     0.108     0  12:10      1.53    0.02    0.13
  C_200-C-3            CONDUIT     0.204     0  05:33      1.11    0.04    0.26
  C_201-C-3            CONDUIT     0.530     0  08:55      1.11    0.12    0.50
  C_202-C-3            CONDUIT     1.006     0  12:09      1.29    0.28    0.70
  C_203-C-3            CONDUIT     1.072     0  12:03      1.16    0.28    0.83
  C_204-C-3            CONDUIT     0.611     0  08:49      0.56    0.18    1.00
  C_205-C-3            CONDUIT     0.940     0  08:53      0.85    0.25    1.00
  C_206-C-3            CONDUIT     0.855     0  12:10      0.76    0.42    0.99
  C_207-C-3            CONDUIT     0.824     0  12:10      0.73    0.81    0.98
  C_208-C-3            CONDUIT     0.813     0  06:53      0.73    0.34    0.97
  C_209-C-3            CONDUIT     0.807     0  18:38      0.72    0.32    0.98
  C_210-C-3            CONDUIT     1.272     0  11:42      1.16    0.28    0.93
  C_211-C-3            CONDUIT     1.229     0  12:02      1.17    0.74    0.89
  C_212-C-3            CONDUIT     1.207     0  12:36      1.17    0.33    0.88
  C_213-C-3            CONDUIT     1.178     0  12:36      1.21    0.58    0.81
  C_214-C-3            CONDUIT     1.143     0  12:04      1.19    0.60    0.81
  C_215-C-3            CONDUIT     1.132     0  11:42      1.21    0.35    0.78
  C_216-C-3            CONDUIT     1.118     0  11:41      1.28    0.50    0.74
  C_217-C-3            CONDUIT     1.097     0  11:42      1.35    0.38    0.69
  C_218-C-3            CONDUIT     1.045     0  13:45      1.22    0.38    0.72
  C_219-C-3            CONDUIT     1.006     0  13:45      1.11    0.25    0.75
  C_220-C-3            CONDUIT     1.017     0  12:36      1.05    0.43    0.81
  C_221-C-3            CONDUIT     0.976     0  14:01      1.17    0.51    0.70
  C_222-C-3            CONDUIT     0.955     0  11:42      1.14    0.53    0.70
  C_223-C-3            CONDUIT     0.928     0  13:45      1.08    0.65    0.72
  C_224-C-3            CONDUIT     0.923     0  13:45      1.01    0.34    0.76
  C_225-C-3            CONDUIT     1.027     0  13:45      1.07    3.86    0.80
  C_226-C-3            CONDUIT     0.947     0  08:47      1.01    0.71    0.80
  C_227-C-3            CONDUIT     0.907     0  08:58      0.99    0.34    0.78
  C_228-C-3            CONDUIT     0.877     0  13:45      0.96    0.81    0.78
  C_229-C-3            CONDUIT     0.900     0  08:47      0.99    0.70    0.78
  C_230-C-3            CONDUIT     0.881     0  13:45      0.96    0.67    0.77
  C_231-C-3            CONDUIT     0.863     0  14:32      0.95    4.51    0.78
  C_232-C-3            CONDUIT     0.820     0  15:06      0.86    0.36    0.81
  C_233-C-3            CONDUIT     0.807     0  15:06      0.86    0.28    0.81
  C_234-C-3            CONDUIT     0.765     0  09:46      0.77    0.35    0.85
  C_235-C-3            CONDUIT     0.790     0  16:35      0.82    0.33    0.82
  C_236-C-3            CONDUIT     0.770     0  16:41      0.78    0.32    0.85
  C_237-C-3            CONDUIT     0.757     0  08:46      0.73    0.25    0.90
  C_238-C-3            CONDUIT     0.733     0  08:46      0.67    0.23    0.95
  C_239-C-3            CONDUIT     0.689     0  16:24      0.62    0.28    0.99
  C_240-C-3            CONDUIT     0.709     0  08:44      0.64    0.42    0.96
  C_241-C-3            CONDUIT     0.677     0  17:36      0.65    0.25    0.92
  C_242-C-3            CONDUIT     0.694     0  07:40      0.69    0.22    0.88
  C_243-C-3            CONDUIT     0.713     0  17:21      0.72    3.50    0.86
  C_244-C-3            CONDUIT     0.630     0  08:03      0.64    4.98    0.88
  C_245-C-3            CONDUIT     0.640     0  15:04      0.63    0.54    0.91
  C_246-C-3            CONDUIT     0.603     0  17:36      0.59    0.57    0.92
  C_247-C-3            CONDUIT     0.574     0  08:09      0.58    0.27    0.90
  C_248-C-3            CONDUIT     0.627     0  18:02      0.63    0.21    0.91
  C_249-C-3            CONDUIT     0.641     0  07:21      0.63    0.48    0.93
  C_250-C-3            CONDUIT     0.550     0  17:38      0.51    0.19    0.95
  C_251-C-3            CONDUIT     0.634     0  18:38      0.60    0.25    0.99
  C_252-C-3            CONDUIT     0.559     0  17:42      0.50    0.27    1.00
  C_253-C-3            CONDUIT     0.713     0  12:05      0.63    0.29    1.00
  C_254-C-3            CONDUIT     0.695     0  12:04      0.62    0.55    0.98
  C_255-C-3            CONDUIT     0.840     0  12:11      0.76    0.37    0.96
  C_256-C-3            CONDUIT     0.814     0  12:07      0.75    0.36    0.95
  C_257-C-3            CONDUIT     0.659     0  12:02      0.62    0.21    0.93
  C_258-C-3            CONDUIT     0.959     0  12:10      1.02    0.28    0.83
  C_259-C-3            CONDUIT     0.776     0  11:58      0.92    0.17    0.74
  C_260-C-3            CONDUIT     0.514     0  18:25      0.97    0.16    0.65
  C_261-C-3            CONDUIT     0.213     0  12:15      0.76    0.03    0.36
  C_262-C-3            CONDUIT     0.052     0  12:10      0.93    0.01    0.10
  C_263-C-3            CONDUIT     0.003     0  12:05      0.24    0.00    0.04
  C_264-C-83           CONDUIT     0.167     0  12:13      0.81    0.56    0.70
  C_265-C-12           CONDUIT     0.042     0  07:06      0.13    0.03    0.70
  C_266-C-12           CONDUIT     0.024     0  12:05      0.35    0.00    0.35
  C_267-C-12           CONDUIT     0.009     0  12:10      1.06    0.00    0.04
  C_268-C-12           CONDUIT     0.010     0  12:10      0.85    0.00    0.05
  C_269-C-12           CONDUIT     0.032     0  12:10      1.50    0.01    0.07
  C_270-C-12           CONDUIT     0.053     0  12:10      0.62    0.02    0.39
  C_271-C-12           CONDUIT     0.121     0  01:55      0.43    0.04    0.86
  C_272-C-12           CONDUIT     0.097     0  12:10      0.19    0.05    1.00
  C_273-C-12           CONDUIT     0.672     0  08:57      1.06    1.00    1.00
  C_274-C-12           CONDUIT     0.851     0  15:01      1.34    1.00    1.00
  C_275-C-12           CONDUIT     1.308     0  16:09      2.06    1.00    1.00
  C_276-C-12           CONDUIT     1.525     0  12:13      2.40    0.93    1.00
  C_277-C-12           CONDUIT     1.484     0  19:36      2.33    0.69    1.00
  C_278-C-12           CONDUIT     1.468     0  19:40      2.31    1.53    1.00
  C_279-C-12           CONDUIT     1.719     0  10:59      2.70    1.00    1.00
  C_280-C-12           CONDUIT     1.787     0  12:16      2.81    0.66    1.00
  C_281-C-12           CONDUIT     1.757     0  12:16      2.76    0.97    1.00
  C_282-C-12           CONDUIT     1.738     0  12:16      2.73    1.15    1.00
  C_283-C-12           CONDUIT     1.719     0  12:16      2.70    1.12    1.00
  C_284-C-12           CONDUIT     1.697     0  12:20      2.67    0.92    1.00
  C_285-C-12           CONDUIT     1.680     0  12:20      2.64    1.68    1.00
  C_286-C-12           CONDUIT     1.628     0  14:59      2.60    0.90    1.00
  C_287-C-12           CONDUIT     1.590     0  15:04      2.77    1.04    1.00
  C_288-C-12           CONDUIT     1.561     0  09:53      2.80    0.87    1.00
  C_289-C-12           CONDUIT     1.562     0  06:09      3.06    2.54    1.00
  C_290-C-12           CONDUIT     1.508     0  09:51      2.47    1.47    1.00
  C_291-C-12           CONDUIT     1.478     0  15:09      2.36    1.55    1.00
  C_292-C-12           CONDUIT     1.518     0  12:13      2.39    0.99    1.00
  C_293-C-12           CONDUIT     1.479     0  12:09      2.47    0.72    1.00
  C_294-C-12           CONDUIT     1.438     0  12:09      2.64    0.84    1.00
  C_295-C-12           CONDUIT     1.402     0  19:11      2.58    0.98    1.00
  C_296-C-12           CONDUIT     1.387     0  19:11      2.53    0.96    1.00
  C_297-C-12           CONDUIT     1.364     0  19:11      2.37    1.47    1.00
  C_298-C-12           CONDUIT     1.341     0  19:11      2.20    1.32    1.00
  C_299-C-12           CONDUIT     1.326     0  19:11      2.15    1.14    1.00
  C_300-C-12           CONDUIT     1.310     0  19:11      2.11    1.15    1.00
  C_301-C-12           CONDUIT     1.293     0  19:11      2.08    1.15    1.00
  C_302-C-12           CONDUIT     1.267     0  19:11      1.99    1.47    1.00
  C_303-C-12           CONDUIT     1.241     0  19:11      1.95    1.69    1.00
  C_304-C-12           CONDUIT     1.223     0  19:11      1.92    2.22    1.00
  C_305-C-113          CONDUIT     0.121     0  02:17      0.47    0.17    0.85
  C_306-C-113          CONDUIT     0.113     0  11:59      0.82    0.16    0.49
  C_307-C-113          CONDUIT     0.118     0  02:17      0.42    0.20    1.00
  C_308-C-113          CONDUIT     0.117     0  02:17      0.45    0.18    1.00
  C_309-C-113          CONDUIT     0.116     0  02:17      0.41    0.17    1.00
  C_310-C-113          CONDUIT     0.115     0  02:17      0.41    0.21    1.00
  C_311-C-113          CONDUIT     0.113     0  02:17      0.40    0.24    1.00
  C_312-C-113          CONDUIT     0.208     0  12:11      0.73    0.92    1.00
  C_313-C-113          CONDUIT     0.190     0  12:11      0.67    0.97    1.00
  C_314-C-113          CONDUIT     0.171     0  11:47      0.61    0.61    1.00
  C_315-C-113          CONDUIT     0.163     0  23:50      0.58    1.03    1.00
  C_316-C-113          CONDUIT     0.163     0  23:50      0.58    0.68    1.00
  C_317-C-113          CONDUIT     0.161     0  23:52      0.57    0.72    1.00
  C_318-C-113          CONDUIT     0.347     0  12:06      1.23    0.67    1.00
  C_319-C-113          CONDUIT     0.327     0  12:45      1.16    2.01    1.00
  C_320-C-113          CONDUIT     0.310     0  12:09      1.10    0.67    1.00
  C_321-C-113          CONDUIT     0.291     0  12:15      1.03    0.84    1.00
  C_322-C-113          CONDUIT     0.273     0  12:14      0.96    0.71    1.00
  C_323-C-113          CONDUIT     0.252     0  16:56      0.89    0.92    1.00
  C_324-C-113          CONDUIT     0.230     0  07:39      0.81    1.97    1.00
  C_325-C-113          CONDUIT     0.221     0  03:04      0.78    1.08    1.00
  C_326-C-113          CONDUIT     0.217     0  21:50      0.77    0.75    1.00
  C_327-C-113          CONDUIT     0.213     0  22:41      0.75    0.92    1.00
  C_328-C-113          CONDUIT     0.209     0  22:41      0.74    0.70    1.00
  C_329-C-113          CONDUIT     0.206     0  22:41      0.73    7.28    1.00
  C_330-C-113          CONDUIT     0.203     0  22:41      0.72    0.72    1.00
  C_331-C-113          CONDUIT     0.200     0  22:41      0.71    0.85    1.00
  C_332-C-113          CONDUIT     0.196     0  22:41      0.69    6.60    1.00
  C_333-C-113          CONDUIT     0.228     0  12:09      0.81    0.51    1.00
  C_334-C-113          CONDUIT     0.192     0  12:04      0.79    0.58    1.00
  C_335-C-113          CONDUIT     0.184     0  22:41      0.82    0.84    1.00
  C_336-C-113          CONDUIT     0.181     0  22:42      0.81    0.74    1.00
  C_337-C-113          CONDUIT     0.176     0  22:42      0.62    0.36    1.00
  C_338-C-113          CONDUIT     0.354     0  12:10      1.25    0.76    1.00
  C_339-C-113          CONDUIT     0.309     0  07:30      1.09    1.94    1.00
  C_340-C-113          CONDUIT     0.288     0  17:53      1.02    1.25    1.00
  C_341-C-113          CONDUIT     0.280     0  12:10      0.99    0.78    1.00
  C_342-C-113          CONDUIT     0.255     0  19:53      0.90    8.65    1.00
  C_343-C-113          CONDUIT     0.236     0  20:13      0.84    1.08    1.00
  C_344-C-113          CONDUIT     0.219     0  20:37      0.78    1.36    1.00
  C_345-C-113          CONDUIT     0.246     0  11:38      0.87    1.00    1.00
  C_346-C-113          CONDUIT     0.224     0  13:30      0.79    1.00    1.00
  C_347-C-113          CONDUIT     0.163     0  20:37      0.70    1.41    1.00
  C_348-C-113          CONDUIT     0.136     0  12:14      0.64    0.64    1.00
  C_349-C-113          CONDUIT     0.130     0  02:16      0.61    0.50    1.00
  C_350-C-113          CONDUIT     0.232     0  12:20      0.82    0.72    1.00
  C_351-C-113          CONDUIT     0.163     0  20:37      0.57    1.20    1.00
  C_352-C-113          CONDUIT     0.193     0  20:37      0.68    0.62    1.00
  C_353-C-113          CONDUIT     0.224     0  19:16      0.79    0.82    1.00
  C_354-C-113          CONDUIT     0.271     0  06:07      0.96    1.17    1.00
  C_355-C-113          CONDUIT     0.379     0  12:16      1.34    0.92    1.00
  C_356-C-113          CONDUIT     0.450     0  12:16      1.59    0.99    1.00
  C_357-C-113          CONDUIT     0.199     0  21:53      0.71    0.34    1.00
  C_358-C-113          CONDUIT     0.215     0  21:44      0.76    0.60    1.00
  C_359-C-113          CONDUIT     0.158     0  12:20      0.56    0.27    1.00
  C_360-C-113          CONDUIT     0.290     0  12:11      1.02    0.58    1.00
  C_361-C-113          CONDUIT     0.108     0  15:36      0.38    0.44    1.00
  C_362-C-113          CONDUIT     0.092     0  21:47      0.33    0.26    1.00
  C_363-C-113          CONDUIT     0.290     0  12:18      1.02    0.78    1.00
  C_364-C-113          CONDUIT     0.153     0  12:18      0.54    0.87    1.00
  C_365-C-113          CONDUIT     0.094     0  04:26      0.33    0.42    1.00
  C_366-C-113          CONDUIT     0.087     0  12:15      0.31    0.26    1.00
  C_367-C-113          CONDUIT     0.146     0  12:15      0.52    0.91    1.00
  C_368-C-113          CONDUIT     0.142     0  12:10      0.50    0.63    1.00
  C_369-C-113          CONDUIT     0.092     0  05:55      0.33    0.38    1.00
  C_370-C-113          CONDUIT     0.091     0  23:35      0.32    0.33    1.00
  C_371-C-113          CONDUIT     0.295     0  11:08      1.04    1.00    1.00
  C_372-C-113          CONDUIT     0.268     0  12:14      0.95    0.59    1.00
  C_373-C-113          CONDUIT     0.209     0  12:26      0.74    0.95    1.00
  C_374-C-113          CONDUIT     0.161     0  11:59      0.57    1.02    1.00
  C_375-C-113          CONDUIT     0.117     0  23:35      0.41    0.31    1.00
  C_376-C-113          CONDUIT     0.120     0  23:29      0.43    0.36    1.00
  C_377-C-113          CONDUIT     0.128     0  20:24      0.45    0.49    1.00
  C_378-C-113          CONDUIT     0.142     0  20:24      0.50    4.78    1.00
  C_379-C-113          CONDUIT     0.152     0  20:24      0.54    0.92    1.00
  C_380-C-113          CONDUIT     0.171     0  18:58      0.61    0.86    1.00
  C_381-C-113          CONDUIT     0.195     0  06:59      0.69    0.84    1.00
  C_382-C-113          CONDUIT     0.219     0  12:34      0.78    0.61    1.00
  C_383-C-113          CONDUIT     0.253     0  12:09      1.10    0.22    0.90
  C_384-C-113          CONDUIT     0.298     0  12:10      1.64    0.34    0.90
  C_385-C-142          CONDUIT     0.510     0  04:18      1.25    0.20    0.89
  C_386-C-142          CONDUIT     0.393     0  12:10      1.02    0.37    0.95
  C_387-C-142          CONDUIT     0.421     0  12:10      1.04    3.40    0.96
  C_388-C-142          CONDUIT     0.456     0  12:10      1.05    0.47    0.98
  C_389-C-142          CONDUIT     0.495     0  12:10      0.82    0.27    1.00
  C_390-C-142          CONDUIT     0.520     0  12:10      0.78    0.20    0.98
  C_391-C-142          CONDUIT     0.546     0  12:10      0.87    0.24    0.98
  C_392-C-142          CONDUIT     0.468     0  09:53      0.64    0.21    0.99
  C_393-C-142          CONDUIT     0.480     0  15:13      0.88    0.25    0.99
  C_394-C-142          CONDUIT     0.498     0  15:13      0.78    0.85    1.00
  C_395-C-142          CONDUIT     0.535     0  15:13      0.86    7.76    1.00
  C_396-C-142          CONDUIT     0.569     0  15:13      0.98    0.36    1.00
  C_397-C-142          CONDUIT     0.581     0  15:13      0.76    0.27    1.00
  C_398-C-142          CONDUIT     0.592     0  15:13      0.68    0.46    1.00
  C_399-C-142          CONDUIT     0.604     0  14:05      0.70    0.78    1.00
  C_400-C-142          CONDUIT     0.618     0  14:05      0.71    0.93    1.00
  C_401-C-142          CONDUIT     0.632     0  14:05      0.73    0.56    1.00
  C_402-C-142          CONDUIT     0.642     0  14:05      0.74    0.28    1.00
  C_403-C-142          CONDUIT     0.650     0  14:05      0.75    0.44    1.00
  C_404-C-142          CONDUIT     0.659     0  13:48      0.79    0.45    1.00
  C_405-C-142          CONDUIT     0.669     0  13:48      0.84    0.48    1.00
  C_406-C-142          CONDUIT     0.676     0  13:48      0.84    0.80    1.00
  C_407-C-142          CONDUIT     0.679     0  13:48      0.92    4.69    1.00
  C_408-C-142          CONDUIT     0.683     0  13:48      0.92    0.49    1.00
  C_409-C-55           CONDUIT     0.156     0  12:19      0.62    0.10    0.99
  C_410-C-55           CONDUIT     0.152     0  12:19      0.57    0.21    0.98
  C_411-C-55           CONDUIT     0.144     0  12:19      0.29    0.07    0.99
  C_412-C-55           CONDUIT     0.129     0  12:19      0.35    0.05    0.94
  C_413-C-55           CONDUIT     0.114     0  08:26      0.67    0.11    0.86
  C_414-C-55           CONDUIT     0.140     0  08:26      0.39    0.24    0.84
  C_415-C-55           CONDUIT     0.151     0  08:26      0.42    0.10    0.81
  C_416-C-55           CONDUIT     0.160     0  08:53      0.31    0.04    0.89
  C_417-C-55           CONDUIT     0.180     0  08:25      0.65    0.09    0.74
  C_418-C-55           CONDUIT     0.169     0  08:53      0.33    0.04    0.89
  C_419-C-55           CONDUIT     0.188     0  08:25      0.60    0.21    0.72
  C_420-C-55           CONDUIT     0.208     0  09:19      0.51    0.19    0.70
  C_421-C-55           CONDUIT     0.231     0  09:10      0.54    0.22    0.66
  C_422-C-55           CONDUIT     0.868     0  15:11      1.51    0.46    0.72
  C_423-C-55           CONDUIT     0.865     0  11:15      1.39    0.42    0.77
  C_424-C-55           CONDUIT     0.873     0  12:44      1.27    0.58    0.82
  C_425-C-55           CONDUIT     0.909     0  12:09      1.27    1.16    0.84
  C_426-C-55           CONDUIT     0.970     0  14:03      1.35    1.73    0.87
  C_427-C-55           CONDUIT     0.943     0  14:02      1.29    0.48    0.86
  C_428-C-55           CONDUIT     1.054     0  11:59      1.54    1.16    0.88
  C_429-C-55           CONDUIT     1.160     0  13:23      1.75    2.10    0.83
  C_430-C-55           CONDUIT     1.812     0  13:21      4.07   11.65    0.55
  C_431-C-55           CONDUIT     0.109     0  11:44      0.90    0.08    0.21
  C_432-C-55           CONDUIT     0.097     0  10:26      0.63    0.04    0.24
  C_433-C-55           CONDUIT     0.133     0  12:10      0.72    0.07    0.27
  C_434-C-55           CONDUIT     0.149     0  12:10      0.66    0.26    0.31
  C_435-C-55           CONDUIT     0.161     0  12:10      0.82    0.18    0.28
  C_436-C-55           CONDUIT     0.176     0  12:11      0.82    0.10    0.30
  C_437-C-55           CONDUIT     0.190     0  12:11      0.74    1.41    0.34
  C_438-C-55           CONDUIT     0.199     0  12:11      0.81    0.29    0.33
  C_439-C-55           CONDUIT     0.216     0  12:11      1.52    0.17    0.22
  C_440-C-106          CONDUIT     0.429     0  10:07      0.63    0.15    0.75
  C_441-C-106          CONDUIT     0.422     0  10:07      0.57    0.53    0.82
  C_442-C-106          CONDUIT     0.387     0  16:22      0.49    2.34    0.87
  C_443-C-106          CONDUIT     0.405     0  16:22      0.53    0.44    0.84
  C_444-C-106          CONDUIT     0.358     0  16:22      0.46    0.13    0.87
  C_445-C-106          CONDUIT     0.373     0  16:22      0.49    0.29    0.84
  C_446-C-106          CONDUIT     0.532     0  03:35      0.72    0.29    0.96
  C_447-C-106          CONDUIT     0.523     0  03:35      0.65    5.17    1.00
  C_448-C-114          CONDUIT     0.831     0  11:19      1.31    1.00    1.00
  C_449-C-114          CONDUIT     0.839     0  13:05      1.32    1.00    1.00
  C_450-C-114          CONDUIT     0.746     0  12:20      1.17    0.51    1.00
  C_451-C-114          CONDUIT     0.589     0  12:20      0.97    0.48    0.91
  C_452-C-114          CONDUIT     0.462     0  12:20      1.16    0.30    0.60
  C_453-C-114          CONDUIT     0.350     0  12:20      1.73    0.23    0.36
  C_454-C-114          CONDUIT     0.255     0  12:20      1.54    0.17    0.31
  C_455-C-114          CONDUIT     0.207     0  12:22      1.60    0.10    0.26
  C_456-C-114          CONDUIT     0.184     0  12:23      1.53    0.15    0.24
  C_457-C-8            CONDUIT     0.245     0  12:21      1.20    0.23    0.36
  C_458-C-8            CONDUIT     0.222     0  12:22      1.17    0.21    0.34
  C_459-C-8            CONDUIT     0.291     0  12:20      2.00    0.15    0.28
  C_460-C-8            CONDUIT     0.187     0  12:25      1.56    0.12    0.24
  C_461-C-8            CONDUIT     0.245     0  12:25      0.48    0.21    0.75
  C_462-C-8            CONDUIT     0.357     0  12:25      1.25    5.87    0.46
  C_463-C-8            CONDUIT     0.381     0  12:25      1.19    0.29    0.50
  C_464-C-8            CONDUIT     0.401     0  12:22      0.94    0.41    0.63
  C_465-C-8            CONDUIT     0.415     0  12:22      1.11    0.28    0.57
  C_466-C-28           CONDUIT     0.149     0  02:34      0.65    0.03    0.43
  C_467-C-28           CONDUIT     0.150     0  02:34      0.55    0.03    0.51
  C_468-C-28           CONDUIT     0.150     0  02:33      0.52    0.05    0.60
  C_469-C-28           CONDUIT     0.158     0  02:33      0.53    0.04    0.67
  C_470-C-28           CONDUIT     0.152     0  02:33      0.48    0.04    0.74
  C_471-C-28           CONDUIT     0.163     0  02:33      0.49    0.05    0.81
  C_472-C-28           CONDUIT     0.161     0  02:33      0.15    0.04    0.90
  C_473-C-28           CONDUIT     0.169     0  02:33      0.15    0.07    0.96
  C_474-C-28           CONDUIT     0.182     0  02:33      0.20    0.08    0.97
  C_475-C-28           CONDUIT     0.178     0  02:34      0.16    0.10    0.99
  C_476-C-28           CONDUIT     1.314     0  15:00      1.16    1.00    1.00
  C_477-C-28           CONDUIT     1.775     0  11:59      1.62    0.54    0.94
  C_478-C-28           CONDUIT     1.757     0  11:04      1.61   13.91    0.93
  C_479-C-28           CONDUIT     1.742     0  13:48      1.56    7.72    0.96
  C_480-C-28           CONDUIT     1.736     0  13:45      1.56    0.92    0.97
  C_481-C-28           CONDUIT     1.779     0  13:45      1.59    1.23    0.97
  C_482-C-28           CONDUIT     1.723     0  13:45      1.54    0.97    0.97
  C_483-C-28           CONDUIT     1.703     0  11:05      1.52    7.69    0.97
  C_484-C-28           CONDUIT     1.697     0  10:54      1.53    0.54    0.95
  C_485-C-28           CONDUIT     1.687     0  14:11      1.53    0.74    0.95
  C_486-C-28           CONDUIT     1.679     0  13:56      1.51    0.92    0.96
  C_487-C-28           CONDUIT     1.669     0  13:56      1.49    1.14    0.97
  C_488-C-28           CONDUIT     1.645     0  14:20      1.48    0.66    0.97
  C_489-C-28           CONDUIT     1.639     0  14:21      1.47    0.86    0.97
  C_490-C-28           CONDUIT     1.699     0  14:21      1.51    0.57    0.99
  C_491-C-28           CONDUIT     1.661     0  13:44      1.48    1.56    0.98
  C_492-C-28           CONDUIT     1.677     0  14:18      1.50    7.02    1.00
  C_493-C-28           CONDUIT     1.639     0  13:29      1.45    1.08    1.00
  C_494-C-28           CONDUIT     1.861     0  12:06      1.65    0.64    1.00
  C_495-C-28           CONDUIT     1.978     0  11:54      1.79    0.69    0.96
  C_496-C-28           CONDUIT     1.792     0  12:41      1.65    1.07    0.96
  C_497-C-28           CONDUIT     1.790     0  12:08      1.64    0.81    0.96
  C_498-C-28           CONDUIT     2.151     0  13:42      2.09    0.46    0.90
  C_499-C-28           CONDUIT     2.298     0  13:43      2.49    0.54    0.81
  C_500-C-28           CONDUIT     1.720     0  12:07      2.06    0.57    0.73
  C_501-C-28           CONDUIT     1.649     0  12:08      2.17    0.71    0.65
  C_502-C-28           CONDUIT     1.599     0  12:08      2.13    0.67    0.64
  C_503-C-28           CONDUIT     1.568     0  12:23      2.15    0.53    0.62
  C_504-C-28           CONDUIT     1.567     0  12:51      2.22    0.75    0.61
  C_505-C-28           CONDUIT     1.531     0  12:25      2.12    0.83    0.62
  C_506-C-28           CONDUIT     1.501     0  12:05      1.93    0.99    0.66
  C_507-C-28           CONDUIT     1.464     0  12:08      1.64    0.50    0.75
  C_508-C-28           CONDUIT     1.450     0  12:08      1.44    0.55    0.84
  C_509-C-28           CONDUIT     1.407     0  12:05      1.32    1.45    0.90
  C_510-C-28           CONDUIT     1.366     0  12:36      1.42    0.35    0.81
  C_511-C-28           CONDUIT     1.350     0  12:22      1.85    0.29    0.62
  C_512-C-28           CONDUIT     1.315     0  12:07      2.30    0.45    0.52
  C_513-C-28           CONDUIT     1.308     0  12:16      2.53    0.32    0.49
  C_514-C-28           CONDUIT     1.286     0  12:07      2.67    0.37    0.46
  C_515-C-28           CONDUIT     1.213     0  12:32      2.74    0.29    0.43
  C_516-C-28           CONDUIT     1.180     0  12:32      2.61    0.43    0.44
  C_517-C-28           CONDUIT     1.210     0  12:32      2.28    0.53    0.48
  C_518-C-28           CONDUIT     1.204     0  12:36      2.21    0.43    0.49
  C_519-C-28           CONDUIT     1.139     0  12:32      2.28    0.28    0.48
  C_520-C-28           CONDUIT     1.144     0  12:36      2.41    0.37    0.44
  C_521-C-28           CONDUIT     1.147     0  12:36      2.49    0.34    0.43
  C_522-C-28           CONDUIT     1.107     0  12:32      2.61    0.30    0.42
  C_523-C-28           CONDUIT     1.068     0  12:32      2.72    0.27    0.40
  C_524-C-28           CONDUIT     1.213     0  12:38      2.61    0.96    0.44
  C_525-C-28           CONDUIT     0.970     0  12:23      2.12    0.23    0.47
  C_526-C-28           CONDUIT     0.918     0  12:32      2.42    0.23    0.38
  C_527-C-28           CONDUIT     0.894     0  12:15      2.57    0.23    0.36
  C_528-C-28           CONDUIT     0.878     0  12:19      2.48    0.28    0.36
  C_529-C-28           CONDUIT     0.872     0  12:20      2.49    0.24    0.35
  C_530-C-28           CONDUIT     0.844     0  12:21      2.48    0.24    0.35
  C_531-C-28           CONDUIT     0.845     0  12:20      2.48    0.24    0.34
  C_532-C-28           CONDUIT     0.829     0  12:21      2.42    0.25    0.34
  C_533-C-28           CONDUIT     0.817     0  12:21      2.49    0.21    0.33
  C_534-C-28           CONDUIT     0.790     0  12:21      2.41    0.26    0.34
  C_535-C-28           CONDUIT     0.141     0  12:15      0.81    0.05    0.22
  C_536-C-28           CONDUIT     0.224     0  12:21      0.92    0.09    0.28
  C_537-C-28           CONDUIT     0.094     0  12:10      0.93    0.03    0.15
  C_538-C-28           CONDUIT     0.074     0  12:10      1.06    0.02    0.11
  C_539-C-28           CONDUIT     0.054     0  12:10      0.98    0.02    0.10
  C_540-C-28           CONDUIT     0.032     0  12:10      0.79    0.01    0.08
  C_541-C-28           CONDUIT     0.014     0  12:10      0.62    0.00    0.05
  C_542-C-28           CONDUIT     0.700     0  11:59      0.64    0.18    1.00
  C_543-C-28           CONDUIT     1.023     0  11:58      1.00    0.22    0.89
  C_544-C-28           CONDUIT     0.963     0  12:34      1.05    0.24    0.86
  C_545-C-28           CONDUIT     1.398     0  12:18      1.84    0.37    0.66
  C_546-C-28           CONDUIT     0.726     0  11:57      1.11    0.19    0.64
  C_547-C-28           CONDUIT     0.299     0  12:22      0.95    0.08    0.35
  C_548-C-28           CONDUIT     0.248     0  12:24      1.78    0.06    0.18
  C_549-C-28           CONDUIT     0.238     0  12:30      1.56    0.11    0.19
  C_550-C-63           CONDUIT     0.150     0  04:12      0.94    1.40    1.00
  C_551-C-63           CONDUIT     0.146     0  04:11      0.92    0.75    1.00
  C_552-C-63           CONDUIT     0.143     0  04:12      0.90    1.37    1.00
  C_553-C-63           CONDUIT     0.137     0  04:09      0.86    1.06    1.00
  C_554-C-63           CONDUIT     0.131     0  04:08      0.83    0.70    1.00
  C_555-C-63           CONDUIT     0.159     0  10:40      1.00    1.00    1.00
  C_556-C-63           CONDUIT     0.161     0  10:20      1.01    1.00    1.00
  C_557-C-63           CONDUIT     0.051     0  04:01      0.32    1.41    1.00
  C_558-C-7            CONDUIT     0.149     0  12:25      3.00    0.11    0.23
  C_559-C-7            CONDUIT     0.182     0  12:20      3.18    0.13    0.26
  C_560-C-7            CONDUIT     0.222     0  12:20      3.44    0.16    0.28
  C_561-C-7            CONDUIT     0.255     0  12:15      3.69    0.18    0.29
  C_562-C-7            CONDUIT     0.289     0  12:15      3.82    0.19    0.31
  C_563-C-7            CONDUIT     0.331     0  12:15      4.00    0.23    0.33
  C_564-C-7            CONDUIT     0.376     0  12:15      4.23    0.25    0.35
  C_565-C-7            CONDUIT     0.410     0  12:15      4.30    0.28    0.37
  C_566-C-7            CONDUIT     0.443     0  12:15      4.37    0.31    0.39
  C_567-C-7            CONDUIT     0.486     0  12:15      4.57    0.33    0.40
  C_568-C-7            CONDUIT     0.522     0  12:15      4.67    0.35    0.42
  C_569-C-7            CONDUIT     0.548     0  12:15      4.57    0.38    0.44
  C_570-C-7            CONDUIT     0.571     0  12:14      4.12    0.41    0.53
  C_571-C-7            CONDUIT     0.605     0  12:14      2.71    0.39    0.80
  C_572-C-7            CONDUIT     0.640     0  12:15      2.26    0.60    1.00
  C_573-C-7            CONDUIT     0.663     0  12:11      2.35    0.85    1.00
  C_574-C-7            CONDUIT     0.448     0  16:07      1.59    1.16    1.00
  C_575-C-7            CONDUIT     0.472     0  09:15      1.67    1.01    1.00
  C_576-C-7            CONDUIT     0.509     0  12:27      1.80    1.78    1.00
  C_577-C-7            CONDUIT     0.548     0  12:08      1.94    0.71    1.00
  C_578-C-7            CONDUIT     0.334     0  08:57      1.18    1.00    1.00
  C_579-C-7            CONDUIT     0.220     0  20:23      0.78    0.71    1.00
  C_580-C-7            CONDUIT     0.229     0  20:21      0.81    0.75    1.00
  C_581-C-7            CONDUIT     0.240     0  20:23      0.85    1.09    1.00
  C_582-C-7            CONDUIT     0.250     0  20:21      0.89    0.81    1.00
  C_583-C-7            CONDUIT     0.260     0  20:21      0.94    1.12    1.00
  C_584-C-7            CONDUIT     0.272     0  20:21      0.98    0.93    1.00
  C_585-C-7            CONDUIT     0.281     0  20:21      1.05    7.45    1.00
  C_586-C-7            CONDUIT     0.289     0  06:53      1.14    1.18    1.00
  C_587-C-7            CONDUIT     0.304     0  09:32      1.29    8.05    1.00
  C_588-C-7            CONDUIT     0.343     0  12:10      1.32    0.68    1.00
  C_589-C-7            CONDUIT     0.396     0  12:10      1.40    0.94    1.00
  C_590-C-7            CONDUIT     0.439     0  12:10      1.55    0.90    1.00
  C_591-C-7            CONDUIT     0.442     0  14:04      1.56   10.57    1.00
  C_592-C-7            CONDUIT     0.468     0  12:13      1.65    0.76    1.00
  C_593-C-7            CONDUIT     0.322     0  20:39      1.14    0.72    1.00
  C_594-C-7            CONDUIT     0.333     0  20:39      1.32    0.78    1.00
  C_595-C-7            CONDUIT     0.343     0  20:32      1.28    0.77    1.00
  C_596-C-7            CONDUIT     0.352     0  12:34      1.24    0.82    1.00
  C_597-C-7            CONDUIT     0.382     0  12:05      1.35   10.29    1.00
  C_598-C-7            CONDUIT     0.424     0  12:13      1.50    0.74    1.00
  C_599-C-7            CONDUIT     0.411     0  16:44      1.45    1.14    1.00
  C_600-C-7            CONDUIT     0.313     0  21:23      1.11    8.31    1.00
  C_601-C-7            CONDUIT     0.437     0  12:12      1.55    0.90    1.00
  C_602-C-7            CONDUIT     0.318     0  21:22      1.13    0.69    1.00
  C_603-C-7            CONDUIT     0.323     0  21:22      1.16    7.87    1.00
  C_604-C-7            CONDUIT     0.332     0  21:22      1.32    1.21    1.00
  C_605-C-7            CONDUIT     0.344     0  12:22      1.37    0.71    1.00
  C_606-C-7            CONDUIT     0.390     0  12:20      1.39    1.26    1.00
  C_607-C-7            CONDUIT     0.423     0  12:20      1.50    0.68    1.00
  C_608-C-7            CONDUIT     0.412     0  09:55      1.46    1.75    1.00
  C_609-C-7            CONDUIT     0.448     0  12:15      1.59    0.89    1.00
  C_610-C-7            CONDUIT     0.384     0  20:37      1.36    1.84    1.00
  C_611-C-7            CONDUIT     0.407     0  12:12      1.44    0.75    1.00
  C_612-C-7            CONDUIT     0.359     0  10:34      1.27    1.00    1.00
  C_613-C-7            CONDUIT     0.385     0  21:42      1.36    1.36    1.00
  C_614-C-7            CONDUIT     0.366     0  21:45      1.30    1.56    1.00
  C_615-C-7            CONDUIT     0.354     0  21:45      1.25    1.09    1.00
  C_616-C-7            CONDUIT     0.431     0  12:20      1.52    0.87    1.00
  C_617-C-7            CONDUIT     0.415     0  21:42      1.47    1.63    1.00
  C_618-C-7            CONDUIT     0.430     0  21:27      1.52    1.43    1.00
  C_619-C-7            CONDUIT     0.452     0  19:31      1.60    1.42    1.00
  C_620-C-7            CONDUIT     0.481     0  19:13      1.70    0.94    1.00
  C_621-C-7            CONDUIT     0.546     0  12:20      1.93    1.45    1.00
  C_622-C-7            CONDUIT     0.610     0  12:20      2.16    0.71    1.00
  C_623-C-7            CONDUIT     0.663     0  15:03      2.34    1.00    1.00
  C_624-C-7            CONDUIT     0.631     0  11:12      2.23    1.00    1.00
  C_625-C-7            CONDUIT     0.246     0  23:17      0.87    0.30    1.00
  C_626-C-7            CONDUIT     0.250     0  23:18      0.88    0.84    1.00
  C_627-C-7            CONDUIT     0.255     0  02:23      0.90    1.56    1.00
  C_628-C-7            CONDUIT     0.335     0  12:15      1.19    0.58    1.00
  C_629-C-7            CONDUIT     0.122     0  23:59      0.43    0.92    1.00
  C_630-C-7            CONDUIT     0.166     0  12:14      0.59    0.81    1.00
  C_631-C-7            CONDUIT     0.428     0  12:14      1.51    0.75    1.00
  C_632-C-7            CONDUIT     0.623     0  12:12      2.20    0.95    1.00
  C_633-C-7            CONDUIT     0.391     0  23:34      1.38    2.41    1.00
  C_634-C-7            CONDUIT     0.531     0  12:12      1.88    0.89    1.00
  C_635-C-7            CONDUIT     0.461     0  09:47      1.63    1.61    1.00
  C_636-C-7            CONDUIT     0.427     0  18:13      1.51    1.06    1.00
  C_637-C-7            CONDUIT     0.392     0  18:15      1.39    0.78    1.00
  C_638-C-7            CONDUIT     0.366     0  02:57      1.29    0.82    1.00
  C_639-C-7            CONDUIT     0.359     0  23:45      1.27    1.03    1.00
  C_640-C-7            CONDUIT     0.353     0  23:45      1.25    0.79    1.00
  C_641-C-7            CONDUIT     0.349     0  23:45      1.23    2.79    1.00
  C_642-C-7            CONDUIT     0.344     0  23:45      1.22   12.77    1.00
  C_643-C-7            CONDUIT     0.342     0  23:45      1.21    1.13    1.00
  C_644-C-7            CONDUIT     0.414     0  12:10      1.46    0.69    1.00
  C_645-C-7            CONDUIT     0.370     0  12:12      1.87    0.46    1.00
  C_646-C-7            CONDUIT     0.350     0  23:38      1.65    1.68    1.00
  C_647-C-7            CONDUIT     0.348     0  23:38      1.23    0.56    1.00
  C_648-C-7            CONDUIT     0.346     0  23:38      1.22    0.88    1.00
  C_649-C-7            CONDUIT     0.347     0  23:38      1.23   10.45    1.00
  C_650-C-7            CONDUIT     0.499     0  12:07      1.76    0.80    1.00
  C_651-C-7            CONDUIT     0.469     0  12:15      1.66    0.68    1.00
  C_652-C-7            CONDUIT     0.429     0  11:57      1.52    0.89    1.00
  C_653-C-7            CONDUIT     0.414     0  22:51      1.46    1.99    1.00
  C_654-C-7            CONDUIT     0.410     0  22:51      1.45    1.58    1.00
  C_655-C-7            CONDUIT     0.407     0  22:53      1.44    1.18    1.00
  C_656-C-7            CONDUIT     0.488     0  12:11      1.73    0.72    1.00
  C_657-C-7            CONDUIT     0.461     0  12:19      2.24    0.70    1.00
  C_658-C-7            CONDUIT     0.442     0  11:03      2.00    1.20    1.00
  C_659-C-7            CONDUIT     0.439     0  21:54      1.69    0.90    1.00
  C_660-C-7            CONDUIT     0.437     0  21:55      1.54    2.26    1.00
  C_661-C-7            CONDUIT     0.435     0  22:06      1.54    2.56    1.00
  C_662-C-7            CONDUIT     0.433     0  22:07      1.53    1.06    1.00
  C_663-C-7            CONDUIT     0.445     0  11:55      1.57    0.80    1.00
  C_664-C-7            CONDUIT     0.437     0  19:59      1.54    0.71    1.00
  C_665-C-7            CONDUIT     0.435     0  20:37      1.54    1.12    1.00
  C_666-C-7            CONDUIT     0.452     0  12:00      1.60    0.77    1.00
  C_667-C-7            CONDUIT     0.447     0  12:00      1.71    0.71    1.00
  C_668-C-7            CONDUIT     0.443     0  12:00      1.85    1.37    1.00
  C_669-C-7            CONDUIT     0.439     0  13:45      1.80    0.77    1.00
  C_670-C-7            CONDUIT     0.320     0  22:12      1.13    2.48    1.00
  C_671-C-7            CONDUIT     0.319     0  22:12      1.13    9.28    1.00
  C_672-C-7            CONDUIT     0.381     0  21:41      1.35    1.29    1.00
  C_673-C-7            CONDUIT     0.392     0  12:08      1.39    0.87    1.00
  C_674-C-7            CONDUIT     0.512     0  12:06      1.81    0.80    1.00
  C_675-C-7            CONDUIT     0.491     0  12:06      1.74    0.93    1.00
  C_676-C-7            CONDUIT     0.472     0  20:17      1.71    0.95    1.00
  C_677-C-7            CONDUIT     0.465     0  20:20      1.64   17.23    1.00
  C_678-C-7            CONDUIT     0.428     0  20:53      1.52    1.01    1.00
  C_679-C-7            CONDUIT     0.570     0  15:23      2.02    1.00    1.00
  C_680-C-7            CONDUIT     0.551     0  12:09      1.95    0.99    1.00
  C_681-C-7            CONDUIT     0.520     0  19:21      1.84    1.05    1.00
  C_682-C-7            CONDUIT     0.500     0  14:28      1.77    1.00    1.00
  C_683-C-7            CONDUIT     0.512     0  08:37      1.81    1.00    1.00
  C_684-C-7            CONDUIT     0.499     0  10:26      1.77    1.00    1.00
  C_685-C-7            CONDUIT     0.551     0  09:36      1.95    1.00    1.00
  C_686-C-7            CONDUIT     0.581     0  12:12      2.05    0.97    1.00
  C_687-C-7            CONDUIT     0.523     0  12:02      1.85    0.97    1.00
  C_688-C-7            CONDUIT     0.468     0  17:47      1.66    1.18    1.00
  C_689-C-7            CONDUIT     0.494     0  17:45      1.75    1.05    1.00
  C_690-C-7            CONDUIT     0.600     0  12:11      2.12    0.98    1.00
  C_691-C-7            CONDUIT     0.556     0  09:08      1.97    1.12    1.00
  C_692-C-7            CONDUIT     0.599     0  12:25      2.12    1.00    1.00
  C_693-C-7            CONDUIT     0.565     0  12:09      2.00    0.97    1.00
  C_694-C-7            CONDUIT     0.532     0  14:56      1.88    1.06    1.00
  C_695-C-7            CONDUIT     0.496     0  09:44      1.75    1.01    1.00
  C_696-C-7            CONDUIT     0.520     0  12:28      1.84    1.00    1.00
  C_697-C-7            CONDUIT     0.525     0  12:10      1.86    0.75    1.00
  C_698-C-7            CONDUIT     0.484     0  12:10      1.71    1.17    1.00
  C_699-C-7            CONDUIT     0.443     0  12:11      1.57    0.80    1.00
  C_700-C-7            CONDUIT     0.413     0  12:10      1.57    0.70    1.00
  C_701-C-7            CONDUIT     0.387     0  12:11      1.55    1.03    1.00
  C_702-C-7            CONDUIT     0.369     0  12:08      1.57    0.50    1.00
  C_703-C-7            CONDUIT     0.342     0  12:10      1.62    0.70    1.00
  C_704-C-7            CONDUIT     0.315     0  12:11      1.61    0.48    1.00
  C_705-C-7            CONDUIT     0.283     0  12:10      1.67    0.48    1.00
  C_706-C-7            CONDUIT     0.321     0  10:37      1.70    0.52    1.00
  C_707-C-7            CONDUIT     0.313     0  11:16      1.77    0.45    0.90
  C_708-C-7            CONDUIT     0.210     0  12:11      1.91    0.27    0.64
  C_709-C-7            CONDUIT     0.183     0  12:07      1.95    0.25    0.42
  C_710-C-7            CONDUIT     0.158     0  12:07      2.07    0.18    0.32
  C_711-C-7            CONDUIT     0.134     0  12:06      2.09    0.16    0.28
  C_712-C-7            CONDUIT     0.113     0  12:06      2.04    0.12    0.25
  C_713-C-7            CONDUIT     0.096     0  12:10      1.94    0.11    0.23
  C_714-C-7            CONDUIT     0.080     0  12:10      1.81    0.09    0.21
  C_715-C-7            CONDUIT     0.068     0  12:10      1.75    0.08    0.19
  C_716-C-7            CONDUIT     0.058     0  12:10      1.65    0.06    0.18
  C_717-C-7            CONDUIT     0.046     0  12:10      1.52    0.05    0.16
  C_718-C-63           CONDUIT     0.141     0  14:29      0.89    1.00    1.00
  C_719-C-63           CONDUIT     0.100     0  21:08      0.66    2.56    1.00
  C_720-C-63           CONDUIT     0.128     0  21:08      0.93    1.17    1.00
  C_721-C-63           CONDUIT     0.210     0  15:53      1.32    1.00    1.00
  C_722-C-63           CONDUIT     0.211     0  10:45      1.33    1.00    1.00
  C_723-C-63           CONDUIT     0.225     0  21:36      1.42    1.01    1.00
  C_724-C-63           CONDUIT     0.257     0  08:41      1.61    1.00    1.00
  C_725-C-63           CONDUIT     0.203     0  08:57      1.27    1.00    1.00
  C_726-C-63           CONDUIT     0.168     0  23:24      1.05    3.21    1.00
  C_727-C-63           CONDUIT     0.169     0  23:24      1.06    2.84    1.00
  C_728-C-63           CONDUIT     0.171     0  23:24      1.07    1.60    1.00
  C_729-C-107          CONDUIT     0.072     0  19:34      0.25    0.28    1.00
  C_730-C-107          CONDUIT     0.162     0  11:09      0.57    1.00    1.00
  C_731-C-107          CONDUIT     0.162     0  12:11      0.57    0.50    1.00
  C_732-C-107          CONDUIT     0.126     0  12:11      0.45    0.71    1.00
  C_733-C-107          CONDUIT     0.094     0  12:11      0.33    0.20    1.00
  C_734-C-107          CONDUIT     0.043     0  12:10      0.25    0.07    0.59
  C_735-C-107          CONDUIT     0.064     0  12:19      0.39    0.16    1.00
  C_736-C-81           CONDUIT     0.715     0  12:27      2.53    2.12    1.00
  C_737-C-81           CONDUIT     0.738     0  12:12      2.66   30.98    0.95
  C_738-C-81           CONDUIT     0.696     0  12:40      2.46    1.52    1.00
  C_739-C-81           CONDUIT     0.661     0  17:08      2.34    1.45    1.00
  C_740-C-81           CONDUIT     0.831     0  12:26      2.94    0.94    1.00
  C_741-C-81           CONDUIT     0.727     0  11:14      2.57    1.00    1.00
  C_742-C-81           CONDUIT     0.684     0  12:30      2.51    0.85    1.00
  C_743-C-81           CONDUIT     0.499     0  12:29      2.63    0.59    0.79
  C_744-C-81           CONDUIT     0.346     0  11:45      1.48    1.30    0.79
  C_745-C-81           CONDUIT     0.244     0  18:20      0.86    0.44    1.00
  C_746-C-81           CONDUIT     0.210     0  19:01      0.74    0.41    1.00
  C_747-C-81           CONDUIT     0.107     0  03:50      0.38    1.31    1.00
  C_748-C-81           CONDUIT     0.286     0  12:34      1.01    0.82    1.00
  C_749-C-81           CONDUIT     0.373     0  19:01      1.32    1.08    1.00
  C_750-C-81           CONDUIT     0.809     0  11:12      2.86    1.00    1.00
  C_751-C-24           CONDUIT     0.215     0  18:41      0.76    1.21    1.00
  C_752-C-24           CONDUIT     0.214     0  18:41      0.76    7.50    1.00
  C_753-C-24           CONDUIT     0.211     0  18:41      0.74    0.79    1.00
  C_754-C-24           CONDUIT     0.207     0  04:44      0.73    1.22    1.00
  C_755-C-24           CONDUIT     0.204     0  20:32      0.72    1.30    1.00
  C_756-C-24           CONDUIT     0.200     0  20:31      0.71    1.21    1.00
  C_757-C-24           CONDUIT     0.198     0  20:31      0.70    0.92    1.00
  C_758-C-24           CONDUIT     0.194     0  20:31      0.69    1.21    1.00
  C_759-C-24           CONDUIT     0.187     0  20:32      0.67    0.55    1.00
  C_760-C-24           CONDUIT     0.180     0  20:32      0.74    0.82    1.00
  C_761-C-24           CONDUIT     0.175     0  20:39      0.67    0.37    1.00
  C_762-C-24           CONDUIT     0.171     0  20:50      0.69    0.33    1.00
  C_763-C-24           CONDUIT     0.166     0  20:50      0.64    0.31    1.00
  C_764-C-24           CONDUIT     0.343     0  12:14      1.21    0.80    1.00
  C_765-C-24           CONDUIT     0.326     0  14:19      1.15    1.02    1.00
  C_766-C-24           CONDUIT     0.312     0  14:19      1.10    1.86    1.00
  C_767-C-134          CONDUIT     0.510     0  12:18      1.80    1.78    1.00
  C_768-C-134          CONDUIT     0.527     0  12:18      1.86    0.50    1.00
  C_769-C-134          CONDUIT     0.120     0  12:09      0.42    0.13    1.00
  C_770-C-134          CONDUIT     0.100     0  12:09      0.53    0.15    1.00
  C_771-C-134          CONDUIT     0.079     0  12:09      0.66    0.09    0.91
  C_772-C-134          CONDUIT     0.112     0  12:14      0.51    0.37    0.77
  C_773-C-134          CONDUIT     0.162     0  12:14      1.23    0.13    0.50
  C_774-C-134          CONDUIT     0.025     0  12:15      1.15    0.03    0.23
  C_775-C-134          CONDUIT     0.011     0  12:22      0.39    0.02    0.18
  C_776-C-111          CONDUIT     0.293     0  12:26      1.26    0.57    0.77
  C_777-C-83           CONDUIT     0.694     0  12:14      2.51    1.33    0.94
  C_778-C-83           CONDUIT     0.635     0  12:08      2.24    1.20    1.00
  C_779-C-83           CONDUIT     0.597     0  12:12      2.11    0.91    1.00
  C_780-C-83           CONDUIT     0.558     0  12:08      1.97    1.17    1.00
  C_781-C-83           CONDUIT     0.507     0  15:26      1.79    2.15    1.00
  C_782-C-83           CONDUIT     0.456     0  08:47      1.61    1.40    1.00
  C_783-C-83           CONDUIT     0.419     0  08:38      1.48   10.96    1.00
  C_784-C-83           CONDUIT     0.402     0  19:39      1.42    0.86    1.00
  C_785-C-83           CONDUIT     0.390     0  19:53      1.38    1.70    1.00
  C_786-C-83           CONDUIT     0.376     0  21:32      1.33   12.97    1.00
  C_787-C-83           CONDUIT     0.356     0  21:32      1.26    1.12    1.00
  C_788-C-83           CONDUIT     0.338     0  21:34      1.20    1.01    1.00
  C_789-C-83           CONDUIT     0.330     0  21:33      1.17    1.06    1.00
  C_790-C-83           CONDUIT     0.323     0  21:34      1.14    1.05    1.00
  C_791-C-83           CONDUIT     0.313     0  21:34      1.11    1.28    1.00
  C_792-C-83           CONDUIT     0.297     0  21:34      1.05    0.76    1.00
  C_793-C-83           CONDUIT     0.285     0  21:34      1.01    1.19    1.00
  C_794-C-83           CONDUIT     0.380     0  16:15      1.34    1.00    1.00
  C_795-C-83           CONDUIT     0.448     0  12:13      1.59    0.58    1.00
  C_796-C-83           CONDUIT     0.392     0  17:02      1.39    2.11    1.00
  C_797-C-83           CONDUIT     0.383     0  12:13      1.35    0.69    1.00
  C_798-C-83           CONDUIT     0.320     0  14:22      1.13   15.25    1.00
  C_799-C-83           CONDUIT     0.270     0  20:34      0.96    1.20    1.00
  C_800-C-83           CONDUIT     0.238     0  04:10      0.84    1.18    1.00
  C_801-C-83           CONDUIT     0.218     0  04:10      0.77    1.35    1.00
  C_802-C-83           CONDUIT     0.415     0  12:06      1.47    0.84    1.00
  C_803-C-83           CONDUIT     0.377     0  17:56      1.33    1.71    1.00
  C_804-C-83           CONDUIT     0.391     0  08:39      1.38    0.97    1.00
  C_805-C-83           CONDUIT     0.563     0  12:14      1.99    1.00    1.00
  C_806-C-83           CONDUIT     0.502     0  15:19      1.78    1.01    1.00
  C_807-C-83           CONDUIT     0.537     0  12:09      1.90    0.95    1.00
  C_808-C-83           CONDUIT     0.504     0  13:42      1.78    1.07    1.00
  C_809-C-83           CONDUIT     0.507     0  12:15      1.79    0.92    1.00
  C_810-C-83           CONDUIT     0.394     0  12:15      1.39    0.66    1.00
  C_811-C-83           CONDUIT     0.315     0  12:14      1.64    0.59    1.00
  C_812-C-83           CONDUIT     0.289     0  12:14      1.49    0.69    1.00
  C_813-C-83           CONDUIT     0.286     0  13:47      1.45    0.51    1.00
  C_814-C-83           CONDUIT     0.351     0  11:19      1.63    0.52    0.94
  C_815-C-83           CONDUIT     0.217     0  12:16      1.61    0.42    0.68
  C_816-C-32           CONDUIT     0.146     0  07:22      0.74    0.29    0.92
  C_817-C-32           CONDUIT     0.097     0  08:12      0.57    0.30    0.82
  C_818-C-32           CONDUIT     0.082     0  12:55      0.43    0.24    0.68
  C_819-C-32           CONDUIT     0.063     0  13:05      0.58    0.20    0.56
  C_820-C-32           CONDUIT     0.020     0  16:26      0.30    0.08    0.44
  C_821-C-32           CONDUIT     0.070     0  12:16      0.72    0.18    0.38
  C_822-C-32           CONDUIT     0.096     0  12:15      0.92    0.60    0.40
  C_823-C-32           CONDUIT     0.123     0  12:15      1.27    0.29    0.37
  C_824-C-32           CONDUIT     0.149     0  12:15      1.46    0.28    0.39
  C_825-C-32           CONDUIT     0.171     0  12:15      1.54    0.32    0.42
  C_826-C-32           CONDUIT     0.186     0  12:15      1.54    0.32    0.44
  C_827-C-32           CONDUIT     0.200     0  12:15      1.65    0.43    0.44
  C_828-C-32           CONDUIT     0.214     0  12:14      1.70    0.31    0.46
  C_829-C-32           CONDUIT     0.230     0  12:14      1.65    0.38    0.52
  C_830-C-32           CONDUIT     0.245     0  12:14      1.61    0.35    0.61
  C_831-C-32           CONDUIT     0.260     0  12:14      1.56    0.44    0.74
  C_832-C-32           CONDUIT     0.300     0  16:12      1.71    0.51    0.85
  C_833-C-32           CONDUIT     0.317     0  16:05      1.89    0.40    0.95
  C_834-C-32           CONDUIT     0.350     0  08:49      1.77    0.43    1.00
  C_835-C-32           CONDUIT     0.380     0  07:48      1.87    0.61    1.00
  C_836-C-32           CONDUIT     0.348     0  06:55      1.95    0.37    1.00
  C_837-C-32           CONDUIT     0.375     0  06:37      1.81    0.55    1.00
  C_838-C-32           CONDUIT     0.390     0  12:14      1.38    0.55    1.00
  C_839-C-32           CONDUIT     0.647     0  16:01      2.29    1.01    1.00
  C_840-C-32           CONDUIT     0.667     0  15:50      2.36    1.10    1.00
  C_841-C-32           CONDUIT     0.693     0  12:10      2.45    0.94    1.00
  C_842-C-32           CONDUIT     0.554     0  18:37      1.96    1.19    1.00
  C_843-C-32           CONDUIT     0.564     0  18:37      2.00    1.09    1.00
  C_844-C-32           CONDUIT     0.577     0  18:37      2.04    1.16    1.00
  C_845-C-32           CONDUIT     0.588     0  12:12      2.08    0.87    1.00
  C_846-C-32           CONDUIT     0.603     0  12:12      2.13    0.86    1.00
  C_847-C-32           CONDUIT     0.609     0  10:05      2.16    1.11    1.00
  C_848-C-32           CONDUIT     0.632     0  10:30      2.24    0.94    1.00
  C_849-C-32           CONDUIT     0.661     0  12:06      2.34    1.00    1.00
  C_850-C-32           CONDUIT     0.520     0  11:14      1.84    1.00    1.00
  C_851-C-32           CONDUIT     0.380     0  10:31      1.34    1.00    1.00
  C_852-C-32           CONDUIT     0.315     0  16:15      1.12    1.00    1.00
  C_853-C-32           CONDUIT     0.225     0  15:39      0.80    1.00    1.00
  C_854-C-32           CONDUIT     0.392     0  11:06      1.39    1.00    1.00
  C_855-C-32           CONDUIT     0.515     0  12:10      1.82    0.83    1.00
  C_856-C-32           CONDUIT     0.480     0  19:01      1.70    1.10    1.00
  C_857-C-32           CONDUIT     0.471     0  19:05      1.67   11.03    1.00
  C_858-C-32           CONDUIT     0.465     0  19:05      1.64    1.09    1.00
  C_859-C-32           CONDUIT     0.489     0  12:15      1.73    0.93    1.00
  C_860-C-32           CONDUIT     0.471     0  16:07      1.66    0.88    1.00
  C_861-C-32           CONDUIT     0.463     0  18:51      1.64    1.45    1.00
  C_862-C-32           CONDUIT     0.564     0  12:10      1.99    0.93    1.00
  C_863-C-32           CONDUIT     0.551     0  18:07      1.95    1.12    1.00
  C_864-C-32           CONDUIT     0.804     0  10:26      2.84    1.00    1.00
  C_865-C-32           CONDUIT     0.923     0  14:51      3.26    1.00    1.00
  C_866-C-32           CONDUIT     0.337     0  07:38      1.89    0.54    1.00
  C_867-C-32           CONDUIT     0.332     0  08:18      1.75    0.46    1.00
  C_868-C-32           CONDUIT     0.239     0  12:10      1.54    0.37    0.78
  C_869-C-32           CONDUIT     0.174     0  12:10      1.64    0.24    0.46
  C_870-C-32           CONDUIT     0.144     0  12:10      1.75    0.19    0.33
  C_871-C-32           CONDUIT     0.119     0  12:10      1.63    0.21    0.31
  C_872-C-32           CONDUIT     0.097     0  12:10      1.44    0.15    0.29
  C_873-C-32           CONDUIT     0.071     0  12:10      1.39    0.09    0.24
  C_874-C-32           CONDUIT     0.024     0  12:10      0.96    0.04    0.18
  C_875-C-133          CONDUIT     0.208     0  12:14      4.78    0.10    0.21
  C_876-C-133          CONDUIT     0.196     0  12:14      1.18    0.19    0.57
  C_877-C-133          CONDUIT     0.187     0  12:14      0.68    0.93    0.95
  C_878-C-133          CONDUIT     0.176     0  12:14      0.69    0.36    0.84
  C_879-C-133          CONDUIT     0.162     0  12:14      1.07    0.24    0.53
  C_880-C-133          CONDUIT     0.145     0  12:14      1.70    0.26    0.34
  C_881-C-133          CONDUIT     0.128     0  12:12      1.37    0.33    0.37
  C_882-C-133          CONDUIT     0.110     0  12:14      0.86    0.51    0.46
  C_883-C-133          CONDUIT     0.094     0  12:15      0.87    0.17    0.41
  C_884-C-26           CONDUIT     0.230     0  12:29      2.12    0.56    0.41
  C_885-C-26           CONDUIT     0.220     0  12:18      1.24    0.41    0.60
  C_886-C-34           CONDUIT     1.627     0  12:29      8.56    0.16    0.28
  C_887-C-34           CONDUIT     1.693     0  12:29      3.97    1.35    0.50
  C_888-C-34           CONDUIT     1.415     0  11:58      2.26    0.78    0.70
  C_889-C-34           CONDUIT     1.378     0  12:03      2.27    0.66    0.67
  C_890-C-34           CONDUIT     1.352     0  12:11      2.33    0.66    0.64
  C_891-C-34           CONDUIT     1.322     0  12:11      2.28    1.32    0.64
  C_892-C-34           CONDUIT     1.296     0  12:11      2.22    0.66    0.64
  C_893-C-34           CONDUIT     1.292     0  12:10      2.36    0.55    0.61
  C_894-C-34           CONDUIT     1.311     0  12:11      2.35    1.41    0.61
  C_895-C-34           CONDUIT     1.248     0  12:10      1.95    0.88    0.70
  C_896-C-34           CONDUIT     1.209     0  12:10      1.86    0.50    0.70
  C_897-C-34           CONDUIT     1.193     0  12:12      1.91    1.15    0.68
  C_898-C-34           CONDUIT     1.167     0  12:10      1.76    0.81    0.73
  C_899-C-34           CONDUIT     1.159     0  12:11      1.74    0.51    0.73
  C_900-C-34           CONDUIT     1.131     0  12:15      1.69    1.06    0.74
  C_901-C-34           CONDUIT     1.098     0  12:27      1.56    1.50    0.78
  C_902-C-34           CONDUIT     1.080     0  16:55      1.45    0.62    0.82
  C_903-C-34           CONDUIT     1.038     0  08:17      1.25    1.01    0.93
  C_904-C-34           CONDUIT     1.050     0  17:27      1.21    1.00    1.00
  C_905-C-34           CONDUIT     1.022     0  17:25      1.18    0.65    1.00
  C_906-C-34           CONDUIT     1.012     0  17:25      1.17    0.63    1.00
  C_907-C-34           CONDUIT     0.998     0  17:25      1.15    0.61    1.00
  C_908-C-34           CONDUIT     1.325     0  12:10      1.53    0.66    1.00
  C_909-C-34           CONDUIT     1.315     0  14:23      1.52    7.69    1.00
  C_910-C-34           CONDUIT     1.335     0  12:05      1.54    0.88    1.00
  C_911-C-34           CONDUIT     1.304     0  14:23      1.51    1.20    1.00
  C_912-C-34           CONDUIT     1.417     0  12:04      1.64    0.83    1.00
  C_913-C-34           CONDUIT     1.401     0  12:04      1.62    1.37    1.00
  C_914-C-34           CONDUIT     1.452     0  12:35      1.68    0.81    1.00
  C_915-C-34           CONDUIT     1.428     0  12:35      1.65    0.88    1.00
  C_916-C-34           CONDUIT     1.492     0  12:24      2.00    0.54    0.85
  C_917-C-34           CONDUIT     1.479     0  12:34      2.33    0.83    0.73
  C_918-C-34           CONDUIT     1.452     0  12:34      2.38    0.61    0.69
  C_919-C-34           CONDUIT     1.431     0  12:34      2.59    0.53    0.63
  C_920-C-34           CONDUIT     1.414     0  12:34      2.99    0.49    0.56
  C_921-C-34           CONDUIT     2.047     0  12:04      3.51   16.20    0.69
  C_922-C-34           CONDUIT     1.244     0  12:34      2.49    0.38    0.74
  C_923-C-34           CONDUIT     1.194     0  12:05      3.00    0.40    0.52
  C_924-C-34           CONDUIT     1.056     0  12:18      2.52    0.59    0.52
  C_925-C-34           CONDUIT     1.029     0  12:18      2.41    0.30    0.49
  C_926-C-34           CONDUIT     1.001     0  12:18      2.91    0.33    0.42
  C_927-C-34           CONDUIT     0.973     0  12:19      2.98    0.35    0.40
  C_928-C-34           CONDUIT     0.936     0  12:19      2.94    0.31    0.39
  C_929-C-34           CONDUIT     0.890     0  12:19      2.90    0.31    0.38
  C_930-C-34           CONDUIT     0.863     0  12:20      2.83    0.30    0.38
  C_931-C-34           CONDUIT     0.842     0  12:20      2.91    0.26    0.37
  C_932-C-34           CONDUIT     0.821     0  12:20      2.99    0.26    0.35
  C_933-C-34           CONDUIT     0.195     0  12:10      0.89    0.08    0.30
  C_934-C-34           CONDUIT     0.171     0  12:10      0.98    0.06    0.26
  C_935-C-34           CONDUIT     0.181     0  12:10      0.96    0.12    0.27
  C_936-C-34           CONDUIT     0.161     0  12:10      1.20    0.08    0.21
  C_937-C-34           CONDUIT     0.147     0  12:10      1.22    0.07    0.20
  C_938-C-34           CONDUIT     0.093     0  12:10      1.27    0.02    0.14
  C_939-C-34           CONDUIT     0.040     0  12:05      1.42    0.01    0.07
  C_940-C-34           CONDUIT     0.023     0  12:05      1.54    0.00    0.05
  C_941-C-34           CONDUIT     0.011     0  12:05      1.06    0.00    0.04
  C_942-C-34           CONDUIT     0.003     0  12:05      0.56    0.00    0.02
  C_943-C-34           CONDUIT     0.007     0  12:05      0.10    0.00    0.35
  C_944-C-2            CONDUIT     0.006     0  12:05      0.92    0.01    0.04
  C_945-C-2            CONDUIT     0.018     0  12:06      0.75    0.01    0.10
  C_946-C-2            CONDUIT     0.073     0  12:10      1.22    0.05    0.22
  C_947-C-2            CONDUIT     0.099     0  12:09      0.64    0.09    0.40
  C_948-C-2            CONDUIT     0.123     0  12:09      0.51    0.19    0.53
  C_949-C-2            CONDUIT     0.142     0  12:09      0.59    0.18    0.53
  C_950-C-2            CONDUIT     0.160     0  12:09      0.73    0.53    0.50
  C_951-C-2            CONDUIT     0.184     0  12:10      0.83    0.42    0.50
  C_952-C-2            CONDUIT     0.212     0  12:10      0.89    0.37    0.53
  C_953-C-2            CONDUIT     0.235     0  12:11      0.97    3.38    0.54
  C_954-C-2            CONDUIT     0.256     0  12:10      1.11    0.80    0.52
  C_955-C-2            CONDUIT     0.284     0  12:11      1.20    0.40    0.53
  C_956-C-2            CONDUIT     0.309     0  12:11      1.22    0.59    0.56
  C_957-C-2            CONDUIT     0.331     0  12:11      1.34    0.72    0.55
  C_958-C-2            CONDUIT     0.360     0  12:10      1.48    0.56    0.54
  C_959-C-2            CONDUIT     0.389     0  12:19      1.65    1.02    0.53
  C_960-C-2            CONDUIT     0.424     0  12:14      1.84    0.46    0.53
  C_961-C-2            CONDUIT     0.824     0  12:09      1.94    2.04    0.99
  C_962-C-2            CONDUIT     0.612     0  12:01      1.38    1.35    1.00
  C_963-C-2            CONDUIT     0.418     0  10:38      0.95    0.67    1.00
  C_964-C-2            CONDUIT     0.297     0  09:17      0.75   12.31    1.00
  C_965-C-2            CONDUIT     0.141     0  07:17      0.35    0.24    1.00
  C_966-C-2            CONDUIT     0.243     0  12:19      0.55    0.37    1.00
  C_967-C-2            CONDUIT     0.198     0  14:45      0.45    0.48    1.00
  C_968-C-2            CONDUIT     0.282     0  14:45      0.64    0.37    1.00
  C_969-C-2            CONDUIT     0.370     0  14:45      0.84    0.40    1.00
  C_970-C-2            CONDUIT     0.436     0  12:46      1.03    0.47    0.93
  C_971-C-2            CONDUIT     0.474     0  12:14      1.26    0.77    0.80
  C_972-C-2            CONDUIT     0.503     0  12:14      1.46    1.33    0.73
  C_973-C-2            CONDUIT     0.535     0  12:10      1.79    0.97    0.64
  C_974-C-2            CONDUIT     0.521     0  12:10      1.62    1.28    0.68
  C_975-C-2            CONDUIT     0.545     0  12:10      1.95    1.03    0.61
  C_976-C-2            CONDUIT     0.552     0  12:10      2.17    0.64    0.56
  C_977-C-2            CONDUIT     0.568     0  12:10      2.19    0.47    0.57
  C_978-C-2            CONDUIT     0.598     0  12:10      2.04    0.58    0.63
  C_979-C-2            CONDUIT     0.628     0  12:10      2.23    0.77    0.61
  C_980-C-2            CONDUIT     0.642     0  12:10      2.43    0.58    0.58
  C_981-C-2            CONDUIT     0.650     0  12:10      2.39    0.66    0.59
  C_982-C-2            CONDUIT     0.653     0  12:11      2.25    0.53    0.63
  C_983-C-2            CONDUIT     0.665     0  12:11      1.77    0.57    0.79
  C_984-C-94           CONDUIT     0.159     0  06:28      0.50    0.25    0.99
  C_985-C-94           CONDUIT     0.162     0  12:09      0.58    0.45    0.99
  C_986-C-94           CONDUIT     0.173     0  06:28      0.48    0.22    1.00
  C_987-C-94           CONDUIT     0.219     0  12:10      0.70    0.32    0.67
  C_988-C-2            CONDUIT     0.605     0  12:10      1.37    0.56    1.00
  C_989-C-2            CONDUIT     0.651     0  12:10      1.47    0.57    1.00
  C_990-C-2            CONDUIT     0.693     0  12:10      1.57    0.84    1.00
  C_991-C-2            CONDUIT     0.723     0  12:11      1.64    0.68    1.00
  C_992-C-2            CONDUIT     0.118     0  12:10      0.27    0.14    1.00
  C_993-C-2            CONDUIT     0.055     0  12:10      0.22    0.03    0.56
  C_994-C-108          CONDUIT     0.086     0  12:10      0.20    0.24    1.00
  C_995-C-108          CONDUIT     0.107     0  12:10      0.24    0.30    1.00
  C_996-C-108          CONDUIT     0.614     0  12:07      1.39    0.52    1.00
  C_997-C-108          CONDUIT     0.584     0  12:07      1.32    0.54    1.00
  C_998-C-108          CONDUIT     0.557     0  12:18      1.26    0.85    1.00
  C_999-C-108          CONDUIT     0.530     0  17:18      1.20    0.77    1.00
  C_1000-C-108         CONDUIT     0.512     0  17:47      1.16    0.57    1.00
  C_1001-C-108         CONDUIT     0.486     0  17:50      1.10    1.73    1.00
  C_1002-C-108         CONDUIT     0.828     0  16:40      1.87    1.00    1.00
  C_1003-C-108         CONDUIT     0.686     0  12:09      1.55    0.83    1.00
  C_1004-C-108         CONDUIT     0.650     0  17:17      1.47    1.05    1.00
  C_1005-C-108         CONDUIT     0.625     0  17:17      1.41    1.75    1.00
  C_1006-C-108         CONDUIT     1.110     0  12:20      2.51    0.99    1.00
  C_1007-C-108         CONDUIT     1.019     0  12:38      2.31    0.96    1.00
  C_1008-C-108         CONDUIT     0.882     0  11:46      2.00    1.17    1.00
  C_1009-C-108         CONDUIT     0.810     0  12:17      1.83    0.74    1.00
  C_1010-C-108         CONDUIT     0.757     0  12:16      1.71    0.83    1.00
  C_1011-C-108         CONDUIT     0.701     0  12:15      1.59    1.12    1.00
  C_1012-C-108         CONDUIT     0.625     0  12:16      1.41    0.73    1.00
  C_1013-C-108         CONDUIT     0.554     0  12:15      1.25    0.69    1.00
  C_1014-C-108         CONDUIT     0.499     0  12:16      1.23    0.49    1.00
  C_1015-C-108         CONDUIT     0.437     0  12:16      1.19    0.88    1.00
  C_1016-C-108         CONDUIT     0.372     0  12:17      1.18    0.33    1.00
  C_1017-C-108         CONDUIT     0.233     0  12:17      0.99    0.32    1.00
  C_1018-C-108         CONDUIT     0.302     0  12:17      1.19    0.53    1.00
  C_1019-C-108         CONDUIT     0.168     0  12:22      0.99    0.17    1.00
  C_1020-C-108         CONDUIT     0.101     0  12:24      0.94    0.13    1.00
  C_1021-C-108         CONDUIT     0.039     0  18:30      0.58    0.08    0.98
  C_1022-C-108         CONDUIT     0.062     0  08:42      0.45    0.12    0.96
  C_1023-C-108         CONDUIT     0.103     0  11:47      0.78    0.20    0.96
  C_1024-C-108         CONDUIT     0.164     0  11:47      0.91    0.21    0.98
  C_1025-C-108         CONDUIT     0.234     0  12:05      1.11    0.73    1.00
  C_1026-C-90          CONDUIT     0.591     0  12:16      1.49    0.54    1.00
  C_1027-C-90          CONDUIT     0.659     0  12:15      1.49    0.69    1.00
  C_1028-C-90          CONDUIT     0.721     0  12:17      1.63    1.20    1.00
  C_1029-C-90          CONDUIT     0.816     0  12:16      1.85    0.93    1.00
  C_1030-C-90          CONDUIT     0.964     0  12:16      2.18    0.94    1.00
  C_1031-C-90          CONDUIT     0.862     0  14:54      1.95    2.50    1.00
  C_1032-C-90          CONDUIT     0.910     0  14:55      2.06    1.07    1.00
  C_1033-C-90          CONDUIT     0.970     0  12:19      2.19    0.92    1.00
  C_1034-C-90          CONDUIT     1.035     0  12:19      2.34    0.82    1.00
  C_1035-C-90          CONDUIT     1.042     0  12:55      2.36    1.00    1.00
  C_1036-C-90          CONDUIT     0.902     0  14:44      2.04    1.00    1.00
  C_1037-C-90          CONDUIT     0.894     0  17:02      2.02    1.19    1.00
  C_1038-C-90          CONDUIT     0.929     0  16:58      2.10    0.98    1.00
  C_1039-C-90          CONDUIT     0.972     0  12:12      2.20    1.06    1.00
  C_1040-C-90          CONDUIT     1.037     0  12:12      2.35    0.92    1.00
  C_1041-C-90          CONDUIT     0.812     0  18:04      1.93    1.30    1.00
  C_1042-C-90          CONDUIT     0.837     0  18:04      1.97    0.94    1.00
  C_1043-C-90          CONDUIT     0.867     0  12:06      1.99    1.00    1.00
  C_1044-C-90          CONDUIT     0.933     0  12:10      2.11    0.99    1.00
  C_1045-C-90          CONDUIT     0.932     0  11:29      2.11    1.00    1.00
  C_1046-C-90          CONDUIT     0.938     0  11:49      2.12    1.00    1.00
  C_1047-C-90          CONDUIT     0.921     0  10:33      2.08    1.00    1.00
  C_1048-C-90          CONDUIT     0.909     0  18:26      2.06    1.11    1.00
  C_1049-C-90          CONDUIT     0.957     0  12:16      2.16    0.92    1.00
  C_1050-C-90          CONDUIT     0.833     0  18:57      2.04    1.70    1.00
  C_1051-C-90          CONDUIT     0.859     0  12:14      1.99    0.82    1.00
  C_1052-C-90          CONDUIT     0.897     0  13:28      2.03    1.00    1.00
  C_1053-C-90          CONDUIT     0.808     0  19:22      1.88    1.06    1.00
  C_1054-C-90          CONDUIT     0.827     0  06:57      1.89    1.04    1.00
  C_1055-C-90          CONDUIT     0.882     0  12:16      2.00    0.97    1.00
  C_1056-C-90          CONDUIT     0.820     0  19:10      1.86    1.14    1.00
  C_1057-C-90          CONDUIT     0.840     0  14:03      1.90    1.40    1.00
  C_1058-C-90          CONDUIT     0.886     0  12:32      2.01    0.78    1.00
  C_1059-C-90          CONDUIT     0.841     0  19:46      1.90    1.33    1.00
  C_1060-C-90          CONDUIT     0.860     0  19:46      1.95    1.36    1.00
  C_1061-C-90          CONDUIT     0.873     0  19:46      1.98    1.04    1.00
  C_1062-C-90          CONDUIT     0.888     0  19:46      2.01    1.13    1.00
  C_1063-C-90          CONDUIT     0.905     0  19:46      2.05    1.08    1.00
  C_1064-C-90          CONDUIT     0.919     0  19:46      2.08    1.85    1.00
  C_1065-C-90          CONDUIT     0.936     0  19:46      2.32    1.14    1.00
  C_1066-C-90          CONDUIT     0.956     0  19:46      2.32    0.93    1.00
  C_1067-C-90          CONDUIT     0.981     0  19:46      2.32    1.08    1.00
  C_1068-C-90          CONDUIT     1.007     0  18:03      2.42    1.02    1.00
  C_1069-C-90          CONDUIT     1.069     0  12:14      2.43    0.95    1.00
  C_1070-C-90          CONDUIT     1.116     0  12:41      2.53    1.06    1.00
  C_1071-C-90          CONDUIT     1.164     0  12:41      2.63    0.95    1.00
  C_1072-C-90          CONDUIT     1.210     0  12:23      2.74    1.08    1.00
  C_1073-C-90          CONDUIT     1.257     0  12:12      2.85    0.93    1.00
  C_1074-C-90          CONDUIT     1.195     0  16:27      2.70    1.21    1.00
  C_1075-C-90          CONDUIT     1.228     0  16:27      2.78    1.00    1.00
  C_1076-C-90          CONDUIT     1.264     0  12:09      2.86    0.97    1.00
  C_1077-C-90          CONDUIT     1.312     0  12:13      2.97    0.90    1.00
  C_1078-C-90          CONDUIT     1.092     0  20:00      2.47    1.41    1.00
  C_1079-C-90          CONDUIT     1.125     0  12:13      2.55    0.88    1.00
  C_1080-C-112         CONDUIT     0.603     0  12:15      2.13    0.91    1.00
  C_1081-C-112         CONDUIT     0.451     0  22:42      1.70    1.36    1.00
  C_1082-C-112         CONDUIT     0.457     0  22:37      1.77    0.95    1.00
  C_1083-C-112         CONDUIT     0.472     0  11:13      1.76    1.00    1.00
  C_1084-C-112         CONDUIT     0.495     0  10:54      1.75    1.00    1.00
  C_1085-C-112         CONDUIT     0.503     0  12:45      1.78    1.00    1.00
  C_1086-C-112         CONDUIT     0.448     0  22:49      1.66    1.12    1.00
  C_1087-C-112         CONDUIT     0.452     0  22:49      1.69    1.05    1.00
  C_1088-C-112         CONDUIT     0.465     0  09:01      1.73    1.07    1.00
  C_1089-C-112         CONDUIT     0.520     0  12:14      1.84    0.95    1.00
  C_1090-C-112         CONDUIT     0.441     0  22:56      1.57    1.02    1.00
  C_1091-C-112         CONDUIT     0.449     0  06:46      1.59    1.00    1.00
  C_1092-C-112         CONDUIT     0.416     0  23:06      1.51    2.34    1.00
  C_1093-C-112         CONDUIT     0.421     0  23:05      1.71    1.23    1.00
  C_1094-C-112         CONDUIT     0.445     0  12:15      1.78    0.83    1.00
  C_1095-C-112         CONDUIT     0.485     0  12:15      1.72    0.89    1.00
  C_1096-C-112         CONDUIT     0.431     0  23:05      1.66    1.52    1.00
  C_1097-C-112         CONDUIT     0.436     0  23:06      1.71    0.89    1.00
  C_1098-C-112         CONDUIT     0.445     0  18:34      1.77    1.32    1.00
  C_1099-C-112         CONDUIT     0.473     0  12:12      1.78    0.87    1.00
  C_1100-C-112         CONDUIT     0.466     0  11:33      1.73    1.00    1.00
  C_1101-C-112         CONDUIT     0.470     0  14:46      1.70    1.00    1.00
  C_1102-C-112         CONDUIT     0.475     0  12:26      1.68    1.00    1.00
  C_1103-C-112         CONDUIT     0.446     0  23:06      1.69    1.18    1.00
  C_1104-C-112         CONDUIT     0.477     0  12:14      1.71    0.89    1.00
  C_1105-C-112         CONDUIT     0.483     0  11:00      1.71    1.00    1.00
  C_1106-C-112         CONDUIT     0.437     0  23:13      1.65    1.20    1.00
  C_1107-C-112         CONDUIT     0.470     0  12:15      1.66    0.88    1.00
  C_1108-C-112         CONDUIT     0.450     0  20:03      1.59    1.15    1.00
  C_1109-C-112         CONDUIT     0.472     0  12:15      1.67    0.91    1.00
  C_1110-C-112         CONDUIT     0.411     0  23:21      1.47    1.08    1.00
  C_1111-C-112         CONDUIT     0.428     0  12:50      1.51    1.00    1.00
  C_1112-C-112         CONDUIT     0.405     0  10:54      1.43    1.00    1.00
  C_1113-C-112         CONDUIT     0.458     0  23:54      1.70    1.71    1.00
  C_1114-C-112         CONDUIT     0.459     0  10:43      1.98    1.61    1.00
  C_1115-C-112         CONDUIT     0.534     0  12:36      1.89    0.72    1.00
  C_1116-C-112         CONDUIT     0.424     0  23:59      1.55    1.05    1.00
  C_1117-C-112         CONDUIT     0.427     0  23:58      1.61    1.55    1.00
  C_1118-C-112         CONDUIT     0.428     0  23:59      1.65    0.90    1.00
  C_1119-C-112         CONDUIT     0.429     0  02:33      1.60    1.04    1.00
  C_1120-C-112         CONDUIT     0.433     0  02:53      1.59    1.07    1.00
  C_1121-C-112         CONDUIT     0.454     0  07:10      1.61    1.19    1.00
  C_1122-C-112         CONDUIT     0.543     0  13:11      1.92    0.94    1.00
  C_1123-C-112         CONDUIT     0.427     0  23:59      1.51    1.06    1.00
  C_1124-C-112         CONDUIT     0.429     0  23:59      1.52    1.41    1.00
  C_1125-C-112         CONDUIT     0.431     0  23:59      1.52    1.26    1.00
  C_1126-C-112         CONDUIT     0.433     0  23:59      1.53    1.09    1.00
  C_1127-C-112         CONDUIT     0.434     0  23:59      1.54    1.25    1.00
  C_1128-C-112         CONDUIT     0.435     0  23:59      1.54    2.35    1.00
  C_1129-C-112         CONDUIT     0.436     0  23:58      1.54    1.11    1.00
  C_1130-C-112         CONDUIT     0.438     0  23:57      1.55    2.18    1.00
  C_1131-C-112         CONDUIT     0.438     0  23:59      1.55   12.97    1.00
  C_1132-C-112         CONDUIT     0.441     0  13:07      1.56    0.67    1.00
  C_1133-C-112         CONDUIT     0.443     0  21:59      1.57    1.24    1.00
  C_1134-C-112         CONDUIT     0.450     0  20:13      1.59    1.36    1.00
  C_1135-C-112         CONDUIT     0.441     0  23:59      1.56    1.21    1.00
  C_1136-C-112         CONDUIT     0.461     0  04:18      1.63   12.88    1.00
  C_1137-C-112         CONDUIT     0.471     0  04:26      1.67    1.39    1.00
  C_1138-C-112         CONDUIT     0.484     0  19:20      1.71   14.53    1.00
  C_1139-C-112         CONDUIT     0.499     0  05:51      1.76    0.93    1.00
  C_1140-C-112         CONDUIT     0.522     0  09:52      1.84   16.37    1.00
  C_1141-C-112         CONDUIT     0.559     0  13:01      1.98   16.42    1.00
  C_1142-C-112         CONDUIT     0.596     0  13:05      2.11    1.11    1.00
  C_1143-C-112         CONDUIT     0.633     0  13:06      2.24    2.39    1.00
  C_1144-C-112         CONDUIT     0.697     0  13:06      2.52   20.00    0.94
  C_1145-C-140         CONDUIT     0.869     0  13:05      3.10    1.79    0.97
  C_1146-C-140         CONDUIT     0.803     0  13:05      2.84   25.30    1.00
  C_1147-C-140         CONDUIT     0.762     0  11:55      2.70   22.07    1.00
  C_1148-C-140         CONDUIT     0.728     0  09:23      2.57    1.51    1.00
  C_1149-C-140         CONDUIT     0.695     0  08:55      2.46    1.14    1.00
  C_1150-C-140         CONDUIT     0.664     0  16:58      2.35    1.06    1.00
  C_1151-C-140         CONDUIT     0.641     0  16:58      2.27    1.10    1.00
  C_1152-C-140         CONDUIT     0.657     0  11:22      2.33    1.00    1.00
  C_1153-C-140         CONDUIT     0.759     0  11:22      2.68    1.00    1.00
  C_1154-C-140         CONDUIT     0.865     0  13:21      3.06    1.00    1.00
  C_1155-C-140         CONDUIT     0.882     0  12:04      3.12    1.00    1.00
  C_1156-C-140         CONDUIT     0.910     0  12:19      3.22    0.97    1.00
  C_1157-C-140         CONDUIT     0.842     0  12:17      3.14    0.83    1.00
  C_1158-C-140         CONDUIT     0.760     0  12:16      3.42    0.68    1.00
  C_1159-C-140         CONDUIT     0.705     0  12:16      3.94    0.57    0.76
  C_1160-C-140         CONDUIT     0.726     0  12:17      3.61    0.68    0.94
  C_1161-C-140         CONDUIT     0.675     0  12:16      4.15    0.56    0.59
  C_1162-C-140         CONDUIT     0.633     0  12:16      4.30    0.49    0.52
  C_1163-C-140         CONDUIT     0.610     0  12:20      4.57    0.44    0.48
  C_1164-C-140         CONDUIT     0.585     0  12:20      4.61    0.43    0.46
  C_1165-C-91          CONDUIT     0.474     0  12:20      4.30    0.35    0.41
  C_1166-C-91          CONDUIT     0.417     0  12:20      3.98    0.31    0.40
  C_1167-C-91          CONDUIT     1.092     0  12:20      5.09    0.80    0.71
  C_1168-C-91          CONDUIT     1.034     0  12:20      5.11    0.79    0.67
  C_1169-C-91          CONDUIT     0.974     0  12:20      5.05    0.71    0.65
  C_1170-C-91          CONDUIT     0.913     0  12:20      5.02    0.68    0.61
  C_1171-C-91          CONDUIT     0.817     0  12:20      4.75    0.61    0.59
  C_1172-C-91          CONDUIT     0.739     0  12:20      4.67    0.55    0.55
  C_1173-C-91          CONDUIT     0.684     0  12:20      4.71    0.49    0.51
  C_1174-C-91          CONDUIT     0.606     0  12:20      4.56    0.43    0.48
  C_1175-C-91          CONDUIT     0.533     0  12:20      4.46    0.37    0.44
  C_1176-C-91          CONDUIT     0.399     0  12:20      3.88    0.28    0.39
  C_1177-C-91          CONDUIT     0.229     0  12:20      2.87    0.18    0.33
  C_1178-C-91          CONDUIT     0.083     0  12:20      1.50    0.10    0.25
  C_1179-C-91          CONDUIT     0.063     0  12:20      1.02    0.10    0.27
  C_1180-C-91          CONDUIT     0.271     0  12:25      2.85    0.22    0.37
  C_1181-C-91          CONDUIT     0.506     0  12:25      3.88    0.36    0.47
  C_1182-C-91          CONDUIT     0.727     0  12:25      4.32    0.54    0.58
  C_1183-C-91          CONDUIT     0.972     0  12:29      4.75    0.69    0.82
  C_1184-C-91          CONDUIT     1.161     0  12:29      4.59    0.87    1.00
  C_1185-C-91          CONDUIT     1.387     0  13:23      4.93    1.00    1.00
  C_1186-C-91          CONDUIT     1.378     0  14:44      5.15    1.00    1.00
  C_1187-C-91          CONDUIT     1.412     0  10:25      4.99    1.00    1.00
  C_1188-C-91          CONDUIT     1.348     0  14:44      4.80    1.00    1.00
  C_1189-C-91          CONDUIT     1.166     0  08:28      4.12    1.00    1.00
  C_1190-C-91          CONDUIT     1.145     0  09:52      4.05    1.00    1.00
  C_1191-C-91          CONDUIT     1.049     0  06:46      3.71    1.00    1.00
  C_1192-C-91          CONDUIT     0.920     0  12:23      3.25    1.00    1.00
  C_1193-C-91          CONDUIT     0.897     0  10:51      3.17    1.00    1.00
  C_1194-C-91          CONDUIT     0.741     0  03:13      2.62    1.46    1.00
  C_1195-C-91          CONDUIT     0.931     0  12:50      3.77    1.48    0.82
  C_1196-C-91          CONDUIT     1.205     0  12:50      6.23    0.75    0.65
  C_1197-C-29          CONDUIT     1.586     0  09:20      2.55    3.79    1.00
  C_1198-C-29          CONDUIT     1.580     0  09:20      2.48    1.25    1.00
  C_1199-C-29          CONDUIT     1.577     0  09:20      2.48    0.75    1.00
  C_1200-C-29          CONDUIT     1.571     0  09:20      2.47    1.03    1.00
  C_1201-C-29          CONDUIT     1.563     0  09:20      2.46    1.14    1.00
  C_1202-C-29          CONDUIT     1.556     0  09:20      2.45    0.95    1.00
  C_1203-C-29          CONDUIT     1.538     0  16:08      2.44    1.06    1.00
  C_1204-C-29          CONDUIT     1.517     0  16:08      2.43    1.11    1.00
  C_1205-C-29          CONDUIT     1.506     0  16:08      2.41    1.06    1.00
  C_1206-C-29          CONDUIT     1.494     0  16:08      2.37    1.27    1.00
  C_1207-C-29          CONDUIT     1.479     0  16:08      2.33    1.06    1.00
  C_1208-C-29          CONDUIT     1.543     0  12:09      2.43    0.92    1.00
  C_1209-C-29          CONDUIT     1.512     0  15:43      2.48    1.16    1.00
  C_1210-C-29          CONDUIT     1.841     0  12:10      2.89    0.91    1.00
  C_1211-C-29          CONDUIT     1.799     0  12:22      2.87    0.98    1.00
  C_1212-C-29          CONDUIT     1.754     0  13:58      2.76    1.13    1.00
  C_1213-C-29          CONDUIT     1.876     0  12:02      2.95    1.00    1.00
  C_1214-C-29          CONDUIT     1.395     0  12:15      3.83    0.50    0.56
  C_1215-C-29          CONDUIT     1.305     0  12:15      4.25    0.44    0.49
  C_1216-C-29          CONDUIT     0.877     0  12:01      4.40    0.21    0.35
  C_1217-C-29          CONDUIT     0.832     0  12:01      4.84    0.22    0.32
  C_1218-C-29          CONDUIT     0.787     0  12:01      4.47    0.22    0.32
  C_1219-C-29          CONDUIT     0.747     0  12:01      4.32    0.21    0.32
  C_1220-C-29          CONDUIT     0.720     0  12:24      4.28    0.20    0.31
  C_1221-C-29          CONDUIT     0.714     0  12:25      4.23    0.21    0.32
  C_1222-C-29          CONDUIT     0.844     0  12:21      2.99    1.35    0.46
  C_1223-C-29          CONDUIT     0.611     0  12:24      2.14    0.20    0.48
  C_1224-C-29          CONDUIT     0.578     0  12:15      3.04    0.25    0.34
  C_1225-C-29          CONDUIT     0.552     0  12:15      2.74    0.29    0.35
  C_1226-C-29          CONDUIT     0.523     0  12:15      1.81    0.33    0.46
  C_1227-C-29          CONDUIT     0.453     0  12:15      1.43    0.37    0.50
  C_1228-C-29          CONDUIT     0.393     0  12:15      1.30    0.32    0.48
  C_1229-C-29          CONDUIT     0.288     0  12:16      0.95    0.37    0.48
  C_1230-C-29          CONDUIT     0.184     0  12:16      0.82    0.13    0.38
  C_1231-C-29          CONDUIT     0.147     0  12:18      0.82    0.27    0.33
  C_1232-C-30          CONDUIT     0.139     0  12:20      0.73    0.11    0.34
  C_1233-C-30          CONDUIT     0.103     0  12:20      0.71    0.06    0.28
  C_1234-C-30          CONDUIT     0.064     0  12:30      0.75    0.75    0.19
  C_1235-C-30          CONDUIT     0.256     0  12:25      0.90    0.10    0.46
  C_1236-C-100         CONDUIT     0.619     0  12:21      2.36    0.39    0.43
  C_1237-C-30          CONDUIT     0.537     0  12:25      1.29    0.62    0.62
  C_1238-C-30          CONDUIT     0.496     0  12:26      0.99    0.32    0.74
  C_1239-C-100         CONDUIT     0.578     0  12:22      2.16    1.04    0.44
  C_1240-C-100         CONDUIT     0.601     0  12:21      2.43    0.31    0.41
  C_1241-C-124         CONDUIT     0.091     0  12:15      0.86    0.04    0.22
  C_1242-C-124         CONDUIT     0.001     0  11:29      0.07    0.00    0.13
  C_1243-C-124         CONDUIT     0.049     0  12:15      0.85    0.03    0.15
  C_1244-C-124         CONDUIT     0.085     0  12:14      1.07    0.06    0.24
  C_1245-C-124         CONDUIT     0.202     0  12:13      1.07    0.11    0.34
  C_1246-C-124         CONDUIT     0.201     0  12:12      1.02    0.12    0.45
  C_1247-C-124         CONDUIT     0.275     0  12:12      1.28    0.14    0.44
  C_1248-C-124         CONDUIT     0.321     0  12:12      0.94    0.18    0.59
  C_1249-C-124         CONDUIT     0.284     0  12:17      0.50    0.18    0.85
  C_1250-C-124         CONDUIT     0.350     0  12:13      0.55    0.29    1.00
  C_1251-C-124         CONDUIT     0.399     0  12:19      0.64    0.44    0.96
  C_1252-C-124         CONDUIT     0.425     0  12:10      0.68    0.80    0.94
  C_1253-C-124         CONDUIT     0.446     0  12:10      0.71    0.64    0.96
  C_1254-C-124         CONDUIT     0.437     0  12:15      0.71    0.25    0.93
  C_1255-C-124         CONDUIT     0.465     0  12:15      0.98    0.30    0.71
  C_1256-C-124         CONDUIT     0.538     0  12:15      1.89    0.72    0.46
  C_1257-C-124         CONDUIT     0.668     0  12:16      1.42    0.29    0.69
  C_1258-C-124         CONDUIT     0.773     0  12:16      1.22    0.54    1.00
  C_1259-C-95          CONDUIT     0.469     0  10:58      1.66    1.00    1.00
  C_1260-C-85          CONDUIT     0.565     0  23:20      1.00    7.22    1.00
  C_1261-C-85          CONDUIT     1.634     0  11:01      2.57    1.00    1.00
  C_1262-C-85          CONDUIT     1.815     0  12:06      2.85    0.87    1.00
  C_1263-C-85          CONDUIT     1.796     0  12:46      2.82    1.02    1.00
  C_1264-C-85          CONDUIT     1.778     0  16:50      2.79    1.17    1.00
  C_1265-C-85          CONDUIT     2.025     0  12:13      3.18    0.94    1.00
  C_1266-C-85          CONDUIT     1.970     0  16:05      3.10    1.01    1.00
  C_1267-C-85          CONDUIT     2.198     0  13:48      3.46    1.00    1.00
  C_1268-C-85          CONDUIT     2.090     0  14:46      3.41    1.00    1.00
  C_1269-C-85          CONDUIT     2.066     0  13:21      3.34    1.00    1.00
  C_1270-C-85          CONDUIT     1.874     0  12:31      3.24    0.82    0.86
  C_1271-C-85          CONDUIT     1.409     0  12:30      3.36    0.55    0.63
  C_1272-C-85          CONDUIT     1.224     0  12:35      3.65    0.51    0.52
  C_1273-C-85          CONDUIT     1.153     0  12:35      3.56    0.48    0.51
  C_1274-C-85          CONDUIT     1.070     0  12:35      3.60    0.41    0.47
  C_1275-C-102         CONDUIT     2.895     0  12:15      5.40    0.46    0.48
  C_1276-C-102         CONDUIT     2.702     0  12:10      4.27    0.69    0.55
  C_1277-C-102         CONDUIT     2.619     0  13:25      3.55    0.72    0.62
  C_1278-C-35          CONDUIT     2.597     0  13:24      3.19    0.94    0.68
  C_1279-C-35          CONDUIT     2.581     0  13:25      2.57    3.64    0.84
  C_1280-C-35          CONDUIT     2.578     0  11:24      2.38    9.85    0.92
  C_1281-C-35          CONDUIT     2.579     0  11:24      2.31    1.69    0.97
  C_1282-C-35          CONDUIT     2.785     0  12:13      2.47    0.95    1.00
  C_1283-C-35          CONDUIT     2.772     0  12:13      2.49    0.77    0.95
  C_1284-C-35          CONDUIT     2.759     0  12:13      2.55    0.88    0.91
  C_1285-C-35          CONDUIT     2.748     0  12:13      2.63    0.76    0.87
  C_1286-C-35          CONDUIT     2.730     0  12:13      2.73    0.86    0.83
  C_1287-C-35          CONDUIT     2.703     0  12:15      2.96    0.62    0.75
  C_1288-C-35          CONDUIT     2.672     0  12:15      3.22    0.82    0.69
  C_1289-C-35          CONDUIT     2.651     0  12:15      3.24    0.71    0.68
  C_1290-C-35          CONDUIT     2.627     0  12:15      3.35    0.66    0.65
  C_1291-C-35          CONDUIT     2.605     0  12:15      3.16    1.69    0.68
  C_1292-C-35          CONDUIT     2.552     0  12:15      3.14    0.62    0.68
  C_1293-C-35          CONDUIT     2.500     0  12:15      3.09    0.88    0.68
  C_1294-C-35          CONDUIT     2.474     0  12:14      2.83    1.01    0.73
  C_1295-C-35          CONDUIT     2.455     0  12:14      2.74    1.14    0.74
  C_1296-C-35          CONDUIT     2.440     0  12:14      2.72    0.85    0.75
  C_1297-C-35          CONDUIT     2.415     0  12:14      2.71    0.78    0.74
  C_1298-C-35          CONDUIT     2.391     0  12:14      2.73    0.82    0.73
  C_1299-C-35          CONDUIT     2.354     0  12:14      2.79    0.68    0.70
  C_1300-C-35          CONDUIT     2.311     0  12:14      2.93    0.61    0.66
  C_1301-C-35          CONDUIT     2.284     0  12:14      3.14    0.50    0.61
  C_1302-C-35          CONDUIT     2.252     0  12:16      3.35    0.57    0.58
  C_1303-C-35          CONDUIT     2.222     0  12:16      3.44    0.53    0.56
  C_1304-C-35          CONDUIT     2.195     0  12:16      3.07    0.78    0.60
  C_1305-C-35          CONDUIT     2.163     0  12:16      2.88    0.50    0.63
  C_1306-C-35          CONDUIT     2.136     0  12:16      3.17    0.45    0.58
  C_1307-C-35          CONDUIT     2.108     0  12:16      3.45    0.45    0.53
  C_1308-C-35          CONDUIT     2.071     0  12:15      3.67    0.45    0.50
  C_1309-C-35          CONDUIT     2.040     0  12:15      3.99    0.34    0.46
  C_1310-C-35          CONDUIT     2.011     0  12:15      4.34    0.36    0.43
  C_1311-C-35          CONDUIT     1.972     0  12:15      4.51    0.33    0.41
  C_1312-C-35          CONDUIT     1.942     0  12:15      4.81    0.28    0.39
  C_1313-C-35          CONDUIT     1.889     0  12:15      5.29    0.24    0.35
  C_1314-C-35          CONDUIT     1.833     0  12:15      5.60    0.23    0.33
  C_1315-C-35          CONDUIT     1.801     0  12:15      5.73    0.21    0.32
  C_1316-C-35          CONDUIT     1.766     0  12:15      5.71    0.22    0.32
  C_1317-C-35          CONDUIT     1.742     0  12:16      5.77    0.20    0.31
  C_1318-C-35          CONDUIT     1.723     0  12:16      5.83    0.21    0.31
  C_1319-C-35          CONDUIT     1.689     0  12:16      5.63    0.21    0.31
  C_1320-C-35          CONDUIT     1.630     0  12:16      5.39    0.22    0.31
  C_1321-C-35          CONDUIT     1.571     0  12:16      3.53    0.57    0.42
  C_1322-C-35          CONDUIT     1.529     0  12:16      2.45    1.27    0.54
  C_1323-C-35          CONDUIT     1.488     0  12:16      1.98    0.49    0.63
  C_1324-C-35          CONDUIT     1.447     0  12:16      1.76    0.56    0.68
  C_1325-C-42          CONDUIT     1.347     0  12:16      2.16    2.91    0.95
  C_1326-C-42          CONDUIT     1.248     0  12:16      1.99    0.79    0.96
  C_1327-C-42          CONDUIT     0.888     0  12:15      1.90    0.42    0.69
  C_1328-C-42          CONDUIT     0.616     0  12:15      2.51    0.26    0.41
  C_1329-C-42          CONDUIT     0.554     0  12:15      2.65    0.28    0.36
  C_1330-C-42          CONDUIT     0.509     0  12:15      2.51    0.26    0.36
  C_1331-C-42          CONDUIT     0.486     0  12:15      2.46    0.26    0.35
  C_1332-C-42          CONDUIT     0.394     0  12:15      2.05    0.24    0.34
  C_1333-C-42          CONDUIT     0.265     0  12:15      1.40    0.27    0.34
  C_1334-C-42          CONDUIT     0.200     0  12:15      0.94    0.42    0.37
  C_1335-C-42          CONDUIT     0.151     0  12:19      0.71    0.11    0.37
  C_1336-C-42          CONDUIT     0.183     0  12:50      1.68    0.35    0.24
  C_1337-C-42          CONDUIT     0.105     0  12:50      0.70    0.12    0.30
  C_1338-C-42          CONDUIT     0.121     0  14:24      0.67    0.10    0.52
  C_1339-C-42          CONDUIT     0.643     0  14:07      1.65    0.28    0.83
  C_1340-C-42          CONDUIT     0.567     0  07:55      1.04    0.26    1.00
  C_1341-C-42          CONDUIT     0.713     0  07:06      1.14    0.57    1.00
  C_1342-C-42          CONDUIT     0.666     0  12:20      1.05    0.74    1.00
  C_1343-C-42          CONDUIT     0.759     0  12:20      1.19    0.77    1.00
  C_1344-C-42          CONDUIT     0.790     0  12:16      1.24    1.21    1.00
  C_1345-C-42          CONDUIT     0.838     0  12:16      1.32    0.57    1.00
  C_1346-C-42          CONDUIT     0.836     0  12:17      1.31    0.99    1.00
  C_1347-C-42          CONDUIT     0.789     0  13:32      1.24    5.61    1.00
  C_1348-C-42          CONDUIT     0.816     0  13:31      1.28    7.24    1.00
  C_1349-C-42          CONDUIT     0.920     0  12:10      1.45    0.90    1.00
  C_1350-C-89          CONDUIT     0.124     0  23:18      0.44    0.99    1.00
  C_1351-C-89          CONDUIT     0.131     0  23:11      0.46    4.74    1.00
  C_1352-C-89          CONDUIT     0.422     0  12:20      1.49    0.94    1.00
  C_1353-C-89          CONDUIT     0.278     0  11:01      0.98    1.07    1.00
  C_1354-C-89          CONDUIT     0.242     0  12:17      0.86    0.56    1.00
  C_1355-C-89          CONDUIT     0.212     0  12:17      0.75    0.34    1.00
  C_1356-C-89          CONDUIT     0.185     0  12:19      0.66    4.25    1.00
  C_1357-C-89          CONDUIT     0.177     0  02:28      0.63    0.82    1.00
  C_1358-C-89          CONDUIT     0.190     0  02:28      0.67    1.18    1.00
  C_1359-C-89          CONDUIT     0.207     0  03:29      0.73    1.76    1.00
  C_1360-C-89          CONDUIT     0.311     0  11:02      1.10    0.55    1.00
  C_1361-C-89          CONDUIT     0.454     0  12:17      1.61    0.91    1.00
  C_1362-C-89          CONDUIT     0.329     0  10:31      1.16    1.00    1.00
  C_1363-C-89          CONDUIT     0.224     0  16:04      0.79    1.00    1.00
  C_1364-C-89          CONDUIT     0.145     0  23:54      0.51    5.00    1.00
  C_1365-C-89          CONDUIT     0.147     0  23:54      0.52    3.82    1.00
  C_1366-C-89          CONDUIT     0.431     0  12:15      1.52    0.94    1.00
  C_1367-C-89          CONDUIT     0.290     0  12:15      1.02    0.77    1.00
  C_1368-C-89          CONDUIT     0.169     0  12:15      0.60    0.45    1.00
  C_1369-C-89          CONDUIT     0.168     0  02:15      0.63    0.41    1.00
  C_1370-C-89          CONDUIT     0.181     0  21:55      0.83    0.79    1.00
  C_1371-C-89          CONDUIT     0.198     0  21:06      1.13    1.07    1.00
  C_1372-C-89          CONDUIT     0.246     0  12:19      1.63    0.65    1.00
  C_1373-C-89          CONDUIT     0.320     0  23:59      1.83    0.43    1.00
  C_1374-C-89          CONDUIT     0.365     0  12:15      1.65    0.58    1.00
  C_1375-C-89          CONDUIT     0.446     0  12:15      1.58    0.81    1.00
  C_1376-C-89          CONDUIT     0.491     0  13:11      1.74    1.00    1.00
  C_1377-C-89          CONDUIT     0.422     0  14:31      1.49    1.00    1.00
  C_1378-C-89          CONDUIT     0.426     0  16:31      1.51    1.39    1.00
  C_1379-C-141         CONDUIT     0.223     0  12:10      0.79    0.55    1.00
  C_1380-C-141         CONDUIT     0.190     0  21:18      0.67    0.80    1.00
  C_1381-C-141         CONDUIT     0.183     0  21:23      0.65    0.43    1.00
  C_1382-C-141         CONDUIT     0.313     0  08:56      1.11    1.00    1.00
  C_1383-C-141         CONDUIT     0.534     0  11:58      1.89    1.00    1.00
  C_1384-C-141         CONDUIT     0.507     0  12:14      1.79    0.88    1.00
  C_1385-C-141         CONDUIT     0.457     0  17:08      1.62    1.17    1.00
  C_1386-C-141         CONDUIT     0.593     0  15:07      2.10    1.00    1.00
  C_1387-C-141         CONDUIT     0.844     0  11:56      2.99    1.00    1.00
  C_1388-C-141         CONDUIT     0.756     0  12:25      2.67    0.89    1.00
  C_1389-C-141         CONDUIT     0.500     0  12:21      2.13    0.53    0.77
  C_1390-C-141         CONDUIT     0.277     0  12:21      1.49    1.70    0.63
  C_1391-C-141         CONDUIT     0.165     0  12:21      0.93    0.30    0.82
  C_1392-C-141         CONDUIT     0.181     0  09:13      1.20    0.34    0.97
  C_1393-C-141         CONDUIT     0.173     0  08:51      1.36    0.27    1.00
  C_1394-C-141         CONDUIT     0.248     0  09:14      1.33    0.47    1.00
  C_1395-C-141         CONDUIT     0.299     0  09:17      1.37    0.78    1.00
  C_1396-C-141         CONDUIT     0.570     0  12:23      2.01    0.99    1.00
  C_1397-C-141         CONDUIT     0.640     0  17:17      2.26    2.73    1.00
  C_1398-C-141         CONDUIT     0.675     0  17:17      2.39    1.58    1.00
  C_1399-C-141         CONDUIT     0.730     0  12:15      2.58    1.74    1.00
  C_1400-C-141         CONDUIT     0.811     0  12:15      2.90    3.52    0.96
  C_1401-C-109         CONDUIT     0.753     0  12:23      2.71    1.62    0.95
  C_1402-C-109         CONDUIT     0.634     0  12:12      2.24    1.71    1.00
  C_1403-C-109         CONDUIT     0.569     0  16:52      2.01    3.40    1.00
  C_1404-C-109         CONDUIT     0.519     0  16:55      1.83    1.67    1.00
  C_1405-C-109         CONDUIT     0.486     0  19:44      1.72    1.48    1.00
  C_1406-C-109         CONDUIT     0.486     0  12:22      1.72    0.99    1.00
  C_1407-C-109         CONDUIT     0.437     0  04:13      1.63    0.95    1.00
  C_1408-C-109         CONDUIT     0.427     0  02:33      1.59    1.38    1.00
  C_1409-C-109         CONDUIT     0.421     0  23:10      1.51    1.01    1.00
  C_1410-C-109         CONDUIT     0.418     0  23:11      1.48    0.64    1.00
  C_1411-C-109         CONDUIT     0.432     0  12:26      1.53    0.90    1.00
  C_1412-C-109         CONDUIT     0.406     0  23:11      1.44    1.53    1.00
  C_1413-C-109         CONDUIT     0.401     0  23:12      1.42    1.16    1.00
  C_1414-C-109         CONDUIT     0.398     0  23:11      1.41    1.67    1.00
  C_1415-C-109         CONDUIT     0.395     0  23:11      1.40    1.17    1.00
  C_1416-C-109         CONDUIT     0.392     0  23:12      1.39    1.01    1.00
  C_1417-C-109         CONDUIT     0.389     0  23:11      1.38    1.34    1.00
  C_1418-C-109         CONDUIT     0.387     0  23:11      1.37    2.26    1.00
  C_1419-C-109         CONDUIT     0.444     0  22:43      1.57    1.18    1.00
  C_1420-C-109         CONDUIT     0.486     0  15:45      1.72    1.00    1.00
  C_1421-C-109         CONDUIT     0.686     0  10:22      2.43    1.00    1.00
  C_1422-C-109         CONDUIT     0.842     0  12:52      2.98    0.96    1.00
  C_1423-C-109         CONDUIT     0.724     0  12:52      2.73    0.99    1.00
  C_1424-C-139         CONDUIT     0.596     0  21:23      2.11    1.55    1.00
  C_1425-C-139         CONDUIT     0.633     0  21:23      2.25    1.26    1.00
  C_1426-C-108         CONDUIT     0.000     0  00:00      0.00    0.00    0.50
  C_1427-C-103         CONDUIT     0.270     0  12:26      2.45    0.07    0.18
  
  
  ***************************
  Flow Classification Summary
  ***************************
  
  -------------------------------------------------------------------------------------
                      Adjusted    ---------- Fraction of Time in Flow Class ---------- 
                       /Actual         Up    Down  Sub   Sup   Up    Down  Norm  Inlet 
  Conduit               Length    Dry  Dry   Dry   Crit  Crit  Crit  Crit  Ltd   Ctrl  
  -------------------------------------------------------------------------------------
  C_0-C-88                1.00   0.01  0.00  0.00  0.58  0.41  0.00  0.00  0.99  0.00
  C_1-C-139               1.00   0.01  0.00  0.00  0.60  0.39  0.00  0.00  0.37  0.00
  C_2-C-125               1.00   0.01  0.00  0.00  0.99  0.00  0.00  0.00  0.06  0.00
  C_3-C-109               1.00   0.01  0.00  0.00  0.99  0.00  0.00  0.00  0.07  0.00
  C_4-C-16                1.00   0.01  0.00  0.00  0.99  0.00  0.00  0.00  0.06  0.00
  C_5-C-97                1.00   0.01  0.00  0.00  0.99  0.00  0.00  0.00  0.99  0.00
  C_6-C-57                1.00   0.01  0.00  0.00  0.99  0.00  0.00  0.00  0.98  0.00
  C_7-C-12                1.00   0.01  0.00  0.00  0.99  0.00  0.00  0.00  0.99  0.00
  C_8-C-77                1.00   0.01  0.00  0.00  0.01  0.98  0.00  0.00  0.07  0.00
  C_9-C-128               1.00   0.01  0.00  0.00  0.99  0.00  0.00  0.00  0.99  0.00
  C_10-C-37               1.00   0.01  0.00  0.00  0.29  0.70  0.00  0.00  0.42  0.00
  C_11-C-32               1.00   0.01  0.00  0.00  0.98  0.00  0.00  0.00  0.04  0.00
  C_12-C-3                1.00   0.01  0.00  0.00  0.99  0.00  0.00  0.00  0.98  0.00
  C_13-C-83               1.00   0.01  0.00  0.00  0.99  0.00  0.00  0.00  0.05  0.00
  C_14-C-100              1.00   0.01  0.00  0.00  0.10  0.89  0.00  0.00  0.99  0.00
  C_15-C-129              1.00   0.01  0.00  0.00  0.99  0.00  0.00  0.00  0.68  0.00
  C_16-C-17               1.00   0.01  0.00  0.00  0.94  0.05  0.00  0.00  0.05  0.00
  C_17-C-121              1.00   0.01  0.00  0.00  0.99  0.00  0.00  0.00  0.00  0.00
  C_18-C-19               1.00   0.01  0.00  0.00  0.99  0.00  0.00  0.00  0.00  0.00
  C_19-C-37               1.00   0.01  0.00  0.00  0.99  0.00  0.00  0.00  0.49  0.00
  C_20-C-36               1.00   0.01  0.00  0.00  0.99  0.00  0.00  0.00  0.95  0.00
  C_21-C-101              1.00   0.01  0.00  0.00  0.01  0.99  0.00  0.00  0.11  0.00
  C_22-C-82               1.00   0.01  0.00  0.00  0.05  0.94  0.00  0.00  0.03  0.00
  C_23-C-57               1.00   0.01  0.00  0.00  0.99  0.00  0.00  0.00  0.99  0.00
  C_24-C-76               1.00   0.01  0.00  0.00  0.98  0.01  0.00  0.00  0.98  0.00
  C_25-C-32               1.00   0.01  0.00  0.00  0.63  0.36  0.00  0.00  0.03  0.00
  C_26-C-89               1.00   0.01  0.00  0.00  0.99  0.00  0.00  0.00  0.05  0.00
  C_27-C-141              1.00   0.01  0.00  0.00  0.99  0.00  0.00  0.00  0.03  0.00
  C_28-C-127              1.00   0.01  0.00  0.00  0.99  0.00  0.00  0.00  0.01  0.00
  C_29-C-122              1.00   0.01  0.00  0.00  0.00  0.99  0.00  0.00  0.31  0.00
  C_30-C-117              1.00   0.01  0.00  0.00  0.99  0.00  0.00  0.00  0.27  0.00
  C_31-C-32               1.00   0.01  0.00  0.00  0.93  0.06  0.00  0.00  0.33  0.00
  C_32-C-30               1.00   0.01  0.00  0.00  0.38  0.61  0.00  0.00  0.04  0.00
  C_33-C-29               1.00   0.01  0.00  0.00  0.99  0.00  0.00  0.00  0.99  0.00
  C_34-C-98               1.00   0.01  0.00  0.00  0.00  0.99  0.00  0.00  0.71  0.00
  C_35-C-32               1.00   0.01  0.00  0.00  0.01  0.98  0.00  0.00  0.02  0.00
  C_36-C-18               1.00   0.01  0.00  0.00  0.99  0.00  0.00  0.00  0.82  0.00
  C_37-C-123              1.00   0.01  0.00  0.00  0.55  0.45  0.00  0.00  0.00  0.00
  C_38-C-15               1.00   0.01  0.00  0.00  0.99  0.00  0.00  0.00  0.11  0.00
  C_39-C-42               1.00   0.01  0.00  0.00  0.99  0.00  0.00  0.00  0.02  0.00
  C_40-C-29               1.00   0.01  0.00  0.00  0.00  0.99  0.00  0.00  0.99  0.00
  C_41-C-56               1.00   0.01  0.00  0.00  0.99  0.00  0.00  0.00  0.13  0.00
  C_42-C-133              1.00   0.01  0.00  0.00  0.08  0.91  0.00  0.00  0.88  0.00
  C_43-C-111              1.00   0.01  0.00  0.00  0.99  0.00  0.00  0.00  0.99  0.00
  C_44-C-113              1.00   0.01  0.00  0.00  0.99  0.00  0.00  0.00  0.03  0.00
  C_45-C-29               1.00   0.01  0.00  0.00  0.03  0.96  0.00  0.00  0.95  0.00
  C_46-C-19               1.00   0.01  0.00  0.00  0.08  0.91  0.00  0.00  0.00  0.00
  C_47-C-5                1.00   0.01  0.00  0.00  0.99  0.00  0.00  0.00  0.45  0.00
  C_48-C-61               1.00   0.01  0.00  0.00  0.99  0.00  0.00  0.00  0.60  0.00
  C_49-C-134              1.00   0.01  0.00  0.00  0.01  0.98  0.00  0.00  0.01  0.00
  C_50-C-19_1             1.00   0.01  0.00  0.00  0.07  0.92  0.00  0.00  0.99  0.00
  C_51-C-119              1.00   0.01  0.00  0.00  0.34  0.65  0.00  0.00  0.61  0.00
  C_52-C-42               1.00   0.01  0.00  0.00  0.99  0.00  0.00  0.00  0.77  0.00
  C_53-C-5                1.00   0.01  0.00  0.00  0.84  0.15  0.00  0.00  0.81  0.00
  C_54-C-134              1.00   0.01  0.00  0.00  0.99  0.00  0.00  0.00  0.06  0.00
  C_55-C-24               1.00   0.01  0.00  0.00  0.99  0.00  0.00  0.00  0.08  0.00
  C_56-C-11               1.00   0.01  0.00  0.00  0.99  0.00  0.00  0.00  0.04  0.00
  C_57-C-47               1.00   0.01  0.00  0.00  0.09  0.90  0.00  0.00  0.99  0.00
  C_58-C-6                1.00   0.01  0.00  0.00  0.99  0.00  0.00  0.00  0.99  0.00
  C_59-C-25               1.00   0.01  0.00  0.00  0.99  0.00  0.00  0.00  0.05  0.00
  C_60-C-46               1.00   0.01  0.00  0.00  0.10  0.89  0.00  0.00  0.98  0.00
  C_61-C-20               1.00   0.01  0.00  0.00  0.03  0.96  0.00  0.00  0.99  0.00
  C_62-C-13               1.00   0.01  0.00  0.00  0.99  0.00  0.00  0.00  0.01  0.00
  C_63-C-35               1.00   0.01  0.00  0.00  0.99  0.00  0.00  0.00  0.02  0.00
  C_64-C-138              1.00   0.01  0.00  0.00  0.73  0.26  0.00  0.00  0.72  0.00
  C_65-C-26               1.00   0.01  0.00  0.00  0.99  0.00  0.00  0.00  0.97  0.00
  C_66-C-23               1.00   0.01  0.00  0.00  0.99  0.00  0.00  0.00  0.03  0.00
  C_67-C-11               1.00   0.01  0.00  0.00  0.99  0.00  0.00  0.00  0.08  0.00
  C_68-C-70               1.00   0.01  0.00  0.00  0.99  0.00  0.00  0.00  0.65  0.00
  C_69-C-72               1.00   0.01  0.00  0.00  0.03  0.96  0.00  0.00  0.11  0.00
  C_70-C-23               1.00   0.01  0.00  0.00  0.99  0.00  0.00  0.00  0.04  0.00
  C_71-C-4                1.00   0.01  0.00  0.00  0.99  0.00  0.00  0.00  0.05  0.00
  C_72-C-73               1.00   0.01  0.00  0.00  0.98  0.01  0.00  0.00  0.95  0.00
  C_73-C-118              1.00   0.01  0.00  0.00  0.99  0.00  0.00  0.00  0.00  0.00
  C_74-C-138              1.00   0.01  0.00  0.00  0.54  0.45  0.00  0.00  0.23  0.00
  C_75-C-14               1.00   0.01  0.00  0.00  0.99  0.00  0.00  0.00  0.00  0.00
  C_76-C-138              1.00   0.01  0.00  0.00  0.99  0.00  0.00  0.00  0.45  0.00
  C_77-C-66               1.00   0.01  0.00  0.00  0.99  0.00  0.00  0.00  0.45  0.00
  C_78-C-74               1.00   0.01  0.00  0.00  0.02  0.97  0.00  0.00  0.06  0.00
  C_79-C-31               1.00   0.01  0.00  0.00  0.02  0.97  0.00  0.00  0.94  0.00
  C_80-C-55               1.00   0.01  0.00  0.00  0.99  0.00  0.00  0.00  0.08  0.00
  C_81-C-34               1.00   0.01  0.00  0.00  0.02  0.97  0.00  0.00  0.40  0.00
  C_82-C-20               1.00   0.01  0.00  0.00  0.02  0.97  0.00  0.00  0.00  0.00
  C_83-C-104              1.00   0.01  0.00  0.00  0.06  0.93  0.00  0.00  0.00  0.00
  C_84-C-55               1.00   0.01  0.00  0.00  0.99  0.00  0.00  0.00  0.05  0.00
  C_85-C-49               1.00   0.01  0.00  0.00  0.02  0.97  0.00  0.00  0.12  0.00
  C_86-C-71               1.00   0.01  0.00  0.00  0.99  0.00  0.00  0.00  0.99  0.00
  C_87-C-31               1.00   0.01  0.00  0.00  0.00  0.99  0.00  0.00  0.29  0.00
  C_88-C-2                1.00   0.01  0.00  0.00  0.95  0.04  0.00  0.00  0.98  0.00
  C_89-C-102              1.00   0.01  0.00  0.00  0.05  0.94  0.00  0.00  0.07  0.00
  C_90-C-34               1.00   0.01  0.00  0.00  0.99  0.00  0.00  0.00  0.03  0.00
  C_91-C-104              1.00   0.01  0.00  0.00  0.01  0.98  0.00  0.00  0.24  0.00
  C_92-C-67               1.00   0.01  0.00  0.00  0.02  0.97  0.00  0.00  0.20  0.00
  C_93-C-105              1.00   0.01  0.08  0.00  0.91  0.00  0.00  0.00  0.00  0.00
  C_94-C-22               1.00   0.01  0.00  0.00  0.99  0.00  0.00  0.00  0.00  0.00
  C_95-C-20               1.00   0.01  0.00  0.00  0.24  0.75  0.00  0.00  0.99  0.00
  C_96-C-50               1.00   0.01  0.00  0.00  0.99  0.00  0.00  0.00  0.04  0.00
  C_97-C-55               1.00   0.01  0.00  0.00  0.01  0.98  0.00  0.00  0.14  0.00
  C_98-C-22               1.00   0.01  0.00  0.00  0.99  0.00  0.00  0.00  0.88  0.00
  C_99-C-51               1.00   0.01  0.00  0.00  0.99  0.00  0.00  0.00  0.81  0.00
  C_100-C-106             1.00   0.01  0.08  0.00  0.91  0.00  0.00  0.00  0.00  0.00
  C_101-C-52              1.00   0.01  0.00  0.00  0.79  0.20  0.00  0.00  0.08  0.00
  C_102-C-27              1.00   0.01  0.00  0.00  0.01  0.98  0.00  0.00  0.23  0.00
  C_103-C-43              1.00   0.01  0.00  0.00  0.99  0.00  0.00  0.00  0.07  0.00
  C_104-C-27              1.00   0.01  0.00  0.00  0.25  0.74  0.00  0.00  0.05  0.00
  C_105-C-103             1.00   0.01  0.00  0.00  0.09  0.90  0.00  0.00  0.00  0.00
  C_106-C-45              1.00   0.01  0.00  0.00  0.99  0.00  0.00  0.00  0.99  0.00
  C_107-C-2               1.00   0.01  0.00  0.00  0.16  0.83  0.00  0.00  0.03  0.00
  C_108-C-10              1.00   0.01  0.00  0.00  0.99  0.00  0.00  0.00  0.99  0.00
  C_109-C-60              1.00   0.01  0.00  0.00  0.02  0.98  0.00  0.00  0.02  0.00
  C_110-C-106             1.00   0.01  0.00  0.00  0.99  0.00  0.00  0.00  0.01  0.00
  C_111-C-21              1.00   0.01  0.00  0.00  0.99  0.00  0.00  0.00  0.08  0.00
  C_112-C-20              1.00   0.01  0.00  0.00  0.99  0.00  0.00  0.00  0.33  0.00
  C_113-C-120             1.00   0.01  0.99  0.00  0.00  0.00  0.00  0.00  0.00  0.00
  C_114-C-44              1.00   0.01  0.00  0.00  0.99  0.00  0.00  0.00  0.01  0.00
  C_115-C-75              1.00   0.01  0.00  0.00  0.99  0.00  0.00  0.00  0.70  0.00
  C_116-C-53              1.00   0.01  0.00  0.00  0.99  0.00  0.00  0.00  0.00  0.00
  C_117-C-44              1.00   0.01  0.00  0.00  0.99  0.00  0.00  0.00  0.99  0.00
  C_118-C-44              1.00   0.01  0.00  0.00  0.99  0.00  0.00  0.00  0.97  0.00
  C_119-C-27              1.00   0.01  0.00  0.00  0.99  0.00  0.00  0.00  0.99  0.00
  C_120-C-84              1.00   0.01  0.00  0.00  0.99  0.00  0.00  0.00  0.08  0.00
  C_121-C-44              1.00   0.01  0.00  0.00  0.03  0.96  0.00  0.00  0.00  0.00
  C_122-C-114             1.00   0.01  0.00  0.00  0.99  0.00  0.00  0.00  0.02  0.00
  C_123-C-106             1.00   0.01  0.00  0.00  0.99  0.00  0.00  0.00  0.05  0.00
  C_124-C-39              1.00   0.01  0.00  0.00  0.99  0.00  0.00  0.00  0.99  0.00
  C_125-C-54              1.00   0.01  0.00  0.00  0.99  0.00  0.00  0.00  0.39  0.00
  C_126-C-40              1.00   0.01  0.00  0.00  0.09  0.90  0.00  0.00  0.97  0.00
  C_127-C-44              1.00   0.01  0.00  0.00  0.09  0.90  0.00  0.00  0.74  0.00
  C_128-C-8               1.00   0.01  0.00  0.00  0.38  0.61  0.00  0.00  0.03  0.00
  C_129-C-0               1.00   0.01  0.00  0.00  0.98  0.01  0.00  0.00  0.00  0.00
  C_130-C-8               1.00   0.01  0.00  0.00  0.02  0.97  0.00  0.00  0.91  0.00
  C_131-C-9               1.00   0.01  0.00  0.00  0.99  0.00  0.00  0.00  0.99  0.00
  C_132-C-99              1.00   0.01  0.00  0.00  0.99  0.00  0.00  0.00  0.98  0.00
  C_133-C-28              1.00   0.01  0.00  0.00  0.99  0.00  0.00  0.00  0.00  0.00
  C_134-C-41              1.00   0.01  0.00  0.00  0.08  0.91  0.00  0.00  0.99  0.00
  C_135-C-92              1.00   0.01  0.00  0.00  0.99  0.00  0.00  0.00  0.99  0.00
  C_136-C-94              1.00   0.01  0.00  0.00  0.99  0.00  0.00  0.00  0.98  0.00
  C_137-C-94              1.00   0.01  0.00  0.00  0.99  0.00  0.00  0.00  0.05  0.00
  C_138-C-2               1.00   0.01  0.00  0.00  0.98  0.01  0.00  0.00  0.07  0.00
  C_139-C-65              1.00   0.01  0.00  0.00  0.85  0.14  0.00  0.00  0.21  0.00
  C_140-C-86              1.00   0.01  0.00  0.00  0.99  0.00  0.00  0.00  0.00  0.00
  C_141-C-2               1.00   0.01  0.20  0.00  0.79  0.00  0.00  0.00  0.00  0.00
  C_142-C-93              1.00   0.01  0.00  0.00  0.98  0.01  0.00  0.00  0.45  0.00
  C_143-C-108             1.00   0.01  0.00  0.00  0.93  0.06  0.00  0.00  0.00  0.00
  C_144-C-59              1.00   0.01  0.00  0.00  0.00  0.99  0.00  0.00  0.98  0.00
  C_145-C-28              1.00   0.01  0.00  0.00  0.99  0.00  0.00  0.00  0.04  0.00
  C_146-C-63              1.00   0.01  0.00  0.00  0.99  0.00  0.00  0.00  0.00  0.00
  C_147-C-90              1.00   0.01  0.00  0.00  0.53  0.46  0.00  0.00  0.61  0.00
  C_148-C-80              1.00   0.01  0.00  0.00  0.99  0.00  0.00  0.00  0.01  0.00
  C_149-C-87              1.00   0.01  0.00  0.00  0.99  0.00  0.00  0.00  0.22  0.00
  C_150-C-80              1.00   0.01  0.00  0.00  0.99  0.00  0.00  0.00  0.99  0.00
  C_151-C-79              1.00   0.01  0.00  0.00  0.85  0.14  0.00  0.00  0.07  0.00
  C_152-C-58              1.00   0.01  0.00  0.00  0.49  0.50  0.00  0.00  0.99  0.00
  C_153-C-63              1.00   0.01  0.00  0.00  0.99  0.00  0.00  0.00  0.05  0.00
  C_154-C-64              1.00   0.01  0.00  0.00  0.78  0.21  0.00  0.00  0.07  0.00
  C_155-C-112             1.00   0.01  0.00  0.00  0.91  0.08  0.00  0.00  0.04  0.00
  C_156-C-140             1.00   0.01  0.00  0.00  0.01  0.98  0.00  0.00  0.36  0.00
  C_157-C-91              1.00   0.01  0.00  0.00  0.00  0.98  0.00  0.00  0.91  0.00
  C_158-C-91              1.00   0.01  0.00  0.00  0.00  0.99  0.00  0.00  0.04  0.00
  C_159-C-68              1.00   0.01  0.00  0.00  0.99  0.00  0.00  0.00  0.04  0.00
  C_160-C-28              1.00   0.01  0.00  0.00  0.99  0.00  0.00  0.00  0.99  0.00
  C_161-C-7               1.00   0.01  0.00  0.00  0.99  0.00  0.00  0.00  0.03  0.00
  C_162-C-107             1.00   0.01  0.00  0.00  0.99  0.00  0.00  0.00  0.03  0.00
  C_163-C-1               1.00   0.01  0.00  0.00  0.99  0.00  0.00  0.00  0.16  0.00
  C_164-C-69              1.00   0.01  0.00  0.00  0.99  0.00  0.00  0.00  0.04  0.00
  C_165-C-81              1.00   0.01  0.00  0.00  0.99  0.00  0.00  0.00  0.03  0.00
  C_166-C-7               1.00   0.01  0.00  0.00  0.99  0.00  0.00  0.00  0.99  0.00
  C_167-C-112             1.00   0.01  0.00  0.00  0.99  0.01  0.00  0.00  0.02  0.00
  C_168-C-34              1.00   0.01  0.00  0.00  0.93  0.06  0.00  0.00  0.05  0.00
  C_169-C-29              1.00   0.01  0.00  0.00  0.04  0.95  0.00  0.00  0.01  0.00
  C_170-C-73              1.00   0.01  0.00  0.00  0.91  0.08  0.00  0.00  0.10  0.00
  C_171-C-29              1.00   0.01  0.00  0.00  0.94  0.05  0.00  0.00  0.85  0.00
  C_172-C-38              1.00   0.01  0.00  0.00  0.99  0.00  0.00  0.00  0.06  0.00
  C_173-C-57              1.00   0.01  0.00  0.00  0.99  0.00  0.00  0.00  0.10  0.00
  C_174-C-78              1.00   0.01  0.00  0.00  0.07  0.93  0.00  0.00  0.99  0.00
  C_175-C-126             1.00   0.01  0.00  0.00  0.02  0.97  0.00  0.00  0.00  0.00
  C_176-C-109             1.00   0.01  0.00  0.00  0.77  0.22  0.00  0.00  0.15  0.00
  C_177-C-110             1.00   0.01  0.00  0.00  0.19  0.80  0.00  0.00  0.29  0.00
  C_178-C-116             1.00   0.01  0.00  0.00  0.99  0.00  0.00  0.00  0.12  0.00
  C_179-C-115             1.00   0.01  0.00  0.00  0.99  0.00  0.00  0.00  0.44  0.00
  C_180-C-85              1.00   0.01  0.00  0.00  0.02  0.97  0.00  0.00  0.99  0.00
  C_181-C-96              1.00   0.01  0.00  0.00  0.97  0.02  0.00  0.00  0.32  0.00
  C_182-C-95              1.00   0.01  0.00  0.00  0.99  0.00  0.00  0.00  0.00  0.00
  C_183-C-132             1.00   0.01  0.00  0.00  0.10  0.89  0.00  0.00  0.09  0.00
  C_184-C-48              1.00   0.01  0.00  0.00  0.04  0.95  0.00  0.00  0.64  0.00
  C_185-C-131             1.00   0.01  0.00  0.00  0.99  0.00  0.00  0.00  0.99  0.00
  C_186-C-130             1.00   0.01  0.00  0.00  0.08  0.91  0.00  0.00  0.97  0.00
  C_187-C-135             1.00   0.01  0.00  0.00  0.99  0.00  0.00  0.00  0.02  0.00
  C_188-C-28              1.00   0.01  0.00  0.00  0.99  0.00  0.00  0.00  0.05  0.00
  C_189-C-28              1.00   0.01  0.00  0.00  0.94  0.05  0.00  0.00  0.07  0.00
  C_190-C-136             1.00   0.01  0.00  0.00  0.99  0.00  0.00  0.00  0.00  0.00
  C_191-C-69              1.00   0.01  0.09  0.00  0.90  0.00  0.00  0.00  0.00  0.00
  C_192-C-137             1.00   0.01  0.00  0.00  0.99  0.00  0.00  0.00  0.08  0.00
  C_193-C-55              1.00   0.01  0.00  0.00  0.99  0.00  0.00  0.00  0.05  0.00
  C_194-C-142             1.00   0.02  0.00  0.00  0.98  0.00  0.00  0.00  0.06  0.00
  C_195-C-24              1.00   0.01  0.01  0.00  0.98  0.00  0.00  0.00  0.08  0.00
  C_196-C-3               1.00   0.01  0.42  0.00  0.57  0.00  0.00  0.00  0.00  0.00
  C_197-C-3               1.00   0.01  0.00  0.00  0.99  0.00  0.00  0.00  0.99  0.00
  C_198-C-3               1.00   0.01  0.00  0.00  0.08  0.91  0.00  0.00  0.76  0.00
  C_199-C-3               1.00   0.01  0.00  0.00  0.48  0.51  0.00  0.00  0.96  0.00
  C_200-C-3               1.00   0.01  0.00  0.00  0.93  0.06  0.00  0.00  0.25  0.00
  C_201-C-3               1.00   0.01  0.00  0.00  0.95  0.04  0.00  0.00  0.09  0.00
  C_202-C-3               1.00   0.01  0.00  0.00  0.95  0.04  0.00  0.00  0.03  0.00
  C_203-C-3               1.00   0.01  0.00  0.00  0.96  0.03  0.00  0.00  0.07  0.00
  C_204-C-3               1.00   0.01  0.00  0.00  0.97  0.01  0.00  0.00  0.02  0.00
  C_205-C-3               1.00   0.01  0.00  0.00  0.99  0.00  0.00  0.00  0.05  0.00
  C_206-C-3               1.00   0.01  0.00  0.00  0.99  0.00  0.00  0.00  0.03  0.00
  C_207-C-3               1.00   0.01  0.00  0.00  0.99  0.00  0.00  0.00  0.00  0.00
  C_208-C-3               1.00   0.01  0.00  0.00  0.99  0.00  0.00  0.00  0.04  0.00
  C_209-C-3               1.00   0.01  0.00  0.00  0.99  0.00  0.00  0.00  0.04  0.00
  C_210-C-3               1.00   0.01  0.00  0.00  0.99  0.00  0.00  0.00  0.05  0.00
  C_211-C-3               1.00   0.01  0.00  0.00  0.99  0.00  0.00  0.00  0.04  0.00
  C_212-C-3               1.00   0.01  0.00  0.00  0.99  0.00  0.00  0.00  0.06  0.00
  C_213-C-3               1.00   0.01  0.00  0.00  0.99  0.00  0.00  0.00  0.03  0.00
  C_214-C-3               1.00   0.01  0.00  0.00  0.99  0.00  0.00  0.00  0.03  0.00
  C_215-C-3               1.00   0.01  0.00  0.00  0.99  0.00  0.00  0.00  0.07  0.00
  C_216-C-3               1.00   0.01  0.00  0.00  0.99  0.00  0.00  0.00  0.00  0.00
  C_217-C-3               1.00   0.01  0.00  0.00  0.99  0.00  0.00  0.00  0.07  0.00
  C_218-C-3               1.00   0.01  0.00  0.00  0.99  0.00  0.00  0.00  0.05  0.00
  C_219-C-3               1.00   0.01  0.00  0.00  0.99  0.00  0.00  0.00  0.06  0.00
  C_220-C-3               1.00   0.01  0.00  0.00  0.99  0.00  0.00  0.00  0.03  0.00
  C_221-C-3               1.00   0.01  0.00  0.00  0.99  0.00  0.00  0.00  0.03  0.00
  C_222-C-3               1.00   0.01  0.00  0.00  0.99  0.00  0.00  0.00  0.06  0.00
  C_223-C-3               1.00   0.01  0.00  0.00  0.99  0.00  0.00  0.00  0.05  0.00
  C_224-C-3               1.00   0.01  0.00  0.00  0.99  0.00  0.00  0.00  0.04  0.00
  C_225-C-3               1.00   0.01  0.00  0.00  0.99  0.00  0.00  0.00  0.01  0.00
  C_226-C-3               1.00   0.01  0.00  0.00  0.99  0.00  0.00  0.00  0.02  0.00
  C_227-C-3               1.00   0.01  0.00  0.00  0.99  0.00  0.00  0.00  0.05  0.00
  C_228-C-3               1.00   0.01  0.00  0.00  0.99  0.00  0.00  0.00  0.03  0.00
  C_229-C-3               1.00   0.01  0.00  0.00  0.99  0.00  0.00  0.00  0.03  0.00
  C_230-C-3               1.00   0.01  0.00  0.00  0.99  0.00  0.00  0.00  0.04  0.00
  C_231-C-3               1.00   0.01  0.00  0.00  0.99  0.00  0.00  0.00  0.01  0.00
  C_232-C-3               1.00   0.01  0.00  0.00  0.99  0.00  0.00  0.00  0.04  0.00
  C_233-C-3               1.00   0.01  0.00  0.00  0.99  0.00  0.00  0.00  0.04  0.00
  C_234-C-3               1.00   0.01  0.00  0.00  0.99  0.00  0.00  0.00  0.03  0.00
  C_235-C-3               1.00   0.01  0.00  0.00  0.99  0.00  0.00  0.00  0.06  0.00
  C_236-C-3               1.00   0.01  0.00  0.00  0.99  0.00  0.00  0.00  0.04  0.00
  C_237-C-3               1.00   0.01  0.00  0.00  0.99  0.00  0.00  0.00  0.05  0.00
  C_238-C-3               1.00   0.01  0.00  0.00  0.99  0.00  0.00  0.00  0.04  0.00
  C_239-C-3               1.00   0.01  0.00  0.00  0.99  0.00  0.00  0.00  0.03  0.00
  C_240-C-3               1.00   0.01  0.00  0.00  0.99  0.00  0.00  0.00  0.00  0.00
  C_241-C-3               1.00   0.01  0.00  0.00  0.99  0.00  0.00  0.00  0.05  0.00
  C_242-C-3               1.00   0.01  0.00  0.00  0.99  0.00  0.00  0.00  0.06  0.00
  C_243-C-3               1.00   0.01  0.00  0.00  0.99  0.00  0.00  0.00  0.02  0.00
  C_244-C-3               1.00   0.01  0.00  0.00  0.99  0.00  0.00  0.00  0.02  0.00
  C_245-C-3               1.00   0.01  0.00  0.00  0.99  0.00  0.00  0.00  0.01  0.00
  C_246-C-3               1.00   0.01  0.00  0.00  0.99  0.00  0.00  0.00  0.03  0.00
  C_247-C-3               1.00   0.01  0.00  0.00  0.99  0.00  0.00  0.00  0.05  0.00
  C_248-C-3               1.00   0.01  0.00  0.00  0.99  0.00  0.00  0.00  0.05  0.00
  C_249-C-3               1.00   0.01  0.00  0.00  0.99  0.00  0.00  0.00  0.02  0.00
  C_250-C-3               1.00   0.01  0.00  0.00  0.99  0.00  0.00  0.00  0.04  0.00
  C_251-C-3               1.00   0.01  0.00  0.00  0.99  0.00  0.00  0.00  0.03  0.00
  C_252-C-3               1.00   0.01  0.00  0.00  0.99  0.00  0.00  0.00  0.03  0.00
  C_253-C-3               1.00   0.01  0.00  0.00  0.99  0.00  0.00  0.00  0.03  0.00
  C_254-C-3               1.00   0.01  0.00  0.00  0.99  0.00  0.00  0.00  0.00  0.00
  C_255-C-3               1.00   0.01  0.00  0.00  0.99  0.00  0.00  0.00  0.04  0.00
  C_256-C-3               1.00   0.01  0.00  0.00  0.99  0.00  0.00  0.00  0.01  0.00
  C_257-C-3               1.00   0.01  0.00  0.00  0.99  0.00  0.00  0.00  0.05  0.00
  C_258-C-3               1.00   0.01  0.00  0.00  0.96  0.03  0.00  0.00  0.04  0.00
  C_259-C-3               1.00   0.01  0.00  0.00  0.94  0.05  0.00  0.00  0.07  0.00
  C_260-C-3               1.00   0.01  0.00  0.00  0.93  0.06  0.00  0.00  0.01  0.00
  C_261-C-3               1.00   0.01  0.00  0.00  0.95  0.04  0.00  0.00  0.99  0.00
  C_262-C-3               1.00   0.01  0.00  0.00  0.57  0.42  0.00  0.00  0.99  0.00
  C_263-C-3               1.00   0.01  0.00  0.00  0.99  0.00  0.00  0.00  0.99  0.00
  C_264-C-83              1.00   0.01  0.00  0.00  0.99  0.00  0.00  0.00  0.05  0.00
  C_265-C-12              1.00   0.01  0.00  0.00  0.99  0.00  0.00  0.00  0.04  0.00
  C_266-C-12              1.00   0.01  0.00  0.00  0.94  0.04  0.00  0.00  0.99  0.00
  C_267-C-12              1.00   0.01  0.00  0.00  0.01  0.98  0.00  0.00  0.99  0.00
  C_268-C-12              1.00   0.01  0.00  0.00  0.04  0.95  0.00  0.00  0.99  0.00
  C_269-C-12              1.00   0.01  0.00  0.00  0.00  0.99  0.00  0.00  0.99  0.00
  C_270-C-12              1.00   0.01  0.00  0.00  0.93  0.06  0.00  0.00  0.99  0.00
  C_271-C-12              1.00   0.01  0.00  0.00  0.95  0.04  0.00  0.00  0.05  0.00
  C_272-C-12              1.00   0.01  0.00  0.00  0.99  0.00  0.00  0.00  0.04  0.00
  C_273-C-12              1.00   0.01  0.00  0.00  0.99  0.00  0.00  0.00  0.03  0.00
  C_274-C-12              1.00   0.01  0.00  0.00  0.99  0.00  0.00  0.00  0.03  0.00
  C_275-C-12              1.00   0.01  0.00  0.00  0.99  0.00  0.00  0.00  0.02  0.00
  C_276-C-12              1.00   0.01  0.00  0.00  0.98  0.01  0.00  0.00  0.03  0.00
  C_277-C-12              1.00   0.01  0.00  0.00  0.97  0.02  0.00  0.00  0.06  0.00
  C_278-C-12              1.00   0.01  0.00  0.00  0.99  0.00  0.00  0.00  0.03  0.00
  C_279-C-12              1.00   0.01  0.00  0.00  0.99  0.00  0.00  0.00  0.06  0.00
  C_280-C-12              1.00   0.01  0.00  0.00  0.95  0.03  0.00  0.00  0.06  0.00
  C_281-C-12              1.00   0.01  0.00  0.00  0.95  0.04  0.00  0.00  0.02  0.00
  C_282-C-12              1.00   0.01  0.00  0.00  0.93  0.05  0.00  0.00  0.02  0.00
  C_283-C-12              1.00   0.01  0.00  0.00  0.77  0.22  0.00  0.00  0.00  0.00
  C_284-C-12              1.00   0.01  0.00  0.00  0.66  0.32  0.00  0.00  0.05  0.00
  C_285-C-12              1.00   0.01  0.00  0.00  0.69  0.30  0.00  0.00  0.03  0.00
  C_286-C-12              1.00   0.01  0.00  0.00  0.66  0.33  0.00  0.00  0.07  0.00
  C_287-C-12              1.00   0.01  0.00  0.00  0.59  0.40  0.00  0.00  0.14  0.00
  C_288-C-12              1.00   0.01  0.00  0.00  0.57  0.41  0.00  0.00  0.07  0.00
  C_289-C-12              1.00   0.01  0.00  0.00  0.73  0.26  0.00  0.00  0.02  0.00
  C_290-C-12              1.00   0.01  0.00  0.00  0.99  0.00  0.00  0.00  0.06  0.00
  C_291-C-12              1.00   0.01  0.00  0.00  0.99  0.00  0.00  0.00  0.01  0.00
  C_292-C-12              1.00   0.01  0.00  0.00  0.99  0.00  0.00  0.00  0.05  0.00
  C_293-C-12              1.00   0.01  0.00  0.00  0.72  0.27  0.00  0.00  0.06  0.00
  C_294-C-12              1.00   0.01  0.00  0.00  0.55  0.44  0.00  0.00  0.06  0.00
  C_295-C-12              1.00   0.01  0.00  0.00  0.55  0.44  0.00  0.00  0.39  0.00
  C_296-C-12              1.00   0.01  0.00  0.00  0.56  0.43  0.00  0.00  0.02  0.00
  C_297-C-12              1.00   0.01  0.00  0.00  0.67  0.32  0.00  0.00  0.00  0.00
  C_298-C-12              1.00   0.01  0.00  0.00  0.99  0.00  0.00  0.00  0.05  0.00
  C_299-C-12              1.00   0.01  0.00  0.00  0.99  0.00  0.00  0.00  0.05  0.00
  C_300-C-12              1.00   0.01  0.00  0.00  0.99  0.00  0.00  0.00  0.01  0.00
  C_301-C-12              1.00   0.01  0.00  0.00  0.99  0.00  0.00  0.00  0.02  0.00
  C_302-C-12              1.00   0.01  0.00  0.00  0.99  0.00  0.00  0.00  0.00  0.00
  C_303-C-12              1.00   0.01  0.00  0.00  0.99  0.00  0.00  0.00  0.01  0.00
  C_304-C-12              1.00   0.01  0.00  0.00  0.99  0.00  0.00  0.00  0.00  0.00
  C_305-C-113             1.00   0.01  0.00  0.00  0.99  0.00  0.00  0.00  0.07  0.00
  C_306-C-113             1.00   0.01  0.08  0.00  0.91  0.00  0.00  0.00  0.00  0.00
  C_307-C-113             1.00   0.01  0.00  0.00  0.99  0.00  0.00  0.00  0.07  0.00
  C_308-C-113             1.00   0.01  0.00  0.00  0.96  0.03  0.00  0.00  0.04  0.00
  C_309-C-113             1.00   0.01  0.00  0.00  0.98  0.01  0.00  0.00  0.06  0.00
  C_310-C-113             1.00   0.01  0.00  0.00  0.99  0.00  0.00  0.00  0.06  0.00
  C_311-C-113             1.00   0.01  0.00  0.00  0.99  0.00  0.00  0.00  0.04  0.00
  C_312-C-113             1.00   0.01  0.00  0.00  0.99  0.00  0.00  0.00  0.03  0.00
  C_313-C-113             1.00   0.01  0.00  0.00  0.99  0.00  0.00  0.00  0.01  0.00
  C_314-C-113             1.00   0.01  0.00  0.00  0.99  0.00  0.00  0.00  0.05  0.00
  C_315-C-113             1.00   0.01  0.00  0.00  0.99  0.00  0.00  0.00  0.00  0.00
  C_316-C-113             1.00   0.01  0.00  0.00  0.99  0.00  0.00  0.00  0.04  0.00
  C_317-C-113             1.00   0.01  0.00  0.00  0.99  0.00  0.00  0.00  0.03  0.00
  C_318-C-113             1.00   0.01  0.00  0.00  0.99  0.00  0.00  0.00  0.06  0.00
  C_319-C-113             1.00   0.01  0.00  0.00  0.99  0.00  0.00  0.00  0.02  0.00
  C_320-C-113             1.00   0.01  0.00  0.00  0.99  0.00  0.00  0.00  0.06  0.00
  C_321-C-113             1.00   0.01  0.00  0.00  0.99  0.00  0.00  0.00  0.01  0.00
  C_322-C-113             1.00   0.01  0.00  0.00  0.99  0.00  0.00  0.00  0.05  0.00
  C_323-C-113             1.00   0.01  0.00  0.00  0.99  0.00  0.00  0.00  0.03  0.00
  C_324-C-113             1.00   0.01  0.00  0.00  0.99  0.00  0.00  0.00  0.03  0.00
  C_325-C-113             1.00   0.01  0.00  0.00  0.99  0.00  0.00  0.00  0.03  0.00
  C_326-C-113             1.00   0.01  0.00  0.00  0.99  0.00  0.00  0.00  0.04  0.00
  C_327-C-113             1.00   0.01  0.00  0.00  0.99  0.00  0.00  0.00  0.03  0.00
  C_328-C-113             1.00   0.01  0.00  0.00  0.99  0.00  0.00  0.00  0.04  0.00
  C_329-C-113             1.00   0.01  0.00  0.00  0.99  0.00  0.00  0.00  0.00  0.00
  C_330-C-113             1.00   0.01  0.00  0.00  0.99  0.00  0.00  0.00  0.04  0.00
  C_331-C-113             1.00   0.01  0.00  0.00  0.99  0.00  0.00  0.00  0.03  0.00
  C_332-C-113             1.00   0.01  0.00  0.00  0.99  0.00  0.00  0.00  0.00  0.00
  C_333-C-113             1.00   0.01  0.00  0.00  0.99  0.00  0.00  0.00  0.06  0.00
  C_334-C-113             1.00   0.01  0.00  0.00  0.99  0.00  0.00  0.00  0.04  0.00
  C_335-C-113             1.00   0.01  0.00  0.00  0.99  0.00  0.00  0.00  0.01  0.00
  C_336-C-113             1.00   0.01  0.00  0.00  0.99  0.00  0.00  0.00  0.03  0.00
  C_337-C-113             1.00   0.01  0.00  0.00  0.99  0.00  0.00  0.00  0.04  0.00
  C_338-C-113             1.00   0.01  0.00  0.00  0.99  0.00  0.00  0.00  0.04  0.00
  C_339-C-113             1.00   0.01  0.00  0.00  0.99  0.00  0.00  0.00  0.02  0.00
  C_340-C-113             1.00   0.01  0.00  0.00  0.99  0.00  0.00  0.00  0.03  0.00
  C_341-C-113             1.00   0.01  0.00  0.00  0.99  0.00  0.00  0.00  0.06  0.00
  C_342-C-113             1.00   0.01  0.00  0.00  0.99  0.00  0.00  0.00  0.00  0.00
  C_343-C-113             1.00   0.01  0.00  0.00  0.99  0.00  0.00  0.00  0.04  0.00
  C_344-C-113             1.00   0.01  0.00  0.00  0.99  0.00  0.00  0.00  0.02  0.00
  C_345-C-113             1.00   0.01  0.00  0.00  0.99  0.00  0.00  0.00  0.01  0.00
  C_346-C-113             1.00   0.01  0.00  0.00  0.99  0.00  0.00  0.00  0.00  0.00
  C_347-C-113             1.00   0.01  0.00  0.00  0.99  0.00  0.00  0.00  0.00  0.00
  C_348-C-113             1.00   0.01  0.00  0.00  0.99  0.00  0.00  0.00  0.07  0.00
  C_349-C-113             1.00   0.01  0.00  0.00  0.99  0.00  0.00  0.00  0.04  0.00
  C_350-C-113             1.00   0.01  0.00  0.00  0.99  0.00  0.00  0.00  0.05  0.00
  C_351-C-113             1.00   0.01  0.00  0.00  0.99  0.00  0.00  0.00  0.02  0.00
  C_352-C-113             1.00   0.01  0.00  0.00  0.99  0.00  0.00  0.00  0.03  0.00
  C_353-C-113             1.00   0.01  0.00  0.00  0.99  0.00  0.00  0.00  0.06  0.00
  C_354-C-113             1.00   0.01  0.00  0.00  0.99  0.00  0.00  0.00  0.02  0.00
  C_355-C-113             1.00   0.01  0.00  0.00  0.99  0.00  0.00  0.00  0.02  0.00
  C_356-C-113             1.00   0.01  0.00  0.00  0.99  0.00  0.00  0.00  0.03  0.00
  C_357-C-113             1.00   0.01  0.00  0.00  0.99  0.00  0.00  0.00  0.03  0.00
  C_358-C-113             1.00   0.01  0.00  0.00  0.99  0.00  0.00  0.00  0.04  0.00
  C_359-C-113             1.00   0.01  0.00  0.00  0.99  0.00  0.00  0.00  0.04  0.00
  C_360-C-113             1.00   0.01  0.00  0.00  0.99  0.00  0.00  0.00  0.04  0.00
  C_361-C-113             1.00   0.01  0.00  0.00  0.99  0.00  0.00  0.00  0.03  0.00
  C_362-C-113             1.00   0.01  0.00  0.00  0.99  0.00  0.00  0.00  0.03  0.00
  C_363-C-113             1.00   0.01  0.00  0.00  0.99  0.00  0.00  0.00  0.02  0.00
  C_364-C-113             1.00   0.01  0.00  0.00  0.99  0.00  0.00  0.00  0.01  0.00
  C_365-C-113             1.00   0.01  0.00  0.00  0.99  0.00  0.00  0.00  0.04  0.00
  C_366-C-113             1.00   0.01  0.00  0.00  0.99  0.00  0.00  0.00  0.04  0.00
  C_367-C-113             1.00   0.01  0.00  0.00  0.99  0.00  0.00  0.00  0.02  0.00
  C_368-C-113             1.00   0.01  0.00  0.00  0.99  0.00  0.00  0.00  0.03  0.00
  C_369-C-113             1.00   0.01  0.00  0.00  0.99  0.00  0.00  0.00  0.03  0.00
  C_370-C-113             1.00   0.01  0.00  0.00  0.99  0.00  0.00  0.00  0.03  0.00
  C_371-C-113             1.00   0.01  0.00  0.00  0.99  0.00  0.00  0.00  0.05  0.00
  C_372-C-113             1.00   0.01  0.00  0.00  0.99  0.00  0.00  0.00  0.05  0.00
  C_373-C-113             1.00   0.01  0.00  0.00  0.99  0.00  0.00  0.00  0.02  0.00
  C_374-C-113             1.00   0.01  0.00  0.00  0.99  0.00  0.00  0.00  0.03  0.00
  C_375-C-113             1.00   0.01  0.00  0.00  0.99  0.00  0.00  0.00  0.03  0.00
  C_376-C-113             1.00   0.01  0.00  0.00  0.99  0.00  0.00  0.00  0.03  0.00
  C_377-C-113             1.00   0.01  0.00  0.00  0.99  0.00  0.00  0.00  0.05  0.00
  C_378-C-113             1.00   0.01  0.00  0.00  0.99  0.00  0.00  0.00  0.00  0.00
  C_379-C-113             1.00   0.01  0.00  0.00  0.99  0.00  0.00  0.00  0.01  0.00
  C_380-C-113             1.00   0.01  0.00  0.00  0.99  0.00  0.00  0.00  0.05  0.00
  C_381-C-113             1.00   0.01  0.00  0.00  0.99  0.00  0.00  0.00  0.02  0.00
  C_382-C-113             1.00   0.01  0.00  0.00  0.99  0.00  0.00  0.00  0.03  0.00
  C_383-C-113             1.00   0.01  0.00  0.00  0.99  0.00  0.00  0.00  0.08  0.00
  C_384-C-113             1.00   0.01  0.00  0.00  0.98  0.01  0.00  0.00  0.52  0.00
  C_385-C-142             1.00   0.01  0.00  0.00  0.99  0.00  0.00  0.00  0.08  0.00
  C_386-C-142             1.00   0.01  0.00  0.00  0.99  0.00  0.00  0.00  0.06  0.00
  C_387-C-142             1.00   0.01  0.00  0.00  0.99  0.00  0.00  0.00  0.00  0.00
  C_388-C-142             1.00   0.01  0.00  0.00  0.99  0.00  0.00  0.00  0.05  0.00
  C_389-C-142             1.00   0.01  0.00  0.00  0.99  0.00  0.00  0.00  0.04  0.00
  C_390-C-142             1.00   0.01  0.00  0.00  0.99  0.00  0.00  0.00  0.04  0.00
  C_391-C-142             1.00   0.01  0.00  0.00  0.99  0.00  0.00  0.00  0.07  0.00
  C_392-C-142             1.00   0.01  0.00  0.00  0.99  0.00  0.00  0.00  0.05  0.00
  C_393-C-142             1.00   0.01  0.00  0.00  0.99  0.00  0.00  0.00  0.07  0.00
  C_394-C-142             1.00   0.01  0.00  0.00  0.99  0.00  0.00  0.00  0.03  0.00
  C_395-C-142             1.00   0.01  0.00  0.00  0.99  0.00  0.00  0.00  0.00  0.00
  C_396-C-142             1.00   0.01  0.00  0.00  0.99  0.00  0.00  0.00  0.00  0.00
  C_397-C-142             1.00   0.01  0.00  0.00  0.99  0.00  0.00  0.00  0.06  0.00
  C_398-C-142             1.00   0.01  0.00  0.00  0.99  0.00  0.00  0.00  0.05  0.00
  C_399-C-142             1.00   0.01  0.00  0.00  0.99  0.00  0.00  0.00  0.03  0.00
  C_400-C-142             1.00   0.01  0.00  0.00  0.99  0.00  0.00  0.00  0.03  0.00
  C_401-C-142             1.00   0.01  0.00  0.00  0.99  0.00  0.00  0.00  0.03  0.00
  C_402-C-142             1.00   0.01  0.00  0.00  0.99  0.00  0.00  0.00  0.05  0.00
  C_403-C-142             1.00   0.01  0.00  0.00  0.99  0.00  0.00  0.00  0.04  0.00
  C_404-C-142             1.00   0.01  0.00  0.00  0.99  0.00  0.00  0.00  0.05  0.00
  C_405-C-142             1.00   0.01  0.00  0.00  0.99  0.00  0.00  0.00  0.06  0.00
  C_406-C-142             1.00   0.01  0.00  0.00  0.99  0.00  0.00  0.00  0.03  0.00
  C_407-C-142             1.00   0.01  0.00  0.00  0.99  0.00  0.00  0.00  0.00  0.00
  C_408-C-142             1.00   0.01  0.00  0.00  0.99  0.00  0.00  0.00  0.04  0.00
  C_409-C-55              1.00   0.01  0.00  0.00  0.99  0.00  0.00  0.00  0.02  0.00
  C_410-C-55              1.00   0.01  0.00  0.00  0.99  0.00  0.00  0.00  0.04  0.00
  C_411-C-55              1.00   0.01  0.00  0.00  0.99  0.00  0.00  0.00  0.04  0.00
  C_412-C-55              1.00   0.01  0.00  0.00  0.99  0.00  0.00  0.00  0.09  0.00
  C_413-C-55              1.00   0.01  0.00  0.00  0.99  0.00  0.00  0.00  0.00  0.00
  C_414-C-55              1.00   0.01  0.00  0.00  0.99  0.00  0.00  0.00  0.03  0.00
  C_415-C-55              1.00   0.01  0.00  0.00  0.99  0.00  0.00  0.00  0.10  0.00
  C_416-C-55              1.00   0.01  0.00  0.00  0.99  0.00  0.00  0.00  0.06  0.00
  C_417-C-55              1.00   0.01  0.00  0.00  0.97  0.02  0.00  0.00  0.05  0.00
  C_418-C-55              1.00   0.01  0.00  0.00  0.99  0.00  0.00  0.00  0.06  0.00
  C_419-C-55              1.00   0.01  0.00  0.00  0.99  0.00  0.00  0.00  0.02  0.00
  C_420-C-55              1.00   0.01  0.00  0.00  0.99  0.00  0.00  0.00  0.12  0.00
  C_421-C-55              1.00   0.01  0.00  0.00  0.99  0.00  0.00  0.00  0.07  0.00
  C_422-C-55              1.00   0.01  0.00  0.00  0.91  0.08  0.00  0.00  0.08  0.00
  C_423-C-55              1.00   0.01  0.00  0.00  0.99  0.00  0.00  0.00  0.10  0.00
  C_424-C-55              1.00   0.01  0.00  0.00  0.99  0.00  0.00  0.00  0.12  0.00
  C_425-C-55              1.00   0.01  0.00  0.00  0.99  0.00  0.00  0.00  0.05  0.00
  C_426-C-55              1.00   0.01  0.00  0.00  0.99  0.00  0.00  0.00  0.02  0.00
  C_427-C-55              1.00   0.01  0.00  0.00  0.99  0.00  0.00  0.00  0.07  0.00
  C_428-C-55              1.00   0.01  0.00  0.00  0.99  0.00  0.00  0.00  0.08  0.00
  C_429-C-55              1.00   0.01  0.00  0.00  0.99  0.00  0.00  0.00  0.03  0.00
  C_430-C-55              1.00   0.01  0.00  0.00  0.53  0.46  0.00  0.00  0.06  0.00
  C_431-C-55              1.00   0.01  0.00  0.00  0.99  0.00  0.00  0.00  0.33  0.00
  C_432-C-55              1.00   0.01  0.00  0.00  0.99  0.00  0.00  0.00  0.17  0.00
  C_433-C-55              1.00   0.01  0.00  0.00  0.99  0.00  0.00  0.00  0.33  0.00
  C_434-C-55              1.00   0.01  0.00  0.00  0.99  0.00  0.00  0.00  0.02  0.00
  C_435-C-55              1.00   0.01  0.00  0.00  0.99  0.00  0.00  0.00  0.03  0.00
  C_436-C-55              1.00   0.01  0.00  0.00  0.99  0.00  0.00  0.00  0.17  0.00
  C_437-C-55              1.00   0.01  0.00  0.00  0.99  0.00  0.00  0.00  0.00  0.00
  C_438-C-55              1.00   0.01  0.00  0.00  0.99  0.00  0.00  0.00  0.03  0.00
  C_439-C-55              1.00   0.01  0.00  0.00  0.44  0.54  0.00  0.00  0.05  0.00
  C_440-C-106             1.00   0.01  0.00  0.00  0.99  0.00  0.00  0.00  0.07  0.00
  C_441-C-106             1.00   0.01  0.00  0.00  0.99  0.00  0.00  0.00  0.03  0.00
  C_442-C-106             1.00   0.01  0.00  0.00  0.99  0.00  0.00  0.00  0.00  0.00
  C_443-C-106             1.00   0.01  0.00  0.00  0.99  0.00  0.00  0.00  0.05  0.00
  C_444-C-106             1.00   0.01  0.00  0.00  0.99  0.00  0.00  0.00  0.07  0.00
  C_445-C-106             1.00   0.01  0.00  0.00  0.99  0.00  0.00  0.00  0.05  0.00
  C_446-C-106             1.00   0.01  0.00  0.00  0.99  0.00  0.00  0.00  0.04  0.00
  C_447-C-106             1.00   0.01  0.00  0.00  0.99  0.00  0.00  0.00  0.00  0.00
  C_448-C-114             1.00   0.01  0.00  0.00  0.99  0.00  0.00  0.00  0.01  0.00
  C_449-C-114             1.00   0.01  0.00  0.00  0.99  0.00  0.00  0.00  0.02  0.00
  C_450-C-114             1.00   0.01  0.00  0.00  0.99  0.00  0.00  0.00  0.06  0.00
  C_451-C-114             1.00   0.01  0.00  0.00  0.99  0.00  0.00  0.00  0.07  0.00
  C_452-C-114             1.00   0.01  0.00  0.00  0.98  0.01  0.00  0.00  0.76  0.00
  C_453-C-114             1.00   0.01  0.00  0.00  0.18  0.81  0.00  0.00  0.68  0.00
  C_454-C-114             1.00   0.01  0.00  0.00  0.09  0.90  0.00  0.00  0.51  0.00
  C_455-C-114             1.00   0.01  0.00  0.00  0.06  0.93  0.00  0.00  0.20  0.00
  C_456-C-114             1.00   0.01  0.00  0.00  0.07  0.92  0.00  0.00  0.87  0.00
  C_457-C-8               1.00   0.01  0.00  0.00  0.99  0.00  0.00  0.00  0.06  0.00
  C_458-C-8               1.00   0.01  0.00  0.00  0.99  0.00  0.00  0.00  0.04  0.00
  C_459-C-8               1.00   0.01  0.00  0.00  0.03  0.96  0.00  0.00  0.99  0.00
  C_460-C-8               1.00   0.01  0.00  0.00  0.06  0.93  0.00  0.00  0.97  0.00
  C_461-C-8               1.00   0.01  0.00  0.00  0.99  0.00  0.00  0.00  0.08  0.00
  C_462-C-8               1.00   0.01  0.00  0.00  0.99  0.00  0.00  0.00  0.00  0.00
  C_463-C-8               1.00   0.01  0.00  0.00  0.99  0.00  0.00  0.00  0.48  0.00
  C_464-C-8               1.00   0.01  0.00  0.00  0.99  0.00  0.00  0.00  0.03  0.00
  C_465-C-8               1.00   0.01  0.00  0.00  0.99  0.00  0.00  0.00  0.05  0.00
  C_466-C-28              1.00   0.01  0.00  0.00  0.94  0.04  0.00  0.00  0.06  0.00
  C_467-C-28              1.00   0.01  0.00  0.00  0.97  0.02  0.00  0.00  0.07  0.00
  C_468-C-28              1.00   0.01  0.00  0.00  0.97  0.01  0.00  0.00  0.00  0.00
  C_469-C-28              1.00   0.01  0.00  0.00  0.97  0.02  0.00  0.00  0.06  0.00
  C_470-C-28              1.00   0.01  0.00  0.00  0.99  0.00  0.00  0.00  0.07  0.00
  C_471-C-28              1.00   0.01  0.00  0.00  0.98  0.01  0.00  0.00  0.00  0.00
  C_472-C-28              1.00   0.01  0.00  0.00  0.99  0.00  0.00  0.00  0.06  0.00
  C_473-C-28              1.00   0.01  0.00  0.00  0.99  0.00  0.00  0.00  0.03  0.00
  C_474-C-28              1.00   0.01  0.00  0.00  0.99  0.00  0.00  0.00  0.05  0.00
  C_475-C-28              1.00   0.01  0.00  0.00  0.99  0.00  0.00  0.00  0.03  0.00
  C_476-C-28              1.00   0.01  0.00  0.00  0.99  0.00  0.00  0.00  0.01  0.00
  C_477-C-28              1.00   0.01  0.00  0.00  0.99  0.00  0.00  0.00  0.06  0.00
  C_478-C-28              1.00   0.01  0.00  0.00  0.99  0.00  0.00  0.00  0.00  0.00
  C_479-C-28              1.00   0.01  0.00  0.00  0.99  0.00  0.00  0.00  0.00  0.00
  C_480-C-28              1.00   0.01  0.00  0.00  0.99  0.00  0.00  0.00  0.05  0.00
  C_481-C-28              1.00   0.01  0.00  0.00  0.99  0.00  0.00  0.00  0.01  0.00
  C_482-C-28              1.00   0.01  0.00  0.00  0.99  0.00  0.00  0.00  0.05  0.00
  C_483-C-28              1.00   0.01  0.00  0.00  0.99  0.00  0.00  0.00  0.00  0.00
  C_484-C-28              1.00   0.01  0.00  0.00  0.99  0.00  0.00  0.00  0.07  0.00
  C_485-C-28              1.00   0.01  0.00  0.00  0.99  0.00  0.00  0.00  0.04  0.00
  C_486-C-28              1.00   0.01  0.00  0.00  0.99  0.00  0.00  0.00  0.06  0.00
  C_487-C-28              1.00   0.01  0.00  0.00  0.99  0.00  0.00  0.00  0.03  0.00
  C_488-C-28              1.00   0.01  0.00  0.00  0.99  0.00  0.00  0.00  0.07  0.00
  C_489-C-28              1.00   0.01  0.00  0.00  0.99  0.00  0.00  0.00  0.03  0.00
  C_490-C-28              1.00   0.01  0.00  0.00  0.99  0.00  0.00  0.00  0.04  0.00
  C_491-C-28              1.00   0.01  0.00  0.00  0.99  0.00  0.00  0.00  0.01  0.00
  C_492-C-28              1.00   0.01  0.00  0.00  0.99  0.00  0.00  0.00  0.00  0.00
  C_493-C-28              1.00   0.01  0.00  0.00  0.99  0.00  0.00  0.00  0.03  0.00
  C_494-C-28              1.00   0.01  0.00  0.00  0.99  0.00  0.00  0.00  0.07  0.00
  C_495-C-28              1.00   0.01  0.00  0.00  0.96  0.02  0.00  0.00  0.04  0.00
  C_496-C-28              1.00   0.01  0.00  0.00  0.99  0.00  0.00  0.00  0.00  0.00
  C_497-C-28              1.00   0.01  0.00  0.00  0.98  0.01  0.00  0.00  0.00  0.00
  C_498-C-28              1.00   0.01  0.00  0.00  0.97  0.02  0.00  0.00  0.06  0.00
  C_499-C-28              1.00   0.01  0.00  0.00  0.90  0.09  0.00  0.00  0.00  0.00
  C_500-C-28              1.00   0.01  0.00  0.00  0.63  0.36  0.00  0.00  0.01  0.00
  C_501-C-28              1.00   0.01  0.00  0.00  0.44  0.55  0.00  0.00  0.39  0.00
  C_502-C-28              1.00   0.01  0.00  0.00  0.92  0.07  0.00  0.00  0.14  0.00
  C_503-C-28              1.00   0.01  0.00  0.00  0.38  0.60  0.00  0.00  0.06  0.00
  C_504-C-28              1.00   0.01  0.00  0.00  0.47  0.52  0.00  0.00  0.05  0.00
  C_505-C-28              1.00   0.01  0.00  0.00  0.99  0.00  0.00  0.00  0.06  0.00
  C_506-C-28              1.00   0.01  0.00  0.00  0.99  0.00  0.00  0.00  0.04  0.00
  C_507-C-28              1.00   0.01  0.00  0.00  0.99  0.00  0.00  0.00  0.04  0.00
  C_508-C-28              1.00   0.01  0.00  0.00  0.99  0.00  0.00  0.00  0.04  0.00
  C_509-C-28              1.00   0.01  0.00  0.00  0.99  0.00  0.00  0.00  0.02  0.00
  C_510-C-28              1.00   0.01  0.00  0.00  0.99  0.00  0.00  0.00  0.07  0.00
  C_511-C-28              1.00   0.01  0.00  0.00  0.77  0.22  0.00  0.00  0.07  0.00
  C_512-C-28              1.00   0.01  0.00  0.00  0.07  0.92  0.00  0.00  0.32  0.00
  C_513-C-28              1.00   0.01  0.00  0.00  0.04  0.95  0.00  0.00  0.06  0.00
  C_514-C-28              1.00   0.01  0.00  0.00  0.04  0.95  0.00  0.00  0.35  0.00
  C_515-C-28              1.00   0.01  0.00  0.00  0.04  0.95  0.00  0.00  0.16  0.00
  C_516-C-28              1.00   0.01  0.00  0.00  0.05  0.94  0.00  0.00  0.90  0.00
  C_517-C-28              1.00   0.01  0.00  0.00  0.09  0.90  0.00  0.00  0.24  0.00
  C_518-C-28              1.00   0.01  0.00  0.00  0.47  0.52  0.00  0.00  0.06  0.00
  C_519-C-28              1.00   0.01  0.00  0.00  0.04  0.95  0.00  0.00  0.06  0.00
  C_520-C-28              1.00   0.01  0.00  0.00  0.04  0.95  0.00  0.00  0.40  0.00
  C_521-C-28              1.00   0.01  0.00  0.00  0.05  0.94  0.00  0.00  0.20  0.00
  C_522-C-28              1.00   0.01  0.00  0.00  0.04  0.95  0.00  0.00  0.12  0.00
  C_523-C-28              1.00   0.01  0.00  0.00  0.04  0.95  0.00  0.00  0.18  0.00
  C_524-C-28              1.00   0.01  0.00  0.00  0.31  0.67  0.00  0.00  0.05  0.00
  C_525-C-28              1.00   0.01  0.00  0.00  0.53  0.46  0.00  0.00  0.08  0.00
  C_526-C-28              1.00   0.01  0.00  0.00  0.04  0.95  0.00  0.00  0.09  0.00
  C_527-C-28              1.00   0.01  0.00  0.00  0.04  0.95  0.00  0.00  0.15  0.00
  C_528-C-28              1.00   0.01  0.00  0.00  0.05  0.94  0.00  0.00  0.77  0.00
  C_529-C-28              1.00   0.01  0.00  0.00  0.05  0.94  0.00  0.00  0.18  0.00
  C_530-C-28              1.00   0.01  0.00  0.00  0.05  0.94  0.00  0.00  0.46  0.00
  C_531-C-28              1.00   0.01  0.00  0.00  0.05  0.94  0.00  0.00  0.27  0.00
  C_532-C-28              1.00   0.01  0.00  0.00  0.05  0.94  0.00  0.00  0.49  0.00
  C_533-C-28              1.00   0.01  0.00  0.00  0.05  0.94  0.00  0.00  0.19  0.00
  C_534-C-28              1.00   0.01  0.00  0.00  0.05  0.93  0.00  0.00  0.92  0.00
  C_535-C-28              1.00   0.01  0.00  0.00  0.99  0.00  0.00  0.00  0.29  0.00
  C_536-C-28              1.00   0.01  0.00  0.00  0.99  0.00  0.00  0.00  0.11  0.00
  C_537-C-28              1.00   0.01  0.00  0.00  0.99  0.00  0.00  0.00  0.83  0.00
  C_538-C-28              1.00   0.01  0.00  0.00  0.21  0.78  0.00  0.00  0.49  0.00
  C_539-C-28              1.00   0.01  0.00  0.00  0.17  0.81  0.00  0.00  0.81  0.00
  C_540-C-28              1.00   0.01  0.00  0.00  0.84  0.15  0.00  0.00  0.99  0.00
  C_541-C-28              1.00   0.01  0.00  0.00  0.99  0.00  0.00  0.00  0.99  0.00
  C_542-C-28              1.00   0.01  0.00  0.00  0.99  0.00  0.00  0.00  0.04  0.00
  C_543-C-28              1.00   0.01  0.00  0.00  0.97  0.02  0.00  0.00  0.05  0.00
  C_544-C-28              1.00   0.01  0.00  0.00  0.96  0.03  0.00  0.00  0.01  0.00
  C_545-C-28              1.00   0.01  0.00  0.00  0.96  0.03  0.00  0.00  0.04  0.00
  C_546-C-28              1.00   0.01  0.00  0.00  0.96  0.03  0.00  0.00  0.05  0.00
  C_547-C-28              1.00   0.01  0.00  0.00  0.98  0.01  0.00  0.00  0.40  0.00
  C_548-C-28              1.00   0.01  0.00  0.00  0.39  0.60  0.00  0.00  0.38  0.00
  C_549-C-28              1.00   0.01  0.00  0.00  0.10  0.90  0.00  0.00  0.10  0.00
  C_550-C-63              1.00   0.01  0.00  0.00  0.99  0.00  0.00  0.00  0.00  0.00
  C_551-C-63              1.00   0.01  0.00  0.00  0.99  0.00  0.00  0.00  0.04  0.00
  C_552-C-63              1.00   0.01  0.00  0.00  0.99  0.00  0.00  0.00  0.03  0.00
  C_553-C-63              1.00   0.01  0.00  0.00  0.99  0.00  0.00  0.00  0.04  0.00
  C_554-C-63              1.00   0.01  0.00  0.00  0.99  0.00  0.00  0.00  0.03  0.00
  C_555-C-63              1.00   0.01  0.00  0.00  0.99  0.00  0.00  0.00  0.02  0.00
  C_556-C-63              1.00   0.01  0.00  0.00  0.99  0.00  0.00  0.00  0.02  0.00
  C_557-C-63              1.00   0.01  0.00  0.00  0.99  0.00  0.00  0.00  0.06  0.00
  C_558-C-7               1.00   0.01  0.00  0.00  0.00  0.99  0.00  0.00  0.97  0.00
  C_559-C-7               1.00   0.01  0.00  0.00  0.00  0.99  0.00  0.00  0.99  0.00
  C_560-C-7               1.00   0.01  0.00  0.00  0.00  0.99  0.00  0.00  0.97  0.00
  C_561-C-7               1.00   0.01  0.00  0.00  0.00  0.99  0.00  0.00  0.98  0.00
  C_562-C-7               1.00   0.01  0.00  0.00  0.00  0.99  0.00  0.00  0.99  0.00
  C_563-C-7               1.00   0.01  0.00  0.00  0.00  0.99  0.00  0.00  0.99  0.00
  C_564-C-7               1.00   0.01  0.00  0.00  0.00  0.99  0.00  0.00  0.98  0.00
  C_565-C-7               1.00   0.01  0.00  0.00  0.00  0.99  0.00  0.00  0.99  0.00
  C_566-C-7               1.00   0.01  0.00  0.00  0.00  0.99  0.00  0.00  0.99  0.00
  C_567-C-7               1.00   0.01  0.00  0.00  0.00  0.99  0.00  0.00  0.99  0.00
  C_568-C-7               1.00   0.01  0.00  0.00  0.00  0.98  0.00  0.00  0.96  0.00
  C_569-C-7               1.00   0.01  0.00  0.00  0.00  0.98  0.00  0.00  0.83  0.00
  C_570-C-7               1.00   0.01  0.00  0.00  0.00  0.98  0.00  0.00  0.08  0.00
  C_571-C-7               1.00   0.01  0.00  0.00  0.54  0.45  0.00  0.00  0.64  0.00
  C_572-C-7               1.00   0.01  0.00  0.00  0.79  0.20  0.00  0.00  0.20  0.00
  C_573-C-7               1.00   0.01  0.00  0.00  0.82  0.17  0.00  0.00  0.04  0.00
  C_574-C-7               1.00   0.01  0.00  0.00  0.99  0.00  0.00  0.00  0.01  0.00
  C_575-C-7               1.00   0.01  0.00  0.00  0.99  0.00  0.00  0.00  0.06  0.00
  C_576-C-7               1.00   0.01  0.00  0.00  0.92  0.07  0.00  0.00  0.00  0.00
  C_577-C-7               1.00   0.01  0.00  0.00  0.98  0.00  0.00  0.00  0.08  0.00
  C_578-C-7               1.00   0.01  0.00  0.00  0.99  0.00  0.00  0.00  0.02  0.00
  C_579-C-7               1.00   0.01  0.00  0.00  0.99  0.00  0.00  0.00  0.02  0.00
  C_580-C-7               1.00   0.01  0.00  0.00  0.99  0.00  0.00  0.00  0.02  0.00
  C_581-C-7               1.00   0.01  0.00  0.00  0.99  0.00  0.00  0.00  0.03  0.00
  C_582-C-7               1.00   0.01  0.00  0.00  0.99  0.00  0.00  0.00  0.03  0.00
  C_583-C-7               1.00   0.01  0.00  0.00  0.99  0.00  0.00  0.00  0.04  0.00
  C_584-C-7               1.00   0.01  0.00  0.00  0.99  0.00  0.00  0.00  0.04  0.00
  C_585-C-7               1.00   0.01  0.00  0.00  0.99  0.00  0.00  0.00  0.00  0.00
  C_586-C-7               1.00   0.01  0.00  0.00  0.99  0.00  0.00  0.00  0.03  0.00
  C_587-C-7               1.00   0.01  0.00  0.00  0.99  0.00  0.00  0.00  0.00  0.00
  C_588-C-7               1.00   0.01  0.00  0.00  0.92  0.07  0.00  0.00  0.04  0.00
  C_589-C-7               1.00   0.01  0.00  0.00  0.98  0.01  0.00  0.00  0.01  0.00
  C_590-C-7               1.00   0.01  0.00  0.00  0.99  0.00  0.00  0.00  0.04  0.00
  C_591-C-7               1.00   0.01  0.00  0.00  0.99  0.00  0.00  0.00  0.00  0.00
  C_592-C-7               1.00   0.01  0.00  0.00  0.99  0.00  0.00  0.00  0.04  0.00
  C_593-C-7               1.00   0.01  0.00  0.00  0.99  0.00  0.00  0.00  0.03  0.00
  C_594-C-7               1.00   0.01  0.00  0.00  0.98  0.01  0.00  0.00  0.04  0.00
  C_595-C-7               1.00   0.01  0.00  0.00  0.99  0.00  0.00  0.00  0.01  0.00
  C_596-C-7               1.00   0.01  0.00  0.00  0.99  0.00  0.00  0.00  0.05  0.00
  C_597-C-7               1.00   0.01  0.00  0.00  0.95  0.04  0.00  0.00  0.00  0.00
  C_598-C-7               1.00   0.01  0.00  0.00  0.99  0.00  0.00  0.00  0.06  0.00
  C_599-C-7               1.00   0.01  0.00  0.00  0.99  0.00  0.00  0.00  0.01  0.00
  C_600-C-7               1.00   0.01  0.00  0.00  0.99  0.00  0.00  0.00  0.00  0.00
  C_601-C-7               1.00   0.01  0.00  0.00  0.99  0.00  0.00  0.00  0.04  0.00
  C_602-C-7               1.00   0.01  0.00  0.00  0.99  0.00  0.00  0.00  0.03  0.00
  C_603-C-7               1.00   0.01  0.00  0.00  0.99  0.00  0.00  0.00  0.00  0.00
  C_604-C-7               1.00   0.01  0.00  0.00  0.99  0.00  0.00  0.00  0.04  0.00
  C_605-C-7               1.00   0.01  0.00  0.00  0.94  0.05  0.00  0.00  0.04  0.00
  C_606-C-7               1.00   0.01  0.00  0.00  0.93  0.06  0.00  0.00  0.00  0.00
  C_607-C-7               1.00   0.01  0.00  0.00  0.95  0.03  0.00  0.00  0.05  0.00
  C_608-C-7               1.00   0.01  0.00  0.00  0.99  0.00  0.00  0.00  0.01  0.00
  C_609-C-7               1.00   0.01  0.00  0.00  0.99  0.00  0.00  0.00  0.05  0.00
  C_610-C-7               1.00   0.01  0.00  0.00  0.99  0.00  0.00  0.00  0.00  0.00
  C_611-C-7               1.00   0.01  0.00  0.00  0.99  0.00  0.00  0.00  0.05  0.00
  C_612-C-7               1.00   0.01  0.00  0.00  0.99  0.00  0.00  0.00  0.05  0.00
  C_613-C-7               1.00   0.01  0.00  0.00  0.99  0.00  0.00  0.00  0.00  0.00
  C_614-C-7               1.00   0.01  0.00  0.00  0.99  0.00  0.00  0.00  0.05  0.00
  C_615-C-7               1.00   0.01  0.00  0.00  0.99  0.00  0.00  0.00  0.05  0.00
  C_616-C-7               1.00   0.01  0.00  0.00  0.99  0.00  0.00  0.00  0.06  0.00
  C_617-C-7               1.00   0.01  0.00  0.00  0.99  0.00  0.00  0.00  0.00  0.00
  C_618-C-7               1.00   0.01  0.00  0.00  0.99  0.00  0.00  0.00  0.04  0.00
  C_619-C-7               1.00   0.01  0.00  0.00  0.99  0.00  0.00  0.00  0.00  0.00
  C_620-C-7               1.00   0.01  0.00  0.00  0.98  0.01  0.00  0.00  0.04  0.00
  C_621-C-7               1.00   0.01  0.00  0.00  0.96  0.03  0.00  0.00  0.00  0.00
  C_622-C-7               1.00   0.01  0.00  0.00  0.95  0.04  0.00  0.00  0.06  0.00
  C_623-C-7               1.00   0.01  0.00  0.00  0.99  0.00  0.00  0.00  0.04  0.00
  C_624-C-7               1.00   0.01  0.00  0.00  0.96  0.03  0.00  0.00  0.04  0.00
  C_625-C-7               1.00   0.01  0.00  0.00  0.99  0.00  0.00  0.00  0.03  0.00
  C_626-C-7               1.00   0.01  0.00  0.00  0.99  0.00  0.00  0.00  0.04  0.00
  C_627-C-7               1.00   0.01  0.00  0.00  0.99  0.00  0.00  0.00  0.01  0.00
  C_628-C-7               1.00   0.01  0.00  0.00  0.99  0.00  0.00  0.00  0.04  0.00
  C_629-C-7               1.00   0.01  0.00  0.00  0.99  0.00  0.00  0.00  0.02  0.00
  C_630-C-7               1.00   0.01  0.00  0.00  0.99  0.00  0.00  0.00  0.02  0.00
  C_631-C-7               1.00   0.01  0.00  0.00  0.99  0.00  0.00  0.00  0.04  0.00
  C_632-C-7               1.00   0.01  0.00  0.00  0.99  0.00  0.00  0.00  0.05  0.00
  C_633-C-7               1.00   0.01  0.00  0.00  0.99  0.00  0.00  0.00  0.02  0.00
  C_634-C-7               1.00   0.01  0.00  0.00  0.97  0.02  0.00  0.00  0.04  0.00
  C_635-C-7               1.00   0.01  0.00  0.00  0.99  0.00  0.00  0.00  0.00  0.00
  C_636-C-7               1.00   0.01  0.00  0.00  0.99  0.00  0.00  0.00  0.05  0.00
  C_637-C-7               1.00   0.01  0.00  0.00  0.99  0.00  0.00  0.00  0.06  0.00
  C_638-C-7               1.00   0.01  0.00  0.00  0.99  0.00  0.00  0.00  0.03  0.00
  C_639-C-7               1.00   0.01  0.00  0.00  0.99  0.00  0.00  0.00  0.04  0.00
  C_640-C-7               1.00   0.01  0.00  0.00  0.99  0.00  0.00  0.00  0.06  0.00
  C_641-C-7               1.00   0.01  0.00  0.00  0.99  0.00  0.00  0.00  0.00  0.00
  C_642-C-7               1.00   0.01  0.00  0.00  0.99  0.00  0.00  0.00  0.00  0.00
  C_643-C-7               1.00   0.01  0.00  0.00  0.99  0.00  0.00  0.00  0.04  0.00
  C_644-C-7               1.00   0.01  0.00  0.00  0.99  0.00  0.00  0.00  0.06  0.00
  C_645-C-7               1.00   0.01  0.00  0.00  0.97  0.02  0.00  0.00  0.06  0.00
  C_646-C-7               1.00   0.01  0.00  0.00  0.98  0.01  0.00  0.00  0.05  0.00
  C_647-C-7               1.00   0.01  0.00  0.00  0.99  0.00  0.00  0.00  0.05  0.00
  C_648-C-7               1.00   0.01  0.00  0.00  0.99  0.00  0.00  0.00  0.03  0.00
  C_649-C-7               1.00   0.01  0.00  0.00  0.99  0.00  0.00  0.00  0.00  0.00
  C_650-C-7               1.00   0.01  0.00  0.00  0.99  0.00  0.00  0.00  0.05  0.00
  C_651-C-7               1.00   0.01  0.00  0.00  0.96  0.03  0.00  0.00  0.04  0.00
  C_652-C-7               1.00   0.01  0.00  0.00  0.96  0.03  0.00  0.00  0.04  0.00
  C_653-C-7               1.00   0.01  0.00  0.00  0.98  0.01  0.00  0.00  0.03  0.00
  C_654-C-7               1.00   0.01  0.00  0.00  0.99  0.00  0.00  0.00  0.03  0.00
  C_655-C-7               1.00   0.01  0.00  0.00  0.99  0.00  0.00  0.00  0.03  0.00
  C_656-C-7               1.00   0.01  0.00  0.00  0.99  0.00  0.00  0.00  0.07  0.00
  C_657-C-7               1.00   0.01  0.00  0.00  0.95  0.03  0.00  0.00  0.05  0.00
  C_658-C-7               1.00   0.01  0.00  0.00  0.96  0.03  0.00  0.00  0.01  0.00
  C_659-C-7               1.00   0.01  0.00  0.00  0.97  0.02  0.00  0.00  0.04  0.00
  C_660-C-7               1.00   0.01  0.00  0.00  0.99  0.00  0.00  0.00  0.03  0.00
  C_661-C-7               1.00   0.01  0.00  0.00  0.99  0.00  0.00  0.00  0.03  0.00
  C_662-C-7               1.00   0.01  0.00  0.00  0.99  0.00  0.00  0.00  0.04  0.00
  C_663-C-7               1.00   0.01  0.00  0.00  0.99  0.00  0.00  0.00  0.05  0.00
  C_664-C-7               1.00   0.01  0.00  0.00  0.97  0.02  0.00  0.00  0.04  0.00
  C_665-C-7               1.00   0.01  0.00  0.00  0.99  0.00  0.00  0.00  0.04  0.00
  C_666-C-7               1.00   0.01  0.00  0.00  0.99  0.00  0.00  0.00  0.05  0.00
  C_667-C-7               1.00   0.01  0.00  0.00  0.95  0.04  0.00  0.00  0.03  0.00
  C_668-C-7               1.00   0.01  0.00  0.00  0.95  0.04  0.00  0.00  0.01  0.00
  C_669-C-7               1.00   0.01  0.00  0.00  0.94  0.05  0.00  0.00  0.03  0.00
  C_670-C-7               1.00   0.01  0.00  0.00  0.99  0.00  0.00  0.00  0.00  0.00
  C_671-C-7               1.00   0.01  0.00  0.00  0.99  0.00  0.00  0.00  0.00  0.00
  C_672-C-7               1.00   0.01  0.00  0.00  0.99  0.00  0.00  0.00  0.00  0.00
  C_673-C-7               1.00   0.01  0.00  0.00  0.99  0.00  0.00  0.00  0.05  0.00
  C_674-C-7               1.00   0.01  0.00  0.00  0.97  0.01  0.00  0.00  0.04  0.00
  C_675-C-7               1.00   0.01  0.00  0.00  0.91  0.08  0.00  0.00  0.01  0.00
  C_676-C-7               1.00   0.01  0.00  0.00  0.90  0.09  0.00  0.00  0.05  0.00
  C_677-C-7               1.00   0.01  0.00  0.00  0.99  0.00  0.00  0.00  0.00  0.00
  C_678-C-7               1.00   0.01  0.00  0.00  0.99  0.00  0.00  0.00  0.15  0.00
  C_679-C-7               1.00   0.01  0.00  0.00  0.87  0.12  0.00  0.00  0.08  0.00
  C_680-C-7               1.00   0.01  0.00  0.00  0.83  0.16  0.00  0.00  0.02  0.00
  C_681-C-7               1.00   0.01  0.00  0.00  0.83  0.16  0.00  0.00  0.11  0.00
  C_682-C-7               1.00   0.01  0.00  0.00  0.83  0.16  0.00  0.00  0.04  0.00
  C_683-C-7               1.00   0.01  0.00  0.00  0.81  0.18  0.00  0.00  0.03  0.00
  C_684-C-7               1.00   0.01  0.00  0.00  0.80  0.19  0.00  0.00  0.02  0.00
  C_685-C-7               1.00   0.01  0.00  0.00  0.78  0.21  0.00  0.00  0.06  0.00
  C_686-C-7               1.00   0.01  0.00  0.00  0.76  0.23  0.00  0.00  0.07  0.00
  C_687-C-7               1.00   0.01  0.00  0.00  0.74  0.25  0.00  0.00  0.17  0.00
  C_688-C-7               1.00   0.01  0.00  0.00  0.78  0.21  0.00  0.00  0.00  0.00
  C_689-C-7               1.00   0.01  0.00  0.00  0.74  0.25  0.00  0.00  0.23  0.00
  C_690-C-7               1.00   0.01  0.00  0.00  0.73  0.26  0.00  0.00  0.11  0.00
  C_691-C-7               1.00   0.01  0.00  0.00  0.66  0.33  0.00  0.00  0.33  0.00
  C_692-C-7               1.00   0.01  0.00  0.00  0.65  0.34  0.00  0.00  0.04  0.00
  C_693-C-7               1.00   0.01  0.00  0.00  0.63  0.36  0.00  0.00  0.03  0.00
  C_694-C-7               1.00   0.01  0.00  0.00  0.63  0.36  0.00  0.00  0.31  0.00
  C_695-C-7               1.00   0.01  0.00  0.00  0.63  0.36  0.00  0.00  0.03  0.00
  C_696-C-7               1.00   0.01  0.00  0.00  0.62  0.37  0.00  0.00  0.14  0.00
  C_697-C-7               1.00   0.01  0.00  0.00  0.55  0.44  0.00  0.00  0.06  0.00
  C_698-C-7               1.00   0.01  0.00  0.00  0.54  0.45  0.00  0.00  0.24  0.00
  C_699-C-7               1.00   0.01  0.00  0.00  0.63  0.36  0.00  0.00  0.05  0.00
  C_700-C-7               1.00   0.01  0.00  0.00  0.49  0.50  0.00  0.00  0.08  0.00
  C_701-C-7               1.00   0.01  0.00  0.00  0.50  0.49  0.00  0.00  0.05  0.00
  C_702-C-7               1.00   0.01  0.00  0.00  0.44  0.55  0.00  0.00  0.07  0.00
  C_703-C-7               1.00   0.01  0.00  0.00  0.39  0.60  0.00  0.00  0.50  0.00
  C_704-C-7               1.00   0.01  0.00  0.00  0.37  0.62  0.00  0.00  0.07  0.00
  C_705-C-7               1.00   0.01  0.00  0.00  0.33  0.66  0.00  0.00  0.17  0.00
  C_706-C-7               1.00   0.01  0.00  0.00  0.28  0.71  0.00  0.00  0.09  0.00
  C_707-C-7               1.00   0.01  0.00  0.00  0.24  0.75  0.00  0.00  0.24  0.00
  C_708-C-7               1.00   0.01  0.00  0.00  0.12  0.87  0.00  0.00  0.24  0.00
  C_709-C-7               1.00   0.01  0.00  0.00  0.02  0.97  0.00  0.00  0.85  0.00
  C_710-C-7               1.00   0.01  0.00  0.00  0.02  0.97  0.00  0.00  0.58  0.00
  C_711-C-7               1.00   0.01  0.00  0.00  0.02  0.97  0.00  0.00  0.99  0.00
  C_712-C-7               1.00   0.01  0.00  0.00  0.02  0.97  0.00  0.00  0.79  0.00
  C_713-C-7               1.00   0.01  0.00  0.00  0.02  0.97  0.00  0.00  0.96  0.00
  C_714-C-7               1.00   0.01  0.00  0.00  0.02  0.97  0.00  0.00  0.98  0.00
  C_715-C-7               1.00   0.01  0.00  0.00  0.02  0.97  0.00  0.00  0.98  0.00
  C_716-C-7               1.00   0.01  0.00  0.00  0.01  0.98  0.00  0.00  0.97  0.00
  C_717-C-7               1.00   0.01  0.00  0.00  0.01  0.98  0.00  0.00  0.97  0.00
  C_718-C-63              1.00   0.01  0.00  0.00  0.99  0.00  0.00  0.00  0.12  0.00
  C_719-C-63              1.00   0.01  0.00  0.00  0.99  0.00  0.00  0.00  0.00  0.00
  C_720-C-63              1.00   0.01  0.00  0.00  0.99  0.00  0.00  0.00  0.03  0.00
  C_721-C-63              1.00   0.01  0.00  0.00  0.99  0.00  0.00  0.00  0.11  0.00
  C_722-C-63              1.00   0.01  0.00  0.00  0.98  0.01  0.00  0.00  0.04  0.00
  C_723-C-63              1.00   0.01  0.00  0.00  0.94  0.05  0.00  0.00  0.02  0.00
  C_724-C-63              1.00   0.01  0.00  0.00  0.95  0.04  0.00  0.00  0.05  0.00
  C_725-C-63              1.00   0.01  0.00  0.00  0.99  0.00  0.00  0.00  0.04  0.00
  C_726-C-63              1.00   0.01  0.00  0.00  0.99  0.00  0.00  0.00  0.02  0.00
  C_727-C-63              1.00   0.01  0.00  0.00  0.99  0.00  0.00  0.00  0.02  0.00
  C_728-C-63              1.00   0.01  0.00  0.00  0.99  0.00  0.00  0.00  0.03  0.00
  C_729-C-107             1.00   0.01  0.00  0.00  0.99  0.00  0.00  0.00  0.04  0.00
  C_730-C-107             1.00   0.01  0.00  0.00  0.99  0.00  0.00  0.00  0.01  0.00
  C_731-C-107             1.00   0.01  0.00  0.00  0.99  0.00  0.00  0.00  0.04  0.00
  C_732-C-107             1.00   0.01  0.00  0.00  0.99  0.00  0.00  0.00  0.02  0.00
  C_733-C-107             1.00   0.01  0.00  0.00  0.99  0.00  0.00  0.00  0.06  0.00
  C_734-C-107             1.00   0.01  0.16  0.00  0.83  0.00  0.00  0.00  0.06  0.00
  C_735-C-107             1.00   0.01  0.00  0.00  0.99  0.00  0.00  0.00  0.04  0.00
  C_736-C-81              1.00   0.01  0.00  0.00  0.99  0.00  0.00  0.00  0.02  0.00
  C_737-C-81              1.00   0.01  0.00  0.00  0.99  0.00  0.00  0.00  0.00  0.00
  C_738-C-81              1.00   0.01  0.00  0.00  0.99  0.00  0.00  0.00  0.06  0.00
  C_739-C-81              1.00   0.01  0.00  0.00  0.97  0.02  0.00  0.00  0.16  0.00
  C_740-C-81              1.00   0.01  0.00  0.00  0.53  0.46  0.00  0.00  0.10  0.00
  C_741-C-81              1.00   0.01  0.00  0.00  0.61  0.38  0.00  0.00  0.28  0.00
  C_742-C-81              1.00   0.01  0.00  0.00  0.51  0.48  0.00  0.00  0.60  0.00
  C_743-C-81              1.00   0.01  0.00  0.00  0.19  0.80  0.00  0.00  0.89  0.00
  C_744-C-81              1.00   0.01  0.00  0.00  0.99  0.00  0.00  0.00  0.25  0.00
  C_745-C-81              1.00   0.01  0.00  0.00  0.99  0.00  0.00  0.00  0.21  0.00
  C_746-C-81              1.00   0.01  0.00  0.00  0.99  0.00  0.00  0.00  0.07  0.00
  C_747-C-81              1.00   0.01  0.00  0.00  0.99  0.00  0.00  0.00  0.03  0.00
  C_748-C-81              1.00   0.01  0.00  0.00  0.99  0.00  0.00  0.00  0.04  0.00
  C_749-C-81              1.00   0.01  0.00  0.00  0.99  0.00  0.00  0.00  0.22  0.00
  C_750-C-81              1.00   0.01  0.00  0.00  0.97  0.03  0.00  0.00  0.03  0.00
  C_751-C-24              1.00   0.01  0.00  0.00  0.98  0.00  0.00  0.00  0.02  0.00
  C_752-C-24              1.00   0.01  0.00  0.00  0.99  0.00  0.00  0.00  0.00  0.00
  C_753-C-24              1.00   0.01  0.00  0.00  0.99  0.00  0.00  0.00  0.04  0.00
  C_754-C-24              1.00   0.01  0.00  0.00  0.99  0.00  0.00  0.00  0.03  0.00
  C_755-C-24              1.00   0.01  0.00  0.00  0.99  0.00  0.00  0.00  0.03  0.00
  C_756-C-24              1.00   0.01  0.00  0.00  0.99  0.00  0.00  0.00  0.03  0.00
  C_757-C-24              1.00   0.01  0.00  0.00  0.99  0.00  0.00  0.00  0.03  0.00
  C_758-C-24              1.00   0.01  0.00  0.00  0.99  0.00  0.00  0.00  0.00  0.00
  C_759-C-24              1.00   0.01  0.00  0.00  0.99  0.00  0.00  0.00  0.07  0.00
  C_760-C-24              1.00   0.01  0.00  0.00  0.99  0.00  0.00  0.00  0.05  0.00
  C_761-C-24              1.00   0.01  0.00  0.00  0.99  0.00  0.00  0.00  0.04  0.00
  C_762-C-24              1.00   0.01  0.00  0.00  0.99  0.00  0.00  0.00  0.06  0.00
  C_763-C-24              1.00   0.01  0.00  0.00  0.99  0.00  0.00  0.00  0.05  0.00
  C_764-C-24              1.00   0.01  0.00  0.00  0.99  0.00  0.00  0.00  0.04  0.00
  C_765-C-24              1.00   0.01  0.00  0.00  0.99  0.00  0.00  0.00  0.02  0.00
  C_766-C-24              1.00   0.01  0.00  0.00  0.99  0.00  0.00  0.00  0.00  0.00
  C_767-C-134             1.00   0.01  0.00  0.00  0.99  0.00  0.00  0.00  0.00  0.00
  C_768-C-134             1.00   0.01  0.00  0.00  0.99  0.00  0.00  0.00  0.05  0.00
  C_769-C-134             1.00   0.01  0.00  0.00  0.99  0.00  0.00  0.00  0.06  0.00
  C_770-C-134             1.00   0.01  0.00  0.00  0.95  0.03  0.00  0.00  0.03  0.00
  C_771-C-134             1.00   0.01  0.00  0.00  0.93  0.06  0.00  0.00  0.15  0.00
  C_772-C-134             1.00   0.01  0.00  0.00  0.99  0.00  0.00  0.00  0.01  0.00
  C_773-C-134             1.00   0.01  0.00  0.00  0.98  0.00  0.00  0.00  0.35  0.00
  C_774-C-134             1.00   0.01  0.00  0.00  0.63  0.35  0.00  0.00  0.97  0.00
  C_775-C-134             1.00   0.01  0.00  0.00  0.91  0.07  0.00  0.00  0.22  0.00
  C_776-C-111             1.00   0.01  0.09  0.00  0.90  0.00  0.00  0.00  0.00  0.00
  C_777-C-83              1.00   0.01  0.00  0.00  0.73  0.26  0.00  0.00  0.08  0.00
  C_778-C-83              1.00   0.01  0.00  0.00  0.81  0.18  0.00  0.00  0.05  0.00
  C_779-C-83              1.00   0.01  0.00  0.00  0.71  0.28  0.00  0.00  0.05  0.00
  C_780-C-83              1.00   0.01  0.00  0.00  0.99  0.00  0.00  0.00  0.05  0.00
  C_781-C-83              1.00   0.01  0.00  0.00  0.99  0.00  0.00  0.00  0.05  0.00
  C_782-C-83              1.00   0.01  0.00  0.00  0.99  0.00  0.00  0.00  0.04  0.00
  C_783-C-83              1.00   0.01  0.00  0.00  0.99  0.00  0.00  0.00  0.00  0.00
  C_784-C-83              1.00   0.01  0.00  0.00  0.99  0.00  0.00  0.00  0.04  0.00
  C_785-C-83              1.00   0.01  0.00  0.00  0.99  0.00  0.00  0.00  0.02  0.00
  C_786-C-83              1.00   0.01  0.00  0.00  0.99  0.00  0.00  0.00  0.00  0.00
  C_787-C-83              1.00   0.01  0.00  0.00  0.99  0.00  0.00  0.00  0.04  0.00
  C_788-C-83              1.00   0.01  0.00  0.00  0.99  0.00  0.00  0.00  0.02  0.00
  C_789-C-83              1.00   0.01  0.00  0.00  0.99  0.00  0.00  0.00  0.02  0.00
  C_790-C-83              1.00   0.01  0.00  0.00  0.99  0.00  0.00  0.00  0.02  0.00
  C_791-C-83              1.00   0.01  0.00  0.00  0.99  0.00  0.00  0.00  0.03  0.00
  C_792-C-83              1.00   0.01  0.00  0.00  0.99  0.00  0.00  0.00  0.04  0.00
  C_793-C-83              1.00   0.01  0.00  0.00  0.99  0.00  0.00  0.00  0.02  0.00
  C_794-C-83              1.00   0.01  0.00  0.00  0.99  0.00  0.00  0.00  0.03  0.00
  C_795-C-83              1.00   0.01  0.00  0.00  0.98  0.01  0.00  0.00  0.04  0.00
  C_796-C-83              1.00   0.01  0.00  0.00  0.99  0.00  0.00  0.00  0.00  0.00
  C_797-C-83              1.00   0.01  0.00  0.00  0.99  0.00  0.00  0.00  0.06  0.00
  C_798-C-83              1.00   0.01  0.00  0.00  0.99  0.00  0.00  0.00  0.00  0.00
  C_799-C-83              1.00   0.01  0.00  0.00  0.99  0.00  0.00  0.00  0.05  0.00
  C_800-C-83              1.00   0.01  0.00  0.00  0.99  0.00  0.00  0.00  0.03  0.00
  C_801-C-83              1.00   0.01  0.00  0.00  0.99  0.00  0.00  0.00  0.01  0.00
  C_802-C-83              1.00   0.01  0.00  0.00  0.99  0.00  0.00  0.00  0.05  0.00
  C_803-C-83              1.00   0.01  0.00  0.00  0.99  0.00  0.00  0.00  0.00  0.00
  C_804-C-83              1.00   0.01  0.00  0.00  0.99  0.00  0.00  0.00  0.01  0.00
  C_805-C-83              1.00   0.01  0.00  0.00  0.99  0.00  0.00  0.00  0.09  0.00
  C_806-C-83              1.00   0.01  0.00  0.00  0.90  0.09  0.00  0.00  0.09  0.00
  C_807-C-83              1.00   0.01  0.00  0.00  0.87  0.12  0.00  0.00  0.06  0.00
  C_808-C-83              1.00   0.01  0.00  0.00  0.85  0.14  0.00  0.00  0.10  0.00
  C_809-C-83              1.00   0.01  0.00  0.00  0.86  0.13  0.00  0.00  0.17  0.00
  C_810-C-83              1.00   0.01  0.00  0.00  0.83  0.16  0.00  0.00  0.63  0.00
  C_811-C-83              1.00   0.01  0.00  0.00  0.40  0.59  0.00  0.00  0.08  0.00
  C_812-C-83              1.00   0.01  0.00  0.00  0.40  0.58  0.00  0.00  0.52  0.00
  C_813-C-83              1.00   0.01  0.00  0.00  0.38  0.61  0.00  0.00  0.09  0.00
  C_814-C-83              1.00   0.01  0.00  0.00  0.27  0.72  0.00  0.00  0.11  0.00
  C_815-C-83              1.00   0.01  0.00  0.00  0.24  0.75  0.00  0.00  0.31  0.00
  C_816-C-32              1.00   0.01  0.00  0.00  0.98  0.01  0.00  0.00  0.02  0.00
  C_817-C-32              1.00   0.01  0.00  0.00  0.99  0.00  0.00  0.00  0.00  0.00
  C_818-C-32              1.00   0.01  0.00  0.00  0.99  0.00  0.00  0.00  0.24  0.00
  C_819-C-32              1.00   0.01  0.00  0.00  0.99  0.00  0.00  0.00  0.04  0.00
  C_820-C-32              1.00   0.01  0.00  0.00  0.99  0.00  0.00  0.00  0.64  0.00
  C_821-C-32              1.00   0.01  0.00  0.00  0.99  0.00  0.00  0.00  0.40  0.00
  C_822-C-32              1.00   0.01  0.00  0.00  0.99  0.00  0.00  0.00  0.00  0.00
  C_823-C-32              1.00   0.01  0.00  0.00  0.86  0.13  0.00  0.00  0.04  0.00
  C_824-C-32              1.00   0.01  0.00  0.00  0.06  0.93  0.00  0.00  0.15  0.00
  C_825-C-32              1.00   0.01  0.00  0.00  0.03  0.95  0.00  0.00  0.02  0.00
  C_826-C-32              1.00   0.01  0.00  0.00  0.05  0.93  0.00  0.00  0.05  0.00
  C_827-C-32              1.00   0.01  0.00  0.00  0.04  0.95  0.00  0.00  0.93  0.00
  C_828-C-32              1.00   0.01  0.00  0.00  0.03  0.96  0.00  0.00  0.10  0.00
  C_829-C-32              1.00   0.01  0.00  0.00  0.03  0.96  0.00  0.00  0.41  0.00
  C_830-C-32              1.00   0.01  0.00  0.00  0.31  0.68  0.00  0.00  0.07  0.00
  C_831-C-32              1.00   0.01  0.00  0.00  0.37  0.62  0.00  0.00  0.04  0.00
  C_832-C-32              1.00   0.01  0.00  0.00  0.41  0.58  0.00  0.00  0.46  0.00
  C_833-C-32              1.00   0.01  0.00  0.00  0.51  0.47  0.00  0.00  0.22  0.00
  C_834-C-32              1.00   0.01  0.00  0.00  0.54  0.45  0.00  0.00  0.09  0.00
  C_835-C-32              1.00   0.01  0.00  0.00  0.55  0.43  0.00  0.00  0.38  0.00
  C_836-C-32              1.00   0.01  0.00  0.00  0.58  0.41  0.00  0.00  0.21  0.00
  C_837-C-32              1.00   0.01  0.00  0.00  0.61  0.38  0.00  0.00  0.07  0.00
  C_838-C-32              1.00   0.01  0.00  0.00  0.91  0.08  0.00  0.00  0.40  0.00
  C_839-C-32              1.00   0.01  0.00  0.00  0.66  0.32  0.00  0.00  0.04  0.00
  C_840-C-32              1.00   0.01  0.00  0.00  0.70  0.29  0.00  0.00  0.13  0.00
  C_841-C-32              1.00   0.01  0.00  0.00  0.78  0.21  0.00  0.00  0.07  0.00
  C_842-C-32              1.00   0.01  0.00  0.00  0.88  0.11  0.00  0.00  0.03  0.00
  C_843-C-32              1.00   0.01  0.00  0.00  0.95  0.03  0.00  0.00  0.04  0.00
  C_844-C-32              1.00   0.01  0.00  0.00  0.94  0.04  0.00  0.00  0.01  0.00
  C_845-C-32              1.00   0.01  0.00  0.00  0.94  0.05  0.00  0.00  0.00  0.00
  C_846-C-32              1.00   0.01  0.00  0.00  0.95  0.04  0.00  0.00  0.06  0.00
  C_847-C-32              1.00   0.01  0.00  0.00  0.95  0.04  0.00  0.00  0.02  0.00
  C_848-C-32              1.00   0.01  0.00  0.00  0.95  0.04  0.00  0.00  0.05  0.00
  C_849-C-32              1.00   0.01  0.00  0.00  0.96  0.02  0.00  0.00  0.06  0.00
  C_850-C-32              1.00   0.01  0.00  0.00  0.99  0.00  0.00  0.00  0.05  0.00
  C_851-C-32              1.00   0.01  0.00  0.00  0.99  0.00  0.00  0.00  0.02  0.00
  C_852-C-32              1.00   0.01  0.00  0.00  0.99  0.00  0.00  0.00  0.04  0.00
  C_853-C-32              1.00   0.01  0.00  0.00  0.99  0.00  0.00  0.00  0.04  0.00
  C_854-C-32              1.00   0.01  0.00  0.00  0.99  0.00  0.00  0.00  0.03  0.00
  C_855-C-32              1.00   0.01  0.00  0.00  0.99  0.00  0.00  0.00  0.04  0.00
  C_856-C-32              1.00   0.01  0.00  0.00  0.98  0.01  0.00  0.00  0.04  0.00
  C_857-C-32              1.00   0.01  0.00  0.00  0.99  0.00  0.00  0.00  0.00  0.00
  C_858-C-32              1.00   0.01  0.00  0.00  0.99  0.00  0.00  0.00  0.04  0.00
  C_859-C-32              1.00   0.01  0.00  0.00  0.98  0.01  0.00  0.00  0.04  0.00
  C_860-C-32              1.00   0.01  0.00  0.00  0.96  0.03  0.00  0.00  0.03  0.00
  C_861-C-32              1.00   0.01  0.00  0.00  0.99  0.00  0.00  0.00  0.00  0.00
  C_862-C-32              1.00   0.01  0.00  0.00  0.98  0.01  0.00  0.00  0.05  0.00
  C_863-C-32              1.00   0.01  0.00  0.00  0.95  0.04  0.00  0.00  0.02  0.00
  C_864-C-32              1.00   0.01  0.00  0.00  0.94  0.05  0.00  0.00  0.05  0.00
  C_865-C-32              1.00   0.01  0.00  0.00  0.93  0.06  0.00  0.00  0.06  0.00
  C_866-C-32              1.00   0.01  0.00  0.00  0.63  0.36  0.00  0.00  0.30  0.00
  C_867-C-32              1.00   0.01  0.00  0.00  0.58  0.41  0.00  0.00  0.04  0.00
  C_868-C-32              1.00   0.01  0.00  0.00  0.55  0.44  0.00  0.00  0.71  0.00
  C_869-C-32              1.00   0.01  0.00  0.00  0.21  0.78  0.00  0.00  0.36  0.00
  C_870-C-32              1.00   0.01  0.00  0.00  0.02  0.96  0.00  0.00  0.67  0.00
  C_871-C-32              1.00   0.01  0.00  0.00  0.03  0.96  0.00  0.00  0.89  0.00
  C_872-C-32              1.00   0.01  0.00  0.00  0.04  0.95  0.00  0.00  0.29  0.00
  C_873-C-32              1.00   0.01  0.00  0.00  0.04  0.95  0.00  0.00  0.97  0.00
  C_874-C-32              1.00   0.01  0.00  0.00  0.48  0.51  0.00  0.00  0.88  0.00
  C_875-C-133             1.00   0.01  0.00  0.00  0.01  0.98  0.00  0.00  0.01  0.00
  C_876-C-133             1.00   0.01  0.00  0.00  0.99  0.00  0.00  0.00  0.06  0.00
  C_877-C-133             1.00   0.01  0.00  0.00  0.99  0.00  0.00  0.00  0.02  0.00
  C_878-C-133             1.00   0.01  0.00  0.00  0.99  0.00  0.00  0.00  0.05  0.00
  C_879-C-133             1.00   0.01  0.00  0.00  0.98  0.01  0.00  0.00  0.98  0.00
  C_880-C-133             1.00   0.01  0.00  0.00  0.05  0.94  0.00  0.00  0.15  0.00
  C_881-C-133             1.00   0.01  0.00  0.00  0.10  0.89  0.00  0.00  0.07  0.00
  C_882-C-133             1.00   0.01  0.00  0.00  0.99  0.00  0.00  0.00  0.04  0.00
  C_883-C-133             1.00   0.01  0.00  0.00  0.99  0.00  0.00  0.00  0.98  0.00
  C_884-C-26              1.00   0.01  0.00  0.00  0.05  0.93  0.00  0.00  0.90  0.00
  C_885-C-26              1.00   0.01  0.00  0.00  0.99  0.00  0.00  0.00  0.05  0.00
  C_886-C-34              1.00   0.01  0.00  0.00  0.00  0.99  0.00  0.00  0.18  0.00
  C_887-C-34              1.00   0.01  0.00  0.00  0.04  0.95  0.00  0.00  0.03  0.00
  C_888-C-34              1.00   0.01  0.00  0.00  0.94  0.05  0.00  0.00  0.10  0.00
  C_889-C-34              1.00   0.01  0.00  0.00  0.59  0.40  0.00  0.00  0.06  0.00
  C_890-C-34              1.00   0.01  0.00  0.00  0.30  0.68  0.00  0.00  0.07  0.00
  C_891-C-34              1.00   0.01  0.00  0.00  0.45  0.54  0.00  0.00  0.00  0.00
  C_892-C-34              1.00   0.01  0.00  0.00  0.57  0.41  0.00  0.00  0.07  0.00
  C_893-C-34              1.00   0.01  0.00  0.00  0.12  0.87  0.00  0.00  0.06  0.00
  C_894-C-34              1.00   0.01  0.00  0.00  0.28  0.71  0.00  0.00  0.04  0.00
  C_895-C-34              1.00   0.01  0.00  0.00  0.99  0.00  0.00  0.00  0.04  0.00
  C_896-C-34              1.00   0.01  0.00  0.00  0.99  0.00  0.00  0.00  0.07  0.00
  C_897-C-34              1.00   0.01  0.00  0.00  0.99  0.00  0.00  0.00  0.04  0.00
  C_898-C-34              1.00   0.01  0.00  0.00  0.99  0.00  0.00  0.00  0.03  0.00
  C_899-C-34              1.00   0.01  0.00  0.00  0.99  0.00  0.00  0.00  0.06  0.00
  C_900-C-34              1.00   0.01  0.00  0.00  0.99  0.00  0.00  0.00  0.04  0.00
  C_901-C-34              1.00   0.01  0.00  0.00  0.99  0.00  0.00  0.00  0.03  0.00
  C_902-C-34              1.00   0.01  0.00  0.00  0.99  0.00  0.00  0.00  0.05  0.00
  C_903-C-34              1.00   0.01  0.00  0.00  0.99  0.00  0.00  0.00  0.05  0.00
  C_904-C-34              1.00   0.01  0.00  0.00  0.99  0.00  0.00  0.00  0.02  0.00
  C_905-C-34              1.00   0.01  0.00  0.00  0.99  0.00  0.00  0.00  0.03  0.00
  C_906-C-34              1.00   0.01  0.00  0.00  0.99  0.00  0.00  0.00  0.03  0.00
  C_907-C-34              1.00   0.01  0.00  0.00  0.99  0.00  0.00  0.00  0.04  0.00
  C_908-C-34              1.00   0.01  0.00  0.00  0.99  0.00  0.00  0.00  0.04  0.00
  C_909-C-34              1.00   0.01  0.00  0.00  0.99  0.00  0.00  0.00  0.00  0.00
  C_910-C-34              1.00   0.01  0.00  0.00  0.99  0.00  0.00  0.00  0.03  0.00
  C_911-C-34              1.00   0.01  0.00  0.00  0.99  0.00  0.00  0.00  0.03  0.00
  C_912-C-34              1.00   0.01  0.00  0.00  0.99  0.00  0.00  0.00  0.05  0.00
  C_913-C-34              1.00   0.01  0.00  0.00  0.99  0.00  0.00  0.00  0.00  0.00
  C_914-C-34              1.00   0.01  0.00  0.00  0.99  0.00  0.00  0.00  0.07  0.00
  C_915-C-34              1.00   0.01  0.00  0.00  0.98  0.01  0.00  0.00  0.03  0.00
  C_916-C-34              1.00   0.01  0.00  0.00  0.98  0.01  0.00  0.00  0.17  0.00
  C_917-C-34              1.00   0.01  0.00  0.00  0.33  0.66  0.00  0.00  0.62  0.00
  C_918-C-34              1.00   0.01  0.00  0.00  0.23  0.76  0.00  0.00  0.06  0.00
  C_919-C-34              1.00   0.01  0.00  0.00  0.03  0.95  0.00  0.00  0.07  0.00
  C_920-C-34              1.00   0.01  0.00  0.00  0.03  0.96  0.00  0.00  0.39  0.00
  C_921-C-34              1.00   0.01  0.00  0.00  0.44  0.55  0.00  0.00  0.02  0.00
  C_922-C-34              1.00   0.01  0.00  0.00  0.50  0.49  0.00  0.00  0.22  0.00
  C_923-C-34              1.00   0.01  0.00  0.00  0.03  0.96  0.00  0.00  0.28  0.00
  C_924-C-34              1.00   0.01  0.00  0.00  0.04  0.95  0.00  0.00  0.92  0.00
  C_925-C-34              1.00   0.01  0.00  0.00  0.03  0.96  0.00  0.00  0.15  0.00
  C_926-C-34              1.00   0.01  0.00  0.00  0.02  0.96  0.00  0.00  0.08  0.00
  C_927-C-34              1.00   0.01  0.00  0.00  0.03  0.96  0.00  0.00  0.89  0.00
  C_928-C-34              1.00   0.01  0.00  0.00  0.03  0.96  0.00  0.00  0.60  0.00
  C_929-C-34              1.00   0.01  0.00  0.00  0.03  0.96  0.00  0.00  0.79  0.00
  C_930-C-34              1.00   0.01  0.00  0.00  0.02  0.97  0.00  0.00  0.08  0.00
  C_931-C-34              1.00   0.01  0.00  0.00  0.02  0.97  0.00  0.00  0.15  0.00
  C_932-C-34              1.00   0.01  0.00  0.00  0.02  0.97  0.00  0.00  0.14  0.00
  C_933-C-34              1.00   0.01  0.00  0.00  0.99  0.00  0.00  0.00  0.37  0.00
  C_934-C-34              1.00   0.01  0.00  0.00  0.99  0.00  0.00  0.00  0.23  0.00
  C_935-C-34              1.00   0.01  0.00  0.00  0.99  0.00  0.00  0.00  0.03  0.00
  C_936-C-34              1.00   0.01  0.00  0.00  0.16  0.82  0.00  0.00  0.55  0.00
  C_937-C-34              1.00   0.01  0.00  0.00  0.09  0.90  0.00  0.00  0.08  0.00
  C_938-C-34              1.00   0.01  0.00  0.00  0.03  0.96  0.00  0.00  0.99  0.00
  C_939-C-34              1.00   0.01  0.00  0.00  0.00  0.99  0.00  0.00  0.99  0.00
  C_940-C-34              1.00   0.01  0.00  0.00  0.00  0.99  0.00  0.00  0.98  0.00
  C_941-C-34              1.00   0.01  0.00  0.00  0.00  0.99  0.00  0.00  0.99  0.00
  C_942-C-34              1.00   0.01  0.00  0.00  0.12  0.87  0.00  0.00  0.98  0.00
  C_943-C-34              1.00   0.01  0.00  0.00  0.99  0.00  0.00  0.00  0.98  0.00
  C_944-C-2               1.00   0.01  0.00  0.00  0.04  0.95  0.00  0.00  0.00  0.00
  C_945-C-2               1.00   0.01  0.00  0.00  0.49  0.50  0.00  0.00  0.99  0.00
  C_946-C-2               1.00   0.01  0.00  0.00  0.11  0.88  0.00  0.00  0.97  0.00
  C_947-C-2               1.00   0.01  0.00  0.00  0.99  0.00  0.00  0.00  0.66  0.00
  C_948-C-2               1.00   0.01  0.00  0.00  0.99  0.00  0.00  0.00  0.03  0.00
  C_949-C-2               1.00   0.01  0.00  0.00  0.99  0.00  0.00  0.00  0.03  0.00
  C_950-C-2               1.00   0.01  0.00  0.00  0.99  0.00  0.00  0.00  0.03  0.00
  C_951-C-2               1.00   0.01  0.00  0.00  0.99  0.00  0.00  0.00  0.04  0.00
  C_952-C-2               1.00   0.01  0.00  0.00  0.99  0.00  0.00  0.00  0.07  0.00
  C_953-C-2               1.00   0.01  0.00  0.00  0.99  0.00  0.00  0.00  0.00  0.00
  C_954-C-2               1.00   0.01  0.00  0.00  0.99  0.00  0.00  0.00  0.02  0.00
  C_955-C-2               1.00   0.01  0.00  0.00  0.99  0.00  0.00  0.00  0.11  0.00
  C_956-C-2               1.00   0.01  0.00  0.00  0.99  0.00  0.00  0.00  0.03  0.00
  C_957-C-2               1.00   0.01  0.00  0.00  0.99  0.00  0.00  0.00  0.02  0.00
  C_958-C-2               1.00   0.01  0.00  0.00  0.99  0.00  0.00  0.00  0.08  0.00
  C_959-C-2               1.00   0.01  0.00  0.00  0.99  0.00  0.00  0.00  0.01  0.00
  C_960-C-2               1.00   0.01  0.00  0.00  0.89  0.10  0.00  0.00  0.03  0.00
  C_961-C-2               1.00   0.01  0.00  0.00  0.99  0.00  0.00  0.00  0.03  0.00
  C_962-C-2               1.00   0.01  0.00  0.00  0.99  0.00  0.00  0.00  0.23  0.00
  C_963-C-2               1.00   0.01  0.00  0.00  0.99  0.00  0.00  0.00  0.07  0.00
  C_964-C-2               1.00   0.01  0.00  0.00  0.99  0.00  0.00  0.00  0.00  0.00
  C_965-C-2               1.00   0.01  0.00  0.00  0.99  0.00  0.00  0.00  0.05  0.00
  C_966-C-2               1.00   0.01  0.00  0.00  0.99  0.00  0.00  0.00  0.02  0.00
  C_967-C-2               1.00   0.01  0.00  0.00  0.99  0.00  0.00  0.00  0.03  0.00
  C_968-C-2               1.00   0.01  0.00  0.00  0.99  0.00  0.00  0.00  0.04  0.00
  C_969-C-2               1.00   0.01  0.00  0.00  0.99  0.00  0.00  0.00  0.07  0.00
  C_970-C-2               1.00   0.01  0.00  0.00  0.99  0.00  0.00  0.00  0.08  0.00
  C_971-C-2               1.00   0.01  0.00  0.00  0.99  0.00  0.00  0.00  0.10  0.00
  C_972-C-2               1.00   0.01  0.00  0.00  0.99  0.00  0.00  0.00  0.02  0.00
  C_973-C-2               1.00   0.01  0.00  0.00  0.99  0.00  0.00  0.00  0.11  0.00
  C_974-C-2               1.00   0.01  0.00  0.00  0.99  0.00  0.00  0.00  0.03  0.00
  C_975-C-2               1.00   0.01  0.00  0.00  0.29  0.70  0.00  0.00  0.00  0.00
  C_976-C-2               1.00   0.01  0.00  0.00  0.09  0.90  0.00  0.00  0.86  0.00
  C_977-C-2               1.00   0.01  0.00  0.00  0.07  0.91  0.00  0.00  0.24  0.00
  C_978-C-2               1.00   0.01  0.00  0.00  0.12  0.87  0.00  0.00  0.17  0.00
  C_979-C-2               1.00   0.01  0.00  0.00  0.06  0.93  0.00  0.00  0.86  0.00
  C_980-C-2               1.00   0.01  0.00  0.00  0.03  0.96  0.00  0.00  0.18  0.00
  C_981-C-2               1.00   0.01  0.00  0.00  0.04  0.95  0.00  0.00  0.84  0.00
  C_982-C-2               1.00   0.01  0.00  0.00  0.29  0.70  0.00  0.00  0.19  0.00
  C_983-C-2               1.00   0.01  0.00  0.00  0.94  0.05  0.00  0.00  0.05  0.00
  C_984-C-94              1.00   0.01  0.00  0.00  0.99  0.00  0.00  0.00  0.03  0.00
  C_985-C-94              1.00   0.01  0.00  0.00  0.99  0.00  0.00  0.00  0.03  0.00
  C_986-C-94              1.00   0.01  0.00  0.00  0.99  0.00  0.00  0.00  0.04  0.00
  C_987-C-94              1.00   0.01  0.00  0.00  0.99  0.00  0.00  0.00  0.07  0.00
  C_988-C-2               1.00   0.01  0.00  0.00  0.97  0.02  0.00  0.00  0.06  0.00
  C_989-C-2               1.00   0.01  0.00  0.00  0.99  0.00  0.00  0.00  0.06  0.00
  C_990-C-2               1.00   0.01  0.00  0.00  0.99  0.00  0.00  0.00  0.01  0.00
  C_991-C-2               1.00   0.01  0.00  0.00  0.99  0.00  0.00  0.00  0.04  0.00
  C_992-C-2               1.00   0.01  0.00  0.00  0.99  0.00  0.00  0.00  0.02  0.00
  C_993-C-2               1.00   0.01  0.00  0.00  0.99  0.00  0.00  0.00  0.98  0.00
  C_994-C-108             1.00   0.01  0.00  0.00  0.99  0.00  0.00  0.00  0.00  0.00
  C_995-C-108             1.00   0.01  0.00  0.00  0.99  0.00  0.00  0.00  0.02  0.00
  C_996-C-108             1.00   0.01  0.00  0.00  0.99  0.00  0.00  0.00  0.06  0.00
  C_997-C-108             1.00   0.01  0.00  0.00  0.99  0.00  0.00  0.00  0.06  0.00
  C_998-C-108             1.00   0.01  0.00  0.00  0.99  0.00  0.00  0.00  0.06  0.00
  C_999-C-108             1.00   0.01  0.00  0.00  0.99  0.00  0.00  0.00  0.06  0.00
  C_1000-C-108            1.00   0.01  0.00  0.00  0.99  0.00  0.00  0.00  0.05  0.00
  C_1001-C-108            1.00   0.01  0.00  0.00  0.99  0.00  0.00  0.00  0.00  0.00
  C_1002-C-108            1.00   0.01  0.00  0.00  0.93  0.06  0.00  0.00  0.01  0.00
  C_1003-C-108            1.00   0.01  0.00  0.00  0.97  0.01  0.00  0.00  0.04  0.00
  C_1004-C-108            1.00   0.01  0.00  0.00  0.99  0.00  0.00  0.00  0.00  0.00
  C_1005-C-108            1.00   0.01  0.00  0.00  0.99  0.00  0.00  0.00  0.00  0.00
  C_1006-C-108            1.00   0.01  0.00  0.00  0.99  0.00  0.00  0.00  0.05  0.00
  C_1007-C-108            1.00   0.01  0.00  0.00  0.83  0.16  0.00  0.00  0.04  0.00
  C_1008-C-108            1.00   0.01  0.00  0.00  0.83  0.16  0.00  0.00  0.16  0.00
  C_1009-C-108            1.00   0.01  0.00  0.00  0.83  0.16  0.00  0.00  0.05  0.00
  C_1010-C-108            1.00   0.01  0.00  0.00  0.81  0.18  0.00  0.00  0.05  0.00
  C_1011-C-108            1.00   0.01  0.00  0.00  0.86  0.13  0.00  0.00  0.00  0.00
  C_1012-C-108            1.00   0.01  0.00  0.00  0.99  0.00  0.00  0.00  0.06  0.00
  C_1013-C-108            1.00   0.01  0.00  0.00  0.88  0.11  0.00  0.00  0.03  0.00
  C_1014-C-108            1.00   0.01  0.00  0.00  0.82  0.17  0.00  0.00  0.05  0.00
  C_1015-C-108            1.00   0.01  0.00  0.00  0.99  0.00  0.00  0.00  0.00  0.00
  C_1016-C-108            1.00   0.01  0.00  0.00  0.99  0.00  0.00  0.00  0.08  0.00
  C_1017-C-108            1.00   0.01  0.00  0.00  0.99  0.00  0.00  0.00  0.07  0.00
  C_1018-C-108            1.00   0.01  0.00  0.00  0.99  0.00  0.00  0.00  0.00  0.00
  C_1019-C-108            1.00   0.01  0.00  0.00  0.99  0.00  0.00  0.00  0.12  0.00
  C_1020-C-108            1.00   0.01  0.00  0.00  0.99  0.00  0.00  0.00  0.07  0.00
  C_1021-C-108            1.00   0.01  0.00  0.00  0.99  0.00  0.00  0.00  0.08  0.00
  C_1022-C-108            1.00   0.01  0.00  0.00  0.99  0.00  0.00  0.00  0.05  0.00
  C_1023-C-108            1.00   0.01  0.00  0.00  0.99  0.00  0.00  0.00  0.09  0.00
  C_1024-C-108            1.00   0.01  0.00  0.00  0.99  0.00  0.00  0.00  0.14  0.00
  C_1025-C-108            1.00   0.01  0.00  0.00  0.99  0.00  0.00  0.00  0.02  0.00
  C_1026-C-90             1.00   0.01  0.00  0.00  0.49  0.50  0.00  0.00  0.06  0.00
  C_1027-C-90             1.00   0.01  0.00  0.00  0.99  0.00  0.00  0.00  0.04  0.00
  C_1028-C-90             1.00   0.01  0.00  0.00  0.99  0.00  0.00  0.00  0.01  0.00
  C_1029-C-90             1.00   0.01  0.00  0.00  0.56  0.43  0.00  0.00  0.04  0.00
  C_1030-C-90             1.00   0.01  0.00  0.00  0.99  0.00  0.00  0.00  0.09  0.00
  C_1031-C-90             1.00   0.01  0.00  0.00  0.79  0.20  0.00  0.00  0.00  0.00
  C_1032-C-90             1.00   0.01  0.00  0.00  0.57  0.41  0.00  0.00  0.39  0.00
  C_1033-C-90             1.00   0.01  0.00  0.00  0.58  0.41  0.00  0.00  0.18  0.00
  C_1034-C-90             1.00   0.01  0.00  0.00  0.61  0.38  0.00  0.00  0.05  0.00
  C_1035-C-90             1.00   0.01  0.00  0.00  0.64  0.35  0.00  0.00  0.05  0.00
  C_1036-C-90             1.00   0.01  0.00  0.00  0.71  0.28  0.00  0.00  0.04  0.00
  C_1037-C-90             1.00   0.01  0.00  0.00  0.66  0.33  0.00  0.00  0.29  0.00
  C_1038-C-90             1.00   0.01  0.00  0.00  0.65  0.34  0.00  0.00  0.03  0.00
  C_1039-C-90             1.00   0.01  0.00  0.00  0.65  0.34  0.00  0.00  0.09  0.00
  C_1040-C-90             1.00   0.01  0.00  0.00  0.68  0.31  0.00  0.00  0.05  0.00
  C_1041-C-90             1.00   0.01  0.00  0.00  0.77  0.22  0.00  0.00  0.02  0.00
  C_1042-C-90             1.00   0.01  0.00  0.00  0.67  0.32  0.00  0.00  0.03  0.00
  C_1043-C-90             1.00   0.01  0.00  0.00  0.67  0.32  0.00  0.00  0.15  0.00
  C_1044-C-90             1.00   0.01  0.00  0.00  0.67  0.32  0.00  0.00  0.03  0.00
  C_1045-C-90             1.00   0.01  0.00  0.00  0.67  0.32  0.00  0.00  0.01  0.00
  C_1046-C-90             1.00   0.01  0.00  0.00  0.68  0.31  0.00  0.00  0.01  0.00
  C_1047-C-90             1.00   0.01  0.00  0.00  0.69  0.30  0.00  0.00  0.03  0.00
  C_1048-C-90             1.00   0.01  0.00  0.00  0.70  0.29  0.00  0.00  0.06  0.00
  C_1049-C-90             1.00   0.01  0.00  0.00  0.89  0.10  0.00  0.00  0.04  0.00
  C_1050-C-90             1.00   0.01  0.00  0.00  0.78  0.21  0.00  0.00  0.01  0.00
  C_1051-C-90             1.00   0.01  0.00  0.00  0.71  0.28  0.00  0.00  0.04  0.00
  C_1052-C-90             1.00   0.01  0.00  0.00  0.80  0.19  0.00  0.00  0.03  0.00
  C_1053-C-90             1.00   0.01  0.00  0.00  0.83  0.16  0.00  0.00  0.06  0.00
  C_1054-C-90             1.00   0.01  0.00  0.00  0.80  0.19  0.00  0.00  0.04  0.00
  C_1055-C-90             1.00   0.01  0.00  0.00  0.90  0.09  0.00  0.00  0.04  0.00
  C_1056-C-90             1.00   0.01  0.00  0.00  0.99  0.00  0.00  0.00  0.03  0.00
  C_1057-C-90             1.00   0.01  0.00  0.00  0.85  0.14  0.00  0.00  0.01  0.00
  C_1058-C-90             1.00   0.01  0.00  0.00  0.90  0.09  0.00  0.00  0.04  0.00
  C_1059-C-90             1.00   0.01  0.00  0.00  0.99  0.00  0.00  0.00  0.01  0.00
  C_1060-C-90             1.00   0.01  0.00  0.00  0.95  0.04  0.00  0.00  0.00  0.00
  C_1061-C-90             1.00   0.01  0.00  0.00  0.93  0.06  0.00  0.00  0.03  0.00
  C_1062-C-90             1.00   0.01  0.00  0.00  0.98  0.01  0.00  0.00  0.02  0.00
  C_1063-C-90             1.00   0.01  0.00  0.00  0.99  0.00  0.00  0.00  0.05  0.00
  C_1064-C-90             1.00   0.01  0.00  0.00  0.99  0.00  0.00  0.00  0.02  0.00
  C_1065-C-90             1.00   0.01  0.00  0.00  0.70  0.29  0.00  0.00  0.26  0.00
  C_1066-C-90             1.00   0.01  0.00  0.00  0.70  0.29  0.00  0.00  0.05  0.00
  C_1067-C-90             1.00   0.01  0.00  0.00  0.71  0.28  0.00  0.00  0.26  0.00
  C_1068-C-90             1.00   0.01  0.00  0.00  0.71  0.28  0.00  0.00  0.20  0.00
  C_1069-C-90             1.00   0.01  0.00  0.00  0.71  0.28  0.00  0.00  0.04  0.00
  C_1070-C-90             1.00   0.01  0.00  0.00  0.73  0.26  0.00  0.00  0.13  0.00
  C_1071-C-90             1.00   0.01  0.00  0.00  0.75  0.24  0.00  0.00  0.04  0.00
  C_1072-C-90             1.00   0.01  0.00  0.00  0.78  0.21  0.00  0.00  0.09  0.00
  C_1073-C-90             1.00   0.01  0.00  0.00  0.85  0.14  0.00  0.00  0.05  0.00
  C_1074-C-90             1.00   0.01  0.00  0.00  0.87  0.12  0.00  0.00  0.08  0.00
  C_1075-C-90             1.00   0.01  0.00  0.00  0.88  0.11  0.00  0.00  0.05  0.00
  C_1076-C-90             1.00   0.01  0.00  0.00  0.88  0.11  0.00  0.00  0.02  0.00
  C_1077-C-90             1.00   0.01  0.00  0.00  0.90  0.09  0.00  0.00  0.06  0.00
  C_1078-C-90             1.00   0.01  0.00  0.00  0.90  0.09  0.00  0.00  0.07  0.00
  C_1079-C-90             1.00   0.01  0.00  0.00  0.91  0.08  0.00  0.00  0.06  0.00
  C_1080-C-112            1.00   0.01  0.00  0.00  0.93  0.06  0.00  0.00  0.03  0.00
  C_1081-C-112            1.00   0.01  0.00  0.00  0.95  0.04  0.00  0.00  0.00  0.00
  C_1082-C-112            1.00   0.01  0.00  0.00  0.93  0.06  0.00  0.00  0.01  0.00
  C_1083-C-112            1.00   0.01  0.00  0.00  0.93  0.06  0.00  0.00  0.01  0.00
  C_1084-C-112            1.00   0.01  0.00  0.00  0.93  0.06  0.00  0.00  0.01  0.00
  C_1085-C-112            1.00   0.01  0.00  0.00  0.95  0.04  0.00  0.00  0.02  0.00
  C_1086-C-112            1.00   0.01  0.00  0.00  0.97  0.02  0.00  0.00  0.00  0.00
  C_1087-C-112            1.00   0.01  0.00  0.00  0.96  0.03  0.00  0.00  0.04  0.00
  C_1088-C-112            1.00   0.01  0.00  0.00  0.94  0.05  0.00  0.00  0.05  0.00
  C_1089-C-112            1.00   0.01  0.00  0.00  0.94  0.05  0.00  0.00  0.02  0.00
  C_1090-C-112            1.00   0.01  0.00  0.00  0.97  0.02  0.00  0.00  0.02  0.00
  C_1091-C-112            1.00   0.01  0.00  0.00  0.99  0.00  0.00  0.00  0.05  0.00
  C_1092-C-112            1.00   0.01  0.00  0.00  0.99  0.00  0.00  0.00  0.00  0.00
  C_1093-C-112            1.00   0.01  0.00  0.00  0.96  0.03  0.00  0.00  0.00  0.00
  C_1094-C-112            1.00   0.01  0.00  0.00  0.94  0.05  0.00  0.00  0.01  0.00
  C_1095-C-112            1.00   0.01  0.00  0.00  0.98  0.01  0.00  0.00  0.04  0.00
  C_1096-C-112            1.00   0.01  0.00  0.00  0.99  0.00  0.00  0.00  0.01  0.00
  C_1097-C-112            1.00   0.01  0.00  0.00  0.98  0.01  0.00  0.00  0.04  0.00
  C_1098-C-112            1.00   0.01  0.00  0.00  0.96  0.03  0.00  0.00  0.00  0.00
  C_1099-C-112            1.00   0.01  0.00  0.00  0.95  0.04  0.00  0.00  0.04  0.00
  C_1100-C-112            1.00   0.01  0.00  0.00  0.95  0.04  0.00  0.00  0.03  0.00
  C_1101-C-112            1.00   0.01  0.00  0.00  0.96  0.03  0.00  0.00  0.04  0.00
  C_1102-C-112            1.00   0.01  0.00  0.00  0.98  0.02  0.00  0.00  0.02  0.00
  C_1103-C-112            1.00   0.01  0.00  0.00  0.96  0.03  0.00  0.00  0.00  0.00
  C_1104-C-112            1.00   0.01  0.00  0.00  0.95  0.04  0.00  0.00  0.01  0.00
  C_1105-C-112            1.00   0.01  0.00  0.00  0.98  0.01  0.00  0.00  0.04  0.00
  C_1106-C-112            1.00   0.01  0.00  0.00  0.96  0.03  0.00  0.00  0.00  0.00
  C_1107-C-112            1.00   0.01  0.00  0.00  0.96  0.03  0.00  0.00  0.02  0.00
  C_1108-C-112            1.00   0.01  0.00  0.00  0.96  0.03  0.00  0.00  0.00  0.00
  C_1109-C-112            1.00   0.01  0.00  0.00  0.97  0.02  0.00  0.00  0.04  0.00
  C_1110-C-112            1.00   0.01  0.00  0.00  0.99  0.00  0.00  0.00  0.03  0.00
  C_1111-C-112            1.00   0.01  0.00  0.00  0.99  0.00  0.00  0.00  0.00  0.00
  C_1112-C-112            1.00   0.01  0.00  0.00  0.99  0.00  0.00  0.00  0.04  0.00
  C_1113-C-112            1.00   0.01  0.00  0.00  0.99  0.00  0.00  0.00  0.01  0.00
  C_1114-C-112            1.00   0.01  0.00  0.00  0.96  0.03  0.00  0.00  0.02  0.00
  C_1115-C-112            1.00   0.01  0.00  0.00  0.94  0.05  0.00  0.00  0.05  0.00
  C_1116-C-112            1.00   0.01  0.00  0.00  0.99  0.00  0.00  0.00  0.03  0.00
  C_1117-C-112            1.00   0.01  0.00  0.00  0.99  0.00  0.00  0.00  0.00  0.00
  C_1118-C-112            1.00   0.01  0.00  0.00  0.97  0.02  0.00  0.00  0.00  0.00
  C_1119-C-112            1.00   0.01  0.00  0.00  0.99  0.00  0.00  0.00  0.00  0.00
  C_1120-C-112            1.00   0.01  0.00  0.00  0.99  0.00  0.00  0.00  0.02  0.00
  C_1121-C-112            1.00   0.01  0.00  0.00  0.96  0.03  0.00  0.00  0.03  0.00
  C_1122-C-112            1.00   0.01  0.00  0.00  0.96  0.03  0.00  0.00  0.02  0.00
  C_1123-C-112            1.00   0.01  0.00  0.00  0.99  0.00  0.00  0.00  0.03  0.00
  C_1124-C-112            1.00   0.01  0.00  0.00  0.99  0.00  0.00  0.00  0.02  0.00
  C_1125-C-112            1.00   0.01  0.00  0.00  0.99  0.00  0.00  0.00  0.00  0.00
  C_1126-C-112            1.00   0.01  0.00  0.00  0.99  0.00  0.00  0.00  0.00  0.00
  C_1127-C-112            1.00   0.01  0.00  0.00  0.99  0.00  0.00  0.00  0.01  0.00
  C_1128-C-112            1.00   0.01  0.00  0.00  0.99  0.00  0.00  0.00  0.01  0.00
  C_1129-C-112            1.00   0.01  0.00  0.00  0.99  0.00  0.00  0.00  0.04  0.00
  C_1130-C-112            1.00   0.01  0.00  0.00  0.99  0.00  0.00  0.00  0.03  0.00
  C_1131-C-112            1.00   0.01  0.00  0.00  0.97  0.02  0.00  0.00  0.00  0.00
  C_1132-C-112            1.00   0.01  0.00  0.00  0.97  0.02  0.00  0.00  0.04  0.00
  C_1133-C-112            1.00   0.01  0.00  0.00  0.99  0.00  0.00  0.00  0.01  0.00
  C_1134-C-112            1.00   0.01  0.00  0.00  0.99  0.00  0.00  0.00  0.04  0.00
  C_1135-C-112            1.00   0.01  0.00  0.00  0.99  0.00  0.00  0.00  0.01  0.00
  C_1136-C-112            1.00   0.01  0.00  0.00  0.99  0.00  0.00  0.00  0.00  0.00
  C_1137-C-112            1.00   0.01  0.00  0.00  0.99  0.00  0.00  0.00  0.03  0.00
  C_1138-C-112            1.00   0.01  0.00  0.00  0.99  0.00  0.00  0.00  0.00  0.00
  C_1139-C-112            1.00   0.01  0.00  0.00  0.99  0.00  0.00  0.00  0.04  0.00
  C_1140-C-112            1.00   0.01  0.00  0.00  0.99  0.00  0.00  0.00  0.00  0.00
  C_1141-C-112            1.00   0.01  0.00  0.00  0.99  0.00  0.00  0.00  0.00  0.00
  C_1142-C-112            1.00   0.01  0.00  0.00  0.99  0.00  0.00  0.00  0.05  0.00
  C_1143-C-112            1.00   0.01  0.00  0.00  0.99  0.00  0.00  0.00  0.02  0.00
  C_1144-C-112            1.00   0.01  0.00  0.00  0.99  0.00  0.00  0.00  0.00  0.00
  C_1145-C-140            1.00   0.01  0.00  0.00  0.66  0.33  0.00  0.00  0.12  0.00
  C_1146-C-140            1.00   0.01  0.00  0.00  0.99  0.00  0.00  0.00  0.00  0.00
  C_1147-C-140            1.00   0.01  0.00  0.00  0.99  0.00  0.00  0.00  0.00  0.00
  C_1148-C-140            1.00   0.01  0.00  0.00  0.99  0.00  0.00  0.00  0.05  0.00
  C_1149-C-140            1.00   0.01  0.00  0.00  0.85  0.14  0.00  0.00  0.06  0.00
  C_1150-C-140            1.00   0.01  0.00  0.00  0.61  0.38  0.00  0.00  0.05  0.00
  C_1151-C-140            1.00   0.01  0.00  0.00  0.58  0.41  0.00  0.00  0.05  0.00
  C_1152-C-140            1.00   0.01  0.00  0.00  0.55  0.44  0.00  0.00  0.04  0.00
  C_1153-C-140            1.00   0.01  0.00  0.00  0.51  0.48  0.00  0.00  0.07  0.00
  C_1154-C-140            1.00   0.01  0.00  0.00  0.46  0.53  0.00  0.00  0.11  0.00
  C_1155-C-140            1.00   0.01  0.00  0.00  0.43  0.56  0.00  0.00  0.06  0.00
  C_1156-C-140            1.00   0.01  0.00  0.00  0.40  0.59  0.00  0.00  0.21  0.00
  C_1157-C-140            1.00   0.01  0.00  0.00  0.35  0.64  0.00  0.00  0.64  0.00
  C_1158-C-140            1.00   0.01  0.00  0.00  0.17  0.82  0.00  0.00  0.48  0.00
  C_1159-C-140            1.00   0.01  0.00  0.00  0.00  0.99  0.00  0.00  0.45  0.00
  C_1160-C-140            1.00   0.01  0.00  0.00  0.08  0.91  0.00  0.00  0.09  0.00
  C_1161-C-140            1.00   0.01  0.00  0.00  0.00  0.99  0.00  0.00  0.70  0.00
  C_1162-C-140            1.00   0.01  0.00  0.00  0.01  0.98  0.00  0.00  0.99  0.00
  C_1163-C-140            1.00   0.01  0.00  0.00  0.00  0.99  0.00  0.00  0.98  0.00
  C_1164-C-140            1.00   0.01  0.00  0.00  0.00  0.99  0.00  0.00  0.90  0.00
  C_1165-C-91             1.00   0.01  0.00  0.00  0.00  0.99  0.00  0.00  0.96  0.00
  C_1166-C-91             1.00   0.01  0.00  0.00  0.02  0.97  0.00  0.00  0.99  0.00
  C_1167-C-91             1.00   0.01  0.00  0.00  0.01  0.98  0.00  0.00  0.99  0.00
  C_1168-C-91             1.00   0.01  0.00  0.00  0.00  0.99  0.00  0.00  0.39  0.00
  C_1169-C-91             1.00   0.01  0.00  0.00  0.00  0.99  0.00  0.00  0.97  0.00
  C_1170-C-91             1.00   0.01  0.00  0.00  0.00  0.99  0.00  0.00  0.96  0.00
  C_1171-C-91             1.00   0.01  0.00  0.00  0.00  0.99  0.00  0.00  0.99  0.00
  C_1172-C-91             1.00   0.01  0.00  0.00  0.00  0.99  0.00  0.00  0.99  0.00
  C_1173-C-91             1.00   0.01  0.00  0.00  0.00  0.99  0.00  0.00  0.97  0.00
  C_1174-C-91             1.00   0.01  0.00  0.00  0.00  0.99  0.00  0.00  0.98  0.00
  C_1175-C-91             1.00   0.01  0.00  0.00  0.00  0.99  0.00  0.00  0.97  0.00
  C_1176-C-91             1.00   0.01  0.00  0.00  0.00  0.99  0.00  0.00  0.99  0.00
  C_1177-C-91             1.00   0.01  0.00  0.00  0.00  0.99  0.00  0.00  0.99  0.00
  C_1178-C-91             1.00   0.01  0.00  0.00  0.03  0.96  0.00  0.00  0.99  0.00
  C_1179-C-91             1.00   0.01  0.00  0.00  0.99  0.00  0.00  0.00  0.99  0.00
  C_1180-C-91             1.00   0.01  0.00  0.00  0.00  0.99  0.00  0.00  0.99  0.00
  C_1181-C-91             1.00   0.01  0.00  0.00  0.00  0.99  0.00  0.00  0.99  0.00
  C_1182-C-91             1.00   0.01  0.00  0.00  0.00  0.99  0.00  0.00  0.99  0.00
  C_1183-C-91             1.00   0.01  0.00  0.00  0.00  0.99  0.00  0.00  0.89  0.00
  C_1184-C-91             1.00   0.01  0.00  0.00  0.11  0.88  0.00  0.00  0.82  0.00
  C_1185-C-91             1.00   0.01  0.00  0.00  0.13  0.86  0.00  0.00  0.76  0.00
  C_1186-C-91             1.00   0.01  0.00  0.00  0.30  0.69  0.00  0.00  0.39  0.00
  C_1187-C-91             1.00   0.01  0.00  0.00  0.33  0.67  0.00  0.00  0.63  0.00
  C_1188-C-91             1.00   0.01  0.00  0.00  0.37  0.62  0.00  0.00  0.54  0.00
  C_1189-C-91             1.00   0.01  0.00  0.00  0.59  0.40  0.00  0.00  0.26  0.00
  C_1190-C-91             1.00   0.01  0.00  0.00  0.62  0.37  0.00  0.00  0.28  0.00
  C_1191-C-91             1.00   0.01  0.00  0.00  0.74  0.25  0.00  0.00  0.15  0.00
  C_1192-C-91             1.00   0.01  0.00  0.00  0.80  0.19  0.00  0.00  0.21  0.00
  C_1193-C-91             1.00   0.01  0.00  0.00  0.81  0.18  0.00  0.00  0.16  0.00
  C_1194-C-91             1.00   0.01  0.00  0.00  0.86  0.13  0.00  0.00  0.07  0.00
  C_1195-C-91             1.00   0.01  0.00  0.00  0.01  0.98  0.00  0.00  0.03  0.00
  C_1196-C-91             1.00   0.01  0.00  0.00  0.00  0.99  0.00  0.00  0.00  0.00
  C_1197-C-29             1.00   0.01  0.00  0.00  0.72  0.26  0.00  0.00  0.01  0.00
  C_1198-C-29             1.00   0.01  0.00  0.00  0.99  0.00  0.00  0.00  0.06  0.00
  C_1199-C-29             1.00   0.01  0.00  0.00  0.67  0.32  0.00  0.00  0.04  0.00
  C_1200-C-29             1.00   0.01  0.00  0.00  0.53  0.46  0.00  0.00  0.09  0.00
  C_1201-C-29             1.00   0.01  0.00  0.00  0.50  0.49  0.00  0.00  0.37  0.00
  C_1202-C-29             1.00   0.01  0.00  0.00  0.48  0.51  0.00  0.00  0.01  0.00
  C_1203-C-29             1.00   0.01  0.00  0.00  0.45  0.54  0.00  0.00  0.17  0.00
  C_1204-C-29             1.00   0.01  0.00  0.00  0.45  0.54  0.00  0.00  0.52  0.00
  C_1205-C-29             1.00   0.01  0.00  0.00  0.45  0.54  0.00  0.00  0.00  0.00
  C_1206-C-29             1.00   0.01  0.00  0.00  0.51  0.47  0.00  0.00  0.28  0.00
  C_1207-C-29             1.00   0.01  0.00  0.00  0.65  0.33  0.00  0.00  0.01  0.00
  C_1208-C-29             1.00   0.01  0.00  0.00  0.42  0.57  0.00  0.00  0.05  0.00
  C_1209-C-29             1.00   0.01  0.00  0.00  0.40  0.59  0.00  0.00  0.50  0.00
  C_1210-C-29             1.00   0.01  0.00  0.00  0.37  0.62  0.00  0.00  0.09  0.00
  C_1211-C-29             1.00   0.01  0.00  0.00  0.35  0.64  0.00  0.00  0.18  0.00
  C_1212-C-29             1.00   0.01  0.00  0.00  0.34  0.65  0.00  0.00  0.57  0.00
  C_1213-C-29             1.00   0.01  0.00  0.00  0.32  0.67  0.00  0.00  0.04  0.00
  C_1214-C-29             1.00   0.01  0.00  0.00  0.02  0.97  0.00  0.00  0.68  0.00
  C_1215-C-29             1.00   0.01  0.00  0.00  0.01  0.99  0.00  0.00  0.97  0.00
  C_1216-C-29             1.00   0.01  0.00  0.00  0.00  0.99  0.00  0.00  0.99  0.00
  C_1217-C-29             1.00   0.01  0.00  0.00  0.00  0.99  0.00  0.00  0.15  0.00
  C_1218-C-29             1.00   0.01  0.00  0.00  0.00  0.99  0.00  0.00  0.18  0.00
  C_1219-C-29             1.00   0.01  0.00  0.00  0.00  0.99  0.00  0.00  0.73  0.00
  C_1220-C-29             1.00   0.01  0.00  0.00  0.00  0.99  0.00  0.00  0.46  0.00
  C_1221-C-29             1.00   0.01  0.00  0.00  0.01  0.97  0.00  0.00  0.37  0.00
  C_1222-C-29             1.00   0.01  0.00  0.00  0.19  0.80  0.00  0.00  0.11  0.00
  C_1223-C-29             1.00   0.01  0.00  0.00  0.04  0.95  0.00  0.00  0.45  0.00
  C_1224-C-29             1.00   0.01  0.00  0.00  0.03  0.96  0.00  0.00  0.57  0.00
  C_1225-C-29             1.00   0.01  0.00  0.00  0.04  0.95  0.00  0.00  0.94  0.00
  C_1226-C-29             1.00   0.01  0.00  0.00  0.87  0.12  0.00  0.00  0.04  0.00
  C_1227-C-29             1.00   0.01  0.00  0.00  0.99  0.00  0.00  0.00  0.70  0.00
  C_1228-C-29             1.00   0.01  0.00  0.00  0.99  0.00  0.00  0.00  0.03  0.00
  C_1229-C-29             1.00   0.01  0.00  0.00  0.99  0.00  0.00  0.00  0.67  0.00
  C_1230-C-29             1.00   0.01  0.00  0.00  0.99  0.00  0.00  0.00  0.36  0.00
  C_1231-C-29             1.00   0.01  0.00  0.00  0.99  0.00  0.00  0.00  0.00  0.00
  C_1232-C-30             1.00   0.01  0.00  0.00  0.99  0.00  0.00  0.00  0.03  0.00
  C_1233-C-30             1.00   0.01  0.00  0.00  0.99  0.00  0.00  0.00  0.99  0.00
  C_1234-C-30             1.00   0.01  0.00  0.00  0.99  0.00  0.00  0.00  0.00  0.00
  C_1235-C-30             1.00   0.01  0.00  0.00  0.99  0.00  0.00  0.00  0.99  0.00
  C_1236-C-100            1.00   0.01  0.00  0.00  0.02  0.97  0.00  0.00  0.16  0.00
  C_1237-C-30             1.00   0.01  0.04  0.00  0.95  0.00  0.00  0.00  0.00  0.00
  C_1238-C-30             1.00   0.01  0.00  0.00  0.99  0.00  0.00  0.00  0.02  0.00
  C_1239-C-100            1.00   0.01  0.00  0.00  0.08  0.90  0.00  0.00  0.02  0.00
  C_1240-C-100            1.00   0.01  0.00  0.00  0.03  0.96  0.00  0.00  0.16  0.00
  C_1241-C-124            1.00   0.01  0.00  0.00  0.99  0.00  0.00  0.00  0.99  0.00
  C_1242-C-124            1.00   0.01  0.00  0.00  0.99  0.00  0.00  0.00  0.06  0.00
  C_1243-C-124            1.00   0.01  0.00  0.00  0.99  0.00  0.00  0.00  0.56  0.00
  C_1244-C-124            1.00   0.01  0.00  0.00  0.34  0.65  0.00  0.00  0.38  0.00
  C_1245-C-124            1.00   0.01  0.00  0.00  0.99  0.00  0.00  0.00  0.75  0.00
  C_1246-C-124            1.00   0.01  0.00  0.00  0.99  0.00  0.00  0.00  0.03  0.00
  C_1247-C-124            1.00   0.01  0.00  0.00  0.76  0.23  0.00  0.00  0.34  0.00
  C_1248-C-124            1.00   0.01  0.00  0.00  0.97  0.02  0.00  0.00  0.19  0.00
  C_1249-C-124            1.00   0.01  0.00  0.00  0.99  0.00  0.00  0.00  0.07  0.00
  C_1250-C-124            1.00   0.01  0.00  0.00  0.99  0.00  0.00  0.00  0.03  0.00
  C_1251-C-124            1.00   0.01  0.00  0.00  0.99  0.00  0.00  0.00  0.03  0.00
  C_1252-C-124            1.00   0.01  0.00  0.00  0.99  0.00  0.00  0.00  0.03  0.00
  C_1253-C-124            1.00   0.01  0.00  0.00  0.99  0.00  0.00  0.00  0.03  0.00
  C_1254-C-124            1.00   0.01  0.00  0.00  0.99  0.00  0.00  0.00  0.04  0.00
  C_1255-C-124            1.00   0.01  0.00  0.00  0.99  0.00  0.00  0.00  0.05  0.00
  C_1256-C-124            1.00   0.01  0.00  0.00  0.76  0.23  0.00  0.00  0.08  0.00
  C_1257-C-124            1.00   0.01  0.00  0.00  0.94  0.05  0.00  0.00  0.15  0.00
  C_1258-C-124            1.00   0.01  0.00  0.00  0.99  0.00  0.00  0.00  0.08  0.00
  C_1259-C-95             1.00   0.01  0.00  0.00  0.99  0.00  0.00  0.00  0.11  0.00
  C_1260-C-85             1.00   0.01  0.00  0.00  0.99  0.00  0.00  0.00  0.00  0.00
  C_1261-C-85             1.00   0.01  0.00  0.00  0.99  0.00  0.00  0.00  0.06  0.00
  C_1262-C-85             1.00   0.01  0.00  0.00  0.90  0.09  0.00  0.00  0.05  0.00
  C_1263-C-85             1.00   0.01  0.00  0.00  0.88  0.10  0.00  0.00  0.01  0.00
  C_1264-C-85             1.00   0.01  0.00  0.00  0.88  0.11  0.00  0.00  0.09  0.00
  C_1265-C-85             1.00   0.01  0.00  0.00  0.87  0.12  0.00  0.00  0.03  0.00
  C_1266-C-85             1.00   0.01  0.00  0.00  0.86  0.13  0.00  0.00  0.15  0.00
  C_1267-C-85             1.00   0.01  0.00  0.00  0.39  0.60  0.00  0.00  0.50  0.00
  C_1268-C-85             1.00   0.01  0.00  0.00  0.28  0.71  0.00  0.00  0.23  0.00
  C_1269-C-85             1.00   0.01  0.00  0.00  0.26  0.73  0.00  0.00  0.45  0.00
  C_1270-C-85             1.00   0.01  0.00  0.00  0.02  0.97  0.00  0.00  0.83  0.00
  C_1271-C-85             1.00   0.01  0.00  0.00  0.02  0.97  0.00  0.00  0.99  0.00
  C_1272-C-85             1.00   0.01  0.00  0.00  0.02  0.97  0.00  0.00  0.17  0.00
  C_1273-C-85             1.00   0.01  0.00  0.00  0.01  0.98  0.00  0.00  0.10  0.00
  C_1274-C-85             1.00   0.01  0.00  0.00  0.01  0.98  0.00  0.00  0.60  0.00
  C_1275-C-102            1.00   0.01  0.00  0.00  0.00  0.99  0.00  0.00  0.18  0.00
  C_1276-C-102            1.00   0.01  0.00  0.00  0.05  0.94  0.00  0.00  0.05  0.00
  C_1277-C-102            1.00   0.01  0.00  0.00  0.05  0.94  0.00  0.00  0.66  0.00
  C_1278-C-35             1.00   0.01  0.00  0.00  0.14  0.85  0.00  0.00  0.04  0.00
  C_1279-C-35             1.00   0.01  0.00  0.00  0.99  0.00  0.00  0.00  0.03  0.00
  C_1280-C-35             1.00   0.01  0.00  0.00  0.99  0.00  0.00  0.00  0.00  0.00
  C_1281-C-35             1.00   0.01  0.00  0.00  0.99  0.00  0.00  0.00  0.03  0.00
  C_1282-C-35             1.00   0.01  0.00  0.00  0.99  0.00  0.00  0.00  0.04  0.00
  C_1283-C-35             1.00   0.01  0.00  0.00  0.98  0.01  0.00  0.00  0.06  0.00
  C_1284-C-35             1.00   0.01  0.00  0.00  0.56  0.43  0.00  0.00  0.05  0.00
  C_1285-C-35             1.00   0.01  0.00  0.00  0.36  0.63  0.00  0.00  0.02  0.00
  C_1286-C-35             1.00   0.01  0.00  0.00  0.24  0.75  0.00  0.00  0.16  0.00
  C_1287-C-35             1.00   0.01  0.00  0.00  0.04  0.95  0.00  0.00  0.12  0.00
  C_1288-C-35             1.00   0.01  0.00  0.00  0.04  0.95  0.00  0.00  0.94  0.00
  C_1289-C-35             1.00   0.01  0.00  0.00  0.04  0.95  0.00  0.00  0.04  0.00
  C_1290-C-35             1.00   0.01  0.00  0.00  0.03  0.96  0.00  0.00  0.04  0.00
  C_1291-C-35             1.00   0.01  0.00  0.00  0.07  0.92  0.00  0.00  0.02  0.00
  C_1292-C-35             1.00   0.01  0.00  0.00  0.07  0.92  0.00  0.00  0.15  0.00
  C_1293-C-35             1.00   0.01  0.00  0.00  0.04  0.95  0.00  0.00  0.96  0.00
  C_1294-C-35             1.00   0.01  0.00  0.00  0.15  0.84  0.00  0.00  0.65  0.00
  C_1295-C-35             1.00   0.01  0.00  0.00  0.72  0.27  0.00  0.00  0.03  0.00
  C_1296-C-35             1.00   0.01  0.00  0.00  0.89  0.10  0.00  0.00  0.03  0.00
  C_1297-C-35             1.00   0.01  0.00  0.00  0.32  0.67  0.00  0.00  0.02  0.00
  C_1298-C-35             1.00   0.01  0.00  0.00  0.21  0.78  0.00  0.00  0.02  0.00
  C_1299-C-35             1.00   0.01  0.00  0.00  0.03  0.95  0.00  0.00  0.06  0.00
  C_1300-C-35             1.00   0.01  0.00  0.00  0.03  0.96  0.00  0.00  0.04  0.00
  C_1301-C-35             1.00   0.01  0.00  0.00  0.03  0.96  0.00  0.00  0.06  0.00
  C_1302-C-35             1.00   0.01  0.00  0.00  0.03  0.96  0.00  0.00  0.45  0.00
  C_1303-C-35             1.00   0.01  0.00  0.00  0.03  0.96  0.00  0.00  0.04  0.00
  C_1304-C-35             1.00   0.01  0.00  0.00  0.03  0.96  0.00  0.00  0.94  0.00
  C_1305-C-35             1.00   0.01  0.00  0.00  0.03  0.96  0.00  0.00  0.06  0.00
  C_1306-C-35             1.00   0.01  0.00  0.00  0.02  0.97  0.00  0.00  0.03  0.00
  C_1307-C-35             1.00   0.01  0.00  0.00  0.02  0.97  0.00  0.00  0.05  0.00
  C_1308-C-35             1.00   0.01  0.00  0.00  0.02  0.97  0.00  0.00  0.14  0.00
  C_1309-C-35             1.00   0.01  0.00  0.00  0.01  0.97  0.00  0.00  0.11  0.00
  C_1310-C-35             1.00   0.01  0.00  0.00  0.01  0.98  0.00  0.00  0.17  0.00
  C_1311-C-35             1.00   0.01  0.00  0.00  0.01  0.98  0.00  0.00  0.35  0.00
  C_1312-C-35             1.00   0.01  0.00  0.00  0.00  0.99  0.00  0.00  0.11  0.00
  C_1313-C-35             1.00   0.01  0.00  0.00  0.00  0.99  0.00  0.00  0.94  0.00
  C_1314-C-35             1.00   0.01  0.00  0.00  0.00  0.99  0.00  0.00  0.27  0.00
  C_1315-C-35             1.00   0.01  0.00  0.00  0.00  0.99  0.00  0.00  0.91  0.00
  C_1316-C-35             1.00   0.01  0.00  0.00  0.00  0.99  0.00  0.00  0.36  0.00
  C_1317-C-35             1.00   0.01  0.00  0.00  0.00  0.99  0.00  0.00  0.42  0.00
  C_1318-C-35             1.00   0.01  0.00  0.00  0.00  0.99  0.00  0.00  0.61  0.00
  C_1319-C-35             1.00   0.01  0.00  0.00  0.00  0.99  0.00  0.00  0.79  0.00
  C_1320-C-35             1.00   0.01  0.00  0.00  0.03  0.96  0.00  0.00  0.08  0.00
  C_1321-C-35             1.00   0.01  0.00  0.00  0.09  0.90  0.00  0.00  0.04  0.00
  C_1322-C-35             1.00   0.01  0.00  0.00  0.72  0.27  0.00  0.00  0.00  0.00
  C_1323-C-35             1.00   0.01  0.00  0.00  0.99  0.00  0.00  0.00  0.03  0.00
  C_1324-C-35             1.00   0.01  0.00  0.00  0.99  0.00  0.00  0.00  0.03  0.00
  C_1325-C-42             1.00   0.01  0.00  0.00  0.99  0.00  0.00  0.00  0.00  0.00
  C_1326-C-42             1.00   0.01  0.00  0.00  0.99  0.00  0.00  0.00  0.05  0.00
  C_1327-C-42             1.00   0.01  0.00  0.00  0.82  0.17  0.00  0.00  0.99  0.00
  C_1328-C-42             1.00   0.01  0.00  0.00  0.03  0.96  0.00  0.00  0.36  0.00
  C_1329-C-42             1.00   0.01  0.00  0.00  0.02  0.97  0.00  0.00  0.76  0.00
  C_1330-C-42             1.00   0.01  0.00  0.00  0.02  0.97  0.00  0.00  0.46  0.00
  C_1331-C-42             1.00   0.01  0.00  0.00  0.02  0.97  0.00  0.00  0.69  0.00
  C_1332-C-42             1.00   0.01  0.00  0.00  0.04  0.96  0.00  0.00  0.74  0.00
  C_1333-C-42             1.00   0.01  0.00  0.00  0.99  0.00  0.00  0.00  0.04  0.00
  C_1334-C-42             1.00   0.01  0.00  0.00  0.99  0.00  0.00  0.00  0.02  0.00
  C_1335-C-42             1.00   0.01  0.00  0.00  0.99  0.00  0.00  0.00  0.06  0.00
  C_1336-C-42             1.00   0.01  0.00  0.00  0.24  0.75  0.00  0.00  0.00  0.00
  C_1337-C-42             1.00   0.01  0.00  0.00  0.99  0.00  0.00  0.00  0.06  0.00
  C_1338-C-42             1.00   0.01  0.00  0.00  0.99  0.00  0.00  0.00  0.54  0.00
  C_1339-C-42             1.00   0.01  0.00  0.00  0.93  0.07  0.00  0.00  0.07  0.00
  C_1340-C-42             1.00   0.01  0.00  0.00  0.94  0.05  0.00  0.00  0.06  0.00
  C_1341-C-42             1.00   0.01  0.00  0.00  0.99  0.00  0.00  0.00  0.06  0.00
  C_1342-C-42             1.00   0.01  0.00  0.00  0.99  0.00  0.00  0.00  0.03  0.00
  C_1343-C-42             1.00   0.01  0.00  0.00  0.99  0.00  0.00  0.00  0.01  0.00
  C_1344-C-42             1.00   0.01  0.00  0.00  0.99  0.00  0.00  0.00  0.01  0.00
  C_1345-C-42             1.00   0.01  0.00  0.00  0.99  0.00  0.00  0.00  0.05  0.00
  C_1346-C-42             1.00   0.01  0.00  0.00  0.99  0.00  0.00  0.00  0.02  0.00
  C_1347-C-42             1.00   0.01  0.00  0.00  0.99  0.00  0.00  0.00  0.00  0.00
  C_1348-C-42             1.00   0.01  0.00  0.00  0.99  0.00  0.00  0.00  0.00  0.00
  C_1349-C-42             1.00   0.01  0.00  0.00  0.99  0.00  0.00  0.00  0.04  0.00
  C_1350-C-89             1.00   0.01  0.00  0.00  0.99  0.00  0.00  0.00  0.01  0.00
  C_1351-C-89             1.00   0.01  0.00  0.00  0.99  0.00  0.00  0.00  0.00  0.00
  C_1352-C-89             1.00   0.01  0.00  0.00  0.99  0.00  0.00  0.00  0.02  0.00
  C_1353-C-89             1.00   0.01  0.00  0.00  0.99  0.00  0.00  0.00  0.03  0.00
  C_1354-C-89             1.00   0.01  0.00  0.00  0.99  0.00  0.00  0.00  0.05  0.00
  C_1355-C-89             1.00   0.01  0.00  0.00  0.99  0.00  0.00  0.00  0.05  0.00
  C_1356-C-89             1.00   0.01  0.00  0.00  0.99  0.00  0.00  0.00  0.00  0.00
  C_1357-C-89             1.00   0.01  0.00  0.00  0.99  0.00  0.00  0.00  0.06  0.00
  C_1358-C-89             1.00   0.01  0.00  0.00  0.99  0.00  0.00  0.00  0.02  0.00
  C_1359-C-89             1.00   0.01  0.00  0.00  0.99  0.00  0.00  0.00  0.00  0.00
  C_1360-C-89             1.00   0.01  0.00  0.00  0.99  0.00  0.00  0.00  0.06  0.00
  C_1361-C-89             1.00   0.01  0.00  0.00  0.99  0.00  0.00  0.00  0.07  0.00
  C_1362-C-89             1.00   0.01  0.00  0.00  0.99  0.00  0.00  0.00  0.01  0.00
  C_1363-C-89             1.00   0.01  0.00  0.00  0.99  0.00  0.00  0.00  0.00  0.00
  C_1364-C-89             1.00   0.01  0.00  0.00  0.99  0.00  0.00  0.00  0.00  0.00
  C_1365-C-89             1.00   0.01  0.00  0.00  0.99  0.00  0.00  0.00  0.00  0.00
  C_1366-C-89             1.00   0.01  0.00  0.00  0.99  0.00  0.00  0.00  0.03  0.00
  C_1367-C-89             1.00   0.01  0.00  0.00  0.99  0.00  0.00  0.00  0.06  0.00
  C_1368-C-89             1.00   0.01  0.00  0.00  0.99  0.00  0.00  0.00  0.05  0.00
  C_1369-C-89             1.00   0.01  0.00  0.00  0.99  0.00  0.00  0.00  0.07  0.00
  C_1370-C-89             1.00   0.01  0.00  0.00  0.99  0.00  0.00  0.00  0.07  0.00
  C_1371-C-89             1.00   0.01  0.00  0.00  0.99  0.00  0.00  0.00  0.05  0.00
  C_1372-C-89             1.00   0.01  0.00  0.00  0.98  0.01  0.00  0.00  0.00  0.00
  C_1373-C-89             1.00   0.01  0.00  0.00  0.94  0.05  0.00  0.00  0.07  0.00
  C_1374-C-89             1.00   0.01  0.00  0.00  0.95  0.04  0.00  0.00  0.07  0.00
  C_1375-C-89             1.00   0.01  0.00  0.00  0.97  0.02  0.00  0.00  0.07  0.00
  C_1376-C-89             1.00   0.01  0.00  0.00  0.99  0.00  0.00  0.00  0.05  0.00
  C_1377-C-89             1.00   0.01  0.00  0.00  0.99  0.00  0.00  0.00  0.04  0.00
  C_1378-C-89             1.00   0.01  0.00  0.00  0.99  0.00  0.00  0.00  0.00  0.00
  C_1379-C-141            1.00   0.01  0.00  0.00  0.99  0.00  0.00  0.00  0.05  0.00
  C_1380-C-141            1.00   0.01  0.00  0.00  0.99  0.00  0.00  0.00  0.03  0.00
  C_1381-C-141            1.00   0.01  0.00  0.00  0.99  0.00  0.00  0.00  0.03  0.00
  C_1382-C-141            1.00   0.01  0.00  0.00  0.99  0.00  0.00  0.00  0.03  0.00
  C_1383-C-141            1.00   0.01  0.00  0.00  0.99  0.00  0.00  0.00  0.03  0.00
  C_1384-C-141            1.00   0.01  0.00  0.00  0.95  0.04  0.00  0.00  0.04  0.00
  C_1385-C-141            1.00   0.01  0.00  0.00  0.97  0.02  0.00  0.00  0.00  0.00
  C_1386-C-141            1.00   0.01  0.00  0.00  0.97  0.02  0.00  0.00  0.05  0.00
  C_1387-C-141            1.00   0.01  0.00  0.00  0.92  0.07  0.00  0.00  0.06  0.00
  C_1388-C-141            1.00   0.01  0.00  0.00  0.92  0.07  0.00  0.00  0.67  0.00
  C_1389-C-141            1.00   0.01  0.00  0.00  0.18  0.82  0.00  0.00  0.92  0.00
  C_1390-C-141            1.00   0.01  0.00  0.00  0.99  0.00  0.00  0.00  0.07  0.00
  C_1391-C-141            1.00   0.01  0.00  0.00  0.99  0.00  0.00  0.00  0.41  0.00
  C_1392-C-141            1.00   0.01  0.00  0.00  0.54  0.45  0.00  0.00  0.13  0.00
  C_1393-C-141            1.00   0.01  0.00  0.00  0.48  0.51  0.00  0.00  0.60  0.00
  C_1394-C-141            1.00   0.01  0.00  0.00  0.99  0.00  0.00  0.00  0.07  0.00
  C_1395-C-141            1.00   0.01  0.00  0.00  0.99  0.00  0.00  0.00  0.02  0.00
  C_1396-C-141            1.00   0.01  0.00  0.00  0.99  0.00  0.00  0.00  0.53  0.00
  C_1397-C-141            1.00   0.01  0.00  0.00  0.99  0.00  0.00  0.00  0.00  0.00
  C_1398-C-141            1.00   0.01  0.00  0.00  0.99  0.00  0.00  0.00  0.04  0.00
  C_1399-C-141            1.00   0.01  0.00  0.00  0.99  0.00  0.00  0.00  0.07  0.00
  C_1400-C-141            1.00   0.01  0.03  0.00  0.96  0.00  0.00  0.00  0.00  0.00
  C_1401-C-109            1.00   0.01  0.00  0.00  0.92  0.07  0.00  0.00  0.01  0.00
  C_1402-C-109            1.00   0.01  0.00  0.00  0.98  0.01  0.00  0.00  0.03  0.00
  C_1403-C-109            1.00   0.01  0.00  0.00  0.99  0.00  0.00  0.00  0.02  0.00
  C_1404-C-109            1.00   0.01  0.00  0.00  0.99  0.00  0.00  0.00  0.05  0.00
  C_1405-C-109            1.00   0.01  0.00  0.00  0.99  0.00  0.00  0.00  0.02  0.00
  C_1406-C-109            1.00   0.01  0.00  0.00  0.99  0.00  0.00  0.00  0.04  0.00
  C_1407-C-109            1.00   0.01  0.00  0.00  0.95  0.04  0.00  0.00  0.04  0.00
  C_1408-C-109            1.00   0.01  0.00  0.00  0.99  0.00  0.00  0.00  0.04  0.00
  C_1409-C-109            1.00   0.01  0.00  0.00  0.99  0.00  0.00  0.00  0.04  0.00
  C_1410-C-109            1.00   0.01  0.00  0.00  0.99  0.00  0.00  0.00  0.03  0.00
  C_1411-C-109            1.00   0.01  0.00  0.00  0.99  0.00  0.00  0.00  0.05  0.00
  C_1412-C-109            1.00   0.01  0.00  0.00  0.99  0.00  0.00  0.00  0.03  0.00
  C_1413-C-109            1.00   0.01  0.00  0.00  0.99  0.00  0.00  0.00  0.04  0.00
  C_1414-C-109            1.00   0.01  0.00  0.00  0.99  0.00  0.00  0.00  0.03  0.00
  C_1415-C-109            1.00   0.01  0.00  0.00  0.99  0.00  0.00  0.00  0.03  0.00
  C_1416-C-109            1.00   0.01  0.00  0.00  0.99  0.00  0.00  0.00  0.04  0.00
  C_1417-C-109            1.00   0.01  0.00  0.00  0.99  0.00  0.00  0.00  0.02  0.00
  C_1418-C-109            1.00   0.01  0.00  0.00  0.99  0.00  0.00  0.00  0.02  0.00
  C_1419-C-109            1.00   0.01  0.00  0.00  0.96  0.03  0.00  0.00  0.02  0.00
  C_1420-C-109            1.00   0.01  0.00  0.00  0.95  0.04  0.00  0.00  0.03  0.00
  C_1421-C-109            1.00   0.01  0.00  0.00  0.89  0.10  0.00  0.00  0.04  0.00
  C_1422-C-109            1.00   0.01  0.00  0.00  0.88  0.11  0.00  0.00  0.14  0.00
  C_1423-C-109            1.00   0.01  0.00  0.00  0.79  0.20  0.00  0.00  0.04  0.00
  C_1424-C-139            1.00   0.01  0.00  0.00  0.92  0.07  0.00  0.00  0.00  0.00
  C_1425-C-139            1.00   0.01  0.00  0.00  0.79  0.21  0.00  0.00  0.03  0.00
  C_1426-C-108            1.00   0.01  0.99  0.00  0.00  0.00  0.00  0.00  0.00  0.00
  C_1427-C-103            1.00   0.01  0.00  0.00  0.00  0.99  0.00  0.00  0.11  0.00
  
  
  *************************
  Conduit Surcharge Summary
  *************************
  
  ----------------------------------------------------------------------------
                                                           Hours        Hours 
                         --------- Hours Full --------   Above Full   Capacity
  Conduit                Both Ends  Upstream  Dnstream   Normal Flow   Limited
  ----------------------------------------------------------------------------
  C_0-C-88                    0.01      0.01     12.88      0.01         0.01
  C_1-C-139                  13.55     13.55     18.32      0.16         0.01
  C_2-C-125                  21.98     21.98     22.14      0.01         0.01
  C_3-C-109                  21.05     21.05     21.42      0.01         0.01
  C_4-C-16                   21.82     21.82     22.06     15.29        14.67
  C_5-C-97                    0.01      0.01     21.95      0.01         0.01
  C_7-C-12                    0.01      0.01     12.02      0.01         0.01
  C_11-C-32                   0.01      0.01      6.44      0.01         0.01
  C_13-C-83                   0.01      0.01      6.44      0.01         0.01
  C_16-C-17                  22.39     22.39     22.74     13.19        13.06
  C_17-C-121                  0.01     10.07      0.01     10.55         0.01
  C_18-C-19                   0.01     18.39      0.01     19.75         0.01
  C_19-C-37                   0.01      0.01     11.94      0.01         0.01
  C_20-C-36                   0.01      0.01      8.62      0.01         0.01
  C_23-C-57                   0.01      0.01     21.37      0.01         0.01
  C_25-C-32                  13.52     13.52     13.93      0.01         0.03
  C_26-C-89                  21.88     21.88     21.91      0.01         0.01
  C_27-C-141                 21.90     21.90     21.91     18.51         0.01
  C_28-C-127                  0.01     21.98      0.01     22.15         0.01
  C_30-C-117                  0.01      0.01     18.36      0.01         0.01
  C_31-C-32                  10.14     10.14     14.36      0.01         0.01
  C_36-C-18                   0.01      0.01     14.13      0.01         0.01
  C_37-C-123                  0.01     11.64      0.01     11.89         0.01
  C_38-C-15                   6.68      6.68     13.96      3.45         3.45
  C_39-C-42                  21.75     21.75     21.76      0.01         0.04
  C_43-C-111                  0.01      0.01     21.68      0.01         0.01
  C_44-C-113                 14.25     14.29     16.00      4.46         0.01
  C_45-C-29                   0.01      0.01      6.24      0.01         0.01
  C_48-C-61                   8.19      8.19     21.32      0.75         0.01
  C_51-C-119                  0.01      0.01      4.27      0.01         0.01
  C_54-C-134                 19.04     19.04     19.63      3.70         3.39
  C_55-C-24                  19.04     19.04     20.19      0.01         0.01
  C_56-C-11                  13.96     13.96     15.17      6.74         0.01
  C_59-C-25                  20.22     20.22     20.41      1.19         0.01
  C_62-C-13                  18.18     20.41     18.18     20.96        18.18
  C_64-C-138                  0.01      0.01     12.93      0.01         0.01
  C_66-C-23                   0.01      0.01      0.01     16.86         0.01
  C_67-C-11                   0.01      0.01     15.17      3.97         0.01
  C_68-C-70                   0.01      0.01     13.41      0.01         0.01
  C_69-C-72                   0.01      8.19      0.01     11.10         0.01
  C_70-C-23                   0.01      0.01      0.01     13.50         0.01
  C_71-C-4                    0.01      0.01      0.01     15.97         0.01
  C_73-C-118                  0.01      4.30      0.01      6.71         0.01
  C_74-C-138                 12.36     12.93     12.36     13.85        12.36
  C_76-C-138                 12.36     12.36     14.11      0.01         0.01
  C_77-C-66                  12.36     12.36     19.22      0.01         0.01
  C_83-C-104                  0.01     14.11      0.01     18.56         0.01
  C_94-C-22                   0.01      0.01      0.01     11.47         0.01
  C_95-C-20                   0.01      0.01     14.35      0.01         0.01
  C_100-C-106                 0.01      0.01      0.01      7.93         0.01
  C_104-C-27                  0.01      0.01      1.95      7.54         0.01
  C_107-C-2                   0.01      0.01      0.01     14.06         0.01
  C_108-C-10                  0.01      0.01     21.83      0.01         0.01
  C_112-C-20                 14.35     14.35     21.69      0.01         0.01
  C_115-C-75                  0.01      0.01      2.16      0.01         0.01
  C_117-C-44                  0.01      0.01     21.14      0.01         0.01
  C_119-C-27                  0.01      0.01      1.95      0.01         0.01
  C_120-C-84                  0.01      0.01     21.96      0.01         0.01
  C_122-C-114                20.99     20.99     21.15      0.01         0.01
  C_123-C-106                 9.96      9.96     19.65      0.01         0.01
  C_131-C-9                   0.01      0.01     20.79      0.01         0.01
  C_132-C-99                  0.01      0.01     11.64      0.01         0.01
  C_135-C-92                  0.01      0.01      9.47      0.01         0.01
  C_137-C-94                  0.01      0.01      2.30      0.01         0.01
  C_138-C-2                   0.01      0.01     17.86      0.01         0.01
  C_139-C-65                 11.64     11.64     17.18      0.01         0.01
  C_140-C-86                  0.01      0.01      0.01     12.11         0.01
  C_142-C-93                 11.39     11.48     11.64     12.10        11.38
  C_143-C-108                18.84     18.84     18.97      0.01         0.01
  C_146-C-63                  0.01     17.84      0.01     17.99         0.01
  C_147-C-90                  1.37      1.37      6.94      0.01         0.01
  C_148-C-80                  0.01      0.01     21.33      0.01         0.01
  C_149-C-87                  8.63      8.63     10.02      3.16         0.01
  C_150-C-80                  0.01      0.01     21.33      0.01         0.01
  C_151-C-79                  8.81      8.81     22.38     21.52         0.01
  C_152-C-58                  0.01      0.01     21.80      0.01         0.01
  C_153-C-63                 17.84     18.10     17.84      5.42         4.38
  C_154-C-64                  0.01     17.62      0.01     18.09         0.01
  C_155-C-112                20.92     20.92     20.96     19.81        19.82
  C_159-C-68                 20.79     20.79     20.84     12.35         0.01
  C_160-C-28                  0.01      0.01     21.61      0.01         0.01
  C_161-C-7                  21.11     21.11     21.16     20.57         0.01
  C_162-C-107                21.11     21.11     21.14      0.01         0.01
  C_163-C-1                  19.33     19.33     21.92      0.01         0.01
  C_164-C-69                 18.65     18.65     19.75      0.01         0.01
  C_165-C-81                 22.46     22.46     22.67      0.01         0.01
  C_166-C-7                   0.01      0.01     22.10      0.01         0.01
  C_167-C-112                21.87     21.87     21.88     21.80        21.38
  C_168-C-34                  0.01      0.01      4.35      0.01         0.01
  C_169-C-29                  0.01      4.53      0.01      9.30         0.01
  C_171-C-29                  0.01      0.01     12.16      0.01         0.01
  C_173-C-57                  0.01      0.01     21.37      0.01         0.01
  C_176-C-109                17.98     17.98     18.02      3.94         7.51
  C_177-C-110                 0.01      4.27      0.01      5.37         0.01
  C_178-C-116                18.36     18.36     21.77      0.01         0.01
  C_179-C-115                 0.01      0.01     21.77      0.01         0.01
  C_181-C-96                 11.94     11.94     21.98      0.01         0.01
  C_182-C-95                 20.60     20.65     20.60     12.30         7.51
  C_187-C-135                21.84     21.84     21.94     10.07         0.67
  C_188-C-28                  0.01      0.01     10.37      0.01         0.01
  C_190-C-136                 0.01     21.31      0.01     21.65         0.01
  C_191-C-69                  0.01      0.01     18.65      0.01         0.01
  C_192-C-137                 0.01      0.01     21.81      0.01         0.01
  C_193-C-55                  8.66      8.66     12.70      0.01         0.01
  C_194-C-142                10.53     10.53     12.70      0.01         0.01
  C_195-C-24                 19.78     20.16     19.78     20.72        19.78
  C_203-C-3                   0.01      0.01      0.58      0.01         0.01
  C_204-C-3                   0.54      0.58      1.96      0.01         0.01
  C_205-C-3                   1.96      1.96     21.30      0.01         0.01
  C_206-C-3                   0.01      0.01     21.30      0.01         0.01
  C_209-C-3                   0.01      0.01     12.56      0.01         0.01
  C_210-C-3                   0.01      0.01     12.56      0.01         0.01
  C_225-C-3                   0.01      0.01      0.01     18.28         0.01
  C_231-C-3                   0.01      0.01      0.01     19.42         0.01
  C_243-C-3                   0.01      0.01      0.01     17.75         0.01
  C_244-C-3                   0.01      0.01      0.01     19.73         0.01
  C_251-C-3                   0.01      0.01      0.05      0.01         0.01
  C_252-C-3                   0.04      0.05      8.26      0.01         0.01
  C_253-C-3                   0.10      0.12      8.26      0.01         0.01
  C_254-C-3                   0.01      1.12      0.12      0.01         0.01
  C_255-C-3                   0.01      0.14      1.12      0.01         0.01
  C_256-C-3                   0.01      0.01      0.14      0.01         0.01
  C_271-C-12                  0.01      0.01     22.00      0.01         0.01
  C_272-C-12                 22.00     22.00     22.07      0.01         0.01
  C_273-C-12                 22.06     22.06     22.07     18.04         0.01
  C_274-C-12                 22.04     22.04     22.06      0.01         0.02
  C_275-C-12                 22.03     22.03     22.04      0.01         0.01
  C_276-C-12                 21.58     21.58     22.03      0.01         0.01
  C_277-C-12                 18.73     18.73     21.58      0.01         0.01
  C_278-C-12                 18.36     18.74     19.47     16.21         0.05
  C_279-C-12                 18.07     18.13     19.47      0.01         0.05
  C_280-C-12                 14.33     14.33     18.14      0.01         0.01
  C_281-C-12                 13.47     13.47     14.33      0.01         0.01
  C_282-C-12                 13.28     13.28     13.47     12.00        12.00
  C_283-C-12                 13.10     13.10     13.28     11.76        11.75
  C_284-C-12                 12.62     12.62     13.10      0.01         0.01
  C_285-C-12                 12.62     12.81     12.62     15.58        12.62
  C_286-C-12                 12.11     12.11     12.81      0.01         0.01
  C_287-C-12                 12.03     12.03     12.11     10.32         8.27
  C_288-C-12                 11.67     11.67     12.03      0.01         0.01
  C_289-C-12                 11.67     11.92     11.67     17.98        11.67
  C_290-C-12                 11.92     12.08     11.92     15.01        11.92
  C_291-C-12                 12.08     12.20     12.08     15.38        12.08
  C_292-C-12                 12.14     12.14     12.20      0.01         1.23
  C_293-C-12                 11.82     11.82     12.14      0.01         0.01
  C_294-C-12                 11.69     11.69     11.82      0.01         0.01
  C_295-C-12                 11.66     11.66     11.69      0.01         0.83
  C_296-C-12                 11.64     11.64     11.66      0.01         0.06
  C_297-C-12                 11.64     11.72     11.64     15.00        11.64
  C_298-C-12                 11.72     11.75     11.72     14.14        11.38
  C_299-C-12                 11.75     11.76     11.75     12.67         8.36
  C_300-C-12                 11.76     11.77     11.76     10.82         7.82
  C_301-C-12                 11.77     11.79     11.77      7.36         7.32
  C_302-C-12                 11.79     11.86     11.79     14.86        11.77
  C_303-C-12                 11.86     11.93     11.86     15.85        11.47
  C_304-C-12                 11.93     12.02     11.93     17.39        11.93
  C_305-C-113                 0.01      0.01     21.71      0.01         0.01
  C_307-C-113                21.71     21.71     21.75      0.01         0.01
  C_308-C-113                21.75     21.75     21.78      0.01         0.01
  C_309-C-113                21.78     21.78     21.82      0.01         0.01
  C_310-C-113                21.82     21.82     21.87      0.01         0.01
  C_311-C-113                21.87     21.87     21.91      0.01         0.01
  C_312-C-113                21.90     21.90     21.91      0.01         0.01
  C_313-C-113                21.89     21.89     21.90      0.01         7.99
  C_314-C-113                21.87     21.87     21.89      0.01         0.14
  C_315-C-113                21.87     21.87     21.87     12.47        10.92
  C_316-C-113                21.86     21.86     21.87      0.01         1.80
  C_317-C-113                21.86     21.86     21.87      0.01         0.01
  C_318-C-113                21.84     21.84     21.87      0.01         0.01
  C_319-C-113                21.84     21.84     21.84     21.57         0.01
  C_320-C-113                21.80     21.80     21.84      0.01         0.01
  C_321-C-113                21.79     21.79     21.80      0.01         2.48
  C_322-C-113                21.78     21.78     21.79      0.01         0.01
  C_323-C-113                21.78     21.78     21.79      0.01         0.01
  C_324-C-113                21.78     21.78     21.79     21.70        21.68
  C_325-C-113                21.78     21.78     21.78     13.13        10.63
  C_326-C-113                21.78     21.78     21.78      0.01         0.64
  C_327-C-113                21.78     21.78     21.78      0.01         0.01
  C_328-C-113                21.77     21.77     21.78      0.01         0.31
  C_329-C-113                21.77     21.77     21.77     22.09        17.81
  C_330-C-113                21.77     21.77     21.77      0.01         1.18
  C_331-C-113                21.77     21.77     21.77      0.01         0.01
  C_332-C-113                21.77     21.77     21.77     22.06        17.39
  C_333-C-113                21.76     21.76     21.77      0.01         0.01
  C_334-C-113                21.75     21.75     21.76      0.01         0.01
  C_335-C-113                21.75     21.75     21.75      0.01         9.65
  C_336-C-113                21.74     21.75     21.75      0.01         2.29
  C_337-C-113                21.75     21.75     21.76      0.01         0.01
  C_338-C-113                21.74     21.74     21.76      0.01         0.01
  C_339-C-113                21.74     21.74     21.74     20.55         0.02
  C_340-C-113                21.74     21.74     21.74     17.53        15.81
  C_341-C-113                21.73     21.73     21.74      0.01         0.01
  C_342-C-113                21.73     21.73     21.73     22.05        21.06
  C_343-C-113                21.72     21.72     21.73      7.47         4.41
  C_344-C-113                21.72     21.73     21.72     18.63        12.97
  C_345-C-113                21.72     21.72     21.73      5.45         0.52
  C_346-C-113                21.72     21.72     21.72      2.25         3.93
  C_347-C-113                21.72     21.72     21.72     19.73        14.66
  C_348-C-113                21.71     21.71     21.72      0.01         0.01
  C_349-C-113                21.71     21.71     21.71      0.01         0.01
  C_350-C-113                21.71     21.71     21.71      0.01         0.01
  C_351-C-113                21.71     21.71     21.71     16.76         3.24
  C_352-C-113                21.71     21.71     21.71      0.01         0.01
  C_353-C-113                21.71     21.71     21.71      0.01         0.09
  C_354-C-113                21.71     21.71     21.72     16.51        11.98
  C_355-C-113                21.72     21.72     21.78      0.01         0.61
  C_356-C-113                21.78     21.78     21.84      0.01         0.01
  C_357-C-113                21.74     21.74     21.84      0.01         0.01
  C_358-C-113                21.74     21.74     21.81      0.01         0.01
  C_359-C-113                21.83     21.83     21.91      0.01         0.01
  C_360-C-113                21.81     21.81     21.91      0.01         0.01
  C_361-C-113                21.83     21.83     21.84      0.01         0.01
  C_362-C-113                21.84     21.84     21.90      0.01         0.01
  C_363-C-113                21.86     21.86     21.90      0.01         0.01
  C_364-C-113                21.81     21.81     21.86      0.01         0.24
  C_365-C-113                21.79     21.79     21.81      0.01         0.01
  C_366-C-113                21.79     21.79     21.84      0.01         0.01
  C_367-C-113                21.84     21.84     21.85      0.01         0.70
  C_368-C-113                21.83     21.83     21.85      0.01         0.06
  C_369-C-113                21.81     21.81     21.83      0.01         0.03
  C_370-C-113                21.81     21.81     21.84      0.01         0.01
  C_371-C-113                21.77     21.77     21.84      0.01         0.01
  C_372-C-113                21.72     21.72     21.77      0.01         0.01
  C_373-C-113                21.71     21.71     21.72      0.01         1.92
  C_374-C-113                21.71     21.71     21.71      0.86         3.20
  C_375-C-113                21.71     21.71     21.73      0.01         0.01
  C_376-C-113                21.71     21.71     21.73      0.01         0.01
  C_377-C-113                21.70     21.70     21.71      0.01         0.01
  C_378-C-113                21.70     21.70     21.70     21.70         6.37
  C_379-C-113                21.70     21.70     21.70      0.01         0.94
  C_380-C-113                21.70     21.70     21.70      0.01         0.01
  C_381-C-113                21.70     21.70     21.70      0.01         4.16
  C_382-C-113                21.70     21.70     21.70      0.01         0.01
  C_383-C-113                 0.01      0.01     21.70      0.01         0.01
  C_384-C-113                 0.01      0.01     16.00      0.01         0.01
  C_387-C-142                 0.01      0.01      0.01     21.32         0.01
  C_389-C-142                 0.01      0.01      9.05      0.01         0.01
  C_390-C-142                 0.01      0.01      9.05      0.01         0.01
  C_391-C-142                 0.01      0.01     11.41      0.01         0.01
  C_392-C-142                 0.01      0.01     11.41      0.01         0.01
  C_393-C-142                 0.01      0.01      7.06      0.01         0.01
  C_394-C-142                 7.06      7.06      7.20      0.01         0.01
  C_395-C-142                 6.48      6.48      7.20     21.63         0.01
  C_396-C-142                 6.48      6.48      8.55      0.01         0.01
  C_397-C-142                 8.55      8.55     10.74      0.01         0.01
  C_398-C-142                10.74     10.74     11.73      0.01         0.01
  C_399-C-142                11.29     11.29     11.73      0.01         0.01
  C_400-C-142                11.29     11.29     11.50      0.01         0.01
  C_401-C-142                11.50     11.50     11.97      0.01         0.01
  C_402-C-142                 9.03      9.03     11.97      0.01         0.01
  C_403-C-142                 9.03      9.03     10.15      0.01         0.01
  C_404-C-142                 8.28      8.28     10.15      0.01         0.01
  C_405-C-142                 8.28      8.28      9.75      0.01         0.01
  C_406-C-142                 9.05      9.05      9.75      0.01         0.01
  C_407-C-142                 8.87      8.87      9.05     21.50         0.01
  C_408-C-142                 8.87      8.87     10.53      0.01         0.01
  C_409-C-55                  0.01      0.01      8.66      0.01         0.01
  C_411-C-55                  0.01      0.01      8.15      0.01         0.01
  C_412-C-55                  0.01      0.01      8.15      0.01         0.01
  C_416-C-55                  0.01      0.01      0.93      0.01         0.01
  C_418-C-55                  0.01      0.01      0.93      0.01         0.01
  C_425-C-55                  0.01      0.01      0.01      1.23         0.01
  C_426-C-55                  0.01      0.01      0.01     13.58         0.01
  C_428-C-55                  0.01      0.01      0.01      0.61         0.01
  C_429-C-55                  0.01      0.01      0.01     13.10         0.01
  C_430-C-55                  0.01      0.01      0.01     17.71         0.01
  C_437-C-55                  0.01      0.01      0.01      7.32         0.01
  C_442-C-106                 0.01      0.01      0.01     21.01         0.01
  C_446-C-106                 0.01      0.01      9.69      0.01         0.01
  C_447-C-106                 9.69      9.96      9.69     18.32         4.74
  C_448-C-114                21.15     21.15     21.33      0.01         0.01
  C_449-C-114                21.16     21.16     21.33      0.01         0.01
  C_450-C-114                 4.56      4.56     21.16      0.01         0.01
  C_451-C-114                 0.01      0.01      4.56      0.01         0.01
  C_461-C-8                   0.01      0.01     11.26      0.01         0.01
  C_462-C-8                   0.01      0.01      0.01     18.59         0.01
  C_475-C-28                  0.01      0.01     21.31      0.01         0.01
  C_476-C-28                 10.37     10.37     21.31      0.01         0.01
  C_478-C-28                  0.01      0.01      0.01     21.33         0.01
  C_479-C-28                  0.01      0.01      0.01     20.55         0.01
  C_481-C-28                  0.01      0.01      0.01      5.79         0.01
  C_483-C-28                  0.01      0.01      0.01     20.52         0.01
  C_487-C-28                  0.01      0.01      0.01      5.10         0.01
  C_489-C-28                  0.01      0.01      2.51      0.01         0.01
  C_490-C-28                  0.01      0.01      2.51      0.01         0.01
  C_491-C-28                  0.01      0.01      0.01      8.61         0.01
  C_492-C-28                  0.01      0.01      1.26     20.33         0.01
  C_493-C-28                  1.15      2.37      1.26      2.85         0.01
  C_494-C-28                  0.04      0.06      2.37      0.01         0.01
  C_495-C-28                  0.01      0.01      0.06      0.01         0.01
  C_496-C-28                  0.01      0.01      0.01      0.46         0.01
  C_498-C-28                  0.01      0.01      0.01      0.01         0.01
  C_509-C-28                  0.01      0.01      0.01      6.01         0.01
  C_542-C-28                  1.01      1.01     18.46      0.01         0.01
  C_543-C-28                  0.01      0.01      1.01      0.01         0.01
  C_550-C-63                 18.10     18.10     18.24      2.62         3.75
  C_551-C-63                 18.24     18.24     18.58      0.01         0.01
  C_552-C-63                 18.58     18.58     18.76      2.43         0.37
  C_553-C-63                 18.61     18.61     18.76      0.34         0.42
  C_554-C-63                 18.61     18.61     19.00      0.01         0.01
  C_555-C-63                 18.74     18.74     19.00      0.01         0.04
  C_556-C-63                 18.57     18.57     18.74      0.01         0.56
  C_557-C-63                 18.57     18.57     18.98      8.41         0.01
  C_571-C-7                   0.01      0.01     16.12      0.01         0.01
  C_572-C-7                  16.12     16.12     18.03      0.01         0.01
  C_573-C-7                  18.03     18.03     18.26      0.01         0.01
  C_574-C-7                  18.25     18.26     18.34      8.57         8.53
  C_575-C-7                  18.34     18.34     18.56      3.90         3.95
  C_576-C-7                  18.56     18.56     18.60     13.01        13.02
  C_577-C-7                  18.60     18.60     18.90      0.01         0.01
  C_578-C-7                  18.90     18.90     18.95      0.01         0.10
  C_579-C-7                  18.88     18.88     18.95      0.01         0.01
  C_580-C-7                  18.78     18.78     18.88      0.01         0.01
  C_581-C-7                  18.78     18.78     18.81      3.30         4.72
  C_582-C-7                  18.75     18.75     18.81      0.01         0.01
  C_583-C-7                  18.75     18.75     18.78      7.25         7.12
  C_584-C-7                  18.78     18.78     18.83      0.01         2.85
  C_585-C-7                  18.81     18.83     18.81     22.13        18.08
  C_586-C-7                  18.81     18.81     18.83     17.22        11.92
  C_587-C-7                  18.80     18.83     18.80     22.13        18.45
  C_588-C-7                  18.80     18.80     19.07      0.01         0.01
  C_589-C-7                  19.07     19.07     19.22      0.01         0.38
  C_590-C-7                  19.22     19.22     19.33      0.01         0.11
  C_591-C-7                  19.31     19.33     19.31     22.13        19.04
  C_592-C-7                  19.31     19.31     19.50      0.01         0.01
  C_593-C-7                  19.28     19.28     19.50      0.01         0.01
  C_594-C-7                  19.28     19.28     19.43      0.01         0.01
  C_595-C-7                  19.43     19.43     19.51      0.01         0.31
  C_596-C-7                  19.51     19.51     19.57      0.01         1.17
  C_597-C-7                  19.54     19.57     19.54     22.18        19.48
  C_598-C-7                  19.54     19.54     19.77      0.01         0.01
  C_599-C-7                  19.77     19.77     19.81     16.91        14.20
  C_600-C-7                  19.87     19.89     19.87     22.18        19.39
  C_601-C-7                  19.81     19.81     19.89      0.01         0.01
  C_602-C-7                  19.75     19.75     19.87      0.01         0.01
  C_603-C-7                  19.73     19.75     19.73     22.16        19.06
  C_604-C-7                  19.73     19.73     19.75     18.90        15.09
  C_605-C-7                  19.75     19.75     19.93      0.01         0.01
  C_606-C-7                  19.93     19.93     19.95     18.51        15.34
  C_607-C-7                  19.95     19.95     20.12      0.01         0.01
  C_608-C-7                  20.12     20.12     20.12     20.04        19.10
  C_609-C-7                  20.12     20.12     20.33      0.01         0.01
  C_610-C-7                  20.32     20.33     20.32     20.51        20.17
  C_611-C-7                  20.32     20.32     20.44      0.01         0.01
  C_612-C-7                  20.44     20.44     20.50      0.01         0.27
  C_613-C-7                  20.59     20.59     20.69     20.04        19.98
  C_614-C-7                  20.57     20.57     20.59     20.42        15.98
  C_615-C-7                  20.50     20.50     20.57      2.44         1.91
  C_616-C-7                  20.69     20.69     21.04      0.01         0.01
  C_617-C-7                  21.04     21.04     21.13     20.52        15.92
  C_618-C-7                  21.13     21.13     21.22     19.09        17.18
  C_619-C-7                  21.22     21.22     21.45     20.09        20.07
  C_620-C-7                  21.45     21.45     22.11      0.01         1.78
  C_621-C-7                  22.11     22.11     22.13     19.67        19.66
  C_622-C-7                  22.13     22.13     22.17      0.01         0.01
  C_623-C-7                  22.20     22.20     22.25      0.01         0.01
  C_624-C-7                  22.17     22.17     22.20      0.01         0.14
  C_625-C-7                  22.20     22.20     22.25      0.01         0.01
  C_626-C-7                  22.20     22.20     22.21      0.01         1.11
  C_627-C-7                  22.21     22.21     22.21     21.75        16.98
  C_628-C-7                  22.21     22.21     22.30      0.01         0.01
  C_629-C-7                  22.29     22.29     22.30      0.01         0.01
  C_630-C-7                  22.29     22.29     22.32      0.01         0.01
  C_631-C-7                  22.24     22.24     22.32      0.01         0.01
  C_632-C-7                  22.18     22.18     22.25      0.01         0.01
  C_633-C-7                  22.24     22.24     22.25     22.07         0.01
  C_634-C-7                  22.15     22.15     22.18      0.01         0.01
  C_635-C-7                  22.14     22.14     22.15     21.81        21.82
  C_636-C-7                  22.13     22.13     22.14     11.30        10.92
  C_637-C-7                  21.92     21.92     22.13      0.01         0.01
  C_638-C-7                  21.92     21.92     22.10      0.01         0.01
  C_639-C-7                  21.96     21.96     22.10      4.41         4.46
  C_640-C-7                  21.90     21.90     21.96      0.01         0.01
  C_641-C-7                  21.90     21.91     21.90     22.07        21.90
  C_642-C-7                  21.91     21.91     21.92     22.26         0.01
  C_643-C-7                  21.91     21.91     21.92      2.59         1.93
  C_644-C-7                  21.81     21.81     21.91      0.01         0.01
  C_645-C-7                  21.72     21.72     21.81      0.01         0.01
  C_646-C-7                  21.72     21.72     21.74     21.89         0.01
  C_647-C-7                  21.74     21.74     21.82      0.01         0.01
  C_648-C-7                  21.83     21.83     21.87      0.01         0.01
  C_649-C-7                  21.82     21.82     21.83     22.28         0.03
  C_650-C-7                  21.79     21.79     21.87      0.01         0.01
  C_651-C-7                  21.75     21.75     21.79      0.01         0.01
  C_652-C-7                  21.71     21.71     21.75      0.01         0.01
  C_653-C-7                  21.71     21.72     21.71     21.88        21.68
  C_654-C-7                  21.72     21.72     21.74     21.77         0.01
  C_655-C-7                  21.73     21.73     21.74     16.44        14.08
  C_656-C-7                  21.68     21.68     21.73      0.01         0.01
  C_657-C-7                  21.59     21.59     21.68      0.01         0.01
  C_658-C-7                  21.56     21.56     21.59     20.87        20.59
  C_659-C-7                  21.52     21.52     21.56      0.01         1.82
  C_660-C-7                  21.52     21.52     21.56     21.90         0.01
  C_661-C-7                  21.56     21.58     21.56     21.94        21.56
  C_662-C-7                  21.58     21.58     21.65     12.68         0.01
  C_663-C-7                  21.58     21.58     21.65      0.01         0.01
  C_664-C-7                  21.47     21.47     21.58      0.01         0.01
  C_665-C-7                  21.47     21.47     21.55     20.40         0.01
  C_666-C-7                  21.48     21.48     21.55      0.01         0.01
  C_667-C-7                  21.28     21.28     21.48      0.01         0.01
  C_668-C-7                  21.28     21.28     21.28     21.23        20.96
  C_669-C-7                  21.11     21.11     21.28      0.01         0.01
  C_670-C-7                  21.16     21.17     21.16     21.71        21.11
  C_671-C-7                  21.17     21.17     21.17     22.30         0.10
  C_672-C-7                  20.96     20.96     21.01     19.58        19.57
  C_673-C-7                  21.01     21.01     21.17      0.01         0.01
  C_674-C-7                  20.75     20.75     20.96      0.01         0.01
  C_675-C-7                  20.41     20.41     20.75      0.01         0.01
  C_676-C-7                  20.17     20.17     20.41      0.01         0.72
  C_677-C-7                  20.17     20.17     20.22     22.37         0.01
  C_678-C-7                  19.28     19.28     20.22      1.12         0.64
  C_679-C-7                  18.61     18.61     19.28      0.01         0.01
  C_680-C-7                  18.39     18.39     18.61      0.01         1.79
  C_681-C-7                  18.09     18.09     18.39     14.34        12.71
  C_682-C-7                  17.75     17.75     18.09      0.01         0.03
  C_683-C-7                  17.51     17.51     17.75      0.01         0.01
  C_684-C-7                  17.23     17.23     17.51      0.01         0.02
  C_685-C-7                  16.66     16.66     17.23      0.01         0.01
  C_686-C-7                  15.79     15.79     16.66      0.01         0.01
  C_687-C-7                  15.36     15.36     15.79      0.01         2.23
  C_688-C-7                  15.00     15.00     15.19     12.28        12.28
  C_689-C-7                  15.19     15.19     15.36     11.01         7.21
  C_690-C-7                  14.21     14.21     15.00      0.01         0.01
  C_691-C-7                  14.05     14.05     14.21      8.01         8.08
  C_692-C-7                  13.69     13.69     14.05      0.01         0.01
  C_693-C-7                  13.08     13.08     13.69      0.01         0.44
  C_694-C-7                  12.74     12.74     13.08      6.13         5.86
  C_695-C-7                  12.02     12.02     12.74      1.96         0.83
  C_696-C-7                  10.79     10.79     12.02      0.01         0.01
  C_697-C-7                   9.82      9.82     10.79      0.01         0.01
  C_698-C-7                   9.10      9.10      9.82      3.30         3.23
  C_699-C-7                   8.54      8.54      9.10      0.01         0.01
  C_700-C-7                   7.72      7.72      8.54      0.01         0.01
  C_701-C-7                   7.59      7.59      7.72      0.95         1.54
  C_702-C-7                   6.89      6.89      7.59      0.01         0.01
  C_703-C-7                   6.30      6.30      6.89      0.01         0.01
  C_704-C-7                   5.43      5.43      6.30      0.01         0.01
  C_705-C-7                   2.58      2.58      5.43      0.01         0.01
  C_706-C-7                   1.14      1.14      2.59      0.01         0.01
  C_707-C-7                   0.01      0.01      1.14      0.01         0.01
  C_718-C-63                 18.98     18.98     20.19     14.68         0.01
  C_719-C-63                 20.06     20.19     20.06     21.66        10.53
  C_720-C-63                 20.06     20.06     20.12     11.73         2.65
  C_721-C-63                 20.12     20.12     20.84      0.01         0.01
  C_722-C-63                 20.84     20.84     20.98      0.01         0.01
  C_723-C-63                 20.98     20.98     21.33      2.00         1.69
  C_724-C-63                 21.33     21.33     21.55      0.01         0.01
  C_725-C-63                 21.55     21.55     21.86      0.01         0.01
  C_726-C-63                 21.81     21.81     21.86      5.01         0.01
  C_727-C-63                 21.76     21.76     21.81      4.30         1.94
  C_728-C-63                 21.35     21.35     21.76      1.61         0.01
  C_729-C-107                21.14     21.14     21.29      0.01         0.01
  C_730-C-107                21.26     21.26     21.29      4.22         0.15
  C_731-C-107                21.12     21.12     21.26      0.01         0.01
  C_732-C-107                21.12     21.12     21.14      0.01         0.80
  C_733-C-107                20.94     20.94     21.14      0.01         0.01
  C_734-C-107                 0.01      0.01     21.47      0.01         0.01
  C_735-C-107                20.91     20.91     20.94      0.01         0.01
  C_736-C-81                 13.01     13.01     13.70     14.61         0.01
  C_737-C-81                  0.01     13.01      0.01     22.04         0.01
  C_738-C-81                 13.49     13.49     13.70     12.95        12.95
  C_739-C-81                 13.22     13.22     13.49     12.71        12.71
  C_740-C-81                 11.49     11.49     12.08      0.01         0.01
  C_741-C-81                 12.08     12.08     13.22      0.01         0.01
  C_742-C-81                  2.99      2.99     11.49      0.01         0.01
  C_743-C-81                  0.01      0.01      2.99      0.01         0.01
  C_744-C-81                  0.01      0.01     12.40     12.31         0.01
  C_745-C-81                 12.40     12.40     16.18      0.01         0.01
  C_746-C-81                 16.18     16.18     17.73      0.01         0.01
  C_747-C-81                 17.62     17.73     17.62      6.85         0.56
  C_748-C-81                 16.97     16.97     17.62      0.01         0.01
  C_749-C-81                 16.97     16.97     20.98      6.48         6.48
  C_750-C-81                 20.98     20.98     22.46      0.01         0.01
  C_751-C-24                 20.16     20.16     20.42     10.93         0.01
  C_752-C-24                 20.42     20.50     20.42     17.07        13.71
  C_753-C-24                 20.34     20.34     20.50      0.01         0.28
  C_754-C-24                 20.34     20.34     20.34     11.84        11.66
  C_755-C-24                 20.34     20.34     20.47     12.50         0.04
  C_756-C-24                 20.47     20.48     20.47     11.42        10.20
  C_757-C-24                 20.48     20.48     20.58      0.01         0.15
  C_758-C-24                 20.58     20.59     20.58     17.71         6.64
  C_759-C-24                 20.18     20.18     20.59      0.01         0.01
  C_760-C-24                 20.11     20.11     20.18      0.01         0.94
  C_761-C-24                 20.11     20.11     20.48      0.01         0.01
  C_762-C-24                 19.91     19.91     20.48      0.01         0.01
  C_763-C-24                 19.91     19.91     20.71      0.01         0.01
  C_764-C-24                 20.32     20.32     20.71      0.01         0.01
  C_765-C-24                 20.21     20.21     20.32      3.73         4.14
  C_766-C-24                 20.19     20.19     20.21      9.99        12.15
  C_767-C-134                19.63     19.63     19.84     12.47        12.22
  C_768-C-134                19.84     19.84     21.19      0.01         0.01
  C_769-C-134                18.91     18.91     21.19      0.01         0.01
  C_770-C-134                17.26     17.26     18.91      0.01         0.01
  C_771-C-134                 0.01      0.01     17.26      0.01         0.01
  C_776-C-111                 0.01      0.01     21.68      0.01         0.01
  C_777-C-83                  0.01      4.23      0.01     14.54         0.01
  C_778-C-83                  4.23      5.18      4.23     12.09         4.23
  C_779-C-83                  4.30      4.30      5.18      0.01         0.01
  C_780-C-83                  4.30      4.30     12.61     14.72         0.01
  C_781-C-83                 12.61     12.61     18.57     20.47         0.01
  C_782-C-83                 18.57     18.57     19.53     19.32         0.01
  C_783-C-83                 19.53     19.75     19.53     22.13        19.53
  C_784-C-83                 19.75     19.75     20.29      0.01         0.01
  C_785-C-83                 20.28     20.29     20.29     20.26        17.38
  C_786-C-83                 20.29     20.44     20.29     22.18        20.24
  C_787-C-83                 20.44     20.44     21.16      6.45         0.01
  C_788-C-83                 21.16     21.16     21.43      0.53         0.01
  C_789-C-83                 21.30     21.30     21.43      2.28         4.30
  C_790-C-83                 21.18     21.18     21.30      1.63         4.70
  C_791-C-83                 21.18     21.18     21.35      5.95         0.01
  C_792-C-83                 20.99     20.99     21.35      0.01         0.01
  C_793-C-83                 20.99     20.99     21.15      3.31         0.01
  C_794-C-83                 20.98     20.98     21.15      0.01         0.03
  C_795-C-83                 20.43     20.43     20.98      0.01         0.01
  C_796-C-83                 20.38     20.38     20.43     19.65        19.54
  C_797-C-83                 19.84     19.84     20.38      0.01         0.01
  C_798-C-83                 19.84     19.92     19.84     22.23        19.83
  C_799-C-83                 19.78     19.78     19.92     17.66        11.44
  C_800-C-83                 19.69     19.70     19.78      5.48         5.55
  C_801-C-83                 19.70     19.70     19.76      6.88         0.01
  C_802-C-83                 19.56     19.56     19.76      0.01         0.01
  C_803-C-83                 19.42     19.42     19.45     15.50        15.76
  C_804-C-83                 19.45     19.45     19.56      0.01         5.79
  C_805-C-83                 19.03     19.03     19.42      0.01         0.01
  C_806-C-83                 18.51     18.51     19.03      5.61         4.18
  C_807-C-83                 18.00     18.00     18.51      0.01         0.01
  C_808-C-83                 17.30     17.30     18.00      4.01         4.06
  C_809-C-83                 12.76     12.76     17.30      0.01         0.01
  C_810-C-83                  5.11      5.11     12.76      0.01         0.01
  C_811-C-83                  3.85      3.85      5.11      0.01         0.01
  C_812-C-83                  2.87      2.87      3.85      0.01         0.02
  C_813-C-83                  1.39      1.39      2.87      0.01         0.01
  C_814-C-83                  0.01      0.01      1.40      0.01         0.01
  C_833-C-32                  0.01      0.01      5.29      0.01         0.01
  C_834-C-32                  5.29      5.29      7.57      0.01         0.01
  C_835-C-32                  7.56      7.57      8.85      0.01         0.01
  C_836-C-32                  8.85      8.85     11.73      0.01         0.01
  C_837-C-32                 11.73     11.73     12.14      0.01         0.02
  C_838-C-32                 12.14     12.14     13.52      0.01         0.02
  C_839-C-32                 13.93     13.93     14.49      2.42         1.10
  C_840-C-32                 14.49     14.49     14.95      8.73         8.98
  C_841-C-32                 14.95     14.95     16.21      0.01         0.01
  C_842-C-32                 16.21     16.21     16.46     13.43        13.55
  C_843-C-32                 16.46     16.46     17.10     12.58        11.63
  C_844-C-32                 17.10     17.10     17.95     13.17        13.17
  C_845-C-32                 17.95     17.95     18.89      0.01         0.54
  C_846-C-32                 18.89     18.89     20.07      0.01         0.01
  C_847-C-32                 20.07     20.07     21.35     12.69        12.70
  C_848-C-32                 21.34     21.34     21.94      0.01         0.03
  C_849-C-32                 21.94     21.94     21.99      0.01         0.01
  C_850-C-32                 21.99     21.99     22.03      0.01         0.01
  C_851-C-32                 22.03     22.03     22.06      0.01         0.01
  C_852-C-32                 22.06     22.06     22.08      0.01         0.01
  C_853-C-32                 22.08     22.08     22.14     19.39         0.01
  C_854-C-32                 22.10     22.10     22.14      0.01         0.01
  C_855-C-32                 22.02     22.02     22.10      0.01         0.01
  C_856-C-32                 22.00     22.00     22.02     13.32        13.25
  C_857-C-32                 22.00     22.00     22.00     21.85         1.22
  C_858-C-32                 21.99     21.99     22.00     13.13         9.43
  C_859-C-32                 21.97     21.97     21.99      0.01         0.04
  C_860-C-32                 21.95     21.95     21.97      0.01         2.99
  C_861-C-32                 21.95     21.95     21.95     15.31        15.49
  C_862-C-32                 21.94     21.94     21.95      0.01         0.04
  C_863-C-32                 21.40     21.40     21.94     10.86        11.08
  C_864-C-32                 16.92     16.92     21.40      0.01         0.02
  C_865-C-32                 14.36     14.36     16.94      0.01         0.01
  C_866-C-32                  8.95      8.95     10.14      0.01         0.01
  C_867-C-32                  7.96      7.96      8.95      0.01         0.01
  C_868-C-32                  0.01      0.01      7.96      0.01         0.01
  C_887-C-34                  0.01      0.01      0.01      7.41         0.01
  C_891-C-34                  0.01      0.01      0.01     11.91         0.01
  C_894-C-34                  0.01      0.01      0.01     12.57         0.01
  C_897-C-34                  0.01      0.01      0.01     10.06         0.01
  C_900-C-34                  0.01      0.01      0.01      9.17         0.01
  C_901-C-34                  0.01      0.01      0.01     14.82         0.01
  C_903-C-34                  0.01      0.01      8.77      0.21         0.01
  C_904-C-34                  8.71      8.77      8.77      0.01         0.14
  C_905-C-34                  8.77      8.77      9.53      0.01         0.01
  C_906-C-34                  9.53      9.53     10.99      0.01         0.01
  C_907-C-34                 10.99     10.99     13.08      0.01         0.01
  C_908-C-34                 11.52     11.52     12.59      0.01         0.01
  C_909-C-34                 11.52     11.77     11.52     21.33        11.50
  C_910-C-34                 12.59     12.59     13.08      0.01         0.01
  C_911-C-34                 11.44     11.44     11.77      7.31         7.48
  C_912-C-34                  9.92      9.92     11.44      0.01         0.01
  C_913-C-34                  9.67      9.69      9.92      7.67         7.83
  C_914-C-34                  5.56      5.56      9.69      0.01         0.01
  C_915-C-34                  4.34      4.35      5.57      0.01         0.03
  C_916-C-34                  0.01      0.01      0.01      0.01         0.01
  C_921-C-34                  0.01      0.01      0.01     19.63         0.01
  C_953-C-2                   0.01      0.01      0.01     15.22         0.01
  C_959-C-2                   0.01      0.01      0.01      0.25         0.01
  C_961-C-2                   0.01      0.01      3.77     14.36         0.01
  C_962-C-2                   3.77      7.45      3.77     10.39         3.76
  C_963-C-2                   6.27      6.27      7.45      0.01         0.01
  C_964-C-2                   6.27      6.27      7.20     22.07         0.11
  C_965-C-2                   7.20      7.20     13.03      0.01         0.01
  C_966-C-2                  13.03     13.03     15.83      0.01         0.01
  C_967-C-2                  14.45     14.45     15.83      0.01         0.01
  C_968-C-2                  10.98     10.98     14.45      0.01         0.01
  C_969-C-2                   3.54      3.54     10.98      0.01         0.01
  C_970-C-2                   0.01      0.01      3.54      0.01         0.01
  C_972-C-2                   0.01      0.01      0.01      6.18         0.01
  C_974-C-2                   0.01      0.01      0.01      5.91         0.01
  C_975-C-2                   0.01      0.01      0.01      3.08         0.01
  C_984-C-94                  0.01      0.01      2.30      0.01         0.01
  C_986-C-94                  0.01      0.01      4.44      0.01         0.01
  C_987-C-94                  0.01      0.01      4.44      0.01         0.01
  C_988-C-2                  17.86     17.86     21.69      0.01         0.01
  C_989-C-2                  21.69     21.69     21.79      0.01         0.01
  C_990-C-2                  21.79     21.79     21.83      0.01         0.25
  C_991-C-2                  21.83     21.83     21.89      0.01         0.01
  C_992-C-2                  21.85     21.85     21.89      0.01         0.01
  C_993-C-2                   0.01      0.01     21.85      0.01         0.01
  C_994-C-108                19.29     19.29     19.31      0.01         4.54
  C_995-C-108                19.31     19.31     19.34      0.01         0.05
  C_996-C-108                18.97     18.97     19.34      0.01         0.01
  C_997-C-108                18.84     18.84     18.97      0.01         0.01
  C_998-C-108                18.78     18.78     18.84      0.01         1.63
  C_999-C-108                18.78     18.78     18.86      0.01         0.01
  C_1000-C-108               18.86     18.86     18.96      0.01         0.01
  C_1001-C-108               18.96     18.96     18.97     13.72         0.35
  C_1002-C-108               18.77     18.77     18.84      1.23         1.82
  C_1003-C-108               18.67     18.67     18.77      0.01         0.03
  C_1004-C-108               18.63     18.63     18.67      9.71         6.08
  C_1005-C-108               18.61     18.62     18.63     15.46        15.24
  C_1006-C-108               16.66     16.66     18.62      0.01         0.01
  C_1007-C-108               13.26     13.26     16.66      0.01         0.01
  C_1008-C-108               12.68     12.71     13.26      4.25         4.17
  C_1009-C-108               11.64     11.64     12.71      0.01         0.01
  C_1010-C-108               10.83     10.83     11.64      0.01         0.02
  C_1011-C-108               10.22     10.22     10.83      2.53         2.71
  C_1012-C-108                8.03      8.03     10.22      0.01         0.01
  C_1013-C-108                7.34      7.34      8.03      0.01         0.01
  C_1014-C-108                6.06      6.06      7.34      0.01         0.01
  C_1015-C-108                5.86      5.86      6.06      0.01         0.78
  C_1016-C-108                4.43      4.43      5.86      0.01         0.01
  C_1017-C-108                3.16      3.16      3.92      0.01         0.01
  C_1018-C-108                3.92      3.92      4.43      0.01         0.01
  C_1019-C-108                1.66      1.66      3.16      0.01         0.01
  C_1020-C-108                0.01      0.01      1.66      0.01         0.01
  C_1024-C-108                0.01      0.01      1.25      0.01         0.01
  C_1025-C-108                1.25      1.25      1.37      0.01         0.01
  C_1026-C-90                 6.94      6.94      8.55      0.01         0.01
  C_1027-C-90                 8.55      8.55      8.91      0.01         0.01
  C_1028-C-90                 8.91      8.91      9.01      3.63         3.73
  C_1029-C-90                 9.01      9.01      9.69      0.01         0.01
  C_1030-C-90                 9.69      9.69     10.65      0.01         0.01
  C_1031-C-90                10.60     10.65     10.60     14.02        10.60
  C_1032-C-90                10.60     10.60     10.82      5.52         3.79
  C_1033-C-90                10.82     10.82     11.34      0.01         0.07
  C_1034-C-90                11.34     11.34     12.12      0.01         0.01
  C_1035-C-90                12.12     12.12     12.73      0.01         0.01
  C_1036-C-90                12.73     12.73     13.08      0.01         0.07
  C_1037-C-90                13.08     13.08     13.28      9.82         9.87
  C_1038-C-90                13.28     13.28     13.68      0.01         3.65
  C_1039-C-90                13.68     13.68     14.01      8.79         6.73
  C_1040-C-90                14.01     14.01     14.48      0.01         0.01
  C_1041-C-90                14.48     14.48     14.51     12.80        12.56
  C_1042-C-90                14.51     14.51     14.60      0.01         2.50
  C_1043-C-90                14.60     14.60     14.68      0.01         4.99
  C_1044-C-90                14.68     14.68     14.79      0.01         0.06
  C_1045-C-90                14.79     14.79     14.87      0.01         0.15
  C_1046-C-90                14.87     14.87     14.94      0.01         0.08
  C_1047-C-90                14.94     14.94     15.00      0.01         0.13
  C_1048-C-90                15.00     15.00     15.05     12.26        12.26
  C_1049-C-90                15.05     15.05     15.14      0.01         0.01
  C_1050-C-90                15.12     15.14     15.12     16.98        15.11
  C_1051-C-90                15.12     15.12     15.22      0.01         0.01
  C_1052-C-90                15.22     15.22     15.27      0.01         0.01
  C_1053-C-90                15.27     15.27     15.29     14.18         9.47
  C_1054-C-90                15.29     15.29     15.32     13.99         8.66
  C_1055-C-90                15.32     15.32     15.39      0.01         0.01
  C_1056-C-90                15.39     15.39     15.40     15.12        14.09
  C_1057-C-90                15.37     15.40     15.37     16.67        15.37
  C_1058-C-90                15.37     15.37     15.50      0.01         0.01
  C_1059-C-90                15.48     15.50     15.48     16.68        12.76
  C_1060-C-90                15.44     15.48     15.44     16.80        12.56
  C_1061-C-90                15.44     15.44     15.47      2.27         3.06
  C_1062-C-90                15.46     15.47     15.46      9.45         8.91
  C_1063-C-90                15.46     15.46     15.51      5.53         4.39
  C_1064-C-90                15.26     15.26     15.51     18.65         0.01
  C_1065-C-90                15.25     15.26     15.25     11.24        10.76
  C_1066-C-90                15.25     15.25     15.56      0.01         0.01
  C_1067-C-90                15.56     15.56     15.64     15.14        14.45
  C_1068-C-90                15.64     15.64     15.78     14.68        11.56
  C_1069-C-90                15.78     15.78     15.96      0.01         0.32
  C_1070-C-90                15.96     15.96     16.06     11.83        10.29
  C_1071-C-90                16.06     16.06     16.33      0.01         0.26
  C_1072-C-90                16.33     16.33     16.67      9.14         8.90
  C_1073-C-90                16.67     16.67     17.42      0.01         0.01
  C_1074-C-90                17.42     17.42     18.05     15.38        15.45
  C_1075-C-90                18.05     18.05     19.24      0.01         4.63
  C_1076-C-90                19.24     19.24     19.97      0.01         2.05
  C_1077-C-90                19.97     19.97     20.48      0.01         0.01
  C_1078-C-90                20.48     20.48     20.56     17.43        17.68
  C_1079-C-90                20.56     20.56     20.80      0.01         0.01
  C_1080-C-112               20.96     20.96     21.01      0.01         0.01
  C_1081-C-112               21.01     21.01     21.01     20.99        20.86
  C_1082-C-112               21.01     21.01     21.06      0.01         1.56
  C_1083-C-112               21.06     21.06     21.09      0.01         5.50
  C_1084-C-112               21.09     21.09     21.13      0.01         2.30
  C_1085-C-112               21.13     21.13     21.17      0.01         0.01
  C_1086-C-112               21.17     21.17     21.18     15.37        12.13
  C_1087-C-112               21.18     21.18     21.21     12.08         6.40
  C_1088-C-112               21.21     21.21     21.27     20.47        19.09
  C_1089-C-112               21.27     21.27     21.32      0.01         0.01
  C_1090-C-112               21.32     21.32     21.34      5.64         3.33
  C_1091-C-112               21.34     21.34     21.40      0.01         0.01
  C_1092-C-112               21.38     21.40     21.38     22.05        21.38
  C_1093-C-112               21.38     21.38     21.40     21.14        21.05
  C_1094-C-112               21.40     21.40     21.46      0.01         0.01
  C_1095-C-112               21.46     21.46     21.51      0.01         0.01
  C_1096-C-112               21.51     21.51     21.51     21.62        21.45
  C_1097-C-112               21.51     21.51     21.56      0.01         0.27
  C_1098-C-112               21.56     21.56     21.58     21.31        21.19
  C_1099-C-112               21.58     21.58     21.66      0.01         0.01
  C_1100-C-112               21.66     21.66     21.72      0.01         1.03
  C_1101-C-112               21.72     21.72     21.80      0.01         0.13
  C_1102-C-112               21.80     21.80     21.81      0.01         0.02
  C_1103-C-112               21.81     21.81     21.81     21.14        21.14
  C_1104-C-112               21.81     21.81     21.82      0.01         0.01
  C_1105-C-112               21.82     21.82     21.82      0.01         0.01
  C_1106-C-112               21.82     21.82     21.83     21.28        21.27
  C_1107-C-112               21.83     21.83     21.84      0.01         0.01
  C_1108-C-112               21.84     21.84     21.84     21.16        20.93
  C_1109-C-112               21.84     21.84     21.85      0.01         0.01
  C_1110-C-112               21.85     21.85     21.86     20.15        16.70
  C_1111-C-112               21.86     21.86     21.87      0.01         0.01
  C_1112-C-112               21.87     21.87     21.87      0.01         0.01
  C_1113-C-112               21.88     21.88     21.88     22.03        21.87
  C_1114-C-112               21.88     21.88     21.88     22.02        21.86
  C_1115-C-112               21.88     21.88     21.91      0.01         0.01
  C_1116-C-112               21.91     21.91     21.91      3.06         1.62
  C_1117-C-112               21.91     21.91     21.91     22.03        21.89
  C_1118-C-112               21.91     21.91     21.92      0.01         0.41
  C_1119-C-112               21.92     21.92     21.92     12.16         7.02
  C_1120-C-112               21.92     21.92     21.93     17.21        11.73
  C_1121-C-112               21.93     21.93     21.93     21.80        20.90
  C_1122-C-112               21.93     21.93     21.95      0.01         0.01
  C_1123-C-112               21.95     21.95     21.95      0.87         0.57
  C_1124-C-112               21.95     21.95     21.95     15.68        11.88
  C_1125-C-112               21.95     21.95     21.95     20.55        14.28
  C_1126-C-112               21.95     21.95     21.96      2.46         2.68
  C_1127-C-112               21.96     21.96     21.96      7.86         6.21
  C_1128-C-112               21.96     21.96     21.96     22.14        21.96
  C_1129-C-112               21.96     21.96     21.96      5.35         6.75
  C_1130-C-112               21.95     21.96     21.95     22.12        21.92
  C_1131-C-112               21.95     21.95     21.95     22.50        21.95
  C_1132-C-112               21.95     21.95     22.00      0.01         0.01
  C_1133-C-112               22.01     22.01     22.02     15.90        13.63
  C_1134-C-112               22.02     22.02     22.02     19.12        18.04
  C_1135-C-112               22.00     22.00     22.01     13.18        11.82
  C_1136-C-112               22.01     22.02     22.01     22.47        22.01
  C_1137-C-112               22.01     22.01     22.02     21.94        21.22
  C_1138-C-112               22.00     22.02     22.00     22.48        22.00
  C_1139-C-112               21.90     21.90     22.00      0.01         0.01
  C_1140-C-112               21.85     21.90     21.85     22.48        21.85
  C_1141-C-112               21.06     21.85     21.06     22.46        21.06
  C_1142-C-112               21.06     21.06     21.83     14.41        13.35
  C_1143-C-112               13.27     13.27     21.83     22.02         0.01
  C_1144-C-112                0.01     13.27      0.01     22.45         0.01
  C_1145-C-140                0.01     10.23      0.01     13.69         0.01
  C_1146-C-140               10.23     12.61     10.23     22.26        10.23
  C_1147-C-140               12.61     13.83     12.61     22.24        12.61
  C_1148-C-140               13.55     13.55     13.83     12.67        12.67
  C_1149-C-140               12.49     12.49     13.55      9.40         9.41
  C_1150-C-140               11.90     11.90     12.49      5.69         4.37
  C_1151-C-140               11.56     11.56     11.90      9.02         7.47
  C_1152-C-140               11.02     11.02     11.56      0.01         0.01
  C_1153-C-140               10.31     10.31     11.02      0.01         0.01
  C_1154-C-140                9.60      9.60     10.31      0.01         0.01
  C_1155-C-140                9.09      9.09      9.60      0.01         0.01
  C_1156-C-140                8.39      8.39      9.09      0.01         0.01
  C_1157-C-140                4.02      4.02      8.39      0.01         0.01
  C_1158-C-140                2.22      2.22      4.02      0.01         0.01
  C_1160-C-140                0.01      0.01      2.22      0.01         0.01
  C_1183-C-91                 0.01      0.01      2.58      0.01         0.01
  C_1184-C-91                 2.58      2.58      3.02      0.01         0.01
  C_1185-C-91                 3.02      3.02      7.17      0.01         0.01
  C_1186-C-91                 7.17      7.17      7.64      0.01         0.01
  C_1187-C-91                 7.64      7.64      8.85      0.01         0.01
  C_1188-C-91                 8.85      8.85     13.84      0.01         0.01
  C_1189-C-91                13.84     13.84     14.69      0.01         0.01
  C_1190-C-91                14.69     14.69     16.62      0.01         0.01
  C_1191-C-91                16.62     16.62     17.48      0.01         0.01
  C_1192-C-91                17.48     17.48     18.87      0.01         0.01
  C_1193-C-91                18.87     18.87     19.57      0.01         0.01
  C_1194-C-91                19.32     19.57     19.32     15.63        14.75
  C_1195-C-91                 0.01     19.32      0.01     19.81         0.01
  C_1197-C-29                 4.53      9.44      4.53     18.72         4.53
  C_1198-C-29                 9.42      9.43      9.44      9.43         9.33
  C_1199-C-29                 8.77      8.77      9.43      0.01         0.01
  C_1200-C-29                 8.57      8.57      8.77      2.35         3.95
  C_1201-C-29                 8.56      8.56      8.57      8.41         8.33
  C_1202-C-29                 8.41      8.41      8.56      0.01         0.94
  C_1203-C-29                 8.16      8.16      8.41      7.65         7.13
  C_1204-C-29                 8.14      8.14      8.16      8.13         7.74
  C_1205-C-29                 8.13      8.13      8.14      7.62         4.63
  C_1206-C-29                 8.13      8.19      8.13      9.61         8.13
  C_1207-C-29                 8.15      8.15      8.19      5.12         2.81
  C_1208-C-29                 7.91      7.91      8.15      0.01         0.01
  C_1209-C-29                 7.91      7.91      7.91      7.94         7.81
  C_1210-C-29                 7.38      7.38      7.91      0.01         0.01
  C_1211-C-29                 7.15      7.15      7.38      0.01         1.59
  C_1212-C-29                 6.93      6.93      7.15      4.84         4.84
  C_1213-C-29                 6.24      6.24      6.93      0.01         0.01
  C_1222-C-29                 0.01      0.01      0.01      1.77         0.01
  C_1239-C-100                0.01      0.01      0.01      1.57         0.01
  C_1249-C-124                0.01      0.01      0.26      0.01         0.01
  C_1250-C-124                0.01      0.01      0.26      0.01         0.01
  C_1257-C-124                0.01      0.01     19.74      0.01         0.01
  C_1258-C-124               19.74     19.74     20.15      0.01         0.01
  C_1259-C-95                20.60     20.60     21.98      0.01         0.01
  C_1260-C-85                20.18     20.21     20.18     10.85         4.99
  C_1261-C-85                20.06     20.06     20.21      0.01         0.01
  C_1262-C-85                19.77     19.77     20.06      0.01         0.01
  C_1263-C-85                15.01     15.01     19.77      7.89         5.95
  C_1264-C-85                13.70     13.83     15.02      9.44         9.27
  C_1265-C-85                12.05     12.05     13.83      0.01         0.01
  C_1266-C-85                 8.99      8.99     12.05      6.12         6.13
  C_1267-C-85                 6.22      6.22      8.99      0.01         0.01
  C_1268-C-85                 5.84      5.84      6.22      1.13         0.84
  C_1269-C-85                 4.58      4.58      5.84      0.01         0.01
  C_1270-C-85                 0.01      0.01      4.58      0.01         0.01
  C_1279-C-35                 0.01      0.01      0.01     16.45         0.01
  C_1280-C-35                 0.01      0.01      0.01     20.78         0.01
  C_1281-C-35                 0.01      0.01      2.04      8.99         0.01
  C_1282-C-35                 0.01      0.01      2.04      0.01         0.01
  C_1291-C-35                 0.01      0.01      0.01      8.15         0.01
  C_1294-C-35                 0.01      0.01      0.01      0.43         0.01
  C_1295-C-35                 0.01      0.01      0.01      2.87         0.01
  C_1322-C-35                 0.01      0.01      0.01      4.42         0.01
  C_1325-C-42                 0.01      0.01      0.01     13.80         0.01
  C_1339-C-42                 0.01      0.01      0.33      0.01         0.01
  C_1340-C-42                 0.32      0.32      6.12      0.01         0.01
  C_1341-C-42                 6.07      6.11      9.60      0.01         0.26
  C_1342-C-42                 9.59      9.59     17.95      0.01         0.93
  C_1343-C-42                17.95     17.95     20.94      0.01         0.98
  C_1344-C-42                20.94     20.94     21.01      3.85         4.55
  C_1345-C-42                21.01     21.01     21.30      0.01         0.01
  C_1346-C-42                21.30     21.30     21.36      0.01         0.58
  C_1347-C-42                21.35     21.35     21.36     19.27         6.33
  C_1348-C-42                21.34     21.35     21.35     20.00         5.95
  C_1349-C-42                21.35     21.35     21.76      0.01         0.01
  C_1350-C-89                22.02     22.02     22.02      0.01         0.95
  C_1351-C-89                22.02     22.02     22.02      5.24         1.40
  C_1352-C-89                21.94     21.94     22.02      0.01         0.01
  C_1353-C-89                21.85     21.85     21.94      3.84         3.83
  C_1354-C-89                21.81     21.81     21.85      0.01         0.01
  C_1355-C-89                21.76     21.76     21.81      0.01         0.01
  C_1356-C-89                21.76     21.76     21.76     17.02        10.46
  C_1357-C-89                21.38     21.38     21.76      0.01         0.01
  C_1358-C-89                21.37     21.38     21.40      6.81         9.45
  C_1359-C-89                21.32     21.40     21.32     21.68        21.31
  C_1360-C-89                21.32     21.32     21.81      0.01         0.01
  C_1361-C-89                21.81     21.81     22.10      0.01         0.01
  C_1362-C-89                22.10     22.10     22.13      0.01         0.01
  C_1363-C-89                22.13     22.13     22.14     20.84         0.06
  C_1364-C-89                22.14     22.14     22.14      5.58         0.12
  C_1365-C-89                22.14     22.14     22.14      5.48         2.42
  C_1366-C-89                22.06     22.06     22.14      0.01         0.01
  C_1367-C-89                21.99     21.99     22.06      0.01         0.01
  C_1368-C-89                21.81     21.81     21.99      0.01         0.01
  C_1369-C-89                 9.74      9.74     21.81      0.01         0.01
  C_1370-C-89                 7.31      7.31      9.74      0.01         0.01
  C_1371-C-89                 7.31      7.31      7.60      7.55         0.84
  C_1372-C-89                 7.60      7.60     10.82      0.01         0.01
  C_1373-C-89                10.82     10.82     20.53      0.01         0.01
  C_1374-C-89                20.53     20.53     21.82      0.01         0.01
  C_1375-C-89                21.82     21.82     21.85      0.01         0.01
  C_1376-C-89                21.85     21.85     21.87      0.01         0.01
  C_1377-C-89                21.87     21.87     21.88      0.01         0.21
  C_1378-C-89                21.88     21.88     21.88     16.38        16.13
  C_1379-C-141               21.87     21.87     21.90      0.01         0.01
  C_1380-C-141               21.87     21.87     21.87      0.01         3.23
  C_1381-C-141               21.87     21.87     21.88      0.01         0.01
  C_1382-C-141               21.87     21.87     21.88      0.01         0.01
  C_1383-C-141               21.86     21.86     21.87      0.01         0.01
  C_1384-C-141               21.85     21.85     21.86      0.01         0.01
  C_1385-C-141               21.83     21.83     21.85      9.65         9.67
  C_1386-C-141               21.80     21.80     21.83      0.01         0.01
  C_1387-C-141               14.21     14.21     21.80      0.01         0.01
  C_1388-C-141                3.59      3.59     14.21      0.01         0.01
  C_1389-C-141                0.01      0.01      3.59      0.01         0.01
  C_1390-C-141                0.01      0.01      0.01      4.09         0.01
  C_1392-C-141                0.01      0.01      2.68      0.01         0.01
  C_1393-C-141                2.68      2.68      9.01      0.01         0.01
  C_1394-C-141                9.01      9.01      9.24      0.01         0.01
  C_1395-C-141                9.24      9.24      9.33      0.01         0.01
  C_1396-C-141                9.33      9.33     13.52      0.01         0.01
  C_1397-C-141               13.33     13.52     13.33     17.27        13.33
  C_1398-C-141               13.33     13.33     13.35     13.27        13.27
  C_1399-C-141               13.07     13.35     13.07     14.03        13.07
  C_1400-C-141                0.01      0.01     13.07     18.35         0.01
  C_1401-C-109                0.01     14.84      0.01     20.68         0.01
  C_1402-C-109               14.84     18.94     14.84     21.31        14.84
  C_1403-C-109               18.94     18.94     20.82     22.02         0.01
  C_1404-C-109               20.82     21.05     20.82     21.59        20.82
  C_1405-C-109               21.05     21.08     21.05     21.46        21.04
  C_1406-C-109               20.93     20.93     21.08      0.01         0.06
  C_1407-C-109               20.75     20.75     20.93      0.01         0.01
  C_1408-C-109               20.75     20.82     20.75     13.85        14.86
  C_1409-C-109               20.80     20.80     20.82      0.82         2.28
  C_1410-C-109               20.80     20.80     21.59      0.01         0.01
  C_1411-C-109               21.02     21.02     21.59      0.01         0.01
  C_1412-C-109               21.02     21.08     21.02     21.64        20.92
  C_1413-C-109               21.07     21.07     21.08      4.32         4.52
  C_1414-C-109               21.07     21.07     21.24     16.85         0.01
  C_1415-C-109               21.22     21.22     21.24      3.49         3.85
  C_1416-C-109               21.16     21.16     21.22      0.20         0.67
  C_1417-C-109               21.16     21.16     21.31      5.37         0.01
  C_1418-C-109               21.31     21.31     21.42     13.61         0.01
  C_1419-C-109               21.01     21.01     21.05     13.80        13.23
  C_1420-C-109               20.90     20.90     21.01      0.01         0.01
  C_1421-C-109               20.76     20.76     20.90      0.01         0.01
  C_1422-C-109               18.44     18.44     20.76      0.01         0.01
  C_1423-C-109               18.02     18.02     18.44      0.01         0.04
  C_1424-C-139               18.26     18.32     18.26     17.42        15.75
  C_1425-C-139               17.98     18.26     17.98     18.77        17.98
  

  Analysis begun on:  Wed Nov 19 03:19:07 2025
  Analysis ended on:  Wed Nov 19 03:21:33 2025
  Total elapsed time: 00:02:26