
  EPA STORM WATER MANAGEMENT MODEL - VERSION 5.2 (Build 5.2.4)
  PYSWMM TOOLKIT API - VERSION v1.0 (2025-09-04)
  ------------------------------------------------------------

  Mandaue City Drainage Network Model 
  Generated from GIS data 
  2025-11-18 19:14 
  WARNING 04: minimum elevation drop used for Conduit C_182-C-95
  WARNING 04: minimum elevation drop used for Conduit C_225-C-3
  WARNING 04: minimum elevation drop used for Conduit C_231-C-3
  WARNING 04: minimum elevation drop used for Conduit C_243-C-3
  WARNING 04: minimum elevation drop used for Conduit C_244-C-3
  WARNING 04: minimum elevation drop used for Conduit C_329-C-113
  WARNING 04: minimum elevation drop used for Conduit C_332-C-113
  WARNING 04: minimum elevation drop used for Conduit C_342-C-113
  WARNING 04: minimum elevation drop used for Conduit C_378-C-113
  WARNING 04: minimum elevation drop used for Conduit C_387-C-142
  WARNING 04: minimum elevation drop used for Conduit C_395-C-142
  WARNING 04: minimum elevation drop used for Conduit C_407-C-142
  WARNING 04: minimum elevation drop used for Conduit C_430-C-55
  WARNING 04: minimum elevation drop used for Conduit C_437-C-55
  WARNING 04: minimum elevation drop used for Conduit C_442-C-106
  WARNING 04: minimum elevation drop used for Conduit C_447-C-106
  WARNING 04: minimum elevation drop used for Conduit C_462-C-8
  WARNING 04: minimum elevation drop used for Conduit C_478-C-28
  WARNING 04: minimum elevation drop used for Conduit C_479-C-28
  WARNING 04: minimum elevation drop used for Conduit C_483-C-28
  WARNING 04: minimum elevation drop used for Conduit C_492-C-28
  WARNING 04: minimum elevation drop used for Conduit C_585-C-7
  WARNING 04: minimum elevation drop used for Conduit C_587-C-7
  WARNING 04: minimum elevation drop used for Conduit C_591-C-7
  WARNING 04: minimum elevation drop used for Conduit C_597-C-7
  WARNING 04: minimum elevation drop used for Conduit C_600-C-7
  WARNING 04: minimum elevation drop used for Conduit C_603-C-7
  WARNING 04: minimum elevation drop used for Conduit C_642-C-7
  WARNING 04: minimum elevation drop used for Conduit C_649-C-7
  WARNING 04: minimum elevation drop used for Conduit C_671-C-7
  WARNING 04: minimum elevation drop used for Conduit C_677-C-7
  WARNING 04: minimum elevation drop used for Conduit C_737-C-81
  WARNING 04: minimum elevation drop used for Conduit C_752-C-24
  WARNING 04: minimum elevation drop used for Conduit C_783-C-83
  WARNING 04: minimum elevation drop used for Conduit C_786-C-83
  WARNING 04: minimum elevation drop used for Conduit C_798-C-83
  WARNING 04: minimum elevation drop used for Conduit C_857-C-32
  WARNING 04: minimum elevation drop used for Conduit C_909-C-34
  WARNING 04: minimum elevation drop used for Conduit C_921-C-34
  WARNING 04: minimum elevation drop used for Conduit C_953-C-2
  WARNING 04: minimum elevation drop used for Conduit C_964-C-2
  WARNING 04: minimum elevation drop used for Conduit C_1131-C-112
  WARNING 04: minimum elevation drop used for Conduit C_1136-C-112
  WARNING 04: minimum elevation drop used for Conduit C_1138-C-112
  WARNING 04: minimum elevation drop used for Conduit C_1140-C-112
  WARNING 04: minimum elevation drop used for Conduit C_1141-C-112
  WARNING 04: minimum elevation drop used for Conduit C_1144-C-112
  WARNING 04: minimum elevation drop used for Conduit C_1146-C-140
  WARNING 04: minimum elevation drop used for Conduit C_1147-C-140
  WARNING 04: minimum elevation drop used for Conduit C_1234-C-30
  WARNING 04: minimum elevation drop used for Conduit C_1260-C-85
  WARNING 04: minimum elevation drop used for Conduit C_1280-C-35
  WARNING 04: minimum elevation drop used for Conduit C_1347-C-42
  WARNING 04: minimum elevation drop used for Conduit C_1348-C-42
  WARNING 04: minimum elevation drop used for Conduit C_1351-C-89
  WARNING 04: minimum elevation drop used for Conduit C_1356-C-89
  WARNING 04: minimum elevation drop used for Conduit C_1364-C-89
  WARNING 04: minimum elevation drop used for Conduit C_1365-C-89
  WARNING 02: maximum depth increased for Node I-8
  WARNING 02: maximum depth increased for Node I-14
  WARNING 02: maximum depth increased for Node I-23
  WARNING 02: maximum depth increased for Node I-30
  WARNING 02: maximum depth increased for Node I-33
  WARNING 02: maximum depth increased for Node I-35
  WARNING 02: maximum depth increased for Node I-36
  WARNING 02: maximum depth increased for Node I-37
  WARNING 02: maximum depth increased for Node I-41
  WARNING 02: maximum depth increased for Node I-43
  WARNING 02: maximum depth increased for Node I-46
  WARNING 02: maximum depth increased for Node I-50
  WARNING 02: maximum depth increased for Node I-51
  WARNING 02: maximum depth increased for Node I-53
  WARNING 02: maximum depth increased for Node I-60
  WARNING 02: maximum depth increased for Node I-63
  WARNING 02: maximum depth increased for Node I-64
  WARNING 02: maximum depth increased for Node I-65
  WARNING 02: maximum depth increased for Node I-66
  WARNING 02: maximum depth increased for Node I-68
  WARNING 02: maximum depth increased for Node I-72
  WARNING 02: maximum depth increased for Node I-74
  WARNING 02: maximum depth increased for Node I-75
  WARNING 02: maximum depth increased for Node I-77
  WARNING 02: maximum depth increased for Node I-78
  WARNING 02: maximum depth increased for Node I-79
  WARNING 02: maximum depth increased for Node I-82
  WARNING 02: maximum depth increased for Node I-90
  WARNING 02: maximum depth increased for Node I-91
  WARNING 02: maximum depth increased for Node I-96
  WARNING 02: maximum depth increased for Node I-104
  WARNING 02: maximum depth increased for Node I-106
  WARNING 02: maximum depth increased for Node I-108
  WARNING 02: maximum depth increased for Node I-113
  WARNING 02: maximum depth increased for Node I-117
  WARNING 02: maximum depth increased for Node I-125
  WARNING 02: maximum depth increased for Node I-126
  WARNING 02: maximum depth increased for Node I-128
  WARNING 02: maximum depth increased for Node I-136
  WARNING 02: maximum depth increased for Node I-137
  WARNING 02: maximum depth increased for Node I-139
  WARNING 02: maximum depth increased for Node I-140
  WARNING 02: maximum depth increased for Node ISD-1
  WARNING 02: maximum depth increased for Node ISD-2
  WARNING 02: maximum depth increased for Node ISD-3
  WARNING 02: maximum depth increased for Node ISD-4
  WARNING 02: maximum depth increased for Node ISD-5
  WARNING 02: maximum depth increased for Node ISD-6
  WARNING 02: maximum depth increased for Node ISD-7
  WARNING 02: maximum depth increased for Node ISD-8
  WARNING 02: maximum depth increased for Node ISD-9
  WARNING 02: maximum depth increased for Node ISD-10
  WARNING 02: maximum depth increased for Node ISD-11
  WARNING 02: maximum depth increased for Node ISD-12
  WARNING 02: maximum depth increased for Node ISD-13
  WARNING 02: maximum depth increased for Node ISD-14
  WARNING 02: maximum depth increased for Node ISD-15
  WARNING 02: maximum depth increased for Node ISD-16
  WARNING 02: maximum depth increased for Node ISD-17
  WARNING 02: maximum depth increased for Node ISD-18
  WARNING 02: maximum depth increased for Node ISD-19
  WARNING 02: maximum depth increased for Node ISD-20
  WARNING 02: maximum depth increased for Node ISD-21
  WARNING 02: maximum depth increased for Node ISD-22
  WARNING 02: maximum depth increased for Node ISD-23
  WARNING 02: maximum depth increased for Node ISD-24
  WARNING 02: maximum depth increased for Node ISD-25
  WARNING 02: maximum depth increased for Node ISD-26
  WARNING 02: maximum depth increased for Node ISD-27
  WARNING 02: maximum depth increased for Node ISD-28
  WARNING 02: maximum depth increased for Node ISD-29
  WARNING 02: maximum depth increased for Node ISD-30
  WARNING 02: maximum depth increased for Node ISD-31
  WARNING 02: maximum depth increased for Node ISD-32
  WARNING 02: maximum depth increased for Node ISD-33
  WARNING 02: maximum depth increased for Node ISD-34
  WARNING 02: maximum depth increased for Node ISD-35
  WARNING 02: maximum depth increased for Node ISD-36
  WARNING 02: maximum depth increased for Node ISD-37
  WARNING 02: maximum depth increased for Node ISD-38
  WARNING 02: maximum depth increased for Node ISD-39
  WARNING 02: maximum depth increased for Node ISD-40
  WARNING 02: maximum depth increased for Node ISD-41
  WARNING 02: maximum depth increased for Node ISD-42
  WARNING 02: maximum depth increased for Node ISD-43
  WARNING 02: maximum depth increased for Node ISD-44
  WARNING 02: maximum depth increased for Node ISD-45
  WARNING 02: maximum depth increased for Node ISD-46
  WARNING 02: maximum depth increased for Node ISD-47
  WARNING 02: maximum depth increased for Node ISD-48
  WARNING 02: maximum depth increased for Node ISD-49
  WARNING 02: maximum depth increased for Node ISD-50
  WARNING 02: maximum depth increased for Node ISD-51
  WARNING 02: maximum depth increased for Node ISD-52
  WARNING 02: maximum depth increased for Node ISD-53
  WARNING 02: maximum depth increased for Node ISD-54
  WARNING 02: maximum depth increased for Node ISD-55
  WARNING 02: maximum depth increased for Node ISD-56
  WARNING 02: maximum depth increased for Node ISD-57
  WARNING 02: maximum depth increased for Node ISD-58
  WARNING 02: maximum depth increased for Node ISD-59
  WARNING 02: maximum depth increased for Node ISD-60
  WARNING 02: maximum depth increased for Node ISD-61
  WARNING 02: maximum depth increased for Node ISD-62
  WARNING 02: maximum depth increased for Node ISD-63
  WARNING 02: maximum depth increased for Node ISD-64
  WARNING 02: maximum depth increased for Node ISD-65
  WARNING 02: maximum depth increased for Node ISD-66
  WARNING 02: maximum depth increased for Node ISD-67
  WARNING 02: maximum depth increased for Node ISD-68
  WARNING 02: maximum depth increased for Node ISD-273
  WARNING 02: maximum depth increased for Node ISD-274
  WARNING 02: maximum depth increased for Node ISD-275
  WARNING 02: maximum depth increased for Node ISD-276
  WARNING 02: maximum depth increased for Node ISD-277
  WARNING 02: maximum depth increased for Node ISD-278
  WARNING 02: maximum depth increased for Node ISD-279
  WARNING 02: maximum depth increased for Node ISD-280
  WARNING 02: maximum depth increased for Node ISD-281
  WARNING 02: maximum depth increased for Node ISD-282
  WARNING 02: maximum depth increased for Node ISD-283
  WARNING 02: maximum depth increased for Node ISD-285
  WARNING 02: maximum depth increased for Node ISD-286
  WARNING 02: maximum depth increased for Node ISD-287
  WARNING 02: maximum depth increased for Node ISD-288
  WARNING 02: maximum depth increased for Node ISD-289
  WARNING 02: maximum depth increased for Node ISD-290
  WARNING 02: maximum depth increased for Node ISD-291
  WARNING 02: maximum depth increased for Node ISD-292
  WARNING 02: maximum depth increased for Node ISD-293
  WARNING 02: maximum depth increased for Node ISD-294
  WARNING 02: maximum depth increased for Node ISD-295
  WARNING 02: maximum depth increased for Node ISD-296
  WARNING 02: maximum depth increased for Node ISD-297
  WARNING 02: maximum depth increased for Node ISD-298
  WARNING 02: maximum depth increased for Node ISD-299
  WARNING 02: maximum depth increased for Node ISD-300
  WARNING 02: maximum depth increased for Node ISD-301
  WARNING 02: maximum depth increased for Node ISD-302
  WARNING 02: maximum depth increased for Node ISD-303
  WARNING 02: maximum depth increased for Node ISD-304
  WARNING 02: maximum depth increased for Node ISD-305
  WARNING 02: maximum depth increased for Node ISD-306
  WARNING 02: maximum depth increased for Node ISD-307
  WARNING 02: maximum depth increased for Node ISD-308
  WARNING 02: maximum depth increased for Node ISD-309
  WARNING 02: maximum depth increased for Node ISD-310
  WARNING 02: maximum depth increased for Node ISD-311
  WARNING 02: maximum depth increased for Node ISD-312
  WARNING 02: maximum depth increased for Node ISD-313
  WARNING 02: maximum depth increased for Node ISD-314
  WARNING 02: maximum depth increased for Node ISD-315
  WARNING 02: maximum depth increased for Node ISD-316
  WARNING 02: maximum depth increased for Node ISD-317
  WARNING 02: maximum depth increased for Node ISD-318
  WARNING 02: maximum depth increased for Node ISD-319
  WARNING 02: maximum depth increased for Node ISD-320
  WARNING 02: maximum depth increased for Node ISD-321
  WARNING 02: maximum depth increased for Node ISD-322
  WARNING 02: maximum depth increased for Node ISD-323
  WARNING 02: maximum depth increased for Node ISD-324
  WARNING 02: maximum depth increased for Node ISD-325
  WARNING 02: maximum depth increased for Node ISD-326
  WARNING 02: maximum depth increased for Node ISD-327
  WARNING 02: maximum depth increased for Node ISD-328
  WARNING 02: maximum depth increased for Node ISD-329
  WARNING 02: maximum depth increased for Node ISD-330
  WARNING 02: maximum depth increased for Node ISD-331
  WARNING 02: maximum depth increased for Node ISD-332
  WARNING 02: maximum depth increased for Node ISD-333
  WARNING 02: maximum depth increased for Node ISD-334
  WARNING 02: maximum depth increased for Node ISD-335
  WARNING 02: maximum depth increased for Node ISD-336
  WARNING 02: maximum depth increased for Node ISD-337
  WARNING 02: maximum depth increased for Node ISD-338
  WARNING 02: maximum depth increased for Node ISD-339
  WARNING 02: maximum depth increased for Node ISD-340
  WARNING 02: maximum depth increased for Node ISD-341
  WARNING 02: maximum depth increased for Node ISD-342
  WARNING 02: maximum depth increased for Node ISD-343
  WARNING 02: maximum depth increased for Node ISD-344
  WARNING 02: maximum depth increased for Node ISD-345
  WARNING 02: maximum depth increased for Node ISD-346
  WARNING 02: maximum depth increased for Node ISD-347
  WARNING 02: maximum depth increased for Node ISD-348
  WARNING 02: maximum depth increased for Node ISD-349
  WARNING 02: maximum depth increased for Node ISD-350
  WARNING 02: maximum depth increased for Node ISD-351
  WARNING 02: maximum depth increased for Node ISD-352
  WARNING 02: maximum depth increased for Node ISD-353
  WARNING 02: maximum depth increased for Node ISD-354
  WARNING 02: maximum depth increased for Node ISD-355
  WARNING 02: maximum depth increased for Node ISD-356
  WARNING 02: maximum depth increased for Node ISD-357
  WARNING 02: maximum depth increased for Node ISD-358
  WARNING 02: maximum depth increased for Node ISD-1089
  WARNING 02: maximum depth increased for Node ISD-1090
  WARNING 02: maximum depth increased for Node ISD-1091
  WARNING 02: maximum depth increased for Node ISD-1092
  WARNING 02: maximum depth increased for Node ISD-1093
  WARNING 02: maximum depth increased for Node ISD-1094
  WARNING 02: maximum depth increased for Node ISD-1095
  WARNING 02: maximum depth increased for Node ISD-1096
  WARNING 02: maximum depth increased for Node ISD-1097
  WARNING 02: maximum depth increased for Node ISD-1098
  WARNING 02: maximum depth increased for Node ISD-1099
  WARNING 02: maximum depth increased for Node ISD-1100
  WARNING 02: maximum depth increased for Node ISD-1101
  WARNING 02: maximum depth increased for Node ISD-1102
  WARNING 02: maximum depth increased for Node ISD-1103
  WARNING 02: maximum depth increased for Node ISD-1104
  WARNING 02: maximum depth increased for Node ISD-1105
  WARNING 02: maximum depth increased for Node ISD-1106
  WARNING 02: maximum depth increased for Node ISD-1107
  WARNING 02: maximum depth increased for Node ISD-1108
  WARNING 02: maximum depth increased for Node ISD-1109
  WARNING 02: maximum depth increased for Node ISD-1110
  WARNING 02: maximum depth increased for Node ISD-1111
  WARNING 02: maximum depth increased for Node ISD-1112
  WARNING 02: maximum depth increased for Node ISD-1113
  WARNING 02: maximum depth increased for Node ISD-1114
  WARNING 02: maximum depth increased for Node ISD-1115
  WARNING 02: maximum depth increased for Node ISD-1116
  WARNING 02: maximum depth increased for Node ISD-1117
  WARNING 02: maximum depth increased for Node ISD-1118
  WARNING 02: maximum depth increased for Node ISD-1119
  WARNING 02: maximum depth increased for Node ISD-1120
  WARNING 02: maximum depth increased for Node ISD-1121
  WARNING 02: maximum depth increased for Node ISD-1122
  WARNING 02: maximum depth increased for Node ISD-1123
  WARNING 02: maximum depth increased for Node ISD-1124
  WARNING 02: maximum depth increased for Node ISD-1125
  WARNING 02: maximum depth increased for Node ISD-1126
  WARNING 02: maximum depth increased for Node ISD-1127
  WARNING 02: maximum depth increased for Node ISD-1128
  WARNING 02: maximum depth increased for Node ISD-1129
  WARNING 02: maximum depth increased for Node ISD-1130
  WARNING 02: maximum depth increased for Node ISD-1131
  WARNING 02: maximum depth increased for Node ISD-1132
  WARNING 02: maximum depth increased for Node ISD-1133
  WARNING 02: maximum depth increased for Node ISD-1134
  WARNING 02: maximum depth increased for Node ISD-1135
  WARNING 02: maximum depth increased for Node ISD-1136
  WARNING 02: maximum depth increased for Node ISD-1137
  WARNING 02: maximum depth increased for Node ISD-1138
  
  ****************
  Analysis Options
  ****************
  Flow Units ............... CMS
  Process Models:
    Rainfall/Runoff ........ YES
    RDII ................... NO
    Snowmelt ............... NO
    Groundwater ............ NO
    Flow Routing ........... YES
    Ponding Allowed ........ YES
    Water Quality .......... NO
  Infiltration Method ...... HORTON
  Flow Routing Method ...... DYNWAVE
  Surcharge Method ......... EXTRAN
  Starting Date ............ 01/01/2024 00:00:00
  Ending Date .............. 01/01/2024 01:00:00
  Antecedent Dry Days ...... 0.0
  Report Time Step ......... 00:15:00
  Wet Time Step ............ 00:05:00
  Dry Time Step ............ 01:00:00
  Routing Time Step ........ 10.00 sec
  Variable Time Step ....... YES
  Maximum Trials ........... 8
  Number of Threads ........ 1
  Head Tolerance ........... 0.001500 m
  
  
  **************************        Volume         Depth
  Runoff Quantity Continuity     hectare-m            mm
  **************************     ---------       -------
  Total Precipitation ......        31.810         9.999
  Evaporation Loss .........         0.000         0.000
  Infiltration Loss ........        13.814         4.342
  Surface Runoff ...........         6.459         2.030
  Final Storage ............        12.000         3.772
  Continuity Error (%) .....        -1.455
  
  
  **************************        Volume        Volume
  Flow Routing Continuity        hectare-m      10^6 ltr
  **************************     ---------     ---------
  Dry Weather Inflow .......         0.000         0.000
  Wet Weather Inflow .......         6.016        60.159
  Groundwater Inflow .......         0.000         0.000
  RDII Inflow ..............         0.000         0.000
  External Inflow ..........         0.000         0.000
  External Outflow .........         1.466        14.664
  Flooding Loss ............         2.658        26.578
  Evaporation Loss .........         0.000         0.000
  Exfiltration Loss ........         0.000         0.000
  Initial Stored Volume ....         0.000         0.000
  Final Stored Volume ......         1.630        16.302
  Continuity Error (%) .....         4.348
  
  
  *************************
  Highest Continuity Errors
  *************************
  Node I-30 (100.00%)
  Node I-114 (80.88%)
  Node I-40 (56.73%)
  Node I-82 (55.96%)
  Node I-36 (54.12%)
  
  
  ***************************
  Time-Step Critical Elements
  ***************************
  Link C_476-C-28 (28.26%)
  Link C_1318-C-35 (10.68%)
  Link C_1186-C-91 (7.06%)
  Link C_279-C-12 (6.08%)
  Link C_1343-C-42 (5.84%)
  
  
  ********************************
  Highest Flow Instability Indexes
  ********************************
  Link C_629-C-7 (113)
  Link C_630-C-7 (112)
  Link C_1109-C-112 (111)
  Link C_1080-C-112 (111)
  Link C_1110-C-112 (111)
  
  
  *********************************
  Most Frequent Nonconverging Nodes
  *********************************
  Node O-0 (75.40%)
  Node O-1 (75.40%)
  Node O-2 (75.40%)
  Node O-3 (75.40%)
  Node O-4 (75.40%)
  
  
  *************************
  Routing Time Step Summary
  *************************
  Minimum Time Step           :     0.04 sec
  Average Time Step           :     0.94 sec
  Maximum Time Step           :    10.00 sec
  % of Time in Steady State   :     0.00
  Average Iterations per Step :     7.15
  % of Steps Not Converging   :    75.40
  Time Step Frequencies       :
     10.000 -  5.493 sec      :     2.83 %
      5.493 -  3.017 sec      :     1.74 %
      3.017 -  1.657 sec      :     5.54 %
      1.657 -  0.910 sec      :     7.28 %
      0.910 -  0.500 sec      :    82.61 %
  
  
  ***************************
  Subcatchment Runoff Summary
  ***************************
  
  ------------------------------------------------------------------------------------------------------------------------------
                            Total      Total      Total      Total     Imperv       Perv      Total       Total     Peak  Runoff
                           Precip      Runon       Evap      Infil     Runoff     Runoff     Runoff      Runoff   Runoff   Coeff
  Subcatchment                 mm         mm         mm         mm         mm         mm         mm    10^6 ltr      CMS
  ------------------------------------------------------------------------------------------------------------------------------
  SC_1                      10.00       0.00       0.00       6.00       1.30       0.00       1.30        0.62     0.36   0.130
  SC_2                      10.00       0.00       0.00       4.70       1.47       0.00       1.47        0.23     0.13   0.147
  SC_3                      10.00       0.00       0.00       6.01       2.14       0.00       2.14        0.09     0.05   0.214
  SC_4                      10.00       0.00       0.00       5.67       1.08       0.00       1.08        0.38     0.23   0.108
  SC_5                      10.00       0.00       0.00       4.20       1.79       0.00       1.79        0.17     0.10   0.179
  SC_6                      10.00       0.00       0.00       3.97       3.01       0.00       3.01        0.04     0.03   0.301
  SC_7                      10.00       0.00       0.00       6.00       1.45       0.00       1.45        0.47     0.27   0.145
  SC_8                      10.00       0.00       0.00       3.89       2.37       0.00       2.37        0.09     0.05   0.237
  SC_9                      10.00       0.00       0.00       5.98       1.82       0.00       1.82        0.20     0.11   0.182
  SC_10                     10.00       0.00       0.00       4.00       2.91       0.00       2.91        0.05     0.03   0.291
  SC_11                     10.00       0.00       0.00       6.01       2.03       0.00       2.03        0.12     0.07   0.203
  SC_12                     10.00       0.00       0.00       5.12       0.99       0.00       0.99        0.50     0.31   0.099
  SC_13                     10.00       0.00       0.00       6.10       2.17       0.00       2.17        0.07     0.04   0.217
  SC_14                     10.00       0.00       0.00       3.36       3.42       0.00       3.42        0.04     0.02   0.342
  SC_15                     10.00       0.00       0.00       3.81       1.77       0.00       1.77        0.18     0.10   0.177
  SC_16                     10.00       0.00       0.00       5.77       1.47       0.00       1.47        0.38     0.22   0.147
  SC_17                     10.00       0.00       0.00       5.59       1.67       0.00       1.67        0.28     0.16   0.167
  SC_18                     10.00       0.00       0.00       6.00       2.20       0.00       2.20        0.07     0.04   0.220
  SC_19                     10.00       0.00       0.00       3.69       1.85       0.00       1.85        0.16     0.10   0.185
  SC_20                     10.00       0.00       0.00       6.06       1.85       0.00       1.85        0.12     0.07   0.185
  SC_21                     10.00       0.00       0.00       3.62       2.52       0.00       2.52        0.08     0.05   0.252
  SC_22                     10.00       0.00       0.00       3.36       3.71       0.00       3.71        0.03     0.02   0.371
  SC_23                     10.00       0.00       0.00       5.92       2.53       0.00       2.53        0.04     0.02   0.253
  SC_24                     10.00       0.00       0.00       3.60       2.62       0.00       2.62        0.07     0.04   0.262
  SC_25                     10.00       0.00       0.00       3.27       3.11       0.00       3.11        0.06     0.03   0.311
  SC_26                     10.00       0.00       0.00       3.00       3.67       0.00       3.67        0.02     0.01   0.367
  SC_27                     10.00       0.00       0.00       3.36       3.73       0.00       3.73        0.03     0.02   0.373
  SC_28                     10.00       0.00       0.00       3.00       3.99       0.00       3.99        0.02     0.01   0.399
  SC_29                     10.00       0.00       0.00       3.36       3.41       0.00       3.41        0.04     0.02   0.341
  SC_30                     10.00       0.00       0.00       3.00       3.61       0.00       3.61        0.03     0.02   0.361
  SC_31                     10.00       0.00       0.00       5.74       2.73       0.00       2.73        0.03     0.02   0.273
  SC_32                     10.00       0.00       0.00       5.79       2.63       0.00       2.63        0.03     0.02   0.263
  SC_33                     10.00       0.00       0.00       3.30       3.02       0.00       3.02        0.06     0.03   0.302
  SC_34                     10.00       0.00       0.00       3.59       2.57       0.00       2.57        0.07     0.04   0.257
  SC_35                     10.00       0.00       0.00       3.36       3.23       0.00       3.23        0.05     0.03   0.323
  SC_36                     10.00       0.00       0.00       3.56       3.24       0.00       3.24        0.04     0.02   0.324
  SC_37                     10.00       0.00       0.00       5.81       2.65       0.00       2.65        0.03     0.02   0.265
  SC_38                     10.00       0.00       0.00       3.00       3.60       0.00       3.60        0.03     0.02   0.360
  SC_39                     10.00       0.00       0.00       3.36       3.40       0.00       3.40        0.04     0.02   0.340
  SC_40                     10.00       0.00       0.00       3.32       3.48       0.00       3.48        0.04     0.02   0.348
  SC_41                     10.00       0.00       0.00       3.00       3.49       0.00       3.49        0.03     0.01   0.349
  SC_42                     10.00       0.00       0.00       3.34       3.70       0.00       3.70        0.03     0.02   0.370
  SC_43                     10.00       0.00       0.00       3.33       3.74       0.00       3.74        0.03     0.02   0.374
  SC_44                     10.00       0.00       0.00       3.00       3.52       0.00       3.52        0.03     0.02   0.352
  SC_45                     10.00       0.00       0.00       3.53       3.70       0.00       3.70        0.02     0.01   0.370
  SC_46                     10.00       0.00       0.00       3.00       3.81       0.00       3.81        0.02     0.01   0.381
  SC_47                     10.00       0.00       0.00       3.54       3.88       0.00       3.88        0.02     0.01   0.388
  SC_48                     10.00       0.00       0.00       6.00       2.37       0.00       2.37        0.07     0.04   0.237
  SC_49                     10.00       0.00       0.00       3.57       3.51       0.00       3.51        0.04     0.02   0.351
  SC_50                     10.00       0.00       0.00       5.75       2.61       0.00       2.61        0.03     0.02   0.261
  SC_51                     10.00       0.00       0.00       5.49       2.70       0.00       2.70        0.03     0.02   0.270
  SC_52                     10.00       0.00       0.00       3.18       4.17       0.00       4.17        0.02     0.01   0.417
  SC_53                     10.00       0.00       0.00       4.20       1.27       0.00       1.27        0.29     0.18   0.127
  SC_54                     10.00       0.00       0.00       3.23       3.64       0.00       3.64        0.03     0.02   0.364
  SC_55                     10.00       0.00       0.00       3.52       3.49       0.00       3.49        0.03     0.02   0.349
  SC_56                     10.00       0.00       0.00       3.53       3.26       0.00       3.26        0.05     0.03   0.326
  SC_57                     10.00       0.00       0.00       3.51       3.86       0.00       3.86        0.02     0.01   0.386
  SC_58                     10.00       0.00       0.00       3.22       3.74       0.00       3.74        0.03     0.02   0.374
  SC_59                     10.00       0.00       0.00       3.53       3.25       0.00       3.25        0.05     0.03   0.325
  SC_60                     10.00       0.00       0.00       4.72       2.77       0.00       2.77        0.05     0.03   0.277
  SC_61                     10.00       0.00       0.00       3.20       3.54       0.00       3.54        0.04     0.02   0.354
  SC_62                     10.00       0.00       0.00       3.18       3.23       0.00       3.23        0.05     0.03   0.323
  SC_63                     10.00       0.00       0.00       3.50       3.74       0.00       3.74        0.02     0.01   0.374
  SC_64                     10.00       0.00       0.00       5.71       2.59       0.00       2.59        0.04     0.02   0.259
  SC_65                     10.00       0.00       0.00       3.13       3.40       0.00       3.40        0.04     0.02   0.340
  SC_66                     10.00       0.00       0.00       5.60       2.40       0.00       2.40        0.06     0.03   0.240
  SC_67                     10.00       0.00       0.00       3.55       3.54       0.00       3.54        0.03     0.02   0.354
  SC_68                     10.00       0.00       0.00       5.65       2.52       0.00       2.52        0.04     0.02   0.252
  SC_69                     10.00       0.00       0.00       3.49       3.31       0.00       3.31        0.04     0.02   0.331
  SC_70                     10.00       0.00       0.00       5.43       2.62       0.00       2.62        0.04     0.02   0.262
  SC_71                     10.00       0.00       0.00       5.26       2.38       0.00       2.38        0.07     0.04   0.238
  SC_72                     10.00       0.00       0.00       5.54       2.51       0.00       2.51        0.05     0.03   0.251
  SC_73                     10.00       0.00       0.00       3.00       3.84       0.00       3.84        0.02     0.01   0.384
  SC_74                     10.00       0.00       0.00       3.13       3.63       0.00       3.63        0.03     0.02   0.363
  SC_75                     10.00       0.00       0.00       5.96       2.69       0.00       2.69        0.03     0.02   0.269
  SC_76                     10.00       0.00       0.00       3.12       3.92       0.00       3.92        0.02     0.01   0.392
  SC_77                     10.00       0.00       0.00       3.00       3.73       0.00       3.73        0.03     0.02   0.373
  SC_78                     10.00       0.00       0.00       3.28       2.47       0.00       2.47        0.10     0.06   0.247
  SC_79                     10.00       0.00       0.00       3.12       3.44       0.00       3.44        0.04     0.02   0.344
  SC_80                     10.00       0.00       0.00       3.58       3.31       0.00       3.31        0.04     0.02   0.331
  SC_81                     10.00       0.00       0.00       3.56       3.57       0.00       3.57        0.03     0.02   0.357
  SC_82                     10.00       0.00       0.00       5.73       2.68       0.00       2.68        0.03     0.02   0.268
  SC_83                     10.00       0.00       0.00       3.46       2.85       0.00       2.85        0.06     0.03   0.285
  SC_84                     10.00       0.00       0.00       3.00       3.79       0.00       3.79        0.03     0.02   0.379
  SC_85                     10.00       0.00       0.00       3.57       3.58       0.00       3.58        0.03     0.02   0.358
  SC_86                     10.00       0.00       0.00       3.12       3.24       0.00       3.24        0.05     0.03   0.324
  SC_87                     10.00       0.00       0.00       3.43       2.63       0.00       2.63        0.07     0.04   0.263
  SC_88                     10.00       0.00       0.00       5.19       2.69       0.00       2.69        0.04     0.02   0.269
  SC_89                     10.00       0.00       0.00       3.00       3.62       0.00       3.62        0.02     0.01   0.362
  SC_90                     10.00       0.00       0.00       3.13       3.37       0.00       3.37        0.04     0.02   0.337
  SC_91                     10.00       0.00       0.00       3.15       2.96       0.00       2.96        0.07     0.04   0.296
  SC_92                     10.00       0.00       0.00       3.60       3.29       0.00       3.29        0.04     0.02   0.329
  SC_93                     10.00       0.00       0.00       5.12       2.65       0.00       2.65        0.05     0.03   0.266
  SC_94                     10.00       0.00       0.00       5.05       2.63       0.00       2.63        0.05     0.03   0.263
  SC_95                     10.00       0.00       0.00       4.98       2.62       0.00       2.62        0.05     0.03   0.262
  SC_96                     10.00       0.00       0.00       4.91       2.48       0.00       2.48        0.07     0.04   0.248
  SC_97                     10.00       0.00       0.00       3.00       3.79       0.00       3.79        0.02     0.01   0.379
  SC_98                     10.00       0.00       0.00       3.17       2.89       0.00       2.89        0.07     0.04   0.289
  SC_99                     10.00       0.00       0.00       3.19       3.26       0.00       3.26        0.05     0.03   0.326
  SC_100                    10.00       0.00       0.00       5.61       1.06       0.00       1.06        0.37     0.22   0.106
  SC_101                    10.00       0.00       0.00       3.00       3.79       0.00       3.79        0.02     0.01   0.379
  SC_102                    10.00       0.00       0.00       3.02       2.22       0.00       2.22        0.15     0.09   0.222
  SC_103                    10.00       0.00       0.00       3.21       3.74       0.00       3.74        0.03     0.02   0.374
  SC_104                    10.00       0.00       0.00       3.27       3.82       0.00       3.82        0.02     0.01   0.382
  SC_105                    10.00       0.00       0.00       3.39       2.74       0.00       2.74        0.06     0.04   0.274
  SC_106                    10.00       0.00       0.00       3.25       4.03       0.00       4.03        0.01     0.01   0.403
  SC_107                    10.00       0.00       0.00       3.63       3.53       0.00       3.53        0.03     0.02   0.353
  SC_108                    10.00       0.00       0.00       3.23       4.01       0.00       4.01        0.02     0.01   0.401
  SC_109                    10.00       0.00       0.00       3.00       3.62       0.00       3.62        0.02     0.01   0.362
  SC_110                    10.00       0.00       0.00       3.65       3.50       0.00       3.50        0.03     0.02   0.351
  SC_111                    10.00       0.00       0.00       3.23       4.02       0.00       4.02        0.02     0.01   0.402
  SC_112                    10.00       0.00       0.00       3.67       3.55       0.00       3.55        0.03     0.02   0.355
  SC_113                    10.00       0.00       0.00       3.24       3.81       0.00       3.81        0.03     0.01   0.381
  SC_114                    10.00       0.00       0.00       4.00       1.37       0.00       1.37        0.28     0.17   0.137
  SC_115                    10.00       0.00       0.00       4.68       2.78       0.00       2.78        0.05     0.03   0.278
  SC_116                    10.00       0.00       0.00       3.25       3.90       0.00       3.90        0.02     0.01   0.390
  SC_117                    10.00       0.00       0.00       3.69       3.54       0.00       3.54        0.03     0.02   0.354
  SC_118                    10.00       0.00       0.00       3.26       3.33       0.00       3.33        0.04     0.02   0.333
  SC_119                    10.00       0.00       0.00       4.64       2.93       0.00       2.93        0.04     0.02   0.293
  SC_120                    10.00       0.00       0.00       3.36       3.46       0.00       3.46        0.03     0.02   0.346
  SC_121                    10.00       0.00       0.00       3.70       3.55       0.00       3.55        0.03     0.02   0.355
  SC_122                    10.00       0.00       0.00       3.72       3.52       0.00       3.52        0.03     0.02   0.352
  SC_123                    10.00       0.00       0.00       4.61       2.05       0.00       2.05        0.13     0.08   0.205
  SC_124                    10.00       0.00       0.00       3.00       3.58       0.00       3.58        0.02     0.01   0.358
  SC_125                    10.00       0.00       0.00       3.29       3.37       0.00       3.37        0.04     0.02   0.337
  SC_126                    10.00       0.00       0.00       3.35       3.85       0.00       3.85        0.02     0.01   0.386
  SC_127                    10.00       0.00       0.00       3.31       3.25       0.00       3.25        0.03     0.02   0.325
  SC_128                    10.00       0.00       0.00       3.74       3.59       0.00       3.59        0.03     0.01   0.359
  SC_129                    10.00       0.00       0.00       3.76       3.61       0.00       3.61        0.03     0.01   0.361
  SC_130                    10.00       0.00       0.00       3.35       3.78       0.00       3.78        0.02     0.01   0.378
  SC_131                    10.00       0.00       0.00       4.52       1.99       0.00       1.99        0.14     0.08   0.199
  SC_132                    10.00       0.00       0.00       3.00       3.57       0.00       3.57        0.02     0.01   0.357
  SC_133                    10.00       0.00       0.00       3.78       3.56       0.00       3.56        0.03     0.02   0.356
  SC_134                    10.00       0.00       0.00       3.32       3.76       0.00       3.76        0.03     0.01   0.376
  SC_135                    10.00       0.00       0.00       3.80       3.35       0.00       3.35        0.04     0.02   0.335
  SC_136                    10.00       0.00       0.00       5.34       2.54       0.00       2.54        0.05     0.03   0.254
  SC_137                    10.00       0.00       0.00       3.35       3.37       0.00       3.37        0.04     0.02   0.337
  SC_138                    10.00       0.00       0.00       4.42       2.85       0.00       2.85        0.05     0.03   0.285
  SC_139                    10.00       0.00       0.00       3.35       3.36       0.00       3.36        0.03     0.02   0.336
  SC_140                    10.00       0.00       0.00       3.84       3.32       0.00       3.32        0.04     0.02   0.332
  SC_141                    10.00       0.00       0.00       3.35       3.84       0.00       3.84        0.02     0.01   0.384
  SC_142                    10.00       0.00       0.00       3.35       3.99       0.00       3.99        0.01     0.01   0.399
  SC_143                    10.00       0.00       0.00       4.38       2.56       0.00       2.56        0.07     0.04   0.256
  SC_144                    10.00       0.00       0.00       3.88       3.66       0.00       3.66        0.02     0.01   0.366
  SC_145                    10.00       0.00       0.00       3.99       3.78       0.00       3.78        0.02     0.01   0.378
  SC_146                    10.00       0.00       0.00       3.40       2.82       0.00       2.82        0.06     0.04   0.282
  SC_147                    10.00       0.00       0.00       4.34       2.58       0.00       2.58        0.07     0.04   0.258
  SC_148                    10.00       0.00       0.00       4.30       2.92       0.00       2.92        0.05     0.03   0.292
  SC_149                    10.00       0.00       0.00       4.00       1.97       0.00       1.97        0.14     0.08   0.197
  SC_150                    10.00       0.00       0.00       4.27       2.71       0.00       2.71        0.06     0.04   0.271
  SC_151                    10.00       0.00       0.00       4.00       3.77       0.00       3.77        0.01     0.01   0.377
  SC_152                    10.00       0.00       0.00       4.00       3.72       0.00       3.72        0.01     0.01   0.372
  SC_153                    10.00       0.00       0.00       3.88       3.69       0.00       3.69        0.02     0.01   0.370
  SC_154                    10.00       0.00       0.00       3.89       3.56       0.00       3.56        0.03     0.01   0.356
  SC_155                    10.00       0.00       0.00       4.00       3.58       0.00       3.58        0.01     0.01   0.358
  SC_156                    10.00       0.00       0.00       4.00       3.65       0.00       3.65        0.02     0.01   0.365
  SC_157                    10.00       0.00       0.00       3.91       3.30       0.00       3.30        0.03     0.02   0.330
  SC_158                    10.00       0.00       0.00       3.60       2.91       0.00       2.91        0.05     0.03   0.291
  SC_159                    10.00       0.00       0.00       4.00       3.49       0.00       3.49        0.02     0.01   0.349
  SC_160                    10.00       0.00       0.00       4.24       2.27       0.00       2.27        0.11     0.06   0.227
  SC_161                    10.00       0.00       0.00       3.54       2.99       0.00       2.99        0.05     0.03   0.299
  SC_162                    10.00       0.00       0.00       3.99       3.27       0.00       3.27        0.03     0.02   0.327
  SC_163                    10.00       0.00       0.00       3.00       4.18       0.00       4.18        0.01     0.01   0.418
  SC_164                    10.00       0.00       0.00       3.64       3.67       0.00       3.67        0.02     0.01   0.367
  SC_165                    10.00       0.00       0.00       3.00       3.70       0.00       3.70        0.02     0.01   0.370
  SC_166                    10.00       0.00       0.00       3.00       4.38       0.00       4.38        0.01     0.01   0.438
  SC_167                    10.00       0.00       0.00       4.00       3.70       0.00       3.70        0.02     0.01   0.370
  SC_168                    10.00       0.00       0.00       3.00       4.65       0.00       4.65        0.01     0.00   0.465
  SC_169                    10.00       0.00       0.00       3.68       3.71       0.00       3.71        0.02     0.01   0.371
  SC_170                    10.00       0.00       0.00       4.00       4.34       0.00       4.34        0.01     0.01   0.434
  SC_171                    10.00       0.00       0.00       4.00       3.66       0.00       3.66        0.01     0.01   0.366
  SC_172                    10.00       0.00       0.00       3.73       3.86       0.00       3.86        0.01     0.01   0.386
  SC_173                    10.00       0.00       0.00       3.00       3.83       0.00       3.83        0.02     0.01   0.383
  SC_174                    10.00       0.00       0.00       3.25       3.56       0.00       3.56        0.02     0.01   0.356
  SC_175                    10.00       0.00       0.00       3.09       2.20       0.00       2.20        0.14     0.08   0.220
  SC_176                    10.00       0.00       0.00       3.00       3.33       0.00       3.33        0.03     0.01   0.333
  SC_177                    10.00       0.00       0.00       4.00       3.58       0.00       3.58        0.02     0.01   0.358
  SC_178                    10.00       0.00       0.00       3.00       3.76       0.00       3.76        0.02     0.01   0.376
  SC_179                    10.00       0.00       0.00       3.00       4.56       0.00       4.56        0.01     0.01   0.456
  SC_180                    10.00       0.00       0.00       3.00       3.48       0.00       3.48        0.02     0.01   0.348
  SC_181                    10.00       0.00       0.00       4.00       3.79       0.00       3.79        0.02     0.01   0.379
  SC_182                    10.00       0.00       0.00       3.78       3.54       0.00       3.54        0.02     0.01   0.354
  SC_183                    10.00       0.00       0.00       4.00       3.80       0.00       3.80        0.02     0.01   0.380
  SC_184                    10.00       0.00       0.00       3.86       3.11       0.00       3.11        0.03     0.02   0.311
  SC_185                    10.00       0.00       0.00       4.00       3.92       0.00       3.92        0.02     0.01   0.392
  SC_186                    10.00       0.00       0.00       3.26       3.64       0.00       3.64        0.02     0.01   0.364
  SC_187                    10.00       0.00       0.00       4.00       3.86       0.00       3.86        0.02     0.01   0.386
  SC_188                    10.00       0.00       0.00       3.29       3.34       0.00       3.34        0.03     0.02   0.334
  SC_189                    10.00       0.00       0.00       3.00       4.66       0.00       4.66        0.01     0.00   0.466
  SC_190                    10.00       0.00       0.00       3.89       3.20       0.00       3.20        0.03     0.02   0.320
  SC_191                    10.00       0.00       0.00       3.00       3.74       0.00       3.74        0.02     0.01   0.374
  SC_192                    10.00       0.00       0.00       3.00       3.74       0.00       3.74        0.02     0.01   0.374
  SC_193                    10.00       0.00       0.00       3.00       3.71       0.00       3.71        0.02     0.01   0.371
  SC_194                    10.00       0.00       0.00       3.00       4.37       0.00       4.37        0.01     0.01   0.437
  SC_195                    10.00       0.00       0.00       4.00       4.09       0.00       4.09        0.02     0.01   0.409
  SC_196                    10.00       0.00       0.00       4.00       3.45       0.00       3.45        0.02     0.01   0.345
  SC_197                    10.00       0.00       0.00       3.35       2.94       0.00       2.94        0.05     0.03   0.294
  SC_198                    10.00       0.00       0.00       3.00       3.33       0.00       3.33        0.03     0.01   0.333
  SC_199                    10.00       0.00       0.00       3.00       4.53       0.00       4.53        0.01     0.00   0.453
  SC_200                    10.00       0.00       0.00       3.00       3.48       0.00       3.48        0.02     0.01   0.348
  SC_201                    10.00       0.00       0.00       4.00       3.77       0.00       3.77        0.01     0.01   0.377
  SC_202                    10.00       0.00       0.00       3.00       3.85       0.00       3.85        0.02     0.01   0.385
  SC_203                    10.00       0.00       0.00       4.00       4.30       0.00       4.30        0.00     0.00   0.430
  SC_204                    10.00       0.00       0.00       3.00       4.70       0.00       4.70        0.01     0.00   0.470
  SC_205                    10.00       0.00       0.00       3.00       4.17       0.00       4.17        0.01     0.01   0.417
  SC_206                    10.00       0.00       0.00       3.00       4.15       0.00       4.15        0.01     0.01   0.415
  SC_207                    10.00       0.00       0.00       3.63       2.61       0.00       2.61        0.08     0.05   0.261
  SC_208                    10.00       0.00       0.00       4.00       4.70       0.00       4.70        0.01     0.00   0.470
  SC_209                    10.00       0.00       0.00       4.00       4.45       0.00       4.45        0.00     0.00   0.445
  SC_210                    10.00       0.00       0.00       4.00       3.63       0.00       3.63        0.02     0.01   0.364
  SC_211                    10.00       0.00       0.00       3.21       2.82       0.00       2.82        0.09     0.05   0.282
  SC_212                    10.00       0.00       0.00       3.00       4.13       0.00       4.13        0.01     0.01   0.413
  SC_213                    10.00       0.00       0.00       3.00       3.72       0.00       3.72        0.02     0.01   0.372
  SC_214                    10.00       0.00       0.00       4.00       4.82       0.00       4.82        0.00     0.00   0.482
  SC_215                    10.00       0.00       0.00       4.00       4.63       0.00       4.63        0.01     0.00   0.463
  SC_216                    10.00       0.00       0.00       3.71       3.77       0.00       3.77        0.04     0.02   0.377
  SC_217                    10.00       0.00       0.00       3.00       4.18       0.00       4.18        0.01     0.01   0.418
  SC_218                    10.00       0.00       0.00       3.00       4.14       0.00       4.14        0.01     0.01   0.414
  SC_219                    10.00       0.00       0.00       3.97       2.74       0.00       2.74        0.07     0.04   0.274
  SC_220                    10.00       0.00       0.00       3.00       3.85       0.00       3.85        0.02     0.01   0.385
  SC_221                    10.00       0.00       0.00       3.00       3.99       0.00       3.99        0.02     0.01   0.399
  SC_222                    10.00       0.00       0.00       3.00       3.92       0.00       3.92        0.02     0.01   0.392
  SC_223                    10.00       0.00       0.00       3.00       3.96       0.00       3.96        0.01     0.01   0.396
  SC_224                    10.00       0.00       0.00       3.00       3.88       0.00       3.88        0.02     0.01   0.388
  SC_225                    10.00       0.00       0.00       3.78       1.01       0.00       1.01        0.99     0.62   0.101
  SC_226                    10.00       0.00       0.00       3.00       4.05       0.00       4.05        0.02     0.01   0.405
  SC_227                    10.00       0.00       0.00       3.00       3.79       0.00       3.79        0.02     0.01   0.379
  SC_228                    10.00       0.00       0.00       3.00       4.00       0.00       4.00        0.02     0.01   0.400
  SC_229                    10.00       0.00       0.00       3.00       4.12       0.00       4.12        0.01     0.01   0.412
  SC_230                    10.00       0.00       0.00       3.35       0.54       0.00       0.54        0.91     0.61   0.054
  SC_231                    10.00       0.00       0.00       3.00       4.14       0.00       4.14        0.01     0.01   0.414
  SC_232                    10.00       0.00       0.00       3.00       4.03       0.00       4.03        0.02     0.01   0.403
  SC_233                    10.00       0.00       0.00       3.00       3.90       0.00       3.90        0.02     0.01   0.390
  SC_234                    10.00       0.00       0.00       5.97       1.02       0.00       1.02        0.69     0.41   0.102
  SC_235                    10.00       0.00       0.00       3.00       3.95       0.00       3.95        0.02     0.01   0.395
  SC_236                    10.00       0.00       0.00       3.00       3.92       0.00       3.92        0.02     0.01   0.392
  SC_237                    10.00       0.00       0.00       3.00       3.94       0.00       3.94        0.02     0.01   0.394
  SC_238                    10.00       0.00       0.00       3.00       3.61       0.00       3.61        0.03     0.02   0.361
  SC_239                    10.00       0.00       0.00       3.00       3.68       0.00       3.68        0.02     0.01   0.368
  SC_240                    10.00       0.00       0.00       3.12       2.67       0.00       2.67        0.10     0.05   0.267
  SC_241                    10.00       0.00       0.00       3.00       4.00       0.00       4.00        0.02     0.01   0.400
  SC_242                    10.00       0.00       0.00       3.00       3.83       0.00       3.83        0.02     0.01   0.383
  SC_243                    10.00       0.00       0.00       3.00       4.17       0.00       4.17        0.01     0.01   0.417
  SC_244                    10.00       0.00       0.00       3.00       4.02       0.00       4.02        0.02     0.01   0.402
  SC_245                    10.00       0.00       0.00       3.00       4.08       0.00       4.08        0.02     0.01   0.408
  SC_246                    10.00       0.00       0.00       3.00       3.82       0.00       3.82        0.02     0.01   0.382
  SC_247                    10.00       0.00       0.00       3.00       4.14       0.00       4.14        0.02     0.01   0.414
  SC_248                    10.00       0.00       0.00       3.00       3.78       0.00       3.78        0.02     0.01   0.378
  SC_249                    10.00       0.00       0.00       3.00       3.84       0.00       3.84        0.02     0.01   0.384
  SC_250                    10.00       0.00       0.00       3.00       3.98       0.00       3.98        0.02     0.01   0.398
  SC_251                    10.00       0.00       0.00       3.00       3.98       0.00       3.98        0.02     0.01   0.398
  SC_252                    10.00       0.00       0.00       3.00       3.83       0.00       3.83        0.02     0.01   0.383
  SC_253                    10.00       0.00       0.00       3.00       3.70       0.00       3.70        0.02     0.01   0.370
  SC_254                    10.00       0.00       0.00       3.00       4.01       0.00       4.01        0.02     0.01   0.401
  SC_255                    10.00       0.00       0.00       3.00       4.13       0.00       4.13        0.02     0.01   0.413
  SC_256                    10.00       0.00       0.00       3.00       3.63       0.00       3.63        0.02     0.01   0.363
  SC_257                    10.00       0.00       0.00       5.36       1.64       0.00       1.64        0.30     0.17   0.164
  SC_258                    10.00       0.00       0.00       5.16       1.30       0.00       1.30        0.41     0.24   0.130
  SC_259                    10.00       0.00       0.00       3.00       3.58       0.00       3.58        0.03     0.01   0.358
  SC_260                    10.00       0.00       0.00       3.00       4.13       0.00       4.13        0.02     0.01   0.413
  SC_261                    10.00       0.00       0.00       3.00       3.58       0.00       3.58        0.03     0.02   0.358
  SC_262                    10.00       0.00       0.00       3.53       3.69       0.00       3.69        0.02     0.01   0.369
  SC_263                    10.00       0.00       0.00       4.17       2.21       0.00       2.21        0.12     0.07   0.221
  SC_264                    10.00       0.00       0.00       3.00       3.77       0.00       3.77        0.02     0.01   0.377
  SC_265                    10.00       0.00       0.00       3.07       3.84       0.00       3.84        0.03     0.02   0.384
  SC_266                    10.00       0.00       0.00       4.14       2.64       0.00       2.64        0.08     0.04   0.264
  SC_267                    10.00       0.00       0.00       4.12       3.18       0.00       3.18        0.04     0.02   0.318
  SC_268                    10.00       0.00       0.00       3.00       3.80       0.00       3.80        0.02     0.01   0.380
  SC_269                    10.00       0.00       0.00       3.00       3.53       0.00       3.53        0.03     0.02   0.353
  SC_270                    10.00       0.00       0.00       3.00       3.32       0.00       3.32        0.03     0.02   0.332
  SC_271                    10.00       0.00       0.00       3.00       3.53       0.00       3.53        0.03     0.01   0.353
  SC_272                    10.00       0.00       0.00       3.39       3.75       0.00       3.75        0.02     0.01   0.375
  SC_273                    10.00       0.00       0.00       3.45       3.74       0.00       3.74        0.02     0.01   0.374
  SC_274                    10.00       0.00       0.00       3.04       3.88       0.00       3.88        0.03     0.01   0.388
  SC_275                    10.00       0.00       0.00       3.00       3.82       0.00       3.82        0.02     0.01   0.382
  SC_276                    10.00       0.00       0.00       3.00       4.04       0.00       4.04        0.02     0.01   0.404
  SC_277                    10.00       0.00       0.00       3.00       3.31       0.00       3.31        0.03     0.02   0.331
  SC_278                    10.00       0.00       0.00       3.29       4.20       0.00       4.20        0.01     0.01   0.420
  SC_279                    10.00       0.00       0.00       4.00       3.77       0.00       3.77        0.01     0.01   0.377
  SC_280                    10.00       0.00       0.00       3.33       3.92       0.00       3.92        0.02     0.01   0.392
  SC_281                    10.00       0.00       0.00       3.26       4.24       0.00       4.24        0.01     0.01   0.424
  SC_282                    10.00       0.00       0.00       3.00       3.59       0.00       3.59        0.03     0.01   0.359
  SC_283                    10.00       0.00       0.00       3.00       4.04       0.00       4.04        0.02     0.01   0.404
  SC_284                    10.00       0.00       0.00       3.00       3.57       0.00       3.57        0.03     0.01   0.357
  SC_285                    10.00       0.00       0.00       3.00       3.45       0.00       3.45        0.03     0.02   0.345
  SC_286                    10.00       0.00       0.00       3.00       4.12       0.00       4.12        0.02     0.01   0.412
  SC_287                    10.00       0.00       0.00       3.23       4.23       0.00       4.23        0.01     0.01   0.423
  SC_288                    10.00       0.00       0.00       3.00       3.89       0.00       3.89        0.02     0.01   0.389
  SC_289                    10.00       0.00       0.00       3.00       4.02       0.00       4.02        0.02     0.01   0.402
  SC_290                    10.00       0.00       0.00       3.18       4.24       0.00       4.24        0.01     0.01   0.424
  SC_291                    10.00       0.00       0.00       3.21       4.19       0.00       4.19        0.01     0.01   0.419
  SC_292                    10.00       0.00       0.00       3.00       3.44       0.00       3.44        0.03     0.02   0.344
  SC_293                    10.00       0.00       0.00       3.00       3.45       0.00       3.45        0.03     0.02   0.345
  SC_294                    10.00       0.00       0.00       4.06       3.44       0.00       3.44        0.03     0.01   0.344
  SC_295                    10.00       0.00       0.00       4.00       2.98       0.00       2.98        0.05     0.03   0.298
  SC_296                    10.00       0.00       0.00       4.12       3.01       0.00       3.01        0.05     0.03   0.301
  SC_297                    10.00       0.00       0.00       3.00       3.53       0.00       3.53        0.04     0.02   0.353
  SC_298                    10.00       0.00       0.00       3.00       4.22       0.00       4.22        0.02     0.01   0.422
  SC_299                    10.00       0.00       0.00       3.00       3.98       0.00       3.98        0.02     0.01   0.398
  SC_300                    10.00       0.00       0.00       3.00       3.62       0.00       3.62        0.02     0.01   0.362
  SC_301                    10.00       0.00       0.00       3.00       3.21       0.00       3.21        0.04     0.02   0.321
  SC_302                    10.00       0.00       0.00       3.00       3.42       0.00       3.42        0.03     0.02   0.342
  SC_303                    10.00       0.00       0.00       3.00       2.75       0.00       2.75        0.06     0.03   0.275
  SC_304                    10.00       0.00       0.00       3.16       4.26       0.00       4.26        0.01     0.01   0.426
  SC_305                    10.00       0.00       0.00       3.11       4.18       0.00       4.18        0.01     0.01   0.419
  SC_306                    10.00       0.00       0.00       3.07       4.30       0.00       4.30        0.01     0.01   0.430
  SC_307                    10.00       0.00       0.00       3.00       3.16       0.00       3.16        0.04     0.02   0.316
  SC_308                    10.00       0.00       0.00       3.13       4.24       0.00       4.24        0.01     0.01   0.424
  SC_309                    10.00       0.00       0.00       4.06       3.40       0.00       3.40        0.03     0.02   0.340
  SC_310                    10.00       0.00       0.00       3.00       3.21       0.00       3.21        0.04     0.02   0.321
  SC_311                    10.00       0.00       0.00       3.09       4.21       0.00       4.21        0.01     0.01   0.421
  SC_312                    10.00       0.00       0.00       4.00       3.45       0.00       3.45        0.03     0.01   0.345
  SC_313                    10.00       0.00       0.00       3.00       3.22       0.00       3.22        0.04     0.02   0.322
  SC_314                    10.00       0.00       0.00       3.06       4.23       0.00       4.23        0.01     0.01   0.423
  SC_315                    10.00       0.00       0.00       3.00       3.08       0.00       3.08        0.04     0.02   0.308
  SC_316                    10.00       0.00       0.00       3.52       1.85       0.00       1.85        0.19     0.11   0.185
  SC_317                    10.00       0.00       0.00       4.00       3.42       0.00       3.42        0.03     0.02   0.342
  SC_318                    10.00       0.00       0.00       4.16       3.01       0.00       3.01        0.04     0.02   0.301
  SC_319                    10.00       0.00       0.00       3.00       2.44       0.00       2.44        0.08     0.05   0.245
  SC_320                    10.00       0.00       0.00       3.82       1.60       0.00       1.60        0.22     0.13   0.160
  SC_321                    10.00       0.00       0.00       4.07       3.32       0.00       3.32        0.03     0.02   0.332
  SC_322                    10.00       0.00       0.00       3.00       3.40       0.00       3.40        0.03     0.02   0.340
  SC_323                    10.00       0.00       0.00       3.08       3.76       0.00       3.76        0.02     0.01   0.376
  SC_324                    10.00       0.00       0.00       3.04       4.22       0.00       4.22        0.01     0.01   0.422
  SC_325                    10.00       0.00       0.00       3.00       2.60       0.00       2.60        0.07     0.04   0.260
  SC_326                    10.00       0.00       0.00       3.00       3.17       0.00       3.17        0.04     0.02   0.317
  SC_327                    10.00       0.00       0.00       4.00       2.20       0.00       2.20        0.11     0.07   0.220
  SC_328                    10.00       0.00       0.00       4.02       3.11       0.00       3.11        0.05     0.03   0.311
  SC_329                    10.00       0.00       0.00       3.00       3.26       0.00       3.26        0.04     0.02   0.326
  SC_330                    10.00       0.00       0.00       3.05       3.78       0.00       3.78        0.02     0.01   0.378
  SC_331                    10.00       0.00       0.00       3.00       3.37       0.00       3.37        0.03     0.02   0.337
  SC_332                    10.00       0.00       0.00       3.00       3.37       0.00       3.37        0.03     0.02   0.337
  SC_333                    10.00       0.00       0.00       3.68       2.01       0.00       2.01        0.13     0.08   0.201
  SC_334                    10.00       0.00       0.00       3.05       3.73       0.00       3.73        0.02     0.01   0.373
  SC_335                    10.00       0.00       0.00       3.05       3.80       0.00       3.80        0.02     0.01   0.380
  SC_336                    10.00       0.00       0.00       3.05       3.89       0.00       3.89        0.02     0.01   0.390
  SC_337                    10.00       0.00       0.00       4.00       3.32       0.00       3.32        0.03     0.02   0.332
  SC_338                    10.00       0.00       0.00       3.00       3.06       0.00       3.06        0.05     0.03   0.306
  SC_339                    10.00       0.00       0.00       4.03       3.45       0.00       3.45        0.03     0.02   0.345
  SC_340                    10.00       0.00       0.00       3.07       3.92       0.00       3.92        0.02     0.01   0.392
  SC_341                    10.00       0.00       0.00       3.05       3.81       0.00       3.81        0.02     0.01   0.381
  SC_342                    10.00       0.00       0.00       3.00       2.66       0.00       2.66        0.06     0.04   0.266
  SC_343                    10.00       0.00       0.00       3.06       3.93       0.00       3.93        0.02     0.01   0.393
  SC_344                    10.00       0.00       0.00       3.00       2.95       0.00       2.95        0.05     0.03   0.295
  SC_345                    10.00       0.00       0.00       3.10       3.98       0.00       3.98        0.02     0.01   0.398
  SC_346                    10.00       0.00       0.00       3.09       3.99       0.00       3.99        0.02     0.01   0.399
  SC_347                    10.00       0.00       0.00       3.00       2.91       0.00       2.91        0.05     0.03   0.291
  SC_348                    10.00       0.00       0.00       3.09       4.24       0.00       4.24        0.01     0.01   0.424
  SC_349                    10.00       0.00       0.00       4.04       3.49       0.00       3.49        0.03     0.02   0.349
  SC_350                    10.00       0.00       0.00       3.00       3.21       0.00       3.21        0.04     0.02   0.321
  SC_351                    10.00       0.00       0.00       3.00       2.11       0.00       2.11        0.11     0.06   0.211
  SC_352                    10.00       0.00       0.00       3.95       1.61       0.00       1.61        0.22     0.13   0.161
  SC_353                    10.00       0.00       0.00       3.12       3.80       0.00       3.80        0.02     0.01   0.380
  SC_354                    10.00       0.00       0.00       3.78       1.22       0.00       1.22        0.42     0.26   0.122
  SC_355                    10.00       0.00       0.00       3.00       0.97       0.00       0.97        0.40     0.25   0.097
  SC_356                    10.00       0.00       0.00       3.00       3.09       0.00       3.09        0.04     0.02   0.309
  SC_357                    10.00       0.00       0.00       3.13       3.75       0.00       3.75        0.02     0.01   0.375
  SC_358                    10.00       0.00       0.00       3.64       3.75       0.00       3.75        0.02     0.01   0.375
  SC_359                    10.00       0.00       0.00       4.07       3.03       0.00       3.03        0.06     0.03   0.303
  SC_360                    10.00       0.00       0.00       3.26       3.72       0.00       3.72        0.02     0.01   0.372
  SC_361                    10.00       0.00       0.00       4.05       3.33       0.00       3.33        0.04     0.02   0.333
  SC_362                    10.00       0.00       0.00       3.16       3.77       0.00       3.77        0.02     0.01   0.377
  SC_363                    10.00       0.00       0.00       3.00       3.22       0.00       3.22        0.04     0.02   0.322
  SC_364                    10.00       0.00       0.00       3.21       3.72       0.00       3.72        0.02     0.01   0.372
  SC_365                    10.00       0.00       0.00       3.37       2.84       0.00       2.84        0.05     0.03   0.284
  SC_366                    10.00       0.00       0.00       4.09       3.07       0.00       3.07        0.05     0.03   0.307
  SC_367                    10.00       0.00       0.00       3.53       2.78       0.00       2.78        0.06     0.03   0.278
  SC_368                    10.00       0.00       0.00       3.00       2.59       0.00       2.59        0.07     0.04   0.260
  SC_369                    10.00       0.00       0.00       3.00       0.81       0.00       0.81        0.44     0.28   0.081
  SC_370                    10.00       0.00       0.00       3.00       2.70       0.00       2.70        0.06     0.03   0.270
  SC_371                    10.00       0.00       0.00       4.08       3.23       0.00       3.23        0.04     0.02   0.323
  SC_372                    10.00       0.00       0.00       4.11       3.09       0.00       3.09        0.05     0.03   0.309
  SC_373                    10.00       0.00       0.00       3.00       2.72       0.00       2.72        0.06     0.03   0.272
  SC_374                    10.00       0.00       0.00       3.59       3.54       0.00       3.54        0.03     0.01   0.354
  SC_375                    10.00       0.00       0.00       3.00       2.67       0.00       2.67        0.06     0.04   0.267
  SC_376                    10.00       0.00       0.00       3.00       2.61       0.00       2.61        0.07     0.04   0.261
  SC_377                    10.00       0.00       0.00       3.62       3.50       0.00       3.50        0.03     0.02   0.350
  SC_378                    10.00       0.00       0.00       4.12       2.81       0.00       2.81        0.06     0.04   0.281
  SC_379                    10.00       0.00       0.00       4.10       3.26       0.00       3.26        0.04     0.02   0.326
  SC_380                    10.00       0.00       0.00       4.12       2.93       0.00       2.93        0.06     0.03   0.293
  SC_381                    10.00       0.00       0.00       4.09       2.73       0.00       2.73        0.08     0.05   0.274
  SC_382                    10.00       0.00       0.00       3.00       1.53       0.00       1.53        0.19     0.12   0.153
  SC_383                    10.00       0.00       0.00       3.65       4.03       0.00       4.03        0.01     0.01   0.403
  SC_384                    10.00       0.00       0.00       3.67       3.94       0.00       3.94        0.01     0.01   0.394
  SC_385                    10.00       0.00       0.00       3.71       3.91       0.00       3.91        0.02     0.01   0.391
  SC_386                    10.00       0.00       0.00       3.00       3.27       0.00       3.27        0.04     0.02   0.327
  SC_387                    10.00       0.00       0.00       3.68       3.92       0.00       3.92        0.02     0.01   0.392
  SC_388                    10.00       0.00       0.00       3.00       3.25       0.00       3.25        0.04     0.02   0.325
  SC_389                    10.00       0.00       0.00       3.70       3.94       0.00       3.94        0.01     0.01   0.394
  SC_390                    10.00       0.00       0.00       3.00       2.82       0.00       2.82        0.06     0.03   0.283
  SC_391                    10.00       0.00       0.00       3.76       3.76       0.00       3.76        0.02     0.01   0.376
  SC_392                    10.00       0.00       0.00       3.92       3.52       0.00       3.52        0.02     0.01   0.352
  SC_393                    10.00       0.00       0.00       3.47       1.49       0.00       1.49        0.25     0.15   0.149
  SC_394                    10.00       0.00       0.00       3.72       3.95       0.00       3.95        0.01     0.01   0.395
  SC_395                    10.00       0.00       0.00       3.98       3.43       0.00       3.43        0.02     0.01   0.343
  SC_396                    10.00       0.00       0.00       3.00       1.67       0.00       1.67        0.22     0.13   0.167
  SC_397                    10.00       0.00       0.00       3.31       3.59       0.00       3.59        0.03     0.02   0.359
  SC_398                    10.00       0.00       0.00       4.09       2.85       0.00       2.85        0.07     0.04   0.285
  SC_399                    10.00       0.00       0.00       4.00       2.64       0.00       2.64        0.09     0.05   0.264
  SC_400                    10.00       0.00       0.00       3.72       3.96       0.00       3.96        0.02     0.01   0.396
  SC_401                    10.00       0.00       0.00       3.41       3.62       0.00       3.62        0.03     0.02   0.362
  SC_402                    10.00       0.00       0.00       3.00       2.89       0.00       2.89        0.06     0.03   0.289
  SC_403                    10.00       0.00       0.00       3.35       3.71       0.00       3.71        0.03     0.01   0.371
  SC_404                    10.00       0.00       0.00       4.06       2.79       0.00       2.79        0.08     0.05   0.279
  SC_405                    10.00       0.00       0.00       3.71       3.20       0.00       3.20        0.04     0.02   0.320
  SC_406                    10.00       0.00       0.00       4.02       3.65       0.00       3.65        0.03     0.01   0.365
  SC_407                    10.00       0.00       0.00       3.00       3.42       0.00       3.42        0.04     0.02   0.342
  SC_408                    10.00       0.00       0.00       3.71       3.22       0.00       3.22        0.04     0.02   0.322
  SC_409                    10.00       0.00       0.00       4.06       3.22       0.00       3.22        0.05     0.03   0.322
  SC_410                    10.00       0.00       0.00       3.00       3.33       0.00       3.33        0.04     0.02   0.333
  SC_411                    10.00       0.00       0.00       3.00       3.48       0.00       3.48        0.03     0.02   0.348
  SC_412                    10.00       0.00       0.00       4.01       3.34       0.00       3.34        0.04     0.02   0.334
  SC_413                    10.00       0.00       0.00       3.28       3.91       0.00       3.91        0.02     0.01   0.392
  SC_414                    10.00       0.00       0.00       4.03       3.64       0.00       3.64        0.03     0.01   0.364
  SC_415                    10.00       0.00       0.00       3.00       3.59       0.00       3.59        0.03     0.02   0.359
  SC_416                    10.00       0.00       0.00       4.00       2.80       0.00       2.80        0.07     0.04   0.280
  SC_417                    10.00       0.00       0.00       3.76       3.75       0.00       3.75        0.02     0.01   0.375
  SC_418                    10.00       0.00       0.00       3.22       3.92       0.00       3.92        0.02     0.01   0.392
  SC_419                    10.00       0.00       0.00       3.77       3.84       0.00       3.84        0.02     0.01   0.384
  SC_420                    10.00       0.00       0.00       4.00       2.76       0.00       2.76        0.07     0.04   0.276
  SC_421                    10.00       0.00       0.00       4.00       2.70       0.00       2.70        0.08     0.05   0.270
  SC_422                    10.00       0.00       0.00       3.76       3.92       0.00       3.92        0.02     0.01   0.392
  SC_423                    10.00       0.00       0.00       3.15       3.79       0.00       3.79        0.03     0.02   0.379
  SC_424                    10.00       0.00       0.00       3.72       3.87       0.00       3.87        0.02     0.01   0.387
  SC_425                    10.00       0.00       0.00       3.10       3.94       0.00       3.94        0.03     0.02   0.394
  SC_426                    10.00       0.00       0.00       4.00       2.69       0.00       2.69        0.07     0.04   0.269
  SC_427                    10.00       0.00       0.00       4.00       2.74       0.00       2.74        0.07     0.04   0.274
  SC_428                    10.00       0.00       0.00       3.06       3.26       0.00       3.26        0.07     0.04   0.326
  SC_429                    10.00       0.00       0.00       4.00       3.68       0.00       3.68        0.02     0.01   0.368
  SC_430                    10.00       0.00       0.00       3.68       3.56       0.00       3.56        0.03     0.02   0.356
  SC_431                    10.00       0.00       0.00       4.00       3.59       0.00       3.59        0.02     0.01   0.359
  SC_432                    10.00       0.00       0.00       3.00       2.31       0.00       2.31        0.13     0.07   0.231
  SC_433                    10.00       0.00       0.00       3.81       1.78       0.00       1.78        0.14     0.08   0.178
  SC_434                    10.00       0.00       0.00       4.00       2.66       0.00       2.66        0.07     0.04   0.266
  SC_435                    10.00       0.00       0.00       3.02       3.35       0.00       3.35        0.07     0.04   0.335
  SC_436                    10.00       0.00       0.00       3.54       3.72       0.00       3.72        0.03     0.02   0.372
  SC_437                    10.00       0.00       0.00       3.20       4.46       0.00       4.46        0.02     0.01   0.446
  SC_438                    10.00       0.00       0.00       3.00       3.82       0.00       3.82        0.04     0.02   0.382
  SC_439                    10.00       0.00       0.00       3.00       4.82       0.00       4.82        0.01     0.01   0.482
  SC_440                    10.00       0.00       0.00       3.00       4.82       0.00       4.82        0.01     0.01   0.482
  SC_441                    10.00       0.00       0.00       3.00       4.92       0.00       4.92        0.01     0.00   0.493
  SC_442                    10.00       0.00       0.00       3.00       3.69       0.00       3.69        0.05     0.03   0.369
  SC_443                    10.00       0.00       0.00       3.00       3.71       0.00       3.71        0.03     0.01   0.371
  SC_444                    10.00       0.00       0.00       3.00       3.50       0.00       3.50        0.04     0.02   0.350
  SC_445                    10.00       0.00       0.00       5.49       1.77       0.00       1.77        0.24     0.14   0.177
  SC_446                    10.00       0.00       0.00       3.95       2.97       0.00       2.97        0.07     0.04   0.297
  SC_447                    10.00       0.00       0.00       3.00       4.32       0.00       4.32        0.02     0.01   0.432
  SC_448                    10.00       0.00       0.00       3.00       3.77       0.00       3.77        0.03     0.02   0.377
  SC_449                    10.00       0.00       0.00       3.00       3.51       0.00       3.51        0.04     0.02   0.351
  SC_450                    10.00       0.00       0.00       3.00       4.33       0.00       4.33        0.02     0.01   0.433
  SC_451                    10.00       0.00       0.00       3.00       4.73       0.00       4.73        0.01     0.01   0.473
  SC_452                    10.00       0.00       0.00       3.00       4.30       0.00       4.30        0.02     0.01   0.430
  SC_453                    10.00       0.00       0.00       3.00       4.35       0.00       4.35        0.02     0.01   0.435
  SC_454                    10.00       0.00       0.00       3.00       4.60       0.00       4.60        0.02     0.01   0.460
  SC_455                    10.00       0.00       0.00       3.98       2.75       0.00       2.75        0.07     0.04   0.275
  SC_456                    10.00       0.00       0.00       3.18       2.41       0.00       2.41        0.09     0.05   0.241
  SC_457                    10.00       0.00       0.00       3.00       4.26       0.00       4.26        0.02     0.01   0.426
  SC_458                    10.00       0.00       0.00       3.00       3.61       0.00       3.61        0.04     0.02   0.361
  SC_459                    10.00       0.00       0.00       3.00       3.87       0.00       3.87        0.02     0.01   0.387
  SC_460                    10.00       0.00       0.00       3.99       3.12       0.00       3.12        0.04     0.02   0.312
  SC_461                    10.00       0.00       0.00       3.00       4.49       0.00       4.49        0.02     0.01   0.449
  SC_462                    10.00       0.00       0.00       4.00       2.57       0.00       2.57        0.08     0.05   0.257
  SC_463                    10.00       0.00       0.00       3.00       3.98       0.00       3.98        0.03     0.01   0.398
  SC_464                    10.00       0.00       0.00       3.00       3.50       0.00       3.50        0.03     0.02   0.350
  SC_465                    10.00       0.00       0.00       3.00       4.48       0.00       4.48        0.02     0.01   0.448
  SC_466                    10.00       0.00       0.00       3.00       3.97       0.00       3.97        0.03     0.01   0.397
  SC_467                    10.00       0.00       0.00       3.00       4.20       0.00       4.20        0.03     0.01   0.420
  SC_468                    10.00       0.00       0.00       3.00       4.53       0.00       4.53        0.01     0.01   0.453
  SC_469                    10.00       0.00       0.00       3.00       4.16       0.00       4.16        0.03     0.01   0.416
  SC_470                    10.00       0.00       0.00       3.00       3.85       0.00       3.85        0.02     0.01   0.385
  SC_471                    10.00       0.00       0.00       3.00       3.79       0.00       3.79        0.03     0.02   0.379
  SC_472                    10.00       0.00       0.00       3.00       4.47       0.00       4.47        0.01     0.01   0.447
  SC_473                    10.00       0.00       0.00       3.00       4.05       0.00       4.05        0.03     0.02   0.405
  SC_474                    10.00       0.00       0.00       3.00       3.94       0.00       3.94        0.03     0.02   0.394
  SC_475                    10.00       0.00       0.00       3.99       2.97       0.00       2.97        0.05     0.03   0.297
  SC_476                    10.00       0.00       0.00       3.00       3.84       0.00       3.84        0.03     0.02   0.384
  SC_477                    10.00       0.00       0.00       3.00       3.67       0.00       3.67        0.02     0.01   0.367
  SC_478                    10.00       0.00       0.00       3.00       2.58       0.00       2.58        0.10     0.06   0.258
  SC_479                    10.00       0.00       0.00       3.00       3.47       0.00       3.47        0.06     0.03   0.347
  SC_480                    10.00       0.00       0.00       3.00       2.87       0.00       2.87        0.08     0.05   0.287
  SC_481                    10.00       0.00       0.00       3.00       4.12       0.00       4.12        0.02     0.01   0.412
  SC_482                    10.00       0.00       0.00       3.00       4.62       0.00       4.62        0.01     0.01   0.462
  SC_483                    10.00       0.00       0.00       3.96       2.59       0.00       2.59        0.10     0.06   0.259
  SC_484                    10.00       0.00       0.00       3.00       3.69       0.00       3.69        0.02     0.01   0.369
  SC_485                    10.00       0.00       0.00       3.00       3.09       0.00       3.09        0.08     0.04   0.309
  SC_486                    10.00       0.00       0.00       3.00       4.89       0.00       4.89        0.01     0.00   0.489
  SC_487                    10.00       0.00       0.00       3.00       4.02       0.00       4.02        0.03     0.01   0.402
  SC_488                    10.00       0.00       0.00       3.00       2.79       0.00       2.79        0.08     0.04   0.279
  SC_489                    10.00       0.00       0.00       3.00       3.57       0.00       3.57        0.04     0.02   0.357
  SC_490                    10.00       0.00       0.00       3.00       5.09       0.00       5.09        0.00     0.00   0.509
  SC_491                    10.00       0.00       0.00       3.00       3.98       0.00       3.98        0.03     0.02   0.398
  SC_492                    10.00       0.00       0.00       3.94       3.79       0.00       3.79        0.02     0.01   0.379
  SC_493                    10.00       0.00       0.00       3.00       3.60       0.00       3.60        0.02     0.01   0.360
  SC_494                    10.00       0.00       0.00       3.00       4.24       0.00       4.24        0.02     0.01   0.424
  SC_495                    10.00       0.00       0.00       3.00       4.17       0.00       4.17        0.02     0.01   0.417
  SC_496                    10.00       0.00       0.00       3.00       3.98       0.00       3.98        0.01     0.01   0.398
  SC_497                    10.00       0.00       0.00       3.00       4.17       0.00       4.17        0.02     0.01   0.417
  SC_498                    10.00       0.00       0.00       3.00       4.07       0.00       4.07        0.01     0.01   0.407
  SC_499                    10.00       0.00       0.00       3.94       3.75       0.00       3.75        0.03     0.01   0.375
  SC_500                    10.00       0.00       0.00       3.93       3.52       0.00       3.52        0.04     0.02   0.352
  SC_501                    10.00       0.00       0.00       3.92       3.58       0.00       3.58        0.03     0.02   0.358
  SC_502                    10.00       0.00       0.00       3.00       3.34       0.00       3.34        0.06     0.03   0.334
  SC_503                    10.00       0.00       0.00       3.00       4.09       0.00       4.09        0.01     0.01   0.409
  SC_504                    10.00       0.00       0.00       3.00       3.80       0.00       3.80        0.02     0.01   0.380
  SC_505                    10.00       0.00       0.00       3.00       3.99       0.00       3.99        0.02     0.01   0.399
  SC_506                    10.00       0.00       0.00       3.16       2.89       0.00       2.89        0.07     0.04   0.289
  SC_507                    10.00       0.00       0.00       3.00       4.13       0.00       4.13        0.02     0.01   0.413
  SC_508                    10.00       0.00       0.00       3.86       2.56       0.00       2.56        0.13     0.07   0.256
  SC_509                    10.00       0.00       0.00       3.73       2.57       0.00       2.57        0.07     0.04   0.257
  SC_510                    10.00       0.00       0.00       3.92       3.81       0.00       3.81        0.02     0.01   0.381
  SC_511                    10.00       0.00       0.00       3.00       4.10       0.00       4.10        0.01     0.01   0.410
  SC_512                    10.00       0.00       0.00       3.93       3.04       0.00       3.04        0.06     0.03   0.304
  SC_513                    10.00       0.00       0.00       3.00       2.83       0.00       2.83        0.08     0.05   0.283
  SC_514                    10.00       0.00       0.00       5.22       1.99       0.00       1.99        0.13     0.07   0.199
  SC_515                    10.00       0.00       0.00       3.00       4.05       0.00       4.05        0.01     0.01   0.405
  SC_516                    10.00       0.00       0.00       3.00       4.18       0.00       4.18        0.01     0.01   0.418
  SC_517                    10.00       0.00       0.00       3.00       3.72       0.00       3.72        0.02     0.01   0.372
  SC_518                    10.00       0.00       0.00       3.00       2.70       0.00       2.70        0.08     0.05   0.270
  SC_519                    10.00       0.00       0.00       3.00       4.15       0.00       4.15        0.01     0.01   0.415
  SC_520                    10.00       0.00       0.00       3.00       3.94       0.00       3.94        0.02     0.01   0.394
  SC_521                    10.00       0.00       0.00       3.00       3.91       0.00       3.91        0.02     0.01   0.391
  SC_522                    10.00       0.00       0.00       3.00       4.32       0.00       4.32        0.01     0.01   0.432
  SC_523                    10.00       0.00       0.00       6.00       1.95       0.00       1.95        0.08     0.05   0.195
  SC_524                    10.00       0.00       0.00       4.31       1.26       0.00       1.26        0.37     0.22   0.126
  SC_525                    10.00       0.00       0.00       3.00       3.83       0.00       3.83        0.02     0.01   0.383
  SC_526                    10.00       0.00       0.00       3.00       3.04       0.00       3.04        0.05     0.03   0.304
  SC_527                    10.00       0.00       0.00       3.00       4.16       0.00       4.16        0.01     0.01   0.416
  SC_528                    10.00       0.00       0.00       3.85       3.57       0.00       3.57        0.04     0.02   0.357
  SC_529                    10.00       0.00       0.00       3.00       3.50       0.00       3.50        0.03     0.02   0.350
  SC_530                    10.00       0.00       0.00       3.83       2.71       0.00       2.71        0.11     0.06   0.271
  SC_531                    10.00       0.00       0.00       3.00       2.18       0.00       2.18        0.13     0.07   0.218
  SC_532                    10.00       0.00       0.00       3.00       4.40       0.00       4.40        0.01     0.01   0.440
  SC_533                    10.00       0.00       0.00       3.84       3.44       0.00       3.44        0.05     0.03   0.344
  SC_534                    10.00       0.00       0.00       3.00       4.11       0.00       4.11        0.02     0.01   0.411
  SC_535                    10.00       0.00       0.00       3.00       3.31       0.00       3.31        0.03     0.02   0.331
  SC_536                    10.00       0.00       0.00       3.80       2.79       0.00       2.79        0.11     0.06   0.279
  SC_537                    10.00       0.00       0.00       3.69       3.56       0.00       3.56        0.05     0.03   0.356
  SC_538                    10.00       0.00       0.00       3.79       3.40       0.00       3.40        0.04     0.02   0.340
  SC_539                    10.00       0.00       0.00       5.35       1.54       0.00       1.54        0.22     0.13   0.154
  SC_540                    10.00       0.00       0.00       3.76       3.66       0.00       3.66        0.04     0.02   0.366
  SC_541                    10.00       0.00       0.00       3.00       2.59       0.00       2.59        0.10     0.06   0.259
  SC_542                    10.00       0.00       0.00       3.00       4.28       0.00       4.28        0.02     0.01   0.428
  SC_543                    10.00       0.00       0.00       3.00       3.38       0.00       3.38        0.03     0.02   0.338
  SC_544                    10.00       0.00       0.00       3.00       3.59       0.00       3.59        0.03     0.02   0.359
  SC_545                    10.00       0.00       0.00       3.00       3.47       0.00       3.47        0.03     0.02   0.347
  SC_546                    10.00       0.00       0.00       3.00       3.22       0.00       3.22        0.04     0.02   0.322
  SC_547                    10.00       0.00       0.00       3.00       4.48       0.00       4.48        0.01     0.01   0.448
  SC_548                    10.00       0.00       0.00       3.00       4.88       0.00       4.88        0.01     0.00   0.488
  SC_549                    10.00       0.00       0.00       3.00       4.42       0.00       4.42        0.01     0.01   0.443
  SC_550                    10.00       0.00       0.00       3.00       4.84       0.00       4.84        0.01     0.00   0.484
  SC_551                    10.00       0.00       0.00       3.00       4.19       0.00       4.19        0.01     0.01   0.419
  SC_552                    10.00       0.00       0.00       3.00       4.45       0.00       4.45        0.01     0.01   0.445
  SC_553                    10.00       0.00       0.00       3.00       4.03       0.00       4.03        0.02     0.01   0.403
  SC_554                    10.00       0.00       0.00       3.00       4.25       0.00       4.25        0.02     0.01   0.425
  SC_555                    10.00       0.00       0.00       3.16       3.21       0.00       3.21        0.06     0.03   0.321
  SC_556                    10.00       0.00       0.00       3.61       2.33       0.00       2.33        0.13     0.07   0.233
  SC_557                    10.00       0.00       0.00       3.00       3.63       0.00       3.63        0.03     0.02   0.363
  SC_558                    10.00       0.00       0.00       3.00       3.60       0.00       3.60        0.03     0.02   0.360
  SC_559                    10.00       0.00       0.00       3.00       4.28       0.00       4.28        0.01     0.01   0.429
  SC_560                    10.00       0.00       0.00       3.00       4.09       0.00       4.09        0.01     0.01   0.409
  SC_561                    10.00       0.00       0.00       3.00       4.17       0.00       4.17        0.02     0.01   0.417
  SC_562                    10.00       0.00       0.00       3.73       3.67       0.00       3.67        0.04     0.02   0.367
  SC_563                    10.00       0.00       0.00       3.49       2.55       0.00       2.55        0.14     0.08   0.255
  SC_564                    10.00       0.00       0.00       3.90       2.85       0.00       2.85        0.07     0.04   0.285
  SC_565                    10.00       0.00       0.00       3.87       3.97       0.00       3.97        0.01     0.01   0.397
  SC_566                    10.00       0.00       0.00       3.00       2.32       0.00       2.32        0.15     0.09   0.232
  SC_567                    10.00       0.00       0.00       3.00       3.68       0.00       3.68        0.02     0.01   0.369
  SC_568                    10.00       0.00       0.00       3.00       4.24       0.00       4.24        0.01     0.01   0.424
  SC_569                    10.00       0.00       0.00       3.36       3.56       0.00       3.56        0.04     0.02   0.356
  SC_570                    10.00       0.00       0.00       3.00       4.56       0.00       4.56        0.01     0.00   0.456
  SC_571                    10.00       0.00       0.00       3.00       4.55       0.00       4.55        0.01     0.01   0.455
  SC_572                    10.00       0.00       0.00       3.00       4.20       0.00       4.20        0.01     0.01   0.421
  SC_573                    10.00       0.00       0.00       3.00       4.27       0.00       4.27        0.01     0.01   0.427
  SC_574                    10.00       0.00       0.00       3.00       4.42       0.00       4.42        0.01     0.01   0.442
  SC_575                    10.00       0.00       0.00       3.00       3.91       0.00       3.91        0.02     0.01   0.391
  SC_576                    10.00       0.00       0.00       3.72       3.72       0.00       3.72        0.04     0.02   0.372
  SC_577                    10.00       0.00       0.00       3.00       4.10       0.00       4.10        0.01     0.01   0.410
  SC_578                    10.00       0.00       0.00       3.00       3.94       0.00       3.94        0.02     0.01   0.394
  SC_579                    10.00       0.00       0.00       3.35       2.25       0.00       2.25        0.16     0.10   0.225
  SC_580                    10.00       0.00       0.00       3.40       3.75       0.00       3.75        0.03     0.02   0.375
  SC_581                    10.00       0.00       0.00       3.61       3.89       0.00       3.89        0.03     0.02   0.389
  SC_582                    10.00       0.00       0.00       3.34       3.58       0.00       3.58        0.07     0.04   0.358
  SC_583                    10.00       0.00       0.00       3.00       4.13       0.00       4.13        0.01     0.01   0.413
  SC_584                    10.00       0.00       0.00       3.00       4.31       0.00       4.31        0.01     0.01   0.431
  SC_585                    10.00       0.00       0.00       3.00       3.78       0.00       3.78        0.02     0.01   0.378
  SC_586                    10.00       0.00       0.00       3.65       3.10       0.00       3.10        0.08     0.05   0.310
  SC_587                    10.00       0.00       0.00       3.58       3.26       0.00       3.26        0.06     0.03   0.326
  SC_588                    10.00       0.00       0.00       3.52       3.62       0.00       3.62        0.04     0.02   0.362
  SC_589                    10.00       0.00       0.00       3.00       3.66       0.00       3.66        0.02     0.01   0.366
  SC_590                    10.00       0.00       0.00       3.00       3.86       0.00       3.86        0.02     0.01   0.386
  SC_591                    10.00       0.00       0.00       3.00       4.12       0.00       4.12        0.01     0.01   0.412
  SC_592                    10.00       0.00       0.00       3.46       3.84       0.00       3.84        0.03     0.02   0.384
  SC_593                    10.00       0.00       0.00       3.00       3.88       0.00       3.88        0.02     0.01   0.388
  SC_594                    10.00       0.00       0.00       3.00       4.08       0.00       4.08        0.01     0.01   0.408
  SC_595                    10.00       0.00       0.00       3.00       3.97       0.00       3.97        0.02     0.01   0.397
  SC_596                    10.00       0.00       0.00       3.00       3.92       0.00       3.92        0.02     0.01   0.393
  SC_597                    10.00       0.00       0.00       3.00       4.03       0.00       4.03        0.01     0.01   0.403
  SC_598                    10.00       0.00       0.00       3.00       3.90       0.00       3.90        0.02     0.01   0.390
  SC_599                    10.00       0.00       0.00       3.00       3.81       0.00       3.81        0.02     0.01   0.381
  SC_600                    10.00       0.00       0.00       3.00       4.36       0.00       4.36        0.01     0.01   0.436
  SC_601                    10.00       0.00       0.00       3.00       4.15       0.00       4.15        0.02     0.01   0.415
  SC_602                    10.00       0.00       0.00       3.00       3.88       0.00       3.88        0.02     0.01   0.388
  SC_603                    10.00       0.00       0.00       3.00       4.10       0.00       4.10        0.01     0.01   0.410
  SC_604                    10.00       0.00       0.00       3.00       3.82       0.00       3.82        0.02     0.01   0.382
  SC_605                    10.00       0.00       0.00       3.00       3.99       0.00       3.99        0.02     0.01   0.399
  SC_606                    10.00       0.00       0.00       3.00       3.78       0.00       3.78        0.02     0.01   0.378
  SC_607                    10.00       0.00       0.00       3.00       3.66       0.00       3.66        0.02     0.01   0.366
  SC_608                    10.00       0.00       0.00       3.00       4.52       0.00       4.52        0.01     0.01   0.452
  SC_609                    10.00       0.00       0.00       3.00       4.05       0.00       4.05        0.01     0.01   0.405
  SC_610                    10.00       0.00       0.00       3.00       4.32       0.00       4.32        0.01     0.01   0.432
  SC_611                    10.00       0.00       0.00       3.00       4.63       0.00       4.63        0.01     0.00   0.463
  SC_612                    10.00       0.00       0.00       3.28       4.06       0.00       4.06        0.02     0.01   0.406
  SC_613                    10.00       0.00       0.00       3.00       4.37       0.00       4.37        0.01     0.01   0.437
  SC_614                    10.00       0.00       0.00       3.00       3.75       0.00       3.75        0.02     0.01   0.375
  SC_615                    10.00       0.00       0.00       3.00       4.66       0.00       4.66        0.01     0.00   0.466
  SC_616                    10.00       0.00       0.00       3.00       4.46       0.00       4.46        0.01     0.01   0.446
  SC_617                    10.00       0.00       0.00       3.00       4.39       0.00       4.39        0.01     0.01   0.439
  SC_618                    10.00       0.00       0.00       3.00       4.33       0.00       4.33        0.01     0.01   0.433
  SC_619                    10.00       0.00       0.00       3.00       4.55       0.00       4.55        0.01     0.00   0.455
  SC_620                    10.00       0.00       0.00       3.00       3.82       0.00       3.82        0.02     0.01   0.382
  SC_621                    10.00       0.00       0.00       3.33       2.60       0.00       2.60        0.13     0.08   0.260
  SC_622                    10.00       0.00       0.00       3.00       4.28       0.00       4.28        0.01     0.01   0.428
  SC_623                    10.00       0.00       0.00       4.49       3.39       0.00       3.39        0.02     0.01   0.339
  SC_624                    10.00       0.00       0.00       4.71       3.28       0.00       3.28        0.02     0.01   0.328
  SC_625                    10.00       0.00       0.00       3.00       4.39       0.00       4.39        0.01     0.00   0.439
  SC_626                    10.00       0.00       0.00       3.00       4.33       0.00       4.33        0.01     0.01   0.433
  SC_627                    10.00       0.00       0.00       3.00       2.92       0.00       2.92        0.07     0.04   0.292
  SC_628                    10.00       0.00       0.00       3.00       4.40       0.00       4.40        0.01     0.01   0.440
  SC_629                    10.00       0.00       0.00       3.00       4.31       0.00       4.31        0.01     0.01   0.431
  SC_630                    10.00       0.00       0.00       3.00       4.20       0.00       4.20        0.03     0.02   0.420
  SC_631                    10.00       0.00       0.00       3.00       4.20       0.00       4.20        0.01     0.01   0.420
  SC_632                    10.00       0.00       0.00       3.00       4.31       0.00       4.31        0.01     0.01   0.431
  SC_633                    10.00       0.00       0.00       3.00       4.53       0.00       4.53        0.01     0.00   0.453
  SC_634                    10.00       0.00       0.00       3.00       4.34       0.00       4.34        0.01     0.01   0.434
  SC_635                    10.00       0.00       0.00       3.00       4.39       0.00       4.39        0.01     0.00   0.439
  SC_636                    10.00       0.00       0.00       3.00       4.76       0.00       4.76        0.00     0.00   0.476
  SC_637                    10.00       0.00       0.00       3.00       4.62       0.00       4.62        0.01     0.00   0.462
  SC_638                    10.00       0.00       0.00       3.00       4.21       0.00       4.21        0.02     0.01   0.421
  SC_639                    10.00       0.00       0.00       3.00       4.98       0.00       4.98        0.01     0.00   0.498
  SC_640                    10.00       0.00       0.00       3.00       4.66       0.00       4.66        0.01     0.01   0.466
  SC_641                    10.00       0.00       0.00       3.00       4.76       0.00       4.76        0.00     0.00   0.476
  SC_642                    10.00       0.00       0.00       3.00       4.76       0.00       4.76        0.00     0.00   0.476
  SC_643                    10.00       0.00       0.00       3.00       4.94       0.00       4.94        0.01     0.01   0.494
  SC_644                    10.00       0.00       0.00       3.00       3.89       0.00       3.89        0.02     0.01   0.389
  SC_645                    10.00       0.00       0.00       3.33       2.38       0.00       2.38        0.09     0.05   0.238
  SC_646                    10.00       0.00       0.00       3.00       3.91       0.00       3.91        0.02     0.01   0.391
  SC_647                    10.00       0.00       0.00       3.00       4.64       0.00       4.64        0.00     0.00   0.464
  SC_648                    10.00       0.00       0.00       3.00       4.93       0.00       4.93        0.00     0.00   0.493
  SC_649                    10.00       0.00       0.00       3.10       3.59       0.00       3.59        0.04     0.02   0.359
  SC_650                    10.00       0.00       0.00       3.00       3.82       0.00       3.82        0.02     0.01   0.382
  SC_651                    10.00       0.00       0.00       3.07       3.97       0.00       3.97        0.03     0.02   0.397
  SC_652                    10.00       0.00       0.00       3.27       3.66       0.00       3.66        0.02     0.01   0.366
  SC_653                    10.00       0.00       0.00       3.35       3.28       0.00       3.28        0.04     0.02   0.328
  SC_654                    10.00       0.00       0.00       3.02       3.87       0.00       3.87        0.03     0.02   0.387
  SC_655                    10.00       0.00       0.00       3.05       3.77       0.00       3.77        0.03     0.02   0.377
  SC_656                    10.00       0.00       0.00       3.00       3.70       0.00       3.70        0.03     0.01   0.370
  SC_657                    10.00       0.00       0.00       3.03       3.88       0.00       3.88        0.03     0.02   0.388
  SC_658                    10.00       0.00       0.00       3.00       4.97       0.00       4.97        0.01     0.00   0.497
  SC_659                    10.00       0.00       0.00       3.00       3.91       0.00       3.91        0.02     0.01   0.391
  SC_660                    10.00       0.00       0.00       3.01       3.63       0.00       3.63        0.04     0.02   0.363
  SC_661                    10.00       0.00       0.00       3.00       3.97       0.00       3.97        0.02     0.01   0.397
  SC_662                    10.00       0.00       0.00       3.00       4.08       0.00       4.08        0.02     0.01   0.408
  SC_663                    10.00       0.00       0.00       3.00       3.26       0.00       3.26        0.05     0.03   0.326
  SC_664                    10.00       0.00       0.00       3.01       3.61       0.00       3.61        0.04     0.02   0.361
  SC_665                    10.00       0.00       0.00       3.00       3.83       0.00       3.83        0.02     0.01   0.383
  SC_666                    10.00       0.00       0.00       3.00       3.95       0.00       3.95        0.02     0.01   0.395
  SC_667                    10.00       0.00       0.00       3.00       4.02       0.00       4.02        0.03     0.01   0.402
  SC_668                    10.00       0.00       0.00       3.00       3.92       0.00       3.92        0.02     0.01   0.392
  SC_669                    10.00       0.00       0.00       3.00       4.39       0.00       4.39        0.02     0.01   0.439
  SC_670                    10.00       0.00       0.00       3.38       3.82       0.00       3.82        0.02     0.01   0.382
  SC_671                    10.00       0.00       0.00       3.00       3.98       0.00       3.98        0.02     0.01   0.398
  SC_672                    10.00       0.00       0.00       3.00       4.23       0.00       4.23        0.02     0.01   0.423
  SC_673                    10.00       0.00       0.00       3.00       3.95       0.00       3.95        0.03     0.02   0.395
  SC_674                    10.00       0.00       0.00       3.00       4.00       0.00       4.00        0.02     0.01   0.400
  SC_675                    10.00       0.00       0.00       3.39       3.73       0.00       3.73        0.02     0.01   0.373
  SC_676                    10.00       0.00       0.00       3.00       3.55       0.00       3.55        0.04     0.02   0.355
  SC_677                    10.00       0.00       0.00       3.00       4.55       0.00       4.55        0.01     0.00   0.455
  SC_678                    10.00       0.00       0.00       3.01       4.54       0.00       4.54        0.02     0.01   0.454
  SC_679                    10.00       0.00       0.00       5.09       1.40       0.00       1.40        0.26     0.16   0.140
  SC_680                    10.00       0.00       0.00       3.00       3.88       0.00       3.88        0.02     0.01   0.388
  SC_681                    10.00       0.00       0.00       3.00       3.69       0.00       3.69        0.03     0.02   0.370
  SC_682                    10.00       0.00       0.00       3.39       3.90       0.00       3.90        0.02     0.01   0.390
  SC_683                    10.00       0.00       0.00       3.00       3.26       0.00       3.26        0.05     0.03   0.326
  SC_684                    10.00       0.00       0.00       3.01       2.71       0.00       2.71        0.09     0.05   0.271
  SC_685                    10.00       0.00       0.00       3.00       3.85       0.00       3.85        0.02     0.01   0.385
  SC_686                    10.00       0.00       0.00       3.00       4.12       0.00       4.12        0.02     0.01   0.412
  SC_687                    10.00       0.00       0.00       3.40       3.97       0.00       3.97        0.02     0.01   0.397
  SC_688                    10.00       0.00       0.00       3.00       3.56       0.00       3.56        0.04     0.02   0.356
  SC_689                    10.00       0.00       0.00       3.00       4.44       0.00       4.44        0.01     0.01   0.444
  SC_690                    10.00       0.00       0.00       3.00       2.25       0.00       2.25        0.12     0.07   0.225
  SC_691                    10.00       0.00       0.00       3.00       4.15       0.00       4.15        0.02     0.01   0.415
  SC_692                    10.00       0.00       0.00       3.00       4.76       0.00       4.76        0.00     0.00   0.477
  SC_693                    10.00       0.00       0.00       3.00       5.57       0.00       5.57        0.00     0.00   0.557
  SC_694                    10.00       0.00       0.00       3.00       4.11       0.00       4.11        0.02     0.01   0.411
  SC_695                    10.00       0.00       0.00       3.40       3.81       0.00       3.81        0.02     0.01   0.381
  SC_696                    10.00       0.00       0.00       3.00       3.90       0.00       3.90        0.02     0.01   0.390
  SC_697                    10.00       0.00       0.00       3.00       3.72       0.00       3.72        0.03     0.02   0.372
  SC_698                    10.00       0.00       0.00       3.00       4.31       0.00       4.31        0.02     0.01   0.431
  SC_699                    10.00       0.00       0.00       3.38       3.91       0.00       3.91        0.02     0.01   0.391
  SC_700                    10.00       0.00       0.00       3.00       4.26       0.00       4.26        0.01     0.01   0.426
  SC_701                    10.00       0.00       0.00       5.14       1.12       0.00       1.12        0.74     0.45   0.112
  SC_702                    10.00       0.00       0.00       3.00       4.72       0.00       4.72        0.01     0.00   0.472
  SC_703                    10.00       0.00       0.00       3.00       3.60       0.00       3.60        0.04     0.02   0.360
  SC_704                    10.00       0.00       0.00       3.35       4.10       0.00       4.10        0.01     0.01   0.410
  SC_705                    10.00       0.00       0.00       3.00       4.47       0.00       4.47        0.01     0.01   0.447
  SC_706                    10.00       0.00       0.00       3.00       4.47       0.00       4.47        0.01     0.01   0.447
  SC_707                    10.00       0.00       0.00       3.24       3.47       0.00       3.47        0.04     0.02   0.347
  SC_708                    10.00       0.00       0.00       3.33       4.09       0.00       4.09        0.02     0.01   0.409
  SC_709                    10.00       0.00       0.00       5.92       1.56       0.00       1.56        0.21     0.12   0.156
  SC_710                    10.00       0.00       0.00       3.00       4.41       0.00       4.41        0.01     0.01   0.441
  SC_711                    10.00       0.00       0.00       3.00       3.68       0.00       3.68        0.03     0.02   0.368
  SC_712                    10.00       0.00       0.00       3.00       4.49       0.00       4.49        0.01     0.01   0.449
  SC_713                    10.00       0.00       0.00       3.00       4.34       0.00       4.34        0.01     0.01   0.434
  SC_714                    10.00       0.00       0.00       3.00       4.30       0.00       4.30        0.01     0.01   0.430
  SC_715                    10.00       0.00       0.00       3.00       2.79       0.00       2.79        0.08     0.05   0.279
  SC_716                    10.00       0.00       0.00       3.00       3.52       0.00       3.52        0.03     0.02   0.352
  SC_717                    10.00       0.00       0.00       3.00       4.21       0.00       4.21        0.02     0.01   0.421
  SC_718                    10.00       0.00       0.00       3.00       4.01       0.00       4.01        0.02     0.01   0.401
  SC_719                    10.00       0.00       0.00       3.00       3.98       0.00       3.98        0.02     0.01   0.398
  SC_720                    10.00       0.00       0.00       3.24       4.00       0.00       4.00        0.02     0.01   0.400
  SC_721                    10.00       0.00       0.00       3.00       3.81       0.00       3.81        0.03     0.02   0.381
  SC_722                    10.00       0.00       0.00       3.00       3.90       0.00       3.90        0.02     0.01   0.390
  SC_723                    10.00       0.00       0.00       3.00       4.31       0.00       4.31        0.01     0.01   0.431
  SC_724                    10.00       0.00       0.00       3.29       4.00       0.00       4.00        0.02     0.01   0.400
  SC_725                    10.00       0.00       0.00       3.00       3.85       0.00       3.85        0.02     0.01   0.385
  SC_726                    10.00       0.00       0.00       3.00       4.01       0.00       4.01        0.02     0.01   0.401
  SC_727                    10.00       0.00       0.00       3.00       3.94       0.00       3.94        0.02     0.01   0.394
  SC_728                    10.00       0.00       0.00       3.00       4.01       0.00       4.01        0.02     0.01   0.401
  SC_729                    10.00       0.00       0.00       3.00       4.41       0.00       4.41        0.01     0.01   0.441
  SC_730                    10.00       0.00       0.00       3.00       4.10       0.00       4.10        0.02     0.01   0.410
  SC_731                    10.00       0.00       0.00       3.00       4.15       0.00       4.15        0.02     0.01   0.415
  SC_732                    10.00       0.00       0.00       3.00       4.21       0.00       4.21        0.02     0.01   0.421
  SC_733                    10.00       0.00       0.00       3.00       3.58       0.00       3.58        0.04     0.02   0.359
  SC_734                    10.00       0.00       0.00       3.00       4.30       0.00       4.30        0.01     0.01   0.430
  SC_735                    10.00       0.00       0.00       3.00       3.78       0.00       3.78        0.02     0.01   0.378
  SC_736                    10.00       0.00       0.00       3.00       3.85       0.00       3.85        0.02     0.01   0.385
  SC_737                    10.00       0.00       0.00       3.00       4.53       0.00       4.53        0.01     0.01   0.453
  SC_738                    10.00       0.00       0.00       4.09       3.17       0.00       3.17        0.05     0.03   0.317
  SC_739                    10.00       0.00       0.00       5.99       2.58       0.00       2.58        0.04     0.02   0.258
  SC_740                    10.00       0.00       0.00       6.10       2.19       0.00       2.19        0.07     0.04   0.219
  SC_741                    10.00       0.00       0.00       5.94       1.20       0.00       1.20        0.52     0.31   0.120
  SC_742                    10.00       0.00       0.00       3.00       4.51       0.00       4.51        0.01     0.01   0.451
  SC_743                    10.00       0.00       0.00       3.00       4.30       0.00       4.30        0.01     0.01   0.430
  SC_744                    10.00       0.00       0.00       3.00       4.23       0.00       4.23        0.01     0.01   0.423
  SC_745                    10.00       0.00       0.00       3.00       4.22       0.00       4.22        0.01     0.01   0.422
  SC_746                    10.00       0.00       0.00       3.00       4.52       0.00       4.52        0.01     0.00   0.452
  SC_747                    10.00       0.00       0.00       3.00       4.58       0.00       4.58        0.01     0.00   0.458
  SC_748                    10.00       0.00       0.00       3.00       4.25       0.00       4.25        0.01     0.01   0.425
  SC_749                    10.00       0.00       0.00       3.03       3.47       0.00       3.47        0.04     0.02   0.347
  SC_750                    10.00       0.00       0.00       3.00       4.43       0.00       4.43        0.01     0.01   0.443
  SC_751                    10.00       0.00       0.00       3.00       4.17       0.00       4.17        0.01     0.01   0.417
  SC_752                    10.00       0.00       0.00       3.37       2.26       0.00       2.26        0.10     0.06   0.226
  SC_753                    10.00       0.00       0.00       3.00       3.92       0.00       3.92        0.02     0.01   0.392
  SC_754                    10.00       0.00       0.00       3.00       2.78       0.00       2.78        0.08     0.05   0.278
  SC_755                    10.00       0.00       0.00       3.41       3.90       0.00       3.90        0.02     0.01   0.390
  SC_756                    10.00       0.00       0.00       3.28       2.40       0.00       2.40        0.11     0.07   0.240
  SC_757                    10.00       0.00       0.00       3.00       3.89       0.00       3.89        0.02     0.01   0.389
  SC_758                    10.00       0.00       0.00       3.04       3.55       0.00       3.55        0.04     0.02   0.355
  SC_759                    10.00       0.00       0.00       3.00       4.48       0.00       4.48        0.01     0.01   0.448
  SC_760                    10.00       0.00       0.00       3.06       3.12       0.00       3.12        0.05     0.03   0.312
  SC_761                    10.00       0.00       0.00       3.39       3.76       0.00       3.76        0.02     0.01   0.376
  SC_762                    10.00       0.00       0.00       3.00       4.08       0.00       4.08        0.02     0.01   0.408
  SC_763                    10.00       0.00       0.00       3.00       4.73       0.00       4.73        0.01     0.01   0.473
  SC_764                    10.00       0.00       0.00       3.00       5.04       0.00       5.04        0.01     0.00   0.504
  SC_765                    10.00       0.00       0.00       3.39       3.82       0.00       3.82        0.02     0.01   0.382
  SC_766                    10.00       0.00       0.00       3.00       4.98       0.00       4.98        0.01     0.01   0.498
  SC_767                    10.00       0.00       0.00       3.00       4.63       0.00       4.63        0.01     0.00   0.463
  SC_768                    10.00       0.00       0.00       3.00       4.37       0.00       4.37        0.01     0.01   0.437
  SC_769                    10.00       0.00       0.00       3.00       4.35       0.00       4.35        0.01     0.01   0.435
  SC_770                    10.00       0.00       0.00       3.00       3.24       0.00       3.24        0.05     0.03   0.324
  SC_771                    10.00       0.00       0.00       3.00       4.09       0.00       4.09        0.01     0.01   0.409
  SC_772                    10.00       0.00       0.00       3.00       5.17       0.00       5.17        0.01     0.00   0.517
  SC_773                    10.00       0.00       0.00       3.00       5.52       0.00       5.52        0.00     0.00   0.552
  SC_774                    10.00       0.00       0.00       3.00       2.70       0.00       2.70        0.07     0.04   0.270
  SC_775                    10.00       0.00       0.00       3.00       3.62       0.00       3.62        0.03     0.02   0.362
  SC_776                    10.00       0.00       0.00       3.00       3.98       0.00       3.98        0.02     0.01   0.398
  SC_777                    10.00       0.00       0.00       3.00       4.06       0.00       4.06        0.01     0.01   0.406
  SC_778                    10.00       0.00       0.00       3.00       4.14       0.00       4.14        0.01     0.01   0.414
  SC_779                    10.00       0.00       0.00       3.00       2.71       0.00       2.71        0.07     0.04   0.271
  SC_780                    10.00       0.00       0.00       3.00       4.22       0.00       4.22        0.01     0.01   0.422
  SC_781                    10.00       0.00       0.00       3.00       4.25       0.00       4.25        0.01     0.01   0.425
  SC_782                    10.00       0.00       0.00       3.00       3.33       0.00       3.33        0.04     0.02   0.333
  SC_783                    10.00       0.00       0.00       3.00       4.34       0.00       4.34        0.01     0.01   0.434
  SC_784                    10.00       0.00       0.00       3.00       4.14       0.00       4.14        0.01     0.01   0.414
  SC_785                    10.00       0.00       0.00       3.42       2.55       0.00       2.55        0.10     0.06   0.255
  SC_786                    10.00       0.00       0.00       3.00       3.21       0.00       3.21        0.06     0.03   0.321
  SC_787                    10.00       0.00       0.00       6.00       1.59       0.00       1.59        0.23     0.13   0.159
  SC_788                    10.00       0.00       0.00       3.00       4.51       0.00       4.51        0.01     0.01   0.451
  SC_789                    10.00       0.00       0.00       3.00       3.07       0.00       3.07        0.05     0.03   0.307
  SC_790                    10.00       0.00       0.00       3.22       2.45       0.00       2.45        0.09     0.05   0.245
  SC_791                    10.00       0.00       0.00       3.00       5.11       0.00       5.11        0.00     0.00   0.511
  SC_792                    10.00       0.00       0.00       3.00       3.56       0.00       3.56        0.02     0.01   0.356
  SC_793                    10.00       0.00       0.00       3.00       4.53       0.00       4.53        0.01     0.00   0.453
  SC_794                    10.00       0.00       0.00       3.00       4.09       0.00       4.09        0.02     0.01   0.410
  SC_795                    10.00       0.00       0.00       3.34       2.70       0.00       2.70        0.06     0.03   0.270
  SC_796                    10.00       0.00       0.00       4.00       2.55       0.00       2.55        0.11     0.06   0.255
  SC_797                    10.00       0.00       0.00       3.51       2.53       0.00       2.53        0.08     0.05   0.253
  SC_798                    10.00       0.00       0.00       3.00       3.96       0.00       3.96        0.02     0.01   0.396
  SC_799                    10.00       0.00       0.00       3.73       3.15       0.00       3.15        0.03     0.02   0.315
  SC_800                    10.00       0.00       0.00       3.28       3.01       0.00       3.01        0.04     0.02   0.301
  SC_801                    10.00       0.00       0.00       3.00       4.14       0.00       4.14        0.02     0.01   0.414
  SC_802                    10.00       0.00       0.00       4.00       4.14       0.00       4.14        0.01     0.01   0.414
  SC_803                    10.00       0.00       0.00       3.21       2.73       0.00       2.73        0.07     0.04   0.273
  SC_804                    10.00       0.00       0.00       3.00       4.03       0.00       4.03        0.02     0.01   0.404
  SC_805                    10.00       0.00       0.00       3.00       4.24       0.00       4.24        0.01     0.01   0.424
  SC_806                    10.00       0.00       0.00       3.87       1.93       0.00       1.93        0.14     0.08   0.193
  SC_807                    10.00       0.00       0.00       3.64       2.55       0.00       2.55        0.10     0.06   0.256
  SC_808                    10.00       0.00       0.00       3.00       3.52       0.00       3.52        0.03     0.02   0.352
  SC_809                    10.00       0.00       0.00       5.73       2.79       0.00       2.79        0.04     0.02   0.279
  SC_810                    10.00       0.00       0.00       5.04       1.61       0.00       1.61        0.30     0.18   0.161
  SC_811                    10.00       0.00       0.00       3.91       2.55       0.00       2.55        0.05     0.03   0.255
  SC_812                    10.00       0.00       0.00       4.00       2.35       0.00       2.35        0.07     0.04   0.235
  SC_813                    10.00       0.00       0.00       3.98       3.01       0.00       3.01        0.04     0.02   0.301
  SC_814                    10.00       0.00       0.00       4.00       2.10       0.00       2.10        0.11     0.07   0.210
  SC_815                    10.00       0.00       0.00       3.60       3.00       0.00       3.00        0.07     0.04   0.300
  SC_816                    10.00       0.00       0.00       3.02       2.74       0.00       2.74        0.06     0.03   0.274
  SC_817                    10.00       0.00       0.00       3.08       2.61       0.00       2.61        0.07     0.04   0.261
  SC_818                    10.00       0.00       0.00       3.55       3.09       0.00       3.09        0.07     0.04   0.309
  SC_819                    10.00       0.00       0.00       3.00       3.16       0.00       3.16        0.04     0.02   0.316
  SC_820                    10.00       0.00       0.00       4.00       3.48       0.00       3.48        0.02     0.01   0.348
  SC_821                    10.00       0.00       0.00       4.00       2.05       0.00       2.05        0.11     0.06   0.206
  SC_822                    10.00       0.00       0.00       4.00       3.59       0.00       3.59        0.02     0.01   0.359
  SC_823                    10.00       0.00       0.00       4.00       3.73       0.00       3.73        0.02     0.01   0.373
  SC_824                    10.00       0.00       0.00       3.12       2.47       0.00       2.47        0.08     0.04   0.247
  SC_825                    10.00       0.00       0.00       3.63       2.80       0.00       2.80        0.05     0.03   0.280
  SC_826                    10.00       0.00       0.00       4.00       2.24       0.00       2.24        0.08     0.05   0.224
  SC_827                    10.00       0.00       0.00       3.26       2.62       0.00       2.62        0.07     0.04   0.262
  SC_828                    10.00       0.00       0.00       4.00       3.56       0.00       3.56        0.02     0.01   0.356
  SC_829                    10.00       0.00       0.00       4.00       3.83       0.00       3.83        0.01     0.01   0.383
  SC_830                    10.00       0.00       0.00       3.46       2.71       0.00       2.71        0.06     0.03   0.271
  SC_831                    10.00       0.00       0.00       3.58       3.81       0.00       3.81        0.04     0.02   0.381
  SC_832                    10.00       0.00       0.00       4.00       2.63       0.00       2.63        0.06     0.03   0.263
  SC_833                    10.00       0.00       0.00       4.00       3.86       0.00       3.86        0.01     0.01   0.386
  SC_834                    10.00       0.00       0.00       3.88       3.46       0.00       3.46        0.02     0.01   0.346
  SC_835                    10.00       0.00       0.00       4.06       3.81       0.00       3.81        0.02     0.01   0.381
  SC_836                    10.00       0.00       0.00       3.75       3.71       0.00       3.71        0.04     0.02   0.371
  SC_837                    10.00       0.00       0.00       4.00       3.86       0.00       3.86        0.01     0.01   0.386
  SC_838                    10.00       0.00       0.00       4.00       2.09       0.00       2.09        0.12     0.07   0.209
  SC_839                    10.00       0.00       0.00       3.91       2.18       0.00       2.18        0.10     0.06   0.218
  SC_840                    10.00       0.00       0.00       4.35       3.84       0.00       3.84        0.01     0.01   0.384
  SC_841                    10.00       0.00       0.00       4.30       3.62       0.00       3.62        0.02     0.01   0.362
  SC_842                    10.00       0.00       0.00       3.91       3.53       0.00       3.53        0.02     0.01   0.353
  SC_843                    10.00       0.00       0.00       3.79       3.25       0.00       3.25        0.03     0.02   0.325
  SC_844                    10.00       0.00       0.00       4.00       3.75       0.00       3.75        0.02     0.01   0.375
  SC_845                    10.00       0.00       0.00       3.85       3.66       0.00       3.66        0.02     0.01   0.366
  SC_846                    10.00       0.00       0.00       3.93       3.65       0.00       3.65        0.02     0.01   0.365
  SC_847                    10.00       0.00       0.00       4.82       3.48       0.00       3.48        0.01     0.01   0.348
  SC_848                    10.00       0.00       0.00       3.57       3.08       0.00       3.08        0.07     0.04   0.308
  SC_849                    10.00       0.00       0.00       4.00       3.63       0.00       3.63        0.02     0.01   0.363
  SC_850                    10.00       0.00       0.00       3.97       2.65       0.00       2.65        0.06     0.03   0.265
  SC_851                    10.00       0.00       0.00       3.68       3.29       0.00       3.29        0.05     0.03   0.329
  SC_852                    10.00       0.00       0.00       4.00       3.73       0.00       3.73        0.02     0.01   0.373
  SC_853                    10.00       0.00       0.00       3.96       3.29       0.00       3.29        0.03     0.02   0.329
  SC_854                    10.00       0.00       0.00       3.35       1.29       0.00       1.29        0.28     0.17   0.129
  SC_855                    10.00       0.00       0.00       5.02       3.28       0.00       3.28        0.01     0.01   0.328
  SC_856                    10.00       0.00       0.00       3.83       3.74       0.00       3.74        0.03     0.02   0.374
  SC_857                    10.00       0.00       0.00       5.33       3.27       0.00       3.27        0.01     0.00   0.327
  SC_858                    10.00       0.00       0.00       4.00       3.25       0.00       3.25        0.03     0.02   0.325
  SC_859                    10.00       0.00       0.00       4.98       3.31       0.00       3.31        0.01     0.01   0.331
  SC_860                    10.00       0.00       0.00       4.86       3.50       0.00       3.50        0.01     0.01   0.350
  SC_861                    10.00       0.00       0.00       4.60       3.88       0.00       3.88        0.01     0.00   0.388
  SC_862                    10.00       0.00       0.00       4.00       2.61       0.00       2.61        0.06     0.03   0.261
  SC_863                    10.00       0.00       0.00       4.66       3.77       0.00       3.77        0.01     0.00   0.377
  SC_864                    10.00       0.00       0.00       4.00       2.22       0.00       2.22        0.09     0.05   0.222
  SC_865                    10.00       0.00       0.00       4.00       2.20       0.00       2.20        0.10     0.06   0.220
  SC_866                    10.00       0.00       0.00       4.00       3.76       0.00       3.76        0.02     0.01   0.376
  SC_867                    10.00       0.00       0.00       4.00       3.23       0.00       3.23        0.03     0.02   0.323
  SC_868                    10.00       0.00       0.00       3.20       3.08       0.00       3.08        0.03     0.02   0.308
  SC_869                    10.00       0.00       0.00       4.00       3.84       0.00       3.84        0.01     0.01   0.384
  SC_870                    10.00       0.00       0.00       4.00       3.21       0.00       3.21        0.03     0.02   0.321
  SC_871                    10.00       0.00       0.00       4.00       3.74       0.00       3.74        0.02     0.01   0.374
  SC_872                    10.00       0.00       0.00       3.78       4.02       0.00       4.02        0.02     0.01   0.402
  SC_873                    10.00       0.00       0.00       4.00       3.93       0.00       3.93        0.01     0.01   0.393
  SC_874                    10.00       0.00       0.00       3.30       4.94       0.00       4.94        0.00     0.00   0.494
  SC_875                    10.00       0.00       0.00       3.03       4.40       0.00       4.40        0.01     0.00   0.440
  SC_876                    10.00       0.00       0.00       4.00       3.74       0.00       3.74        0.02     0.01   0.374
  SC_877                    10.00       0.00       0.00       3.07       4.21       0.00       4.21        0.01     0.00   0.421
  SC_878                    10.00       0.00       0.00       4.00       3.79       0.00       3.79        0.01     0.01   0.379
  SC_879                    10.00       0.00       0.00       3.99       3.90       0.00       3.90        0.02     0.01   0.390
  SC_880                    10.00       0.00       0.00       3.00       4.70       0.00       4.70        0.02     0.01   0.471
  SC_881                    10.00       0.00       0.00       3.00       4.15       0.00       4.15        0.01     0.01   0.415
  SC_882                    10.00       0.00       0.00       4.00       3.37       0.00       3.37        0.04     0.02   0.337
  SC_883                    10.00       0.00       0.00       3.00       4.50       0.00       4.50        0.02     0.01   0.450
  SC_884                    10.00       0.00       0.00       4.00       2.04       0.00       2.04        0.12     0.07   0.204
  SC_885                    10.00       0.00       0.00       3.00       3.71       0.00       3.71        0.04     0.02   0.371
  SC_886                    10.00       0.00       0.00       3.00       4.95       0.00       4.95        0.01     0.01   0.495
  SC_887                    10.00       0.00       0.00       3.00       5.11       0.00       5.11        0.01     0.01   0.511
  SC_888                    10.00       0.00       0.00       3.00       4.85       0.00       4.85        0.02     0.01   0.485
  SC_889                    10.00       0.00       0.00       4.00       3.73       0.00       3.73        0.02     0.01   0.373
  SC_890                    10.00       0.00       0.00       3.00       5.14       0.00       5.14        0.01     0.01   0.514
  SC_891                    10.00       0.00       0.00       4.00       3.66       0.00       3.66        0.02     0.01   0.366
  SC_892                    10.00       0.00       0.00       3.37       3.72       0.00       3.72        0.04     0.02   0.372
  SC_893                    10.00       0.00       0.00       4.00       3.88       0.00       3.88        0.01     0.01   0.388
  SC_894                    10.00       0.00       0.00       4.00       3.69       0.00       3.69        0.01     0.01   0.369
  SC_895                    10.00       0.00       0.00       3.98       1.76       0.00       1.76        0.13     0.08   0.176
  SC_896                    10.00       0.00       0.00       3.44       3.17       0.00       3.17        0.06     0.03   0.317
  SC_897                    10.00       0.00       0.00       4.00       3.87       0.00       3.87        0.01     0.01   0.387
  SC_898                    10.00       0.00       0.00       4.00       3.61       0.00       3.61        0.02     0.01   0.361
  SC_899                    10.00       0.00       0.00       3.72       2.76       0.00       2.76        0.08     0.05   0.276
  SC_900                    10.00       0.00       0.00       4.00       3.78       0.00       3.78        0.01     0.01   0.378
  SC_901                    10.00       0.00       0.00       3.34       1.77       0.00       1.77        0.17     0.10   0.177
  SC_902                    10.00       0.00       0.00       3.00       4.55       0.00       4.55        0.02     0.01   0.455
  SC_903                    10.00       0.00       0.00       4.00       3.67       0.00       3.67        0.01     0.01   0.367
  SC_904                    10.00       0.00       0.00       3.00       5.06       0.00       5.06        0.01     0.01   0.506
  SC_905                    10.00       0.00       0.00       4.00       4.01       0.00       4.01        0.01     0.00   0.401
  SC_906                    10.00       0.00       0.00       4.00       3.69       0.00       3.69        0.01     0.01   0.369
  SC_907                    10.00       0.00       0.00       4.00       3.75       0.00       3.75        0.01     0.01   0.375
  SC_908                    10.00       0.00       0.00       3.00       3.46       0.00       3.46        0.04     0.02   0.346
  SC_909                    10.00       0.00       0.00       4.00       4.12       0.00       4.12        0.01     0.00   0.412
  SC_910                    10.00       0.00       0.00       3.81       3.36       0.00       3.36        0.04     0.02   0.336
  SC_911                    10.00       0.00       0.00       3.00       3.27       0.00       3.27        0.03     0.02   0.327
  SC_912                    10.00       0.00       0.00       4.00       3.96       0.00       3.96        0.01     0.01   0.396
  SC_913                    10.00       0.00       0.00       3.85       3.14       0.00       3.14        0.05     0.03   0.314
  SC_914                    10.00       0.00       0.00       3.00       3.77       0.00       3.77        0.03     0.01   0.377
  SC_915                    10.00       0.00       0.00       3.00       3.87       0.00       3.87        0.02     0.01   0.387
  SC_916                    10.00       0.00       0.00       3.00       4.22       0.00       4.22        0.02     0.01   0.422
  SC_917                    10.00       0.00       0.00       3.00       4.08       0.00       4.08        0.02     0.01   0.408
  SC_918                    10.00       0.00       0.00       3.00       4.02       0.00       4.02        0.02     0.01   0.402
  SC_919                    10.00       0.00       0.00       3.00       4.54       0.00       4.54        0.02     0.01   0.455
  SC_920                    10.00       0.00       0.00       3.00       3.90       0.00       3.90        0.02     0.01   0.390
  SC_921                    10.00       0.00       0.00       3.00       4.32       0.00       4.32        0.02     0.01   0.432
  SC_922                    10.00       0.00       0.00       3.00       3.90       0.00       3.90        0.02     0.01   0.390
  SC_923                    10.00       0.00       0.00       3.90       3.15       0.00       3.15        0.05     0.03   0.315
  SC_924                    10.00       0.00       0.00       4.00       3.99       0.00       3.99        0.01     0.00   0.399
  SC_925                    10.00       0.00       0.00       3.00       4.23       0.00       4.23        0.03     0.01   0.423
  SC_926                    10.00       0.00       0.00       3.00       3.38       0.00       3.38        0.06     0.03   0.338
  SC_927                    10.00       0.00       0.00       3.00       4.52       0.00       4.52        0.02     0.01   0.452
  SC_928                    10.00       0.00       0.00       3.00       4.28       0.00       4.28        0.03     0.01   0.428
  SC_929                    10.00       0.00       0.00       3.00       4.59       0.00       4.59        0.02     0.01   0.459
  SC_930                    10.00       0.00       0.00       3.00       4.44       0.00       4.44        0.02     0.01   0.444
  SC_931                    10.00       0.00       0.00       3.92       3.32       0.00       3.32        0.04     0.02   0.332
  SC_932                    10.00       0.00       0.00       3.00       4.32       0.00       4.32        0.02     0.01   0.432
  SC_933                    10.00       0.00       0.00       4.00       4.06       0.00       4.06        0.01     0.00   0.406
  SC_934                    10.00       0.00       0.00       3.95       3.22       0.00       3.22        0.04     0.02   0.322
  SC_935                    10.00       0.00       0.00       3.96       3.20       0.00       3.20        0.04     0.02   0.320
  SC_936                    10.00       0.00       0.00       3.98       3.14       0.00       3.14        0.05     0.03   0.314
  SC_937                    10.00       0.00       0.00       4.00       3.14       0.00       3.14        0.04     0.03   0.314
  SC_938                    10.00       0.00       0.00       5.00       1.60       0.00       1.60        0.41     0.24   0.160
  SC_939                    10.00       0.00       0.00       4.26       3.10       0.00       3.10        0.04     0.02   0.310
  SC_940                    10.00       0.00       0.00       4.00       4.06       0.00       4.06        0.01     0.00   0.406
  SC_941                    10.00       0.00       0.00       4.00       4.16       0.00       4.16        0.01     0.00   0.416
  SC_942                    10.00       0.00       0.00       4.02       3.16       0.00       3.16        0.04     0.02   0.316
  SC_943                    10.00       0.00       0.00       3.00       4.31       0.00       4.31        0.02     0.01   0.431
  SC_944                    10.00       0.00       0.00       4.03       3.13       0.00       3.13        0.04     0.02   0.313
  SC_945                    10.00       0.00       0.00       4.05       3.03       0.00       3.03        0.05     0.03   0.303
  SC_946                    10.00       0.00       0.00       4.11       3.04       0.00       3.04        0.05     0.03   0.304
  SC_947                    10.00       0.00       0.00       4.00       4.02       0.00       4.02        0.01     0.00   0.402
  SC_948                    10.00       0.00       0.00       3.00       3.96       0.00       3.96        0.03     0.02   0.396
  SC_949                    10.00       0.00       0.00       3.00       3.98       0.00       3.98        0.03     0.02   0.398
  SC_950                    10.00       0.00       0.00       4.12       3.10       0.00       3.10        0.04     0.02   0.310
  SC_951                    10.00       0.00       0.00       3.93       3.23       0.00       3.23        0.03     0.02   0.323
  SC_952                    10.00       0.00       0.00       4.12       3.02       0.00       3.02        0.04     0.03   0.302
  SC_953                    10.00       0.00       0.00       4.11       2.42       0.00       2.42        0.09     0.05   0.242
  SC_954                    10.00       0.00       0.00       4.00       3.94       0.00       3.94        0.01     0.01   0.394
  SC_955                    10.00       0.00       0.00       3.00       3.70       0.00       3.70        0.04     0.02   0.370
  SC_956                    10.00       0.00       0.00       4.08       2.40       0.00       2.40        0.09     0.05   0.240
  SC_957                    10.00       0.00       0.00       4.06       3.06       0.00       3.06        0.04     0.02   0.306
  SC_958                    10.00       0.00       0.00       4.05       3.14       0.00       3.14        0.04     0.02   0.314
  SC_959                    10.00       0.00       0.00       3.00       3.45       0.00       3.45        0.05     0.03   0.345
  SC_960                    10.00       0.00       0.00       4.05       2.85       0.00       2.85        0.06     0.03   0.285
  SC_961                    10.00       0.00       0.00       4.06       2.55       0.00       2.55        0.08     0.05   0.255
  SC_962                    10.00       0.00       0.00       4.12       3.10       0.00       3.10        0.04     0.02   0.310
  SC_963                    10.00       0.00       0.00       4.12       2.57       0.00       2.57        0.08     0.04   0.257
  SC_964                    10.00       0.00       0.00       4.00       3.97       0.00       3.97        0.01     0.01   0.397
  SC_965                    10.00       0.00       0.00       5.01       0.83       0.00       0.83        0.72     0.45   0.083
  SC_966                    10.00       0.00       0.00       3.00       4.07       0.00       4.07        0.03     0.01   0.407
  SC_967                    10.00       0.00       0.00       4.13       3.04       0.00       3.04        0.04     0.02   0.304
  SC_968                    10.00       0.00       0.00       3.00       3.81       0.00       3.81        0.04     0.02   0.381
  SC_969                    10.00       0.00       0.00       4.14       3.06       0.00       3.06        0.04     0.02   0.306
  SC_970                    10.00       0.00       0.00       4.00       3.73       0.00       3.73        0.02     0.01   0.373
  SC_971                    10.00       0.00       0.00       4.16       3.12       0.00       3.12        0.04     0.02   0.312
  SC_972                    10.00       0.00       0.00       4.16       3.08       0.00       3.08        0.04     0.02   0.308
  SC_973                    10.00       0.00       0.00       3.00       3.97       0.00       3.97        0.03     0.02   0.397
  SC_974                    10.00       0.00       0.00       4.17       3.06       0.00       3.06        0.04     0.02   0.306
  SC_975                    10.00       0.00       0.00       4.00       3.49       0.00       3.49        0.02     0.01   0.349
  SC_976                    10.00       0.00       0.00       4.19       3.09       0.00       3.09        0.04     0.02   0.309
  SC_977                    10.00       0.00       0.00       3.00       3.96       0.00       3.96        0.03     0.02   0.396
  SC_978                    10.00       0.00       0.00       4.20       3.12       0.00       3.12        0.04     0.02   0.312
  SC_979                    10.00       0.00       0.00       4.21       3.06       0.00       3.06        0.04     0.02   0.306
  SC_980                    10.00       0.00       0.00       4.22       3.09       0.00       3.09        0.04     0.02   0.309
  SC_981                    10.00       0.00       0.00       4.00       3.60       0.00       3.60        0.02     0.01   0.360
  SC_982                    10.00       0.00       0.00       4.24       3.18       0.00       3.18        0.04     0.02   0.318
  SC_983                    10.00       0.00       0.00       4.25       3.18       0.00       3.18        0.04     0.02   0.318
  SC_984                    10.00       0.00       0.00       5.67       2.74       0.00       2.74        0.04     0.02   0.274
  SC_985                    10.00       0.00       0.00       6.28       2.36       0.00       2.36        0.03     0.02   0.236
  SC_986                    10.00       0.00       0.00       4.41       3.35       0.00       3.35        0.03     0.02   0.335
  SC_987                    10.00       0.00       0.00       4.28       3.10       0.00       3.10        0.04     0.02   0.310
  SC_988                    10.00       0.00       0.00       3.00       3.69       0.00       3.69        0.04     0.02   0.369
  SC_989                    10.00       0.00       0.00       4.29       3.18       0.00       3.18        0.04     0.02   0.318
  SC_990                    10.00       0.00       0.00       4.00       3.31       0.00       3.31        0.03     0.02   0.331
  SC_991                    10.00       0.00       0.00       4.30       3.21       0.00       3.21        0.04     0.02   0.321
  SC_992                    10.00       0.00       0.00       3.00       3.47       0.00       3.47        0.05     0.03   0.347
  SC_993                    10.00       0.00       0.00       4.32       3.12       0.00       3.12        0.04     0.02   0.312
  SC_994                    10.00       0.00       0.00       4.00       3.25       0.00       3.25        0.03     0.02   0.325
  SC_995                    10.00       0.00       0.00       3.00       3.74       0.00       3.74        0.04     0.02   0.374
  SC_996                    10.00       0.00       0.00       4.33       3.12       0.00       3.12        0.04     0.02   0.312
  SC_997                    10.00       0.00       0.00       4.35       3.19       0.00       3.19        0.04     0.02   0.319
  SC_998                    10.00       0.00       0.00       3.00       3.87       0.00       3.87        0.03     0.02   0.387
  SC_999                    10.00       0.00       0.00       4.37       3.14       0.00       3.14        0.04     0.02   0.314
  SC_1000                   10.00       0.00       0.00       3.00       3.65       0.00       3.65        0.04     0.02   0.365
  SC_1001                   10.00       0.00       0.00       4.39       3.17       0.00       3.17        0.04     0.02   0.317
  SC_1002                   10.00       0.00       0.00       4.00       3.32       0.00       3.32        0.03     0.01   0.332
  SC_1003                   10.00       0.00       0.00       4.42       3.19       0.00       3.19        0.04     0.02   0.319
  SC_1004                   10.00       0.00       0.00       4.44       3.18       0.00       3.18        0.04     0.02   0.318
  SC_1005                   10.00       0.00       0.00       3.00       3.50       0.00       3.50        0.05     0.03   0.350
  SC_1006                   10.00       0.00       0.00       4.46       3.15       0.00       3.15        0.04     0.02   0.315
  SC_1007                   10.00       0.00       0.00       3.00       3.54       0.00       3.54        0.05     0.03   0.354
  SC_1008                   10.00       0.00       0.00       3.00       3.43       0.00       3.43        0.05     0.03   0.343
  SC_1009                   10.00       0.00       0.00       4.49       3.17       0.00       3.17        0.04     0.02   0.317
  SC_1010                   10.00       0.00       0.00       3.00       3.50       0.00       3.50        0.05     0.03   0.350
  SC_1011                   10.00       0.00       0.00       4.52       3.22       0.00       3.22        0.04     0.02   0.322
  SC_1012                   10.00       0.00       0.00       4.00       3.36       0.00       3.36        0.02     0.01   0.336
  SC_1013                   10.00       0.00       0.00       4.52       3.27       0.00       3.27        0.03     0.02   0.327
  SC_1014                   10.00       0.00       0.00       4.44       3.17       0.00       3.17        0.04     0.02   0.317
  SC_1015                   10.00       0.00       0.00       4.61       2.87       0.00       2.87        0.06     0.04   0.287
  SC_1016                   10.00       0.00       0.00       4.61       3.62       0.00       3.62        0.02     0.01   0.362
  SC_1017                   10.00       0.00       0.00       5.68       3.12       0.00       3.12        0.01     0.01   0.312
  SC_1018                   10.00       0.00       0.00       5.47       2.93       0.00       2.93        0.03     0.02   0.293
  SC_1019                   10.00       0.00       0.00       4.40       3.29       0.00       3.29        0.04     0.02   0.329
  SC_1020                   10.00       0.00       0.00       3.21       4.14       0.00       4.14        0.03     0.02   0.414
  SC_1021                   10.00       0.00       0.00       3.00       4.35       0.00       4.35        0.02     0.01   0.435
  SC_1022                   10.00       0.00       0.00       3.00       3.54       0.00       3.54        0.05     0.03   0.354
  SC_1023                   10.00       0.00       0.00       4.38       3.26       0.00       3.26        0.04     0.02   0.326
  SC_1024                   10.00       0.00       0.00       4.00       3.48       0.00       3.48        0.02     0.01   0.348
  SC_1025                   10.00       0.00       0.00       4.37       3.33       0.00       3.33        0.04     0.02   0.333
  SC_1026                   10.00       0.00       0.00       5.72       2.56       0.00       2.56        0.07     0.04   0.256
  SC_1027                   10.00       0.00       0.00       4.34       3.30       0.00       3.30        0.04     0.02   0.330
  SC_1028                   10.00       0.00       0.00       4.29       3.43       0.00       3.43        0.04     0.02   0.343
  SC_1029                   10.00       0.00       0.00       5.03       3.17       0.00       3.17        0.03     0.02   0.317
  SC_1030                   10.00       0.00       0.00       4.00       3.48       0.00       3.48        0.02     0.01   0.348
  SC_1031                   10.00       0.00       0.00       4.24       3.20       0.00       3.20        0.05     0.03   0.320
  SC_1032                   10.00       0.00       0.00       4.00       3.15       0.00       3.15        0.05     0.03   0.315
  SC_1033                   10.00       0.00       0.00       4.00       3.48       0.00       3.48        0.02     0.01   0.348
  SC_1034                   10.00       0.00       0.00       4.00       3.88       0.00       3.88        0.01     0.01   0.388
  SC_1035                   10.00       0.00       0.00       4.01       3.35       0.00       3.35        0.04     0.02   0.335
  SC_1036                   10.00       0.00       0.00       4.00       3.05       0.00       3.05        0.05     0.03   0.305
  SC_1037                   10.00       0.00       0.00       3.01       3.57       0.00       3.57        0.05     0.03   0.357
  SC_1038                   10.00       0.00       0.00       3.00       3.77       0.00       3.77        0.04     0.02   0.377
  SC_1039                   10.00       0.00       0.00       4.00       3.85       0.00       3.85        0.01     0.01   0.385
  SC_1040                   10.00       0.00       0.00       4.28       3.48       0.00       3.48        0.04     0.02   0.348
  SC_1041                   10.00       0.00       0.00       4.26       3.48       0.00       3.48        0.03     0.02   0.348
  SC_1042                   10.00       0.00       0.00       4.00       3.61       0.00       3.61        0.02     0.01   0.361
  SC_1043                   10.00       0.00       0.00       4.23       3.50       0.00       3.50        0.03     0.02   0.350
  SC_1044                   10.00       0.00       0.00       4.20       3.42       0.00       3.42        0.04     0.02   0.342
  SC_1045                   10.00       0.00       0.00       4.17       3.46       0.00       3.46        0.04     0.02   0.346
  SC_1046                   10.00       0.00       0.00       4.13       3.61       0.00       3.61        0.03     0.02   0.361
  SC_1047                   10.00       0.00       0.00       4.00       3.57       0.00       3.57        0.02     0.01   0.357
  SC_1048                   10.00       0.00       0.00       4.10       3.56       0.00       3.56        0.03     0.02   0.356
  SC_1049                   10.00       0.00       0.00       4.00       3.60       0.00       3.60        0.02     0.01   0.360
  SC_1050                   10.00       0.00       0.00       4.07       3.55       0.00       3.55        0.04     0.02   0.355
  SC_1051                   10.00       0.00       0.00       4.05       3.44       0.00       3.44        0.04     0.02   0.344
  SC_1052                   10.00       0.00       0.00       4.00       3.60       0.00       3.60        0.02     0.01   0.360
  SC_1053                   10.00       0.00       0.00       4.05       3.17       0.00       3.17        0.06     0.03   0.317
  SC_1054                   10.00       0.00       0.00       4.06       3.24       0.00       3.24        0.05     0.03   0.324
  SC_1055                   10.00       0.00       0.00       4.06       3.56       0.00       3.56        0.03     0.02   0.356
  SC_1056                   10.00       0.00       0.00       3.00       4.34       0.00       4.34        0.02     0.01   0.434
  SC_1057                   10.00       0.00       0.00       3.01       4.10       0.00       4.10        0.03     0.02   0.410
  SC_1058                   10.00       0.00       0.00       3.00       4.28       0.00       4.28        0.02     0.01   0.428
  SC_1059                   10.00       0.00       0.00       4.06       3.49       0.00       3.49        0.04     0.02   0.349
  SC_1060                   10.00       0.00       0.00       3.97       1.90       0.00       1.90        0.13     0.07   0.190
  SC_1061                   10.00       0.00       0.00       4.07       3.53       0.00       3.53        0.03     0.02   0.353
  SC_1062                   10.00       0.00       0.00       4.09       3.58       0.00       3.58        0.03     0.02   0.358
  SC_1063                   10.00       0.00       0.00       3.00       3.79       0.00       3.79        0.03     0.02   0.379
  SC_1064                   10.00       0.00       0.00       4.13       3.55       0.00       3.55        0.03     0.02   0.355
  SC_1065                   10.00       0.00       0.00       4.15       3.57       0.00       3.57        0.03     0.02   0.357
  SC_1066                   10.00       0.00       0.00       4.18       3.52       0.00       3.52        0.03     0.02   0.352
  SC_1067                   10.00       0.00       0.00       4.22       3.27       0.00       3.27        0.04     0.02   0.327
  SC_1068                   10.00       0.00       0.00       3.00       4.47       0.00       4.47        0.01     0.01   0.447
  SC_1069                   10.00       0.00       0.00       3.60       1.77       0.00       1.77        0.15     0.09   0.177
  SC_1070                   10.00       0.00       0.00       4.26       3.23       0.00       3.23        0.04     0.02   0.323
  SC_1071                   10.00       0.00       0.00       3.00       4.47       0.00       4.47        0.02     0.01   0.447
  SC_1072                   10.00       0.00       0.00       5.08       3.26       0.00       3.26        0.02     0.01   0.326
  SC_1073                   10.00       0.00       0.00       4.86       3.49       0.00       3.49        0.02     0.01   0.349
  SC_1074                   10.00       0.00       0.00       4.68       3.61       0.00       3.61        0.02     0.01   0.361
  SC_1075                   10.00       0.00       0.00       5.10       3.19       0.00       3.19        0.02     0.01   0.319
  SC_1076                   10.00       0.00       0.00       5.46       2.61       0.00       2.61        0.05     0.03   0.261
  SC_1077                   10.00       0.00       0.00       5.45       3.31       0.00       3.31        0.01     0.01   0.331
  SC_1078                   10.00       0.00       0.00       4.28       3.43       0.00       3.43        0.03     0.02   0.343
  SC_1079                   10.00       0.00       0.00       5.24       3.45       0.00       3.45        0.01     0.01   0.345
  SC_1080                   10.00       0.00       0.00       6.10       2.24       0.00       2.24        0.05     0.03   0.224
  SC_1081                   10.00       0.00       0.00       5.83       2.70       0.00       2.70        0.04     0.02   0.270
  SC_1082                   10.00       0.00       0.00       6.37       2.32       0.00       2.32        0.03     0.02   0.232
  SC_1083                   10.00       0.00       0.00       4.31       3.25       0.00       3.25        0.04     0.02   0.325
  SC_1084                   10.00       0.00       0.00       4.33       3.20       0.00       3.20        0.04     0.02   0.320
  SC_1085                   10.00       0.00       0.00       6.45       2.23       0.00       2.23        0.03     0.02   0.223
  SC_1086                   10.00       0.00       0.00       3.00       3.88       0.00       3.88        0.02     0.01   0.388
  SC_1087                   10.00       0.00       0.00       6.52       2.17       0.00       2.17        0.04     0.02   0.217
  SC_1088                   10.00       0.00       0.00       5.68       2.68       0.00       2.68        0.06     0.03   0.268
  SC_1089                   10.00       0.00       0.00       5.71       2.27       0.00       2.27        0.12     0.07   0.227
  SC_1090                   10.00       0.00       0.00       4.34       3.23       0.00       3.23        0.04     0.02   0.323
  SC_1091                   10.00       0.00       0.00       6.60       2.15       0.00       2.15        0.03     0.02   0.215
  SC_1092                   10.00       0.00       0.00       5.67       2.78       0.00       2.78        0.05     0.03   0.278
  SC_1093                   10.00       0.00       0.00       5.63       2.28       0.00       2.28        0.13     0.07   0.228
  SC_1094                   10.00       0.00       0.00       4.39       3.24       0.00       3.24        0.04     0.02   0.324
  SC_1095                   10.00       0.00       0.00       6.65       2.11       0.00       2.11        0.03     0.02   0.211
  SC_1096                   10.00       0.00       0.00       3.00       4.95       0.00       4.95        0.00     0.00   0.495
  SC_1097                   10.00       0.00       0.00       6.72       1.98       0.00       1.98        0.04     0.02   0.198
  SC_1098                   10.00       0.00       0.00       5.67       2.87       0.00       2.87        0.04     0.02   0.287
  SC_1099                   10.00       0.00       0.00       5.76       2.19       0.00       2.19        0.13     0.07   0.219
  SC_1100                   10.00       0.00       0.00       6.82       1.92       0.00       1.92        0.04     0.02   0.192
  SC_1101                   10.00       0.00       0.00       5.56       2.37       0.00       2.37        0.12     0.07   0.237
  SC_1102                   10.00       0.00       0.00       5.65       2.74       0.00       2.74        0.05     0.03   0.274
  SC_1103                   10.00       0.00       0.00       4.47       3.39       0.00       3.39        0.03     0.02   0.339
  SC_1104                   10.00       0.00       0.00       3.00       4.93       0.00       4.93        0.01     0.01   0.493
  SC_1105                   10.00       0.00       0.00       6.89       1.96       0.00       1.96        0.03     0.02   0.196
  SC_1106                   10.00       0.00       0.00       6.97       1.92       0.00       1.92        0.03     0.02   0.192
  SC_1107                   10.00       0.00       0.00       5.45       2.92       0.00       2.92        0.05     0.03   0.292
  SC_1108                   10.00       0.00       0.00       5.47       2.57       0.00       2.57        0.09     0.05   0.257
  SC_1109                   10.00       0.00       0.00       4.53       3.40       0.00       3.40        0.03     0.02   0.340
  SC_1110                   10.00       0.00       0.00       3.00       5.01       0.00       5.01        0.01     0.00   0.501
  SC_1111                   10.00       0.00       0.00       7.16       1.69       0.00       1.69        0.05     0.03   0.169
  SC_1112                   10.00       0.00       0.00       4.61       3.14       0.00       3.14        0.04     0.02   0.314
  SC_1113                   10.00       0.00       0.00       4.88       2.85       0.00       2.85        0.08     0.05   0.285
  SC_1114                   10.00       0.00       0.00       5.33       2.63       0.00       2.63        0.09     0.05   0.263
  SC_1115                   10.00       0.00       0.00       3.00       4.74       0.00       4.74        0.01     0.00   0.474
  SC_1116                   10.00       0.00       0.00       7.19       1.67       0.00       1.67        0.05     0.03   0.167
  SC_1117                   10.00       0.00       0.00       7.05       1.88       0.00       1.88        0.03     0.02   0.188
  SC_1118                   10.00       0.00       0.00       4.70       3.04       0.00       3.04        0.05     0.03   0.304
  SC_1119                   10.00       0.00       0.00       3.00       4.98       0.00       4.98        0.00     0.00   0.498
  SC_1120                   10.00       0.00       0.00       4.82       3.28       0.00       3.28        0.03     0.02   0.328
  SC_1121                   10.00       0.00       0.00       7.02       1.90       0.00       1.90        0.03     0.02   0.190
  SC_1122                   10.00       0.00       0.00       3.00       4.97       0.00       4.97        0.00     0.00   0.497
  SC_1123                   10.00       0.00       0.00       4.90       3.23       0.00       3.23        0.03     0.02   0.323
  SC_1124                   10.00       0.00       0.00       5.78       2.30       0.00       2.30        0.11     0.06   0.230
  SC_1125                   10.00       0.00       0.00       7.01       1.85       0.00       1.85        0.03     0.02   0.185
  SC_1126                   10.00       0.00       0.00       7.00       1.84       0.00       1.84        0.04     0.02   0.184
  SC_1127                   10.00       0.00       0.00       5.10       2.65       0.00       2.65        0.10     0.06   0.265
  SC_1128                   10.00       0.00       0.00       5.01       2.87       0.00       2.87        0.05     0.03   0.287
  SC_1129                   10.00       0.00       0.00       6.99       1.84       0.00       1.84        0.03     0.02   0.184
  SC_1130                   10.00       0.00       0.00       5.81       2.03       0.00       2.03        0.17     0.09   0.203
  SC_1131                   10.00       0.00       0.00       6.99       1.85       0.00       1.85        0.03     0.02   0.185
  SC_1132                   10.00       0.00       0.00       5.15       2.78       0.00       2.78        0.06     0.03   0.278
  SC_1133                   10.00       0.00       0.00       6.97       1.87       0.00       1.87        0.03     0.02   0.187
  SC_1134                   10.00       0.00       0.00       6.96       1.87       0.00       1.87        0.03     0.02   0.187
  SC_1135                   10.00       0.00       0.00       5.85       2.03       0.00       2.03        0.16     0.09   0.203
  SC_1136                   10.00       0.00       0.00       6.95       1.87       0.00       1.87        0.03     0.02   0.187
  SC_1137                   10.00       0.00       0.00       6.95       1.86       0.00       1.86        0.03     0.02   0.186
  SC_1138                   10.00       0.00       0.00       5.31       2.90       0.00       2.90        0.04     0.02   0.290
  SC_1139                   10.00       0.00       0.00       6.96       1.83       0.00       1.83        0.03     0.02   0.183
  SC_1140                   10.00       0.00       0.00       6.97       1.85       0.00       1.85        0.03     0.02   0.185
  SC_1141                   10.00       0.00       0.00       5.44       2.86       0.00       2.86        0.04     0.02   0.286
  SC_1142                   10.00       0.00       0.00       6.97       1.87       0.00       1.87        0.03     0.02   0.187
  SC_1143                   10.00       0.00       0.00       5.96       1.74       0.00       1.74        0.25     0.14   0.174
  SC_1144                   10.00       0.00       0.00       5.90       2.33       0.00       2.33        0.09     0.05   0.233
  SC_1145                   10.00       0.00       0.00       5.51       3.00       0.00       3.00        0.03     0.02   0.300
  SC_1146                   10.00       0.00       0.00       6.98       1.87       0.00       1.87        0.03     0.02   0.187
  SC_1147                   10.00       0.00       0.00       5.57       2.84       0.00       2.84        0.04     0.02   0.284
  SC_1148                   10.00       0.00       0.00       5.63       2.81       0.00       2.81        0.04     0.02   0.281
  SC_1149                   10.00       0.00       0.00       6.99       1.85       0.00       1.85        0.03     0.02   0.185
  SC_1150                   10.00       0.00       0.00       6.99       1.97       0.00       1.97        0.02     0.01   0.197
  SC_1151                   10.00       0.00       0.00       4.75       0.80       0.00       0.80        0.57     0.36   0.080
  SC_1152                   10.00       0.00       0.00       7.00       1.85       0.00       1.85        0.03     0.02   0.185
  SC_1153                   10.00       0.00       0.00       5.67       2.93       0.00       2.93        0.03     0.02   0.293
  SC_1154                   10.00       0.00       0.00       5.70       2.95       0.00       2.95        0.02     0.01   0.295
  SC_1155                   10.00       0.00       0.00       5.73       2.93       0.00       2.93        0.02     0.01   0.293
  SC_1156                   10.00       0.00       0.00       7.01       1.75       0.00       1.75        0.04     0.02   0.175
  SC_1157                   10.00       0.00       0.00       7.03       1.69       0.00       1.69        0.05     0.03   0.169
  SC_1158                   10.00       0.00       0.00       5.76       2.82       0.00       2.82        0.03     0.02   0.282
  SC_1159                   10.00       0.00       0.00       5.49       3.24       0.00       3.24        0.01     0.00   0.324
  SC_1160                   10.00       0.00       0.00       7.05       1.79       0.00       1.79        0.04     0.02   0.179
  SC_1161                   10.00       0.00       0.00       7.06       1.92       0.00       1.92        0.03     0.02   0.192
  SC_1162                   10.00       0.00       0.00       5.85       2.30       0.00       2.30        0.09     0.05   0.230
  SC_1163                   10.00       0.00       0.00       7.07       1.58       0.00       1.58        0.08     0.05   0.158
  SC_1164                   10.00       0.00       0.00       5.88       3.08       0.00       3.08        0.01     0.00   0.308
  SC_1165                   10.00       0.00       0.00       5.93       2.88       0.00       2.88        0.02     0.01   0.288
  SC_1166                   10.00       0.00       0.00       6.12       2.30       0.00       2.30        0.06     0.03   0.230
  SC_1167                   10.00       0.00       0.00       7.03       1.90       0.00       1.90        0.04     0.02   0.190
  SC_1168                   10.00       0.00       0.00       6.97       2.11       0.00       2.11        0.02     0.01   0.211
  SC_1169                   10.00       0.00       0.00       6.94       2.12       0.00       2.12        0.03     0.02   0.212
  SC_1170                   10.00       0.00       0.00       6.57       1.97       0.00       1.97        0.08     0.04   0.197
  SC_1171                   10.00       0.00       0.00       6.91       2.05       0.00       2.05        0.04     0.02   0.205
  SC_1172                   10.00       0.00       0.00       6.85       1.97       0.00       1.97        0.06     0.03   0.197
  SC_1173                   10.00       0.00       0.00       4.00       3.63       0.00       3.63        0.02     0.01   0.364
  SC_1174                   10.00       0.00       0.00       4.00       3.48       0.00       3.48        0.02     0.01   0.348
  SC_1175                   10.00       0.00       0.00       4.00       3.55       0.00       3.55        0.02     0.01   0.355
  SC_1176                   10.00       0.00       0.00       3.38       2.68       0.00       2.68        0.07     0.04   0.268
  SC_1177                   10.00       0.00       0.00       4.00       3.52       0.00       3.52        0.02     0.01   0.352
  SC_1178                   10.00       0.00       0.00       4.00       3.61       0.00       3.61        0.02     0.01   0.361
  SC_1179                   10.00       0.00       0.00       4.00       3.48       0.00       3.48        0.02     0.01   0.348
  SC_1180                   10.00       0.00       0.00       4.00       3.57       0.00       3.57        0.02     0.01   0.357
  SC_1181                   10.00       0.00       0.00       4.00       3.99       0.00       3.99        0.01     0.01   0.399
  SC_1182                   10.00       0.00       0.00       4.00       3.65       0.00       3.65        0.02     0.01   0.365
  SC_1183                   10.00       0.00       0.00       3.13       2.49       0.00       2.49        0.08     0.04   0.249
  SC_1184                   10.00       0.00       0.00       4.00       3.50       0.00       3.50        0.02     0.01   0.350
  SC_1185                   10.00       0.00       0.00       4.00       3.72       0.00       3.72        0.01     0.01   0.372
  SC_1186                   10.00       0.00       0.00       4.00       3.66       0.00       3.66        0.02     0.01   0.366
  SC_1187                   10.00       0.00       0.00       6.01       1.85       0.00       1.85        0.20     0.11   0.185
  SC_1188                   10.00       0.00       0.00       6.00       1.94       0.00       1.94        0.19     0.11   0.194
  SC_1189                   10.00       0.00       0.00       4.00       3.52       0.00       3.52        0.02     0.01   0.352
  SC_1190                   10.00       0.00       0.00       4.00       3.65       0.00       3.65        0.02     0.01   0.365
  SC_1191                   10.00       0.00       0.00       3.72       2.05       0.00       2.05        0.12     0.07   0.205
  SC_1192                   10.00       0.00       0.00       4.00       3.66       0.00       3.66        0.02     0.01   0.366
  SC_1193                   10.00       0.00       0.00       4.00       3.63       0.00       3.63        0.02     0.01   0.363
  SC_1194                   10.00       0.00       0.00       4.00       3.55       0.00       3.55        0.02     0.01   0.355
  SC_1195                   10.00       0.00       0.00       4.00       3.64       0.00       3.64        0.02     0.01   0.364
  SC_1196                   10.00       0.00       0.00       4.00       3.69       0.00       3.69        0.01     0.01   0.369
  SC_1197                   10.00       0.00       0.00       4.00       3.41       0.00       3.41        0.02     0.01   0.341
  SC_1198                   10.00       0.00       0.00       4.01       3.04       0.00       3.04        0.05     0.03   0.304
  SC_1199                   10.00       0.00       0.00       6.10       2.30       0.00       2.30        0.08     0.05   0.230
  SC_1200                   10.00       0.00       0.00       4.00       3.45       0.00       3.45        0.03     0.01   0.345
  SC_1201                   10.00       0.00       0.00       6.07       2.29       0.00       2.29        0.08     0.05   0.229
  SC_1202                   10.00       0.00       0.00       3.99       3.99       0.00       3.99        0.01     0.00   0.399
  SC_1203                   10.00       0.00       0.00       4.00       3.78       0.00       3.78        0.01     0.01   0.378
  SC_1204                   10.00       0.00       0.00       6.00       1.67       0.00       1.67        0.32     0.18   0.167
  SC_1205                   10.00       0.00       0.00       3.96       3.95       0.00       3.95        0.01     0.01   0.395
  SC_1206                   10.00       0.00       0.00       3.42       2.36       0.00       2.36        0.10     0.06   0.236
  SC_1207                   10.00       0.00       0.00       3.95       3.88       0.00       3.88        0.01     0.01   0.388
  SC_1208                   10.00       0.00       0.00       3.66       2.32       0.00       2.32        0.09     0.05   0.232
  SC_1209                   10.00       0.00       0.00       3.94       3.95       0.00       3.95        0.01     0.01   0.395
  SC_1210                   10.00       0.00       0.00       3.94       4.01       0.00       4.01        0.01     0.01   0.401
  SC_1211                   10.00       0.00       0.00       3.93       3.97       0.00       3.97        0.01     0.01   0.397
  SC_1212                   10.00       0.00       0.00       3.91       3.71       0.00       3.71        0.01     0.01   0.371
  SC_1213                   10.00       0.00       0.00       3.84       3.74       0.00       3.74        0.01     0.01   0.374
  SC_1214                   10.00       0.00       0.00       6.10       2.21       0.00       2.21        0.10     0.06   0.221
  SC_1215                   10.00       0.00       0.00       3.71       3.84       0.00       3.84        0.01     0.01   0.385
  SC_1216                   10.00       0.00       0.00       6.00       1.88       0.00       1.88        0.23     0.13   0.188
  SC_1217                   10.00       0.00       0.00       3.49       4.26       0.00       4.26        0.01     0.00   0.426
  SC_1218                   10.00       0.00       0.00       3.60       3.97       0.00       3.97        0.01     0.01   0.397
  SC_1219                   10.00       0.00       0.00       3.01       2.69       0.00       2.69        0.11     0.06   0.269
  SC_1220                   10.00       0.00       0.00       3.41       4.23       0.00       4.23        0.01     0.01   0.423
  SC_1221                   10.00       0.00       0.00       3.33       4.31       0.00       4.31        0.01     0.01   0.431
  SC_1222                   10.00       0.00       0.00       3.26       4.32       0.00       4.32        0.01     0.01   0.432
  SC_1223                   10.00       0.00       0.00       3.21       4.32       0.00       4.32        0.01     0.01   0.432
  SC_1224                   10.00       0.00       0.00       6.10       1.29       0.00       1.29        0.52     0.30   0.129
  SC_1225                   10.00       0.00       0.00       3.00       3.08       0.00       3.08        0.08     0.05   0.308
  SC_1226                   10.00       0.00       0.00       3.09       4.44       0.00       4.44        0.01     0.01   0.444
  SC_1227                   10.00       0.00       0.00       3.53       2.47       0.00       2.47        0.08     0.05   0.247
  SC_1228                   10.00       0.00       0.00       3.00       4.56       0.00       4.56        0.01     0.01   0.456
  SC_1229                   10.00       0.00       0.00       3.00       4.63       0.00       4.63        0.01     0.00   0.463
  SC_1230                   10.00       0.00       0.00       3.00       2.61       0.00       2.61        0.08     0.05   0.261
  SC_1231                   10.00       0.00       0.00       3.00       4.67       0.00       4.67        0.01     0.00   0.467
  SC_1232                   10.00       0.00       0.00       3.43       3.62       0.00       3.62        0.02     0.01   0.362
  SC_1233                   10.00       0.00       0.00       3.02       2.80       0.00       2.80        0.07     0.04   0.280
  SC_1234                   10.00       0.00       0.00       3.00       4.86       0.00       4.86        0.01     0.00   0.486
  SC_1235                   10.00       0.00       0.00       3.00       4.78       0.00       4.78        0.01     0.00   0.478
  SC_1236                   10.00       0.00       0.00       3.00       3.09       0.00       3.09        0.08     0.05   0.309
  SC_1237                   10.00       0.00       0.00       3.00       4.33       0.00       4.33        0.01     0.01   0.433
  SC_1238                   10.00       0.00       0.00       3.00       3.62       0.00       3.62        0.03     0.02   0.362
  SC_1239                   10.00       0.00       0.00       3.00       4.49       0.00       4.49        0.01     0.00   0.449
  SC_1240                   10.00       0.00       0.00       3.00       4.02       0.00       4.02        0.02     0.01   0.402
  SC_1241                   10.00       0.00       0.00       3.00       3.46       0.00       3.46        0.03     0.02   0.346
  SC_1242                   10.00       0.00       0.00       3.00       4.63       0.00       4.63        0.01     0.00   0.463
  SC_1243                   10.00       0.00       0.00       3.00       4.19       0.00       4.19        0.01     0.01   0.419
  SC_1244                   10.00       0.00       0.00       3.00       4.86       0.00       4.86        0.00     0.00   0.486
  SC_1245                   10.00       0.00       0.00       3.52       1.48       0.00       1.48        0.25     0.15   0.148
  SC_1246                   10.00       0.00       0.00       3.00       4.50       0.00       4.50        0.01     0.00   0.450
  SC_1247                   10.00       0.00       0.00       3.00       4.91       0.00       4.91        0.00     0.00   0.491
  SC_1248                   10.00       0.00       0.00       3.00       4.24       0.00       4.24        0.01     0.01   0.424
  SC_1249                   10.00       0.00       0.00       3.00       4.38       0.00       4.38        0.01     0.01   0.438
  SC_1250                   10.00       0.00       0.00       4.18       1.72       0.00       1.72        0.22     0.13   0.172
  SC_1251                   10.00       0.00       0.00       3.00       4.21       0.00       4.21        0.01     0.01   0.421
  SC_1252                   10.00       0.00       0.00       5.78       2.42       0.00       2.42        0.05     0.03   0.242
  SC_1253                   10.00       0.00       0.00       3.00       4.14       0.00       4.14        0.01     0.01   0.414
  SC_1254                   10.00       0.00       0.00       5.74       2.27       0.00       2.27        0.07     0.04   0.227
  SC_1255                   10.00       0.00       0.00       3.00       3.89       0.00       3.89        0.02     0.01   0.389
  SC_1256                   10.00       0.00       0.00       5.22       3.03       0.00       3.03        0.03     0.02   0.303
  SC_1257                   10.00       0.00       0.00       5.10       2.80       0.00       2.80        0.05     0.03   0.280
  SC_1258                   10.00       0.00       0.00       3.21       3.75       0.00       3.75        0.02     0.01   0.375
  SC_1259                   10.00       0.00       0.00       3.63       3.53       0.00       3.53        0.02     0.01   0.354
  SC_1260                   10.00       0.00       0.00       3.42       4.10       0.00       4.10        0.03     0.01   0.411
  SC_1261                   10.00       0.00       0.00       3.57       4.06       0.00       4.06        0.02     0.01   0.406
  SC_1262                   10.00       0.00       0.00       3.95       3.12       0.00       3.12        0.07     0.04   0.312
  SC_1263                   10.00       0.00       0.00       3.76       3.47       0.00       3.47        0.03     0.01   0.347
  SC_1264                   10.00       0.00       0.00       3.52       1.02       0.00       1.02        0.37     0.24   0.102
  SC_1265                   10.00       0.00       0.00       3.99       3.59       0.00       3.59        0.02     0.01   0.359
  SC_1266                   10.00       0.00       0.00       3.89       3.43       0.00       3.43        0.03     0.02   0.343
  SC_1267                   10.00       0.00       0.00       4.08       3.57       0.00       3.57        0.02     0.01   0.357
  SC_1268                   10.00       0.00       0.00       4.10       3.65       0.00       3.65        0.02     0.01   0.365
  SC_1269                   10.00       0.00       0.00       4.09       2.96       0.00       2.96        0.06     0.03   0.296
  SC_1270                   10.00       0.00       0.00       3.95       3.07       0.00       3.07        0.05     0.03   0.307
  SC_1271                   10.00       0.00       0.00       4.09       3.36       0.00       3.36        0.04     0.02   0.337
  SC_1272                   10.00       0.00       0.00       4.70       2.64       0.00       2.64        0.05     0.03   0.264
  SC_1273                   10.00       0.00       0.00       3.96       3.45       0.00       3.45        0.03     0.02   0.345
  SC_1274                   10.00       0.00       0.00       3.74       3.78       0.00       3.78        0.02     0.01   0.378
  SC_1275                   10.00       0.00       0.00       4.05       3.56       0.00       3.56        0.02     0.01   0.356
  SC_1276                   10.00       0.00       0.00       5.43       3.29       0.00       3.29        0.01     0.01   0.329
  SC_1277                   10.00       0.00       0.00       5.61       3.16       0.00       3.16        0.02     0.01   0.316
  SC_1278                   10.00       0.00       0.00       3.60       3.87       0.00       3.87        0.02     0.01   0.387
  SC_1279                   10.00       0.00       0.00       5.00       2.99       0.00       2.99        0.04     0.02   0.299
  SC_1280                   10.00       0.00       0.00       4.14       3.40       0.00       3.40        0.04     0.02   0.340
  SC_1281                   10.00       0.00       0.00       5.26       2.42       0.00       2.42        0.08     0.05   0.242
  SC_1282                   10.00       0.00       0.00       3.93       3.12       0.00       3.12        0.05     0.03   0.312
  SC_1283                   10.00       0.00       0.00       5.58       2.20       0.00       2.20        0.10     0.06   0.220
  SC_1284                   10.00       0.00       0.00       4.07       3.03       0.00       3.03        0.06     0.03   0.303
  SC_1285                   10.00       0.00       0.00       5.69       2.23       0.00       2.23        0.08     0.05   0.223
  SC_1286                   10.00       0.00       0.00       5.53       1.84       0.00       1.84        0.15     0.09   0.184
  SC_1287                   10.00       0.00       0.00       3.96       3.04       0.00       3.04        0.05     0.03   0.304
  SC_1288                   10.00       0.00       0.00       4.27       2.81       0.00       2.81        0.07     0.04   0.281
  SC_1289                   10.00       0.00       0.00       4.80       1.88       0.00       1.88        0.18     0.10   0.188
  SC_1290                   10.00       0.00       0.00       3.91       3.10       0.00       3.10        0.05     0.03   0.310
  SC_1291                   10.00       0.00       0.00       4.41       1.69       0.00       1.69        0.24     0.14   0.169
  SC_1292                   10.00       0.00       0.00       3.92       2.93       0.00       2.93        0.06     0.03   0.293
  SC_1293                   10.00       0.00       0.00       3.94       2.92       0.00       2.92        0.06     0.03   0.292
  SC_1294                   10.00       0.00       0.00       3.92       3.12       0.00       3.12        0.05     0.03   0.312
  SC_1295                   10.00       0.00       0.00       4.01       3.02       0.00       3.02        0.05     0.03   0.302
  SC_1296                   10.00       0.00       0.00       4.12       2.75       0.00       2.75        0.06     0.04   0.275
  SC_1297                   10.00       0.00       0.00       4.32       2.52       0.00       2.52        0.08     0.04   0.252
  SC_1298                   10.00       0.00       0.00       4.50       2.53       0.00       2.53        0.07     0.04   0.253
  SC_1299                   10.00       0.00       0.00       4.57       2.63       0.00       2.63        0.06     0.03   0.263
  SC_1300                   10.00       0.00       0.00       4.58       2.82       0.00       2.82        0.04     0.03   0.282
  SC_1301                   10.00       0.00       0.00       4.58       2.96       0.00       2.96        0.04     0.02   0.296
  SC_1302                   10.00       0.00       0.00       4.59       2.92       0.00       2.92        0.04     0.02   0.292
  SC_1303                   10.00       0.00       0.00       4.59       2.80       0.00       2.80        0.04     0.03   0.280
  SC_1304                   10.00       0.00       0.00       4.61       2.94       0.00       2.94        0.04     0.02   0.294
  SC_1305                   10.00       0.00       0.00       4.63       2.87       0.00       2.87        0.04     0.02   0.287
  SC_1306                   10.00       0.00       0.00       4.66       2.75       0.00       2.75        0.05     0.03   0.275
  SC_1307                   10.00       0.00       0.00       4.68       2.63       0.00       2.63        0.05     0.03   0.263
  SC_1308                   10.00       0.00       0.00       4.73       2.62       0.00       2.62        0.05     0.03   0.262
  SC_1309                   10.00       0.00       0.00       4.73       2.59       0.00       2.59        0.05     0.03   0.259
  SC_1310                   10.00       0.00       0.00       4.73       2.51       0.00       2.51        0.06     0.03   0.251
  SC_1311                   10.00       0.00       0.00       4.72       2.43       0.00       2.43        0.06     0.03   0.243
  SC_1312                   10.00       0.00       0.00       4.71       2.64       0.00       2.64        0.05     0.03   0.264
  SC_1313                   10.00       0.00       0.00       4.70       2.91       0.00       2.91        0.03     0.02   0.291
  SC_1314                   10.00       0.00       0.00       4.53       3.19       0.00       3.19        0.03     0.02   0.319
  SC_1315                   10.00       0.00       0.00       4.69       3.09       0.00       3.09        0.02     0.01   0.309
  SC_1316                   10.00       0.00       0.00       4.69       3.10       0.00       3.10        0.02     0.01   0.310
  SC_1317                   10.00       0.00       0.00       4.68       2.91       0.00       2.91        0.03     0.02   0.291
  SC_1318                   10.00       0.00       0.00       4.68       2.96       0.00       2.96        0.03     0.02   0.296
  SC_1319                   10.00       0.00       0.00       4.67       3.17       0.00       3.17        0.02     0.01   0.317
  SC_1320                   10.00       0.00       0.00       4.67       3.13       0.00       3.13        0.02     0.01   0.314
  SC_1321                   10.00       0.00       0.00       4.66       2.96       0.00       2.96        0.03     0.02   0.296
  SC_1322                   10.00       0.00       0.00       4.65       2.80       0.00       2.80        0.04     0.02   0.280
  SC_1323                   10.00       0.00       0.00       4.66       2.95       0.00       2.95        0.03     0.02   0.295
  SC_1324                   10.00       0.00       0.00       4.68       3.18       0.00       3.18        0.02     0.01   0.318
  SC_1325                   10.00       0.00       0.00       4.69       3.14       0.00       3.14        0.02     0.01   0.314
  SC_1326                   10.00       0.00       0.00       4.69       3.16       0.00       3.16        0.02     0.01   0.316
  SC_1327                   10.00       0.00       0.00       4.70       3.15       0.00       3.15        0.02     0.01   0.315
  SC_1328                   10.00       0.00       0.00       4.69       2.99       0.00       2.99        0.03     0.02   0.299
  SC_1329                   10.00       0.00       0.00       4.69       3.00       0.00       3.00        0.03     0.02   0.300
  SC_1330                   10.00       0.00       0.00       4.69       3.20       0.00       3.20        0.02     0.01   0.320
  SC_1331                   10.00       0.00       0.00       4.69       3.23       0.00       3.23        0.02     0.01   0.323
  SC_1332                   10.00       0.00       0.00       4.69       3.00       0.00       3.00        0.03     0.02   0.300
  SC_1333                   10.00       0.00       0.00       4.67       2.89       0.00       2.89        0.03     0.02   0.289
  SC_1334                   10.00       0.00       0.00       4.68       3.04       0.00       3.04        0.03     0.02   0.304
  SC_1335                   10.00       0.00       0.00       4.68       3.24       0.00       3.24        0.02     0.01   0.324
  SC_1336                   10.00       0.00       0.00       4.67       3.25       0.00       3.25        0.02     0.01   0.325
  SC_1337                   10.00       0.00       0.00       4.66       3.04       0.00       3.04        0.03     0.02   0.304
  SC_1338                   10.00       0.00       0.00       4.65       2.95       0.00       2.95        0.03     0.02   0.295
  SC_1339                   10.00       0.00       0.00       4.63       3.11       0.00       3.11        0.03     0.02   0.312
  SC_1340                   10.00       0.00       0.00       4.59       3.34       0.00       3.34        0.02     0.01   0.334
  SC_1341                   10.00       0.00       0.00       4.57       3.36       0.00       3.36        0.02     0.01   0.336
  SC_1342                   10.00       0.00       0.00       4.47       3.10       0.00       3.10        0.03     0.02   0.310
  SC_1343                   10.00       0.00       0.00       4.41       3.27       0.00       3.27        0.03     0.02   0.327
  SC_1344                   10.00       0.00       0.00       4.34       3.28       0.00       3.28        0.03     0.02   0.328
  SC_1345                   10.00       0.00       0.00       4.27       3.21       0.00       3.21        0.03     0.02   0.321
  SC_1346                   10.00       0.00       0.00       4.22       3.42       0.00       3.42        0.03     0.01   0.342
  SC_1347                   10.00       0.00       0.00       4.17       3.60       0.00       3.60        0.02     0.01   0.360
  SC_1348                   10.00       0.00       0.00       4.19       3.61       0.00       3.61        0.02     0.01   0.361
  SC_1349                   10.00       0.00       0.00       4.13       3.42       0.00       3.42        0.03     0.02   0.342
  SC_1350                   10.00       0.00       0.00       4.08       3.33       0.00       3.33        0.03     0.02   0.333
  SC_1351                   10.00       0.00       0.00       4.03       3.52       0.00       3.52        0.03     0.01   0.352
  SC_1352                   10.00       0.00       0.00       4.00       3.79       0.00       3.79        0.02     0.01   0.379
  SC_1353                   10.00       0.00       0.00       3.98       3.80       0.00       3.80        0.02     0.01   0.380
  SC_1354                   10.00       0.00       0.00       3.96       3.59       0.00       3.59        0.03     0.01   0.359
  SC_1355                   10.00       0.00       0.00       3.92       3.64       0.00       3.64        0.02     0.01   0.364
  SC_1356                   10.00       0.00       0.00       3.90       3.88       0.00       3.88        0.02     0.01   0.388
  SC_1357                   10.00       0.00       0.00       3.88       3.81       0.00       3.81        0.02     0.01   0.381
  SC_1358                   10.00       0.00       0.00       3.87       3.61       0.00       3.61        0.03     0.02   0.361
  SC_1359                   10.00       0.00       0.00       3.84       3.54       0.00       3.54        0.03     0.02   0.354
  SC_1360                   10.00       0.00       0.00       3.80       3.71       0.00       3.71        0.02     0.01   0.371
  SC_1361                   10.00       0.00       0.00       3.76       3.70       0.00       3.70        0.03     0.01   0.370
  SC_1362                   10.00       0.00       0.00       3.76       3.56       0.00       3.56        0.03     0.02   0.356
  SC_1363                   10.00       0.00       0.00       3.76       3.58       0.00       3.58        0.03     0.02   0.358
  SC_1364                   10.00       0.00       0.00       3.72       3.74       0.00       3.74        0.03     0.01   0.374
  SC_1365                   10.00       0.00       0.00       3.68       3.77       0.00       3.77        0.03     0.01   0.377
  SC_1366                   10.00       0.00       0.00       3.64       3.67       0.00       3.67        0.03     0.02   0.367
  SC_1367                   10.00       0.00       0.00       3.58       3.82       0.00       3.82        0.02     0.01   0.382
  SC_1368                   10.00       0.00       0.00       3.50       2.20       0.00       2.20        0.14     0.08   0.220
  SC_1369                   10.00       0.00       0.00       3.27       1.07       0.00       1.07        0.37     0.24   0.107
  
  
  ******************
  Node Depth Summary
  ******************
  
  ---------------------------------------------------------------------------------
                                 Average  Maximum  Maximum  Time of Max    Reported
                                   Depth    Depth      HGL   Occurrence   Max Depth
  Node                 Type       Meters   Meters   Meters  days hr:min      Meters
  ---------------------------------------------------------------------------------
  I-0                  JUNCTION     0.18     0.23    41.57     0  00:51        0.22
  I-1                  JUNCTION     0.28     0.37    32.81     0  00:53        0.36
  I-2                  JUNCTION     0.95     1.20    17.61     0  00:34        1.20
  I-3                  JUNCTION     0.97     1.20    26.26     0  00:33        1.19
  I-4                  JUNCTION     0.95     1.20    17.30     0  00:35        1.20
  I-5                  JUNCTION     0.13     0.18    15.11     0  00:57        0.18
  I-6                  JUNCTION     0.06     0.07    18.66     0  00:53        0.07
  I-7                  JUNCTION     0.17     0.21     8.48     0  00:55        0.21
  I-8                  JUNCTION     0.39     0.50     7.27     0  00:50        0.48
  I-9                  JUNCTION     0.12     0.16    18.61     0  00:52        0.15
  I-10                 JUNCTION     1.04     1.20    28.78     0  00:29        1.20
  I-11                 JUNCTION     0.30     0.44    23.89     0  00:59        0.44
  I-12                 JUNCTION     0.52     0.88    31.53     0  01:00        0.88
  I-13                 JUNCTION     0.15     0.21     6.58     0  00:58        0.21
  I-14                 JUNCTION     0.12     0.16    22.52     0  00:55        0.16
  I-15                 JUNCTION     0.19     0.27    12.03     0  00:57        0.27
  I-16                 JUNCTION     0.12     0.15    12.39     0  00:55        0.15
  I-17                 JUNCTION     0.22     0.29     5.94     0  00:51        0.27
  I-20                 JUNCTION     0.97     1.20    23.59     0  00:34        1.20
  I-21                 JUNCTION     0.19     0.28    24.73     0  01:00        0.28
  I-22                 JUNCTION     0.27     0.40     5.33     0  00:57        0.39
  I-23                 JUNCTION     0.06     0.08    22.14     0  00:51        0.08
  I-24                 JUNCTION     0.04     0.08     7.24     0  00:52        0.08
  I-26                 JUNCTION     0.28     0.44    27.95     0  01:00        0.44
  I-27                 JUNCTION     0.24     0.41     4.30     0  01:00        0.41
  I-28                 JUNCTION     0.98     1.20    24.32     0  00:34        1.20
  I-29                 JUNCTION     0.17     0.21    17.61     0  00:47        0.20
  I-30                 JUNCTION     0.45     0.86     4.14     0  01:00        0.86
  I-31                 JUNCTION     0.09     0.14     6.58     0  00:54        0.13
  I-32                 JUNCTION     0.27     0.46     4.12     0  00:59        0.46
  I-33                 JUNCTION     0.23     0.29    13.57     0  00:50        0.29
  I-34                 JUNCTION     0.17     0.29    30.74     0  01:00        0.29
  I-35                 JUNCTION     0.06     0.08    23.49     0  00:50        0.08
  I-36                 JUNCTION     0.71     1.20    22.24     0  00:49        1.20
  I-37                 JUNCTION     0.02     0.03     4.42     0  00:45        0.03
  I-38                 JUNCTION     0.12     0.19    30.39     0  01:00        0.19
  I-39                 JUNCTION     0.06     0.11    24.43     0  00:38        0.07
  I-40                 JUNCTION     0.35     0.76     4.27     0  01:00        0.76
  I-41                 JUNCTION     0.07     0.09    19.15     0  00:51        0.08
  I-42                 JUNCTION     0.49     1.20     4.32     0  00:47        0.80
  I-43                 JUNCTION     0.11     0.14    16.95     0  00:54        0.14
  I-44                 JUNCTION     0.17     0.25    28.21     0  01:00        0.25
  I-45                 JUNCTION     0.53     1.20     4.27     0  00:47        0.83
  I-46                 JUNCTION     0.43     0.51    22.49     0  00:46        0.51
  I-47                 JUNCTION     0.20     0.28     7.43     0  00:53        0.27
  I-48                 JUNCTION     0.44     0.67     3.63     0  01:00        0.67
  I-49                 JUNCTION     0.41     0.77     4.26     0  01:00        0.77
  I-50                 JUNCTION     0.25     0.43    22.68     0  01:00        0.43
  I-51                 JUNCTION     0.28     0.41     8.44     0  00:52        0.37
  I-52                 JUNCTION     0.37     0.61     3.53     0  01:00        0.61
  I-53                 JUNCTION     0.06     0.07     8.63     0  00:50        0.07
  I-54                 JUNCTION     0.14     0.19    23.84     0  00:57        0.19
  I-55                 JUNCTION     0.31     0.46     6.18     0  00:53        0.42
  I-56                 JUNCTION     0.36     0.59     3.49     0  01:00        0.59
  I-57                 JUNCTION     0.24     0.36     5.70     0  00:54        0.34
  I-58                 JUNCTION     0.06     0.07    10.56     0  00:50        0.07
  I-59                 JUNCTION     0.13     0.34     4.06     0  01:00        0.34
  I-60                 JUNCTION     0.15     0.20    12.94     0  00:52        0.19
  I-61                 JUNCTION     0.21     0.29    24.43     0  00:59        0.29
  I-63                 JUNCTION     0.34     0.52     4.43     0  00:56        0.51
  I-64                 JUNCTION     0.11     0.20     3.64     0  00:58        0.19
  I-65                 JUNCTION     0.06     0.08     6.97     0  00:51        0.07
  I-66                 JUNCTION     0.31     0.42    13.71     0  00:44        0.42
  I-67                 JUNCTION     0.15     0.23     4.06     0  00:56        0.23
  I-68                 JUNCTION     0.39     0.53     3.59     0  00:55        0.52
  I-69                 JUNCTION     0.25     0.47     3.23     0  01:00        0.47
  I-71                 JUNCTION     0.18     0.25    21.83     0  00:57        0.25
  I-72                 JUNCTION     0.29     0.41     3.59     0  00:55        0.41
  I-73                 JUNCTION     0.05     0.06     3.40     0  00:46        0.06
  I-74                 JUNCTION     0.10     0.13     3.66     0  00:55        0.13
  I-75                 JUNCTION     0.16     0.45     3.61     0  01:00        0.45
  I-76                 JUNCTION     0.10     0.15     3.89     0  00:57        0.15
  I-77                 JUNCTION     0.40     0.74     3.61     0  01:00        0.74
  I-78                 JUNCTION     0.25     0.34     4.00     0  00:57        0.34
  I-79                 JUNCTION     0.07     0.10     5.99     0  00:56        0.10
  I-80                 JUNCTION     0.20     0.26    12.76     0  00:50        0.25
  I-81                 JUNCTION     0.18     0.24    25.25     0  00:56        0.24
  I-82                 JUNCTION     0.39     0.73     3.66     0  01:00        0.73
  I-83                 JUNCTION     0.33     0.50    16.21     0  00:59        0.50
  I-84                 JUNCTION     0.16     0.22     4.80     0  00:56        0.22
  I-85                 JUNCTION     0.14     0.20     4.53     0  00:57        0.19
  I-86                 JUNCTION     0.09     0.13     5.03     0  00:56        0.13
  I-87                 JUNCTION     0.90     1.20     9.86     0  00:37        1.20
  I-88                 JUNCTION     0.14     0.20     6.36     0  00:57        0.20
  I-89                 JUNCTION     0.71     1.04     3.73     0  01:00        1.04
  I-90                 JUNCTION     0.10     0.15     4.44     0  00:58        0.15
  I-91                 JUNCTION     0.08     0.12     4.94     0  00:59        0.12
  I-92                 JUNCTION     0.13     0.19    10.27     0  00:56        0.19
  I-93                 JUNCTION     0.09     0.12     4.50     0  00:52        0.12
  I-94                 JUNCTION     0.12     0.16     4.59     0  00:52        0.15
  I-95                 JUNCTION     0.12     0.18     9.83     0  00:47        0.17
  I-96                 JUNCTION     0.08     0.11     8.73     0  00:59        0.11
  I-97                 JUNCTION     0.10     0.14    12.34     0  00:49        0.13
  I-98                 JUNCTION     0.34     0.55    12.45     0  00:40        0.47
  I-99                 JUNCTION     0.22     0.35     9.03     0  01:00        0.35
  I-100                JUNCTION     0.05     0.06    13.48     0  00:45        0.06
  I-101                JUNCTION     0.20     0.31     9.67     0  00:59        0.31
  I-102                JUNCTION     0.72     1.20    13.22     0  00:42        1.11
  I-103                JUNCTION     0.18     0.24    15.65     0  00:55        0.23
  I-104                JUNCTION     0.17     0.25     6.70     0  00:53        0.25
  I-105                JUNCTION     0.14     0.17    13.45     0  00:46        0.17
  I-106                JUNCTION     1.21     2.00    13.44     0  00:47        1.99
  I-107                JUNCTION     0.22     0.32    10.13     0  00:56        0.32
  I-108                JUNCTION     1.23     2.00    13.42     0  00:47        2.00
  I-109                JUNCTION     0.20     0.26    10.02     0  00:55        0.25
  I-110                JUNCTION     0.27     0.54     7.55     0  01:00        0.54
  I-111                JUNCTION     0.98     1.20     9.68     0  00:33        1.20
  I-112                JUNCTION     0.14     0.17    12.14     0  00:47        0.17
  I-113                JUNCTION     0.12     0.14    14.57     0  00:45        0.14
  I-114                JUNCTION     0.35     0.78     4.00     0  01:00        0.78
  I-115                JUNCTION     0.43     0.88     3.98     0  01:00        0.88
  I-117                JUNCTION     0.89     1.20     1.46     0  00:41        1.20
  I-118                JUNCTION     0.82     1.19     6.38     0  00:35        1.08
  I-119                JUNCTION     0.91     1.20    10.03     0  00:36        1.20
  I-120                JUNCTION     0.59     0.95     3.37     0  00:59        0.95
  I-121                JUNCTION     1.09     1.20     8.87     0  00:30        1.20
  I-122                JUNCTION     1.02     1.20     3.88     0  00:32        1.20
  I-123                JUNCTION     0.99     1.20     7.32     0  00:33        1.20
  I-124                JUNCTION     0.35     0.49     9.33     0  00:51        0.44
  I-125                JUNCTION     0.15     0.21     8.40     0  00:52        0.19
  I-126                JUNCTION     0.16     0.24     3.65     0  01:00        0.24
  I-127                JUNCTION     0.68     1.20     7.26     0  00:48        1.20
  I-128                JUNCTION     0.08     0.10    22.86     0  00:50        0.09
  I-129                JUNCTION     0.60     1.20    28.20     0  00:40        0.86
  I-130                JUNCTION     0.14     0.19    26.11     0  00:59        0.19
  I-131                JUNCTION     0.33     1.20    24.76     0  00:59        0.72
  I-132                JUNCTION     0.83     1.20    23.65     0  00:39        1.20
  I-133                JUNCTION     0.11     0.14    28.14     0  00:55        0.13
  I-134                JUNCTION     0.19     0.24    18.15     0  00:55        0.23
  I-135                JUNCTION     0.89     1.20    19.12     0  00:40        1.20
  I-136                JUNCTION     0.06     0.08    23.58     0  00:55        0.07
  I-137                JUNCTION     0.09     0.12    23.44     0  00:54        0.12
  I-138                JUNCTION     0.76     1.20     4.09     0  00:36        1.11
  I-139                JUNCTION     0.85     1.20     3.96     0  00:43        1.20
  I-140                JUNCTION     0.12     0.19     3.92     0  00:50        0.19
  I-141                JUNCTION     0.48     0.83     3.34     0  01:00        0.83
  I-142                JUNCTION     0.74     1.20     4.16     0  00:36        0.98
  I-143                JUNCTION     0.48     0.86     4.06     0  00:59        0.85
  ISD-1                JUNCTION     0.05     0.05     4.28     0  00:45        0.05
  ISD-2                JUNCTION     0.07     0.08     4.19     0  00:45        0.08
  ISD-3                JUNCTION     0.07     0.08     4.04     0  00:45        0.08
  ISD-4                JUNCTION     0.12     0.25     4.01     0  00:54        0.19
  ISD-5                JUNCTION     0.24     0.45     4.01     0  00:56        0.37
  ISD-6                JUNCTION     0.44     0.74     4.01     0  00:59        0.68
  ISD-7                JUNCTION     0.52     0.84     4.00     0  00:51        0.76
  ISD-8                JUNCTION     0.63     0.98     4.01     0  00:59        0.88
  ISD-9                JUNCTION     0.78     1.18     4.03     0  00:59        1.10
  ISD-10               JUNCTION     0.89     1.20     3.93     0  00:43        1.20
  ISD-11               JUNCTION     0.86     1.20     3.97     0  00:44        1.16
  ISD-12               JUNCTION     0.85     1.17     3.95     0  00:47        1.16
  ISD-13               JUNCTION     0.82     1.15     3.96     0  00:43        1.14
  ISD-14               JUNCTION     0.88     1.20     3.95     0  00:43        1.20
  ISD-15               JUNCTION     0.72     1.04     3.97     0  00:44        1.02
  ISD-16               JUNCTION     0.76     1.09     3.98     0  00:48        1.06
  ISD-17               JUNCTION     0.66     0.99     3.99     0  00:47        0.96
  ISD-18               JUNCTION     0.63     0.96     4.00     0  00:50        0.92
  ISD-19               JUNCTION     0.65     0.97     3.99     0  00:50        0.94
  ISD-20               JUNCTION     0.57     0.90     4.01     0  00:48        0.86
  ISD-21               JUNCTION     0.55     0.87     4.01     0  00:50        0.81
  ISD-22               JUNCTION     0.49     0.77     3.99     0  00:48        0.75
  ISD-23               JUNCTION     0.60     0.90     4.01     0  00:50        0.86
  ISD-24               JUNCTION     0.49     0.78     4.01     0  00:48        0.76
  ISD-25               JUNCTION     0.63     0.93     4.01     0  00:50        0.89
  ISD-26               JUNCTION     0.51     0.81     4.02     0  00:50        0.78
  ISD-27               JUNCTION     0.49     0.78     4.02     0  00:50        0.74
  ISD-28               JUNCTION     0.53     0.83     4.04     0  00:50        0.78
  ISD-29               JUNCTION     0.57     0.88     4.05     0  00:50        0.82
  ISD-30               JUNCTION     0.57     0.89     4.06     0  00:49        0.82
  ISD-31               JUNCTION     0.56     0.88     4.06     0  00:50        0.82
  ISD-32               JUNCTION     0.53     0.84     4.06     0  00:49        0.79
  ISD-33               JUNCTION     0.54     0.86     4.07     0  00:49        0.78
  ISD-34               JUNCTION     0.53     0.86     4.08     0  00:49        0.78
  ISD-35               JUNCTION     0.53     0.85     4.08     0  00:49        0.77
  ISD-36               JUNCTION     0.54     0.90     4.13     0  00:49        0.80
  ISD-37               JUNCTION     0.58     0.93     4.12     0  00:49        0.82
  ISD-38               JUNCTION     0.54     0.89     4.12     0  00:49        0.79
  ISD-39               JUNCTION     0.58     0.93     4.12     0  00:49        0.84
  ISD-40               JUNCTION     0.60     0.95     4.12     0  00:49        0.86
  ISD-41               JUNCTION     0.62     0.97     4.12     0  00:49        0.88
  ISD-42               JUNCTION     0.66     1.03     4.13     0  00:49        0.93
  ISD-43               JUNCTION     0.75     1.11     4.12     0  00:49        1.01
  ISD-44               JUNCTION     0.72     1.08     4.12     0  00:49        0.97
  ISD-45               JUNCTION     0.70     1.07     4.13     0  00:49        0.95
  ISD-46               JUNCTION     0.64     1.00     4.13     0  00:49        0.87
  ISD-47               JUNCTION     0.59     0.95     4.13     0  00:50        0.84
  ISD-48               JUNCTION     0.60     0.97     4.15     0  00:50        0.86
  ISD-49               JUNCTION     0.62     0.98     4.16     0  00:50        0.87
  ISD-50               JUNCTION     0.63     1.00     4.17     0  00:50        0.89
  ISD-51               JUNCTION     0.64     1.01     4.17     0  00:49        0.88
  ISD-52               JUNCTION     0.59     0.97     4.18     0  00:50        0.84
  ISD-53               JUNCTION     0.66     1.03     4.17     0  00:49        0.90
  ISD-54               JUNCTION     0.65     1.02     4.17     0  00:49        0.90
  ISD-55               JUNCTION     0.70     1.08     4.17     0  00:49        0.97
  ISD-56               JUNCTION     0.74     1.12     4.17     0  00:49        1.00
  ISD-57               JUNCTION     0.77     1.15     4.17     0  00:49        1.02
  ISD-58               JUNCTION     0.73     1.11     4.17     0  00:48        1.00
  ISD-59               JUNCTION     0.72     1.11     4.19     0  00:48        0.96
  ISD-60               JUNCTION     0.68     1.06     4.18     0  00:51        0.94
  ISD-61               JUNCTION     0.65     1.02     4.17     0  00:48        0.91
  ISD-62               JUNCTION     0.58     0.95     4.18     0  00:48        0.82
  ISD-63               JUNCTION     0.52     0.89     4.19     0  00:50        0.75
  ISD-64               JUNCTION     0.40     0.73     4.18     0  00:48        0.60
  ISD-65               JUNCTION     0.36     0.64     4.16     0  00:51        0.53
  ISD-66               JUNCTION     0.08     0.09     6.25     0  00:46        0.09
  ISD-67               JUNCTION     0.04     0.05     8.56     0  00:42        0.05
  ISD-68               JUNCTION     0.01     0.01    13.07     0  00:35        0.01
  ISD-69               JUNCTION     0.29     0.39     7.26     0  00:50        0.38
  ISD-70               JUNCTION     0.31     0.41     7.27     0  00:50        0.39
  ISD-71               JUNCTION     0.02     0.03    11.15     0  00:40        0.03
  ISD-72               JUNCTION     0.02     0.02    12.23     0  00:40        0.02
  ISD-73               JUNCTION     0.03     0.04    10.76     0  00:40        0.04
  ISD-74               JUNCTION     0.04     0.05     9.88     0  00:40        0.05
  ISD-75               JUNCTION     0.51     0.67     9.85     0  00:34        0.65
  ISD-76               JUNCTION     0.84     1.08     9.88     0  00:33        1.02
  ISD-77               JUNCTION     1.01     1.20     9.81     0  00:33        1.20
  ISD-78               JUNCTION     1.01     1.20     9.84     0  00:34        1.20
  ISD-79               JUNCTION     0.99     1.20     9.87     0  00:34        1.19
  ISD-80               JUNCTION     0.96     1.20     9.92     0  00:34        1.16
  ISD-81               JUNCTION     0.86     1.20    10.05     0  00:34        1.04
  ISD-82               JUNCTION     0.74     1.04    10.04     0  00:35        0.91
  ISD-83               JUNCTION     0.79     1.20    10.17     0  00:41        0.96
  ISD-84               JUNCTION     0.72     1.20    10.25     0  00:39        0.89
  ISD-85               JUNCTION     0.50     0.71    10.00     0  00:56        0.61
  ISD-86               JUNCTION     0.41     0.60    10.01     0  00:35        0.50
  ISD-87               JUNCTION     0.37     0.53    10.02     0  00:35        0.46
  ISD-88               JUNCTION     0.35     0.51    10.08     0  00:56        0.45
  ISD-89               JUNCTION     0.32     0.47    10.16     0  00:55        0.43
  ISD-90               JUNCTION     0.38     0.54    10.26     0  00:56        0.53
  ISD-91               JUNCTION     0.31     0.47    10.40     0  00:58        0.42
  ISD-92               JUNCTION     0.31     0.46    10.47     0  00:55        0.40
  ISD-93               JUNCTION     0.29     0.43    10.56     0  00:52        0.40
  ISD-94               JUNCTION     0.39     0.57    10.71     0  00:54        0.49
  ISD-95               JUNCTION     0.39     0.55    10.73     0  00:55        0.51
  ISD-96               JUNCTION     0.39     0.54    10.75     0  00:55        0.51
  ISD-97               JUNCTION     0.34     0.48    10.77     0  00:55        0.46
  ISD-98               JUNCTION     0.28     0.40    10.83     0  00:55        0.39
  ISD-99               JUNCTION     0.27     0.38    10.91     0  00:55        0.37
  ISD-100              JUNCTION     0.28     0.39    11.00     0  00:56        0.38
  ISD-101              JUNCTION     0.28     0.38    11.06     0  00:56        0.38
  ISD-102              JUNCTION     0.31     0.42    11.16     0  00:56        0.42
  ISD-103              JUNCTION     0.31     0.43    11.20     0  00:56        0.42
  ISD-104              JUNCTION     0.30     0.42    11.24     0  00:56        0.42
  ISD-105              JUNCTION     0.30     0.42    11.28     0  00:57        0.41
  ISD-106              JUNCTION     0.29     0.41    11.32     0  00:57        0.41
  ISD-107              JUNCTION     0.30     0.43    11.39     0  00:57        0.43
  ISD-108              JUNCTION     0.30     0.44    11.42     0  00:58        0.44
  ISD-109              JUNCTION     0.31     0.46    11.45     0  00:58        0.46
  ISD-110              JUNCTION     0.41     0.78     4.23     0  00:38        0.61
  ISD-111              JUNCTION     0.28     0.48     4.11     0  00:39        0.42
  ISD-112              JUNCTION     0.51     1.02     4.33     0  00:38        0.75
  ISD-113              JUNCTION     0.63     1.14     4.30     0  00:38        0.90
  ISD-114              JUNCTION     0.71     1.19     4.26     0  00:38        0.99
  ISD-115              JUNCTION     0.82     1.17     4.11     0  00:39        1.13
  ISD-116              JUNCTION     0.89     1.20     4.07     0  00:38        1.20
  ISD-117              JUNCTION     0.88     1.20     4.09     0  00:38        1.19
  ISD-118              JUNCTION     0.87     1.20     4.11     0  00:38        1.19
  ISD-119              JUNCTION     0.85     1.19     4.13     0  00:38        1.17
  ISD-120              JUNCTION     0.85     1.19     4.14     0  00:38        1.18
  ISD-121              JUNCTION     0.84     1.18     4.15     0  00:38        1.17
  ISD-122              JUNCTION     0.88     1.20     4.14     0  00:38        1.20
  ISD-123              JUNCTION     0.82     1.17     4.20     0  00:38        1.14
  ISD-124              JUNCTION     0.85     1.20     4.22     0  00:37        1.17
  ISD-125              JUNCTION     0.80     1.20     4.30     0  00:38        1.13
  ISD-126              JUNCTION     0.79     1.18     4.31     0  00:38        1.11
  ISD-127              JUNCTION     0.76     1.15     4.33     0  00:38        1.08
  ISD-128              JUNCTION     0.82     1.20     4.35     0  00:37        1.15
  ISD-129              JUNCTION     0.84     1.20     4.36     0  00:38        1.17
  ISD-130              JUNCTION     0.84     1.20     4.37     0  00:38        1.17
  ISD-131              JUNCTION     0.82     1.20     4.40     0  00:38        1.15
  ISD-132              JUNCTION     0.86     1.20     4.38     0  00:38        1.19
  ISD-133              JUNCTION     0.84     1.20     4.41     0  00:38        1.17
  ISD-134              JUNCTION     0.85     1.20     4.41     0  00:38        1.18
  ISD-135              JUNCTION     0.84     1.20     4.43     0  00:38        1.18
  ISD-136              JUNCTION     0.87     1.20     4.41     0  00:38        1.20
  ISD-137              JUNCTION     0.88     1.20     4.41     0  00:38        1.20
  ISD-138              JUNCTION     0.82     1.20     4.49     0  00:37        1.15
  ISD-139              JUNCTION     0.80     1.20     4.53     0  00:38        1.12
  ISD-140              JUNCTION     0.79     1.20     4.54     0  00:38        1.10
  ISD-141              JUNCTION     0.79     1.20     4.56     0  00:38        1.10
  ISD-142              JUNCTION     0.90     1.20     4.46     0  00:37        1.20
  ISD-143              JUNCTION     0.82     1.20     4.58     0  00:37        1.13
  ISD-144              JUNCTION     0.85     1.20     4.57     0  00:37        1.16
  ISD-145              JUNCTION     0.86     1.20     4.59     0  00:37        1.18
  ISD-146              JUNCTION     0.83     1.20     4.64     0  00:37        1.14
  ISD-147              JUNCTION     0.85     1.20     4.64     0  00:37        1.17
  ISD-148              JUNCTION     0.85     1.20     4.67     0  00:37        1.17
  ISD-149              JUNCTION     0.85     1.20     4.68     0  00:37        1.16
  ISD-150              JUNCTION     0.84     1.20     4.70     0  00:37        1.15
  ISD-151              JUNCTION     0.84     1.20     4.72     0  00:37        1.15
  ISD-152              JUNCTION     0.85     1.20     4.74     0  00:36        1.14
  ISD-153              JUNCTION     0.78     1.20     4.83     0  00:36        1.06
  ISD-154              JUNCTION     0.81     1.20     4.80     0  00:36        1.08
  ISD-155              JUNCTION     0.86     1.20     4.74     0  00:36        1.13
  ISD-156              JUNCTION     0.87     1.20     4.73     0  00:36        1.15
  ISD-157              JUNCTION     0.83     1.20     4.77     0  00:36        1.09
  ISD-158              JUNCTION     0.85     1.20     4.73     0  00:36        1.12
  ISD-159              JUNCTION     0.86     1.20     4.70     0  00:36        1.12
  ISD-160              JUNCTION     0.91     1.20     4.63     0  00:36        1.16
  ISD-161              JUNCTION     0.96     1.20     4.57     0  00:36        1.20
  ISD-162              JUNCTION     0.84     1.10     4.58     0  00:36        1.09
  ISD-163              JUNCTION     0.89     1.14     4.55     0  00:36        1.13
  ISD-164              JUNCTION     0.89     1.15     4.54     0  00:35        1.12
  ISD-165              JUNCTION     0.97     1.20     4.51     0  00:35        1.20
  ISD-166              JUNCTION     0.92     1.17     4.54     0  00:35        1.14
  ISD-167              JUNCTION     0.97     1.20     4.52     0  00:35        1.20
  ISD-168              JUNCTION     0.93     1.18     4.54     0  00:35        1.17
  ISD-169              JUNCTION     0.91     1.20     4.61     0  00:34        1.15
  ISD-170              JUNCTION     0.89     1.16     4.60     0  00:35        1.13
  ISD-171              JUNCTION     0.94     1.20     4.58     0  00:35        1.19
  ISD-172              JUNCTION     0.96     1.20     4.57     0  00:35        1.20
  ISD-173              JUNCTION     0.94     1.20     4.59     0  00:35        1.19
  ISD-174              JUNCTION     0.92     1.19     4.60     0  00:35        1.17
  ISD-175              JUNCTION     0.95     1.20     4.58     0  00:35        1.20
  ISD-176              JUNCTION     0.88     1.20     4.66     0  00:35        1.12
  ISD-177              JUNCTION     0.80     1.20     4.74     0  00:35        1.04
  ISD-178              JUNCTION     0.79     1.20     4.76     0  00:35        1.02
  ISD-179              JUNCTION     0.78     1.20     4.77     0  00:35        1.01
  ISD-180              JUNCTION     0.82     1.20     4.72     0  00:35        1.05
  ISD-181              JUNCTION     0.78     1.20     4.76     0  00:35        1.02
  ISD-182              JUNCTION     0.74     1.20     4.80     0  00:35        0.97
  ISD-183              JUNCTION     0.73     1.20     4.80     0  00:35        0.96
  ISD-184              JUNCTION     0.72     1.20     4.81     0  00:35        0.94
  ISD-185              JUNCTION     0.67     1.20     4.84     0  00:36        0.89
  ISD-186              JUNCTION     0.68     1.20     4.82     0  00:36        0.89
  ISD-187              JUNCTION     0.72     1.20     4.77     0  00:36        0.93
  ISD-188              JUNCTION     0.16     0.27     4.43     0  00:36        0.21
  ISD-189              JUNCTION     0.37     0.53     4.15     0  00:59        0.53
  ISD-190              JUNCTION     0.37     0.56     4.12     0  00:59        0.56
  ISD-191              JUNCTION     0.39     0.59     4.12     0  00:59        0.59
  ISD-192              JUNCTION     0.38     0.58     4.11     0  01:00        0.58
  ISD-193              JUNCTION     0.40     0.62     4.11     0  01:00        0.62
  ISD-194              JUNCTION     0.50     0.73     4.11     0  01:00        0.73
  ISD-195              JUNCTION     0.36     0.59     4.10     0  01:00        0.59
  ISD-196              JUNCTION     0.55     0.79     4.10     0  01:00        0.79
  ISD-197              JUNCTION     0.36     0.60     4.09     0  01:00        0.60
  ISD-198              JUNCTION     0.43     0.68     4.10     0  01:00        0.68
  ISD-199              JUNCTION     0.43     0.68     4.09     0  01:00        0.68
  ISD-200              JUNCTION     0.39     0.67     4.08     0  01:00        0.67
  ISD-201              JUNCTION     0.42     0.72     4.08     0  00:59        0.72
  ISD-202              JUNCTION     0.48     0.78     4.08     0  00:59        0.78
  ISD-203              JUNCTION     0.50     0.81     4.08     0  01:00        0.81
  ISD-204              JUNCTION     0.49     0.80     4.08     0  01:00        0.80
  ISD-205              JUNCTION     0.49     0.81     4.08     0  01:00        0.81
  ISD-206              JUNCTION     0.51     0.82     4.07     0  01:00        0.82
  ISD-207              JUNCTION     0.43     0.75     4.07     0  00:59        0.75
  ISD-208              JUNCTION     0.46     0.78     4.07     0  00:59        0.78
  ISD-209              JUNCTION     0.41     0.73     4.06     0  00:59        0.73
  ISD-210              JUNCTION     0.44     0.77     4.06     0  00:59        0.77
  ISD-211              JUNCTION     0.42     0.76     4.06     0  00:59        0.76
  ISD-212              JUNCTION     0.41     0.76     4.06     0  01:00        0.76
  ISD-213              JUNCTION     0.43     0.80     4.06     0  00:59        0.80
  ISD-215              JUNCTION     0.41     0.77     4.06     0  01:00        0.77
  ISD-216              JUNCTION     0.35     0.68     4.06     0  01:00        0.68
  ISD-217              JUNCTION     0.35     0.67     4.06     0  00:59        0.66
  ISD-218              JUNCTION     0.44     0.76     4.06     0  00:59        0.75
  ISD-219              JUNCTION     0.28     0.57     4.06     0  01:00        0.57
  ISD-220              JUNCTION     0.27     0.53     4.06     0  00:59        0.52
  ISD-221              JUNCTION     0.28     0.53     4.05     0  00:59        0.53
  ISD-222              JUNCTION     0.22     0.46     4.05     0  01:00        0.46
  ISD-223              JUNCTION     0.22     0.46     4.06     0  00:59        0.45
  ISD-224              JUNCTION     0.45     0.71     4.05     0  00:59        0.71
  ISD-225              JUNCTION     0.17     0.40     4.06     0  01:00        0.40
  ISD-226              JUNCTION     0.19     0.40     4.05     0  01:00        0.40
  ISD-227              JUNCTION     0.15     0.35     4.05     0  00:59        0.35
  ISD-228              JUNCTION     0.13     0.33     4.01     0  00:59        0.32
  ISD-229              JUNCTION     0.14     0.35     3.99     0  00:59        0.34
  ISD-230              JUNCTION     0.17     0.41     3.99     0  01:00        0.41
  ISD-231              JUNCTION     0.21     0.47     3.99     0  00:59        0.47
  ISD-232              JUNCTION     0.26     0.52     3.98     0  00:59        0.52
  ISD-233              JUNCTION     0.21     0.47     3.98     0  00:59        0.47
  ISD-234              JUNCTION     0.23     0.49     3.96     0  00:59        0.48
  ISD-235              JUNCTION     0.24     0.51     3.96     0  00:59        0.47
  ISD-236              JUNCTION     0.21     0.48     3.92     0  00:59        0.47
  ISD-237              JUNCTION     0.04     0.09     3.63     0  00:58        0.08
  ISD-238              JUNCTION     0.09     0.17     3.64     0  01:00        0.17
  ISD-239              JUNCTION     0.06     0.09     3.56     0  00:59        0.08
  ISD-240              JUNCTION     0.13     0.17     3.55     0  00:58        0.17
  ISD-241              JUNCTION     0.14     0.17     3.54     0  00:59        0.17
  ISD-242              JUNCTION     0.10     0.13     3.52     0  00:45        0.13
  ISD-243              JUNCTION     0.19     0.23     3.52     0  00:45        0.23
  ISD-244              JUNCTION     0.19     0.23     3.52     0  00:46        0.23
  ISD-245              JUNCTION     0.19     0.23     3.51     0  00:46        0.23
  ISD-246              JUNCTION     0.31     0.62     3.63     0  01:00        0.62
  ISD-247              JUNCTION     0.30     0.60     3.63     0  01:00        0.60
  ISD-248              JUNCTION     0.36     0.68     3.66     0  00:59        0.67
  ISD-249              JUNCTION     0.35     0.67     3.65     0  01:00        0.67
  ISD-250              JUNCTION     0.40     0.74     3.66     0  01:00        0.74
  ISD-251              JUNCTION     0.31     0.63     3.66     0  01:00        0.63
  ISD-252              JUNCTION     0.57     0.89     3.69     0  01:00        0.89
  ISD-253              JUNCTION     0.58     0.90     3.70     0  01:00        0.90
  ISD-254              JUNCTION     0.77     1.10     3.73     0  00:59        1.10
  ISD-255              JUNCTION     0.85     1.19     3.74     0  00:59        1.18
  ISD-256              JUNCTION     0.78     1.11     3.74     0  00:59        1.11
  ISD-257              JUNCTION     0.49     0.78     3.74     0  01:00        0.78
  ISD-258              JUNCTION     0.29     0.52     3.74     0  01:00        0.52
  ISD-259              JUNCTION     0.15     0.18     3.76     0  00:50        0.18
  ISD-260              JUNCTION     0.13     0.16     4.10     0  00:50        0.16
  ISD-261              JUNCTION     0.11     0.14     4.33     0  00:50        0.13
  ISD-262              JUNCTION     0.08     0.11     4.42     0  00:50        0.10
  ISD-263              JUNCTION     0.17     0.21     4.56     0  00:54        0.21
  ISD-264              JUNCTION     0.14     0.18     4.58     0  00:53        0.17
  ISD-265              JUNCTION     0.12     0.15     5.16     0  00:50        0.14
  ISD-266              JUNCTION     0.10     0.13     5.76     0  00:50        0.12
  ISD-267              JUNCTION     0.09     0.11     6.14     0  00:50        0.11
  ISD-268              JUNCTION     0.63     0.84     6.84     0  00:50        0.82
  ISD-269              JUNCTION     0.16     0.24     6.83     0  00:51        0.23
  ISD-270              JUNCTION     0.11     0.17     6.76     0  00:51        0.16
  ISD-271              JUNCTION     0.21     0.30     6.73     0  00:53        0.29
  ISD-272              JUNCTION     0.31     0.41     6.73     0  00:53        0.40
  ISD-273              JUNCTION     0.28     0.48     3.97     0  00:44        0.46
  ISD-274              JUNCTION     0.35     0.58     3.97     0  00:44        0.56
  ISD-275              JUNCTION     0.43     0.70     3.98     0  00:43        0.67
  ISD-276              JUNCTION     0.50     0.79     3.98     0  00:43        0.76
  ISD-277              JUNCTION     0.55     0.85     3.97     0  00:43        0.83
  ISD-278              JUNCTION     0.63     0.96     3.97     0  00:43        0.94
  ISD-279              JUNCTION     0.67     1.01     3.97     0  00:43        0.99
  ISD-280              JUNCTION     0.82     1.18     3.97     0  00:43        1.16
  ISD-281              JUNCTION     0.79     1.14     3.96     0  00:43        1.13
  ISD-282              JUNCTION     0.84     1.20     3.97     0  00:43        1.18
  ISD-283              JUNCTION     0.86     1.20     3.95     0  00:43        1.20
  ISD-285              JUNCTION     0.76     1.13     3.99     0  00:45        1.10
  ISD-286              JUNCTION     0.70     1.06     3.99     0  00:45        1.06
  ISD-287              JUNCTION     0.72     1.08     4.01     0  00:45        1.06
  ISD-288              JUNCTION     0.72     1.09     4.02     0  00:45        1.07
  ISD-289              JUNCTION     0.70     1.06     4.02     0  00:45        1.04
  ISD-290              JUNCTION     0.69     1.05     4.02     0  00:45        1.04
  ISD-291              JUNCTION     0.67     1.04     4.04     0  00:45        1.02
  ISD-292              JUNCTION     0.68     1.04     4.04     0  00:44        1.04
  ISD-293              JUNCTION     0.61     0.96     4.04     0  00:45        0.96
  ISD-294              JUNCTION     0.65     1.00     4.05     0  00:45        0.97
  ISD-295              JUNCTION     0.62     0.95     4.05     0  00:45        0.95
  ISD-296              JUNCTION     0.65     0.98     4.06     0  00:45        0.97
  ISD-297              JUNCTION     0.58     0.90     4.06     0  00:44        0.90
  ISD-298              JUNCTION     0.63     0.95     4.07     0  00:45        0.94
  ISD-299              JUNCTION     0.58     0.91     4.08     0  00:45        0.89
  ISD-300              JUNCTION     0.58     0.90     4.08     0  00:44        0.90
  ISD-301              JUNCTION     0.59     0.91     4.09     0  00:44        0.90
  ISD-302              JUNCTION     0.58     0.89     4.09     0  00:44        0.88
  ISD-303              JUNCTION     0.51     0.82     4.10     0  00:45        0.81
  ISD-304              JUNCTION     0.46     0.75     4.11     0  00:45        0.73
  ISD-305              JUNCTION     0.48     0.78     4.10     0  00:45        0.77
  ISD-306              JUNCTION     0.45     0.76     4.15     0  00:46        0.73
  ISD-307              JUNCTION     0.35     0.68     4.19     0  00:46        0.53
  ISD-308              JUNCTION     0.30     0.54     4.12     0  00:45        0.50
  ISD-309              JUNCTION     0.28     0.40     4.11     0  00:53        0.37
  ISD-310              JUNCTION     0.30     0.41     4.17     0  00:53        0.38
  ISD-311              JUNCTION     0.29     0.41     4.22     0  00:53        0.38
  ISD-312              JUNCTION     0.27     0.39     4.29     0  00:53        0.35
  ISD-313              JUNCTION     0.29     0.41     4.35     0  00:53        0.38
  ISD-314              JUNCTION     0.30     0.42     4.39     0  00:49        0.39
  ISD-315              JUNCTION     0.36     0.49     4.44     0  00:53        0.45
  ISD-316              JUNCTION     0.45     0.60     4.48     0  00:53        0.56
  ISD-317              JUNCTION     0.53     0.69     4.50     0  00:53        0.65
  ISD-318              JUNCTION     0.55     0.71     4.51     0  00:53        0.67
  ISD-319              JUNCTION     0.32     0.45     4.48     0  00:53        0.41
  ISD-320              JUNCTION     0.22     0.32     4.52     0  00:52        0.29
  ISD-321              JUNCTION     0.23     0.33     4.69     0  00:49        0.30
  ISD-322              JUNCTION     0.21     0.29     4.75     0  00:48        0.27
  ISD-323              JUNCTION     0.21     0.30     4.87     0  00:48        0.27
  ISD-324              JUNCTION     0.19     0.27     5.00     0  00:52        0.25
  ISD-325              JUNCTION     0.22     0.32     5.12     0  00:52        0.30
  ISD-326              JUNCTION     0.24     0.35     5.18     0  00:52        0.32
  ISD-327              JUNCTION     0.23     0.34     5.23     0  00:52        0.30
  ISD-328              JUNCTION     0.20     0.29     5.28     0  00:52        0.26
  ISD-329              JUNCTION     0.20     0.30     5.37     0  00:51        0.27
  ISD-330              JUNCTION     0.19     0.29     5.47     0  00:51        0.26
  ISD-331              JUNCTION     0.18     0.28     5.54     0  00:51        0.25
  ISD-332              JUNCTION     0.17     0.26     5.65     0  00:51        0.24
  ISD-333              JUNCTION     0.23     0.37     5.77     0  00:51        0.32
  ISD-334              JUNCTION     0.18     0.26     5.82     0  00:51        0.25
  ISD-335              JUNCTION     0.17     0.24     5.93     0  00:51        0.23
  ISD-336              JUNCTION     0.16     0.23     6.02     0  00:53        0.23
  ISD-337              JUNCTION     0.18     0.26     6.13     0  00:54        0.25
  ISD-338              JUNCTION     0.17     0.24     6.24     0  00:53        0.23
  ISD-339              JUNCTION     0.17     0.24     6.32     0  00:53        0.23
  ISD-340              JUNCTION     0.17     0.24     6.41     0  00:53        0.23
  ISD-341              JUNCTION     0.17     0.24     6.49     0  00:53        0.24
  ISD-342              JUNCTION     0.16     0.23     6.62     0  00:53        0.22
  ISD-343              JUNCTION     0.10     0.13     6.70     0  00:53        0.12
  ISD-344              JUNCTION     0.13     0.19     6.70     0  00:53        0.19
  ISD-345              JUNCTION     0.09     0.11     6.75     0  00:43        0.11
  ISD-346              JUNCTION     0.08     0.10     6.87     0  00:42        0.10
  ISD-347              JUNCTION     0.07     0.08     6.97     0  00:42        0.08
  ISD-348              JUNCTION     0.06     0.07     7.10     0  00:41        0.07
  ISD-349              JUNCTION     0.04     0.05     7.25     0  00:41        0.05
  ISD-350              JUNCTION     0.03     0.03     7.33     0  00:40        0.03
  ISD-351              JUNCTION     0.93     1.20     8.62     0  00:41        1.20
  ISD-352              JUNCTION     0.79     1.13     8.71     0  00:57        1.06
  ISD-353              JUNCTION     0.69     0.98     8.67     0  00:51        0.94
  ISD-354              JUNCTION     0.57     0.94     8.76     0  00:58        0.72
  ISD-355              JUNCTION     0.50     0.82     8.73     0  00:55        0.81
  ISD-356              JUNCTION     0.40     0.61     8.64     0  00:54        0.59
  ISD-357              JUNCTION     0.14     0.21     8.63     0  00:45        0.20
  ISD-358              JUNCTION     0.07     0.09     8.68     0  00:58        0.09
  ISD-359              JUNCTION     0.34     0.61     7.64     0  01:00        0.61
  ISD-360              JUNCTION     0.36     0.64     7.66     0  00:59        0.62
  ISD-361              JUNCTION     0.40     0.68     7.67     0  00:59        0.67
  ISD-362              JUNCTION     0.43     0.72     7.70     0  00:44        0.71
  ISD-363              JUNCTION     0.42     0.95     7.96     0  00:44        0.72
  ISD-364              JUNCTION     0.47     0.87     7.84     0  00:44        0.77
  ISD-365              JUNCTION     0.45     1.20     8.21     0  00:44        0.74
  ISD-366              JUNCTION     0.43     1.17     8.21     0  00:44        0.70
  ISD-367              JUNCTION     0.06     0.07    14.26     0  00:50        0.07
  ISD-368              JUNCTION     0.07     0.08    13.81     0  00:50        0.08
  ISD-369              JUNCTION     0.08     0.09    13.11     0  00:46        0.09
  ISD-370              JUNCTION     0.08     0.10    12.41     0  00:45        0.10
  ISD-371              JUNCTION     0.09     0.10    11.95     0  00:45        0.10
  ISD-372              JUNCTION     0.09     0.11    11.16     0  00:45        0.11
  ISD-373              JUNCTION     0.10     0.12    10.38     0  00:45        0.12
  ISD-374              JUNCTION     0.11     0.13     9.55     0  00:45        0.13
  ISD-375              JUNCTION     0.11     0.13     9.09     0  00:45        0.13
  ISD-376              JUNCTION     0.12     0.14     8.39     0  00:45        0.14
  ISD-377              JUNCTION     0.12     0.14     7.59     0  00:45        0.14
  ISD-378              JUNCTION     0.12     0.15     7.06     0  00:45        0.15
  ISD-379              JUNCTION     0.13     0.16     6.69     0  00:45        0.16
  ISD-380              JUNCTION     0.13     0.15     6.32     0  00:45        0.15
  ISD-381              JUNCTION     0.46     1.20     6.51     0  00:38        0.68
  ISD-382              JUNCTION     0.64     1.20     6.25     0  00:38        0.92
  ISD-383              JUNCTION     0.72     1.20     6.15     0  00:38        1.02
  ISD-384              JUNCTION     0.73     1.20     6.12     0  00:38        1.02
  ISD-385              JUNCTION     0.78     1.20     6.04     0  00:37        1.08
  ISD-386              JUNCTION     0.78     1.20     6.01     0  00:37        1.08
  ISD-387              JUNCTION     0.90     1.20     5.87     0  00:37        1.20
  ISD-388              JUNCTION     0.91     1.20     5.85     0  00:37        1.20
  ISD-389              JUNCTION     0.88     1.20     5.87     0  00:37        1.17
  ISD-390              JUNCTION     0.84     1.20     5.90     0  00:37        1.14
  ISD-391              JUNCTION     0.84     1.20     5.88     0  00:37        1.13
  ISD-392              JUNCTION     0.81     1.20     5.90     0  00:37        1.11
  ISD-393              JUNCTION     0.81     1.20     5.88     0  00:37        1.10
  ISD-394              JUNCTION     0.81     1.20     5.85     0  00:37        1.11
  ISD-395              JUNCTION     0.79     1.20     5.85     0  00:37        1.09
  ISD-396              JUNCTION     0.79     1.20     5.84     0  00:37        1.09
  ISD-397              JUNCTION     0.77     1.20     5.84     0  00:37        1.07
  ISD-398              JUNCTION     0.82     1.20     5.75     0  00:36        1.13
  ISD-399              JUNCTION     0.84     1.20     5.68     0  00:36        1.15
  ISD-400              JUNCTION     0.87     1.20     5.63     0  00:36        1.17
  ISD-401              JUNCTION     0.85     1.20     5.63     0  00:36        1.16
  ISD-402              JUNCTION     0.91     1.20     5.55     0  00:36        1.20
  ISD-403              JUNCTION     0.81     1.20     5.62     0  00:36        1.10
  ISD-404              JUNCTION     0.83     1.20     5.55     0  00:36        1.13
  ISD-405              JUNCTION     0.85     1.20     5.51     0  00:36        1.15
  ISD-406              JUNCTION     0.86     1.20     5.48     0  00:36        1.16
  ISD-407              JUNCTION     0.83     1.20     5.48     0  00:36        1.13
  ISD-408              JUNCTION     0.90     1.20     5.37     0  00:36        1.19
  ISD-409              JUNCTION     0.92     1.20     5.30     0  00:36        1.20
  ISD-410              JUNCTION     0.90     1.20     5.34     0  00:36        1.19
  ISD-411              JUNCTION     0.90     1.20     5.30     0  00:36        1.19
  ISD-412              JUNCTION     0.85     1.18     5.32     0  00:36        1.13
  ISD-413              JUNCTION     0.83     1.16     5.30     0  00:36        1.11
  ISD-414              JUNCTION     0.82     1.20     5.31     0  00:35        1.10
  ISD-415              JUNCTION     0.86     1.20     5.23     0  00:36        1.14
  ISD-416              JUNCTION     0.85     1.20     5.21     0  00:36        1.14
  ISD-417              JUNCTION     0.89     1.20     5.14     0  00:36        1.18
  ISD-418              JUNCTION     0.88     1.20     5.13     0  00:36        1.17
  ISD-419              JUNCTION     0.92     1.20     5.04     0  00:36        1.20
  ISD-420              JUNCTION     0.90     1.20     5.03     0  00:36        1.18
  ISD-421              JUNCTION     0.92     1.20     4.98     0  00:35        1.20
  ISD-422              JUNCTION     0.92     1.19     4.87     0  00:51        1.18
  ISD-423              JUNCTION     0.93     1.20     4.91     0  00:35        1.20
  ISD-424              JUNCTION     0.93     1.20     4.95     0  00:35        1.20
  ISD-425              JUNCTION     0.90     1.17     4.79     0  00:48        1.16
  ISD-426              JUNCTION     0.94     1.20     4.73     0  00:35        1.20
  ISD-427              JUNCTION     0.90     1.20     4.69     0  00:32        1.15
  ISD-428              JUNCTION     0.88     1.20     4.66     0  00:32        1.11
  ISD-429              JUNCTION     0.84     1.09     4.49     0  00:35        1.06
  ISD-430              JUNCTION     0.86     1.10     4.41     0  00:35        1.07
  ISD-431              JUNCTION     0.83     1.15     4.40     0  00:31        1.02
  ISD-432              JUNCTION     0.97     1.20     4.15     0  00:30        1.16
  ISD-433              JUNCTION     0.93     1.20     4.29     0  00:30        1.12
  ISD-434              JUNCTION     1.04     1.20     3.98     0  00:30        1.20
  ISD-435              JUNCTION     0.90     1.08     4.00     0  00:30        1.05
  ISD-436              JUNCTION     0.92     1.11     4.00     0  00:30        1.08
  ISD-437              JUNCTION     0.90     1.09     3.97     0  00:30        1.05
  ISD-438              JUNCTION     1.05     1.20     3.88     0  00:30        1.20
  ISD-439              JUNCTION     1.04     1.19     3.88     0  00:44        1.18
  ISD-440              JUNCTION     1.05     1.20     3.86     0  00:30        1.20
  ISD-441              JUNCTION     1.03     1.20     3.98     0  00:31        1.20
  ISD-442              JUNCTION     0.98     1.18     3.97     0  00:31        1.15
  ISD-443              JUNCTION     0.91     1.19     4.22     0  00:33        1.09
  ISD-444              JUNCTION     0.85     1.18     4.35     0  00:33        1.04
  ISD-445              JUNCTION     0.88     1.20     4.40     0  00:33        1.09
  ISD-446              JUNCTION     0.88     1.20     4.46     0  00:33        1.09
  ISD-447              JUNCTION     0.82     1.20     4.60     0  00:33        1.03
  ISD-448              JUNCTION     0.94     1.20     4.52     0  00:34        1.16
  ISD-449              JUNCTION     0.92     1.20     4.61     0  00:32        1.16
  ISD-450              JUNCTION     0.87     1.20     4.69     0  00:34        1.10
  ISD-451              JUNCTION     0.93     1.19     4.70     0  00:45        1.18
  ISD-452              JUNCTION     0.95     1.20     4.71     0  00:33        1.20
  ISD-453              JUNCTION     0.94     1.20     4.76     0  00:33        1.20
  ISD-454              JUNCTION     0.81     1.20     4.99     0  00:34        1.06
  ISD-455              JUNCTION     0.66     1.20     5.23     0  00:35        0.87
  ISD-456              JUNCTION     0.72     1.20     5.21     0  00:35        0.94
  ISD-457              JUNCTION     0.90     1.20     5.07     0  00:35        1.16
  ISD-458              JUNCTION     0.88     1.20     5.07     0  00:35        1.13
  ISD-459              JUNCTION     0.95     1.20     5.04     0  00:35        1.20
  ISD-460              JUNCTION     0.87     1.20     5.18     0  00:35        1.14
  ISD-461              JUNCTION     0.80     1.20     5.29     0  00:35        1.08
  ISD-462              JUNCTION     0.78     1.20     5.43     0  00:35        1.03
  ISD-463              JUNCTION     0.80     1.20     5.44     0  00:35        1.06
  ISD-464              JUNCTION     0.91     1.20     5.40     0  00:35        1.20
  ISD-465              JUNCTION     0.91     1.20     5.43     0  00:35        1.20
  ISD-466              JUNCTION     0.78     1.20     5.70     0  00:35        1.06
  ISD-467              JUNCTION     0.74     1.20     5.81     0  00:36        0.99
  ISD-468              JUNCTION     0.76     1.20     5.86     0  00:36        1.02
  ISD-469              JUNCTION     0.75     1.20     5.91     0  00:36        1.01
  ISD-470              JUNCTION     0.81     1.20     5.90     0  00:36        1.06
  ISD-471              JUNCTION     0.85     1.20     5.91     0  00:36        1.12
  ISD-472              JUNCTION     0.92     1.20     5.87     0  00:36        1.20
  ISD-473              JUNCTION     0.89     1.20     5.95     0  00:35        1.17
  ISD-474              JUNCTION     0.84     1.17     6.04     0  00:35        1.11
  ISD-475              JUNCTION     0.92     1.20     6.03     0  00:35        1.20
  ISD-476              JUNCTION     0.88     1.20     6.11     0  00:35        1.17
  ISD-477              JUNCTION     0.83     1.18     6.22     0  00:35        1.10
  ISD-478              JUNCTION     0.86     1.20     6.27     0  00:35        1.13
  ISD-479              JUNCTION     0.88     1.20     6.37     0  00:35        1.13
  ISD-480              JUNCTION     0.92     1.20     6.38     0  00:35        1.18
  ISD-481              JUNCTION     0.91     1.18     6.48     0  00:35        1.18
  ISD-482              JUNCTION     0.95     1.20     6.38     0  00:35        1.20
  ISD-483              JUNCTION     0.94     1.20     6.55     0  00:35        1.20
  ISD-484              JUNCTION     0.89     1.20     6.67     0  00:35        1.15
  ISD-485              JUNCTION     0.87     1.20     6.83     0  00:35        1.12
  ISD-486              JUNCTION     0.86     1.20     6.94     0  00:35        1.12
  ISD-487              JUNCTION     0.94     1.20     6.94     0  00:35        1.20
  ISD-488              JUNCTION     0.92     1.20     7.50     0  00:35        1.20
  ISD-489              JUNCTION     0.89     1.20     7.76     0  00:36        1.20
  ISD-490              JUNCTION     0.88     1.20     7.85     0  00:36        1.19
  ISD-491              JUNCTION     0.88     1.20     7.98     0  00:36        1.20
  ISD-492              JUNCTION     0.87     1.20     8.14     0  00:36        1.20
  ISD-493              JUNCTION     0.86     1.20     8.26     0  00:36        1.20
  ISD-494              JUNCTION     0.85     1.20     8.41     0  00:37        1.20
  ISD-495              JUNCTION     0.80     1.20     8.58     0  00:37        1.17
  ISD-496              JUNCTION     0.74     1.12     8.67     0  00:46        1.10
  ISD-497              JUNCTION     0.70     1.08     8.80     0  00:46        1.05
  ISD-498              JUNCTION     0.70     1.09     8.75     0  00:46        1.06
  ISD-499              JUNCTION     0.69     1.12     8.92     0  00:38        1.06
  ISD-500              JUNCTION     0.57     0.94     8.98     0  00:46        0.91
  ISD-501              JUNCTION     0.55     0.91     9.01     0  00:46        0.87
  ISD-502              JUNCTION     0.50     0.84     9.04     0  00:46        0.80
  ISD-503              JUNCTION     0.44     0.76     9.08     0  00:46        0.72
  ISD-504              JUNCTION     0.41     0.71     9.10     0  00:46        0.68
  ISD-505              JUNCTION     0.36     0.62     9.14     0  00:46        0.59
  ISD-506              JUNCTION     0.26     0.40     9.15     0  00:46        0.36
  ISD-507              JUNCTION     0.22     0.30     9.16     0  00:46        0.29
  ISD-508              JUNCTION     0.25     0.31     9.27     0  00:42        0.31
  ISD-509              JUNCTION     0.23     0.28     9.32     0  00:42        0.28
  ISD-510              JUNCTION     0.20     0.25     9.42     0  00:42        0.25
  ISD-511              JUNCTION     0.23     0.29     9.49     0  00:42        0.28
  ISD-512              JUNCTION     0.18     0.23     9.54     0  00:41        0.23
  ISD-513              JUNCTION     0.19     0.24     9.65     0  00:42        0.24
  ISD-514              JUNCTION     0.17     0.21     9.73     0  00:41        0.21
  ISD-515              JUNCTION     0.16     0.20     9.92     0  00:41        0.19
  ISD-516              JUNCTION     0.15     0.19    10.01     0  00:41        0.18
  ISD-517              JUNCTION     0.13     0.16    10.15     0  00:41        0.16
  ISD-518              JUNCTION     0.12     0.15    10.29     0  00:41        0.14
  ISD-519              JUNCTION     0.11     0.14    10.59     0  00:41        0.14
  ISD-520              JUNCTION     0.10     0.12    10.76     0  00:41        0.12
  ISD-521              JUNCTION     0.09     0.11    11.21     0  00:41        0.11
  ISD-522              JUNCTION     0.08     0.10    11.39     0  00:41        0.10
  ISD-523              JUNCTION     0.08     0.09    11.79     0  00:41        0.09
  ISD-524              JUNCTION     0.07     0.08    12.02     0  00:41        0.08
  ISD-525              JUNCTION     0.06     0.08    12.42     0  00:41        0.08
  ISD-526              JUNCTION     0.06     0.07    12.63     0  00:45        0.07
  ISD-527              JUNCTION     0.54     1.20     8.19     0  00:41        0.82
  ISD-528              JUNCTION     0.71     1.20     7.96     0  00:38        1.04
  ISD-529              JUNCTION     0.69     1.20     7.95     0  00:38        1.01
  ISD-530              JUNCTION     0.69     1.20     7.90     0  00:38        1.01
  ISD-531              JUNCTION     0.84     1.20     7.41     0  00:36        1.20
  ISD-532              JUNCTION     0.86     1.20     7.25     0  00:35        1.20
  ISD-533              JUNCTION     0.91     1.20     6.69     0  00:34        1.20
  ISD-534              JUNCTION     0.94     1.20     6.50     0  00:34        1.20
  ISD-535              JUNCTION     0.97     1.20     6.30     0  00:34        1.20
  ISD-536              JUNCTION     0.95     1.20     6.31     0  00:35        1.19
  ISD-537              JUNCTION     0.92     1.20     6.32     0  00:35        1.16
  ISD-538              JUNCTION     0.84     1.20     6.37     0  00:35        1.10
  ISD-539              JUNCTION     0.93     1.20     6.28     0  00:36        1.20
  ISD-540              JUNCTION     0.91     1.20     6.30     0  00:36        1.18
  ISD-541              JUNCTION     0.84     1.20     6.38     0  00:36        1.11
  ISD-542              JUNCTION     0.85     1.20     6.37     0  00:36        1.12
  ISD-543              JUNCTION     0.72     1.20     6.52     0  00:36        0.96
  ISD-544              JUNCTION     0.74     1.20     6.49     0  00:36        1.00
  ISD-546              JUNCTION     0.38     0.49     6.96     0  00:50        0.45
  ISD-547              JUNCTION     0.34     0.44     6.93     0  00:50        0.40
  ISD-548              JUNCTION     0.32     0.43     6.98     0  00:50        0.38
  ISD-549              JUNCTION     0.25     0.34     7.05     0  00:50        0.30
  ISD-550              JUNCTION     0.16     0.21     7.35     0  00:50        0.19
  ISD-551              JUNCTION     0.18     0.24     7.26     0  00:50        0.21
  ISD-552              JUNCTION     0.14     0.19     8.79     0  00:50        0.16
  ISD-553              JUNCTION     0.10     0.15     9.70     0  00:50        0.12
  ISD-554              JUNCTION     0.22     0.37     9.81     0  00:50        0.30
  ISD-555              JUNCTION     0.41     0.61     9.81     0  00:48        0.53
  ISD-556              JUNCTION     0.58     0.92     9.93     0  00:41        0.72
  ISD-557              JUNCTION     0.57     1.20    10.18     0  00:45        0.72
  ISD-558              JUNCTION     0.46     1.20    10.27     0  00:45        0.61
  ISD-559              JUNCTION     0.65     1.20     9.50     0  00:30        0.76
  ISD-560              JUNCTION     0.93     1.20     9.11     0  00:30        1.05
  ISD-561              JUNCTION     0.51     0.91     4.09     0  00:59        0.89
  ISD-562              JUNCTION     0.52     0.93     4.11     0  00:59        0.90
  ISD-563              JUNCTION     0.50     0.91     4.13     0  00:59        0.89
  ISD-564              JUNCTION     0.50     0.91     4.14     0  00:59        0.89
  ISD-565              JUNCTION     0.52     0.94     4.16     0  00:59        0.91
  ISD-566              JUNCTION     0.52     0.95     4.18     0  01:00        0.95
  ISD-567              JUNCTION     0.53     0.96     4.18     0  00:59        0.95
  ISD-568              JUNCTION     0.53     0.97     4.20     0  00:59        0.96
  ISD-569              JUNCTION     0.47     0.91     4.22     0  01:00        0.91
  ISD-570              JUNCTION     0.47     0.90     4.23     0  01:00        0.90
  ISD-571              JUNCTION     0.52     0.96     4.24     0  00:59        0.95
  ISD-572              JUNCTION     0.44     0.87     4.24     0  00:59        0.86
  ISD-573              JUNCTION     0.55     0.99     4.25     0  00:59        0.97
  ISD-574              JUNCTION     0.49     0.93     4.26     0  00:59        0.91
  ISD-575              JUNCTION     0.47     0.92     4.27     0  00:59        0.91
  ISD-576              JUNCTION     0.47     0.92     4.28     0  00:47        0.91
  ISD-577              JUNCTION     0.43     0.84     4.28     0  00:59        0.84
  ISD-578              JUNCTION     0.45     0.88     4.29     0  00:59        0.86
  ISD-579              JUNCTION     0.65     1.10     4.29     0  00:59        1.07
  ISD-580              JUNCTION     0.36     0.78     4.30     0  00:59        0.75
  ISD-581              JUNCTION     0.25     0.63     4.30     0  00:59        0.59
  ISD-582              JUNCTION     0.11     0.32     4.28     0  00:59        0.31
  ISD-583              JUNCTION     0.11     0.30     4.28     0  00:59        0.29
  ISD-584              JUNCTION     0.03     0.04     4.27     0  01:00        0.04
  ISD-585              JUNCTION     0.02     0.03     4.48     0  00:40        0.03
  ISD-586              JUNCTION     0.61     1.20     5.12     0  00:41        0.87
  ISD-588              JUNCTION     0.38     0.49     5.16     0  00:45        0.49
  ISD-589              JUNCTION     0.38     0.49     5.22     0  00:45        0.49
  ISD-590              JUNCTION     0.36     0.46     5.26     0  00:45        0.46
  ISD-591              JUNCTION     0.47     0.60     5.35     0  00:45        0.60
  ISD-592              JUNCTION     0.55     0.69     5.42     0  00:44        0.69
  ISD-593              JUNCTION     0.64     0.81     5.50     0  00:46        0.80
  ISD-594              JUNCTION     0.66     0.85     5.54     0  00:45        0.84
  ISD-595              JUNCTION     0.72     0.92     5.57     0  00:44        0.91
  ISD-596              JUNCTION     0.73     0.94     5.60     0  00:45        0.93
  ISD-597              JUNCTION     0.77     0.98     5.64     0  00:47        0.97
  ISD-598              JUNCTION     0.89     1.13     5.72     0  00:46        1.12
  ISD-599              JUNCTION     0.94     1.18     5.74     0  00:48        1.17
  ISD-600              JUNCTION     0.93     1.18     5.76     0  00:43        1.17
  ISD-601              JUNCTION     0.93     1.17     5.77     0  00:36        1.16
  ISD-602              JUNCTION     0.96     1.20     5.78     0  00:36        1.20
  ISD-603              JUNCTION     0.92     1.17     5.81     0  00:37        1.16
  ISD-604              JUNCTION     0.96     1.20     5.82     0  00:36        1.20
  ISD-605              JUNCTION     0.95     1.20     5.85     0  00:36        1.20
  ISD-606              JUNCTION     0.87     1.14     5.89     0  00:36        1.13
  ISD-607              JUNCTION     0.91     1.20     5.97     0  00:36        1.18
  ISD-608              JUNCTION     0.82     1.11     6.01     0  00:36        1.09
  ISD-609              JUNCTION     0.88     1.20     6.10     0  00:36        1.15
  ISD-610              JUNCTION     0.88     1.20     6.15     0  00:36        1.17
  ISD-611              JUNCTION     0.88     1.20     6.18     0  00:36        1.18
  ISD-612              JUNCTION     0.90     1.20     6.17     0  00:37        1.20
  ISD-613              JUNCTION     0.87     1.20     6.22     0  00:37        1.18
  ISD-614              JUNCTION     0.85     1.20     6.26     0  00:38        1.16
  ISD-615              JUNCTION     0.85     1.20     6.25     0  00:38        1.15
  ISD-616              JUNCTION     0.77     1.20     6.37     0  00:36        1.08
  ISD-617              JUNCTION     0.66     1.20     6.56     0  00:37        0.92
  ISD-618              JUNCTION     0.58     1.20     6.67     0  00:37        0.83
  ISD-619              JUNCTION     0.54     1.20     6.75     0  00:38        0.77
  ISD-620              JUNCTION     0.39     0.57     6.35     0  00:49        0.56
  ISD-621              JUNCTION     0.16     0.20     6.58     0  00:49        0.20
  ISD-622              JUNCTION     0.15     0.20     6.68     0  00:49        0.19
  ISD-623              JUNCTION     0.16     0.21     6.76     0  00:49        0.21
  ISD-624              JUNCTION     0.14     0.18     6.84     0  00:49        0.18
  ISD-625              JUNCTION     0.12     0.16     6.94     0  00:50        0.15
  ISD-626              JUNCTION     0.12     0.17     7.19     0  00:49        0.16
  ISD-627              JUNCTION     0.32     0.44     7.29     0  00:50        0.41
  ISD-628              JUNCTION     0.24     0.34     7.28     0  00:51        0.31
  ISD-629              JUNCTION     0.21     0.29     7.27     0  00:49        0.27
  ISD-630              JUNCTION     0.12     0.16     7.27     0  00:49        0.15
  ISD-631              JUNCTION     0.11     0.15     7.28     0  00:50        0.14
  ISD-632              JUNCTION     0.07     0.08     7.34     0  00:46        0.08
  ISD-633              JUNCTION     0.12     0.14     7.34     0  00:46        0.14
  ISD-634              JUNCTION     0.10     0.12     7.31     0  00:45        0.12
  ISD-635              JUNCTION     0.10     0.12     7.25     0  00:45        0.12
  ISD-636              JUNCTION     0.11     0.14     7.16     0  00:45        0.14
  ISD-637              JUNCTION     0.12     0.14     7.10     0  00:45        0.14
  ISD-638              JUNCTION     0.13     0.16     7.06     0  00:46        0.16
  ISD-639              JUNCTION     0.11     0.14     7.00     0  00:45        0.14
  ISD-640              JUNCTION     0.12     0.15     6.92     0  00:45        0.15
  ISD-641              JUNCTION     0.12     0.15     6.84     0  00:45        0.15
  ISD-642              JUNCTION     0.14     0.17     6.78     0  00:45        0.17
  ISD-643              JUNCTION     0.14     0.17     6.71     0  00:45        0.17
  ISD-644              JUNCTION     0.12     0.15     6.63     0  00:45        0.15
  ISD-645              JUNCTION     0.13     0.16     6.49     0  00:45        0.16
  ISD-646              JUNCTION     0.15     0.18     6.41     0  00:45        0.18
  ISD-647              JUNCTION     0.13     0.16     6.32     0  00:45        0.16
  ISD-648              JUNCTION     0.15     0.19     6.19     0  00:45        0.19
  ISD-649              JUNCTION     0.16     0.20     6.11     0  00:46        0.20
  ISD-650              JUNCTION     0.23     0.31     5.85     0  00:51        0.28
  ISD-651              JUNCTION     0.25     0.35     5.74     0  00:51        0.31
  ISD-652              JUNCTION     0.28     0.42     5.69     0  00:51        0.34
  ISD-653              JUNCTION     0.43     0.63     5.70     0  00:50        0.56
  ISD-654              JUNCTION     0.45     0.65     5.67     0  00:51        0.60
  ISD-655              JUNCTION     0.50     0.71     5.63     0  00:50        0.66
  ISD-656              JUNCTION     0.54     0.77     5.59     0  00:49        0.72
  ISD-657              JUNCTION     0.58     1.08     5.83     0  00:36        0.77
  ISD-658              JUNCTION     0.65     1.11     5.75     0  00:36        0.86
  ISD-659              JUNCTION     0.70     1.11     5.65     0  00:35        0.92
  ISD-660              JUNCTION     0.80     1.20     5.57     0  00:34        1.04
  ISD-661              JUNCTION     0.91     1.20     5.40     0  00:34        1.16
  ISD-662              JUNCTION     0.95     1.20     5.31     0  00:33        1.20
  ISD-663              JUNCTION     0.96     1.20     5.25     0  00:33        1.20
  ISD-664              JUNCTION     0.97     1.20     5.22     0  00:33        1.20
  ISD-665              JUNCTION     0.99     1.20     5.12     0  00:34        1.20
  ISD-666              JUNCTION     0.96     1.20     5.17     0  00:34        1.18
  ISD-667              JUNCTION     0.84     1.18     5.31     0  00:35        1.06
  ISD-668              JUNCTION     0.80     1.20     5.40     0  00:35        1.03
  ISD-669              JUNCTION     0.81     1.20     5.40     0  00:35        1.04
  ISD-670              JUNCTION     0.79     1.20     5.43     0  00:35        1.02
  ISD-671              JUNCTION     0.74     1.20     5.49     0  00:35        0.98
  ISD-672              JUNCTION     0.71     1.20     5.54     0  00:35        0.94
  ISD-673              JUNCTION     0.70     1.20     5.56     0  00:35        0.93
  ISD-674              JUNCTION     0.65     1.20     5.63     0  00:34        0.88
  ISD-675              JUNCTION     0.62     1.20     5.67     0  00:34        0.84
  ISD-676              JUNCTION     0.43     1.20     5.93     0  00:40        0.60
  ISD-678              JUNCTION     0.14     0.16     5.41     0  00:52        0.16
  ISD-679              JUNCTION     0.15     0.18     5.52     0  00:52        0.18
  ISD-680              JUNCTION     0.14     0.17     5.59     0  00:52        0.17
  ISD-681              JUNCTION     0.13     0.16     6.07     0  00:52        0.15
  ISD-682              JUNCTION     0.11     0.13     6.23     0  00:52        0.12
  ISD-683              JUNCTION     0.10     0.12     6.44     0  00:52        0.11
  ISD-684              JUNCTION     0.10     0.13     6.55     0  00:52        0.11
  ISD-685              JUNCTION     0.08     0.11     6.68     0  00:52        0.10
  ISD-686              JUNCTION     0.07     0.09     6.91     0  00:52        0.09
  ISD-687              JUNCTION     0.07     0.09     5.83     0  00:51        0.08
  ISD-688              JUNCTION     0.38     0.47     5.92     0  00:51        0.46
  ISD-689              JUNCTION     0.40     0.49     5.93     0  00:51        0.47
  ISD-690              JUNCTION     0.26     0.34     5.93     0  00:51        0.32
  ISD-691              JUNCTION     0.11     0.14     5.99     0  00:51        0.13
  ISD-692              JUNCTION     0.11     0.15     6.27     0  00:52        0.14
  ISD-693              JUNCTION     0.12     0.16     6.36     0  00:52        0.15
  ISD-694              JUNCTION     0.19     0.25     6.42     0  00:53        0.24
  ISD-695              JUNCTION     0.09     0.12     6.49     0  00:54        0.12
  ISD-696              JUNCTION     0.15     0.23     6.71     0  00:54        0.23
  ISD-697              JUNCTION     0.23     0.33     6.76     0  00:54        0.32
  ISD-698              JUNCTION     0.14     0.23     7.57     0  00:52        0.21
  ISD-699              JUNCTION     0.38     0.58     8.03     0  00:52        0.55
  ISD-700              JUNCTION     0.35     0.53     8.32     0  00:51        0.50
  ISD-701              JUNCTION     0.34     0.52     8.36     0  00:51        0.49
  ISD-702              JUNCTION     0.33     0.49     8.61     0  00:51        0.46
  ISD-703              JUNCTION     0.36     0.53     8.67     0  00:51        0.50
  ISD-704              JUNCTION     0.34     0.50     8.83     0  00:51        0.47
  ISD-705              JUNCTION     0.31     0.47     8.90     0  00:50        0.44
  ISD-706              JUNCTION     0.36     0.52     8.94     0  00:50        0.49
  ISD-707              JUNCTION     0.44     0.63     9.01     0  00:50        0.60
  ISD-708              JUNCTION     0.36     0.53     9.01     0  00:50        0.51
  ISD-709              JUNCTION     0.39     0.57     9.04     0  00:50        0.55
  ISD-710              JUNCTION     0.43     0.62     9.07     0  00:50        0.60
  ISD-711              JUNCTION     0.39     0.58     9.08     0  00:53        0.55
  ISD-712              JUNCTION     0.44     0.64     9.12     0  00:53        0.61
  ISD-713              JUNCTION     0.45     0.66     9.15     0  00:52        0.63
  ISD-714              JUNCTION     0.51     0.73     9.18     0  00:52        0.70
  ISD-715              JUNCTION     0.64     0.89     9.25     0  00:52        0.86
  ISD-716              JUNCTION     0.63     0.89     9.26     0  00:52        0.85
  ISD-717              JUNCTION     0.65     0.91     9.26     0  00:52        0.88
  ISD-718              JUNCTION     0.69     0.95     9.27     0  00:52        0.91
  ISD-719              JUNCTION     0.74     1.01     9.28     0  00:52        0.97
  ISD-720              JUNCTION     0.69     0.96     9.29     0  00:52        0.93
  ISD-721              JUNCTION     0.70     0.98     9.31     0  00:52        0.93
  ISD-722              JUNCTION     0.72     0.99     9.28     0  00:52        0.95
  ISD-723              JUNCTION     0.69     0.97     9.32     0  00:52        0.92
  ISD-724              JUNCTION     0.64     0.91     9.32     0  00:52        0.86
  ISD-725              JUNCTION     0.63     0.90     9.33     0  00:51        0.85
  ISD-726              JUNCTION     0.49     0.72     9.34     0  00:51        0.67
  ISD-727              JUNCTION     0.46     0.67     9.34     0  00:51        0.62
  ISD-728              JUNCTION     0.21     0.32     9.43     0  00:50        0.27
  ISD-729              JUNCTION     0.26     0.37     9.54     0  00:50        0.32
  ISD-730              JUNCTION     0.23     0.34     9.65     0  00:50        0.29
  ISD-731              JUNCTION     0.21     0.31     9.78     0  00:50        0.27
  ISD-732              JUNCTION     0.20     0.32    10.33     0  00:50        0.26
  ISD-733              JUNCTION     0.31     0.52    10.53     0  00:49        0.43
  ISD-734              JUNCTION     0.19     0.25    10.56     0  00:50        0.24
  ISD-735              JUNCTION     0.19     0.24    10.71     0  00:50        0.23
  ISD-736              JUNCTION     0.24     0.31    10.88     0  00:50        0.29
  ISD-737              JUNCTION     0.18     0.23    11.04     0  00:50        0.22
  ISD-738              JUNCTION     0.18     0.23    11.34     0  00:50        0.22
  ISD-739              JUNCTION     0.18     0.23    11.47     0  00:51        0.22
  ISD-740              JUNCTION     0.17     0.22    11.89     0  00:51        0.21
  ISD-741              JUNCTION     0.17     0.22    12.12     0  00:51        0.21
  ISD-742              JUNCTION     0.16     0.21    12.26     0  00:51        0.20
  ISD-743              JUNCTION     0.15     0.20    12.45     0  00:51        0.19
  ISD-744              JUNCTION     0.15     0.20    12.64     0  00:52        0.19
  ISD-745              JUNCTION     0.11     0.14    12.97     0  00:45        0.14
  ISD-746              JUNCTION     0.10     0.13    13.01     0  00:45        0.13
  ISD-747              JUNCTION     0.16     0.19    13.00     0  00:45        0.19
  ISD-748              JUNCTION     0.11     0.13    13.04     0  00:45        0.13
  ISD-749              JUNCTION     0.10     0.12    13.11     0  00:45        0.12
  ISD-750              JUNCTION     0.05     0.06    15.30     0  00:45        0.06
  ISD-751              JUNCTION     0.03     0.04    16.36     0  00:40        0.04
  ISD-752              JUNCTION     0.03     0.03    17.31     0  00:40        0.03
  ISD-753              JUNCTION     0.02     0.02    18.04     0  00:40        0.02
  ISD-754              JUNCTION     0.01     0.01    18.36     0  00:40        0.01
  ISD-755              JUNCTION     0.32     0.45    13.73     0  00:46        0.44
  ISD-756              JUNCTION     0.01     0.02    18.60     0  00:40        0.02
  ISD-757              JUNCTION     0.03     0.03    18.75     0  00:40        0.03
  ISD-758              JUNCTION     0.06     0.07    13.40     0  00:45        0.07
  ISD-759              JUNCTION     0.08     0.10    13.05     0  00:45        0.10
  ISD-760              JUNCTION     0.18     0.23    13.04     0  00:45        0.23
  ISD-761              JUNCTION     0.23     0.28    13.04     0  00:45        0.28
  ISD-762              JUNCTION     0.18     0.23    13.03     0  00:45        0.23
  ISD-763              JUNCTION     0.18     0.22    13.01     0  00:45        0.22
  ISD-764              JUNCTION     0.18     0.23    13.00     0  00:45        0.23
  ISD-765              JUNCTION     0.21     0.26    12.99     0  00:45        0.26
  ISD-766              JUNCTION     0.20     0.24    12.97     0  00:45        0.24
  ISD-767              JUNCTION     0.18     0.23    12.95     0  00:46        0.23
  ISD-768              JUNCTION     0.21     0.26    12.92     0  00:45        0.26
  ISD-769              JUNCTION     0.21     0.26    12.90     0  00:46        0.26
  ISD-770              JUNCTION     0.20     0.25    12.87     0  00:46        0.25
  ISD-771              JUNCTION     0.21     0.26    12.83     0  00:47        0.26
  ISD-772              JUNCTION     0.19     0.24    12.80     0  00:47        0.24
  ISD-773              JUNCTION     0.32     0.46    12.99     0  00:50        0.40
  ISD-774              JUNCTION     0.41     0.54    13.04     0  00:50        0.51
  ISD-775              JUNCTION     0.36     0.48    13.19     0  00:51        0.45
  ISD-776              JUNCTION     0.31     0.42    13.20     0  00:51        0.40
  ISD-777              JUNCTION     0.37     0.48    13.26     0  00:49        0.47
  ISD-778              JUNCTION     0.57     0.70    13.28     0  00:50        0.69
  ISD-779              JUNCTION     0.65     0.78    13.28     0  00:49        0.77
  ISD-780              JUNCTION     0.61     0.74    13.28     0  00:50        0.73
  ISD-781              JUNCTION     0.52     0.64    13.28     0  00:50        0.63
  ISD-782              JUNCTION     0.29     0.39    13.28     0  00:50        0.38
  ISD-783              JUNCTION     0.22     0.29    13.27     0  00:50        0.28
  ISD-784              JUNCTION     0.17     0.24    13.26     0  00:50        0.23
  ISD-785              JUNCTION     0.15     0.20    13.22     0  00:50        0.20
  ISD-786              JUNCTION     0.17     0.24    13.25     0  00:50        0.23
  ISD-787              JUNCTION     0.14     0.20    13.20     0  00:50        0.19
  ISD-788              JUNCTION     0.13     0.17    13.14     0  00:49        0.17
  ISD-789              JUNCTION     0.11     0.15    13.03     0  00:49        0.15
  ISD-790              JUNCTION     0.13     0.18    12.91     0  00:48        0.17
  ISD-791              JUNCTION     0.15     0.20    12.80     0  00:48        0.20
  ISD-792              JUNCTION     0.13     0.18    12.71     0  00:48        0.17
  ISD-793              JUNCTION     0.14     0.19    12.57     0  00:48        0.18
  ISD-794              JUNCTION     0.13     0.18    12.44     0  00:47        0.18
  ISD-795              JUNCTION     0.19     0.35    12.45     0  00:39        0.30
  ISD-796              JUNCTION     0.42     0.65    12.46     0  00:39        0.56
  ISD-797              JUNCTION     0.39     0.61    12.45     0  00:39        0.53
  ISD-798              JUNCTION     0.40     0.64    12.47     0  00:39        0.53
  ISD-799              JUNCTION     0.46     0.67    12.44     0  00:39        0.60
  ISD-800              JUNCTION     0.58     1.20    12.80     0  00:54        0.78
  ISD-801              JUNCTION     0.67     1.20    12.69     0  00:54        0.89
  ISD-802              JUNCTION     0.82     1.20    12.52     0  00:35        1.05
  ISD-803              JUNCTION     0.86     1.20    12.47     0  00:54        1.10
  ISD-804              JUNCTION     0.97     1.20    12.36     0  00:35        1.20
  ISD-805              JUNCTION     0.89     1.20    12.44     0  00:35        1.12
  ISD-806              JUNCTION     0.81     1.20    13.09     0  00:42        1.18
  ISD-807              JUNCTION     0.82     1.20    13.08     0  00:42        1.20
  ISD-808              JUNCTION     0.83     1.20    13.07     0  00:42        1.20
  ISD-809              JUNCTION     0.70     1.20    13.22     0  00:42        1.06
  ISD-810              JUNCTION     0.63     1.20    13.30     0  00:42        0.99
  ISD-811              JUNCTION     0.61     1.19    13.32     0  00:42        0.97
  ISD-812              JUNCTION     0.65     1.20    13.29     0  00:42        1.02
  ISD-813              JUNCTION     0.71     1.20    13.23     0  00:42        1.08
  ISD-814              JUNCTION     0.70     1.20    13.31     0  00:43        1.05
  ISD-815              JUNCTION     0.68     1.20    13.36     0  00:43        1.03
  ISD-816              JUNCTION     0.65     1.20    13.42     0  00:43        0.99
  ISD-817              JUNCTION     0.64     1.20    13.45     0  00:43        0.97
  ISD-818              JUNCTION     0.65     1.20    13.46     0  00:43        0.98
  ISD-819              JUNCTION     0.57     1.20    13.57     0  00:43        0.89
  ISD-820              JUNCTION     0.47     1.20    13.76     0  00:44        0.74
  ISD-821              JUNCTION     0.45     1.20    13.81     0  00:45        0.61
  ISD-822              JUNCTION     0.39     0.71    13.41     0  00:44        0.64
  ISD-823              JUNCTION     0.35     0.63    13.39     0  00:44        0.55
  ISD-824              JUNCTION     0.35     0.57    13.36     0  00:46        0.55
  ISD-825              JUNCTION     0.29     0.49    13.37     0  00:45        0.45
  ISD-826              JUNCTION     0.27     0.47    13.39     0  00:45        0.41
  ISD-827              JUNCTION     0.22     0.38    13.38     0  00:45        0.31
  ISD-828              JUNCTION     0.23     0.36    13.38     0  00:45        0.31
  ISD-829              JUNCTION     0.19     0.24    13.39     0  00:46        0.23
  ISD-830              JUNCTION     0.18     0.24    13.36     0  00:45        0.22
  ISD-831              JUNCTION     0.17     0.22    13.41     0  00:46        0.21
  ISD-832              JUNCTION     0.13     0.16    13.43     0  00:46        0.16
  ISD-833              JUNCTION     0.12     0.15    13.47     0  00:45        0.14
  ISD-834              JUNCTION     0.11     0.14    13.48     0  00:45        0.14
  ISD-835              JUNCTION     0.10     0.12    13.48     0  00:45        0.12
  ISD-836              JUNCTION     0.11     0.14    13.48     0  00:45        0.14
  ISD-837              JUNCTION     0.16     0.19    13.48     0  00:45        0.19
  ISD-838              JUNCTION     0.17     0.21    13.15     0  00:47        0.21
  ISD-839              JUNCTION     0.21     0.25    13.07     0  00:46        0.25
  ISD-840              JUNCTION     0.24     0.29    13.04     0  00:46        0.29
  ISD-841              JUNCTION     0.23     0.28    13.00     0  00:46        0.28
  ISD-842              JUNCTION     0.24     0.30    12.89     0  00:46        0.30
  ISD-843              JUNCTION     0.30     0.37    12.80     0  00:46        0.36
  ISD-844              JUNCTION     0.27     0.34    12.76     0  00:47        0.33
  ISD-845              JUNCTION     0.26     0.33    12.69     0  00:50        0.31
  ISD-846              JUNCTION     0.27     0.36    12.61     0  00:50        0.32
  ISD-847              JUNCTION     0.32     0.44    12.57     0  00:50        0.37
  ISD-848              JUNCTION     0.36     0.54    12.58     0  00:50        0.40
  ISD-849              JUNCTION     0.39     0.61    12.58     0  00:50        0.42
  ISD-850              JUNCTION     0.40     0.65    12.57     0  00:50        0.42
  ISD-851              JUNCTION     0.43     0.71    12.56     0  00:50        0.45
  ISD-852              JUNCTION     0.47     0.76    12.54     0  00:50        0.51
  ISD-853              JUNCTION     0.54     0.86    12.52     0  00:51        0.65
  ISD-854              JUNCTION     0.53     0.87    12.50     0  00:51        0.68
  ISD-855              JUNCTION     0.56     0.90    12.47     0  00:51        0.73
  ISD-856              JUNCTION     0.58     0.94    12.45     0  00:51        0.78
  ISD-857              JUNCTION     0.61     1.00    12.42     0  00:49        0.86
  ISD-858              JUNCTION     0.64     1.04    12.39     0  00:50        0.91
  ISD-859              JUNCTION     0.67     1.07    12.35     0  00:50        0.95
  ISD-860              JUNCTION     0.69     1.10    12.32     0  00:49        0.99
  ISD-861              JUNCTION     0.71     1.12    12.27     0  00:50        1.02
  ISD-862              JUNCTION     0.75     1.17    12.24     0  00:49        1.08
  ISD-863              JUNCTION     0.72     1.14    12.19     0  00:50        1.06
  ISD-864              JUNCTION     0.77     1.19    12.14     0  00:51        1.12
  ISD-865              JUNCTION     0.79     1.20    12.09     0  00:48        1.14
  ISD-866              JUNCTION     0.79     1.20    12.04     0  00:48        1.15
  ISD-867              JUNCTION     0.79     1.20    11.99     0  00:51        1.16
  ISD-868              JUNCTION     0.82     1.20    11.91     0  00:45        1.19
  ISD-869              JUNCTION     0.81     1.20    11.87     0  00:46        1.17
  ISD-870              JUNCTION     0.79     1.17    11.81     0  00:47        1.16
  ISD-871              JUNCTION     0.84     1.20    11.75     0  00:44        1.20
  ISD-872              JUNCTION     0.82     1.19    11.70     0  00:44        1.18
  ISD-873              JUNCTION     0.80     1.17    11.65     0  00:44        1.15
  ISD-874              JUNCTION     0.81     1.17    11.60     0  00:44        1.16
  ISD-875              JUNCTION     0.81     1.16    11.53     0  00:44        1.15
  ISD-876              JUNCTION     0.81     1.16    11.47     0  00:44        1.15
  ISD-877              JUNCTION     0.73     1.07    11.40     0  00:44        1.05
  ISD-878              JUNCTION     0.72     1.06    11.32     0  00:44        1.04
  ISD-879              JUNCTION     0.74     1.08    11.17     0  00:44        1.06
  ISD-880              JUNCTION     0.73     1.07    11.02     0  00:44        1.05
  ISD-881              JUNCTION     0.73     1.06    10.86     0  00:43        1.04
  ISD-882              JUNCTION     0.76     1.08    10.76     0  00:44        1.06
  ISD-883              JUNCTION     0.76     1.08    10.67     0  00:44        1.06
  ISD-884              JUNCTION     0.79     1.11    10.59     0  00:44        1.09
  ISD-885              JUNCTION     0.80     1.11    10.49     0  00:44        1.09
  ISD-886              JUNCTION     0.85     1.16    10.41     0  00:43        1.14
  ISD-887              JUNCTION     0.83     1.12    10.26     0  00:43        1.10
  ISD-888              JUNCTION     0.85     1.13    10.17     0  00:44        1.11
  ISD-889              JUNCTION     0.89     1.15    10.06     0  00:43        1.14
  ISD-890              JUNCTION     0.96     1.20     9.93     0  00:34        1.20
  ISD-891              JUNCTION     0.92     1.20     9.88     0  00:33        1.15
  ISD-892              JUNCTION     0.96     1.19     9.51     0  00:33        1.18
  ISD-893              JUNCTION     0.99     1.20     9.40     0  00:33        1.20
  ISD-894              JUNCTION     0.97     1.20     9.37     0  00:33        1.18
  ISD-895              JUNCTION     0.98     1.20     9.29     0  00:33        1.19
  ISD-896              JUNCTION     0.98     1.20     9.24     0  00:33        1.20
  ISD-897              JUNCTION     0.98     1.20     9.17     0  00:33        1.20
  ISD-898              JUNCTION     0.99     1.20     9.11     0  00:33        1.20
  ISD-899              JUNCTION     0.98     1.20     9.07     0  00:33        1.19
  ISD-900              JUNCTION     0.98     1.20     9.02     0  00:33        1.20
  ISD-901              JUNCTION     0.97     1.20     8.92     0  00:33        1.18
  ISD-902              JUNCTION     0.98     1.20     8.83     0  00:33        1.20
  ISD-903              JUNCTION     0.98     1.20     8.78     0  00:33        1.20
  ISD-904              JUNCTION     0.99     1.20     8.68     0  00:33        1.20
  ISD-905              JUNCTION     0.95     1.20     8.67     0  00:33        1.16
  ISD-906              JUNCTION     0.93     1.20     8.61     0  00:33        1.15
  ISD-907              JUNCTION     0.95     1.20     8.53     0  00:33        1.17
  ISD-908              JUNCTION     0.98     1.20     8.45     0  00:33        1.20
  ISD-909              JUNCTION     0.96     1.20     8.43     0  00:33        1.18
  ISD-910              JUNCTION     0.97     1.20     8.36     0  00:33        1.20
  ISD-911              JUNCTION     0.95     1.20     8.33     0  00:33        1.18
  ISD-912              JUNCTION     0.97     1.20     8.25     0  00:33        1.20
  ISD-913              JUNCTION     0.97     1.20     8.19     0  00:33        1.20
  ISD-914              JUNCTION     0.98     1.20     8.02     0  00:33        1.20
  ISD-915              JUNCTION     0.98     1.20     7.96     0  00:33        1.20
  ISD-916              JUNCTION     0.95     1.20     7.88     0  00:33        1.19
  ISD-917              JUNCTION     0.97     1.20     7.80     0  00:33        1.20
  ISD-918              JUNCTION     0.98     1.20     7.74     0  00:33        1.20
  ISD-919              JUNCTION     0.96     1.20     7.67     0  00:33        1.18
  ISD-920              JUNCTION     0.98     1.20     7.59     0  00:33        1.20
  ISD-921              JUNCTION     0.97     1.20     7.55     0  00:33        1.20
  ISD-922              JUNCTION     0.98     1.20     7.49     0  00:33        1.20
  ISD-923              JUNCTION     0.98     1.20     7.45     0  00:33        1.19
  ISD-924              JUNCTION     0.98     1.20     7.35     0  00:33        1.20
  ISD-925              JUNCTION     0.98     1.20     7.27     0  00:33        1.19
  ISD-926              JUNCTION     0.95     1.20     7.25     0  00:33        1.16
  ISD-927              JUNCTION     0.92     1.20     7.23     0  00:33        1.13
  ISD-928              JUNCTION     0.99     1.20     7.09     0  00:32        1.20
  ISD-929              JUNCTION     1.00     1.20     7.04     0  00:32        1.20
  ISD-930              JUNCTION     0.98     1.20     7.02     0  00:32        1.18
  ISD-931              JUNCTION     0.99     1.20     6.95     0  00:32        1.20
  ISD-932              JUNCTION     0.99     1.20     6.91     0  00:32        1.20
  ISD-933              JUNCTION     0.99     1.20     6.87     0  00:32        1.19
  ISD-934              JUNCTION     0.98     1.20     6.83     0  00:32        1.18
  ISD-935              JUNCTION     1.00     1.20     6.74     0  00:32        1.20
  ISD-936              JUNCTION     1.01     1.20     6.70     0  00:32        1.20
  ISD-937              JUNCTION     1.00     1.20     6.65     0  00:32        1.20
  ISD-938              JUNCTION     1.00     1.20     6.59     0  00:32        1.20
  ISD-939              JUNCTION     1.00     1.20     6.54     0  00:32        1.20
  ISD-940              JUNCTION     1.00     1.20     6.51     0  00:32        1.20
  ISD-941              JUNCTION     0.98     1.20     6.50     0  00:32        1.19
  ISD-942              JUNCTION     0.99     1.20     6.46     0  00:32        1.18
  ISD-943              JUNCTION     0.97     1.20     6.45     0  00:32        1.16
  ISD-944              JUNCTION     0.93     1.14     6.39     0  00:33        1.12
  ISD-945              JUNCTION     0.99     1.20     6.29     0  00:32        1.20
  ISD-946              JUNCTION     0.99     1.20     6.26     0  00:32        1.18
  ISD-947              JUNCTION     1.00     1.20     6.33     0  00:33        1.20
  ISD-948              JUNCTION     0.97     1.20     6.23     0  00:32        1.17
  ISD-949              JUNCTION     0.93     1.20     6.23     0  00:33        1.12
  ISD-950              JUNCTION     0.91     1.20     6.20     0  00:33        1.10
  ISD-951              JUNCTION     0.86     1.20     6.20     0  00:33        1.03
  ISD-952              JUNCTION     0.73     1.16     6.24     0  00:33        0.88
  ISD-953              JUNCTION     0.66     1.15     6.23     0  00:33        0.81
  ISD-954              JUNCTION     0.60     1.20     6.28     0  00:33        0.73
  ISD-955              JUNCTION     0.60     0.98     6.00     0  00:33        0.72
  ISD-956              JUNCTION     0.51     0.61     5.65     0  00:33        0.61
  ISD-957              JUNCTION     0.41     0.52     5.61     0  00:46        0.52
  ISD-958              JUNCTION     0.49     0.63     5.72     0  00:46        0.62
  ISD-959              JUNCTION     0.54     0.70     5.79     0  00:46        0.70
  ISD-960              JUNCTION     0.53     0.71     5.87     0  00:46        0.70
  ISD-961              JUNCTION     0.44     0.65     5.98     0  00:46        0.64
  ISD-962              JUNCTION     0.40     0.60     6.04     0  00:46        0.59
  ISD-963              JUNCTION     0.37     0.54     6.07     0  00:46        0.53
  ISD-964              JUNCTION     0.32     0.45     6.10     0  00:46        0.44
  ISD-965              JUNCTION     0.28     0.37     6.19     0  00:46        0.36
  ISD-966              JUNCTION     0.24     0.31     6.33     0  00:46        0.30
  ISD-967              JUNCTION     0.23     0.28     6.47     0  00:45        0.28
  ISD-968              JUNCTION     0.21     0.26     6.72     0  00:45        0.26
  ISD-969              JUNCTION     0.19     0.24     7.48     0  00:45        0.24
  ISD-970              JUNCTION     0.17     0.21     7.79     0  00:46        0.21
  ISD-971              JUNCTION     0.16     0.20     8.43     0  00:46        0.19
  ISD-972              JUNCTION     0.17     0.21     8.14     0  00:46        0.21
  ISD-973              JUNCTION     0.16     0.19     8.86     0  00:46        0.19
  ISD-974              JUNCTION     0.15     0.18     9.75     0  00:46        0.18
  ISD-975              JUNCTION     0.14     0.17    10.26     0  00:46        0.17
  ISD-976              JUNCTION     0.14     0.17    11.87     0  00:46        0.17
  ISD-977              JUNCTION     0.12     0.15    12.65     0  00:45        0.15
  ISD-978              JUNCTION     0.12     0.15    14.06     0  00:45        0.15
  ISD-979              JUNCTION     0.20     0.24    15.23     0  00:45        0.24
  ISD-980              JUNCTION     0.18     0.22    16.17     0  00:45        0.22
  ISD-981              JUNCTION     0.18     0.21    16.60     0  00:45        0.21
  ISD-982              JUNCTION     0.17     0.20    17.67     0  00:45        0.20
  ISD-983              JUNCTION     0.16     0.20    18.47     0  00:45        0.20
  ISD-984              JUNCTION     0.16     0.19    20.35     0  00:45        0.19
  ISD-985              JUNCTION     0.15     0.18    20.91     0  00:45        0.18
  ISD-986              JUNCTION     0.14     0.17    22.46     0  00:45        0.17
  ISD-987              JUNCTION     0.13     0.16    24.51     0  00:45        0.16
  ISD-988              JUNCTION     0.12     0.14    26.71     0  00:45        0.14
  ISD-989              JUNCTION     0.11     0.13    29.00     0  00:45        0.13
  ISD-990              JUNCTION     0.08     0.10    30.59     0  00:45        0.10
  ISD-991              JUNCTION     0.06     0.08    31.20     0  00:45        0.08
  ISD-992              JUNCTION     0.09     0.11    30.85     0  00:45        0.11
  ISD-993              JUNCTION     0.11     0.14    28.92     0  00:45        0.14
  ISD-994              JUNCTION     0.14     0.17    27.18     0  00:45        0.17
  ISD-995              JUNCTION     0.16     0.19    25.46     0  00:45        0.19
  ISD-996              JUNCTION     0.18     0.21    23.62     0  00:45        0.21
  ISD-997              JUNCTION     0.20     0.24    22.91     0  00:45        0.24
  ISD-998              JUNCTION     0.22     0.26    19.31     0  00:45        0.26
  ISD-999              JUNCTION     0.22     0.27    18.89     0  00:45        0.27
  ISD-1000             JUNCTION     0.26     0.31    17.37     0  00:45        0.31
  ISD-1001             JUNCTION     0.36     0.53    13.84     0  00:46        0.52
  ISD-1002             JUNCTION     0.50     0.80    13.63     0  00:46        0.78
  ISD-1003             JUNCTION     0.79     1.19    13.19     0  00:35        1.13
  ISD-1004             JUNCTION     0.90     1.20    12.83     0  00:35        1.20
  ISD-1005             JUNCTION     0.99     1.20    12.02     0  00:32        1.20
  ISD-1006             JUNCTION     1.03     1.20    11.17     0  00:32        1.20
  ISD-1007             JUNCTION     0.87     1.20    10.96     0  00:31        1.02
  ISD-1008             JUNCTION     0.30     0.34     9.55     0  00:45        0.34
  ISD-1009             JUNCTION     0.45     0.62     9.48     0  00:51        0.57
  ISD-1010             JUNCTION     0.42     0.58     9.52     0  00:51        0.54
  ISD-1011             JUNCTION     0.37     0.51     9.55     0  00:52        0.48
  ISD-1012             JUNCTION     0.36     0.49     9.62     0  00:52        0.47
  ISD-1013             JUNCTION     0.37     0.49     9.71     0  00:50        0.47
  ISD-1014             JUNCTION     0.36     0.48     9.77     0  00:50        0.46
  ISD-1015             JUNCTION     0.36     0.48    10.00     0  00:50        0.46
  ISD-1016             JUNCTION     0.37     0.49    10.09     0  00:50        0.47
  ISD-1017             JUNCTION     0.37     0.48    10.13     0  00:49        0.46
  ISD-1018             JUNCTION     0.39     0.52    10.23     0  00:50        0.50
  ISD-1019             JUNCTION     0.38     0.50    10.29     0  00:50        0.49
  ISD-1020             JUNCTION     0.34     0.45    10.42     0  00:49        0.44
  ISD-1021             JUNCTION     0.37     0.48    10.53     0  00:50        0.46
  ISD-1022             JUNCTION     0.30     0.39    10.70     0  00:50        0.38
  ISD-1023             JUNCTION     0.30     0.39    10.86     0  00:50        0.38
  ISD-1024             JUNCTION     0.32     0.41    11.08     0  00:50        0.40
  ISD-1025             JUNCTION     0.29     0.38    11.21     0  00:50        0.37
  ISD-1026             JUNCTION     0.21     0.26    14.13     0  00:48        0.25
  ISD-1027             JUNCTION     0.19     0.24    15.22     0  00:48        0.24
  ISD-1028             JUNCTION     0.14     0.17    18.25     0  00:45        0.17
  ISD-1029             JUNCTION     0.14     0.17    18.90     0  00:45        0.17
  ISD-1030             JUNCTION     0.14     0.17    19.37     0  00:45        0.17
  ISD-1031             JUNCTION     0.14     0.17    19.88     0  00:45        0.17
  ISD-1032             JUNCTION     0.13     0.17    20.44     0  00:45        0.17
  ISD-1033             JUNCTION     0.13     0.17    21.01     0  00:44        0.17
  ISD-1034             JUNCTION     0.26     0.32    21.17     0  00:48        0.31
  ISD-1035             JUNCTION     0.13     0.17    21.40     0  00:46        0.16
  ISD-1036             JUNCTION     0.15     0.18    21.62     0  00:47        0.18
  ISD-1037             JUNCTION     0.16     0.20    21.74     0  00:47        0.20
  ISD-1038             JUNCTION     0.33     0.39    21.82     0  00:47        0.39
  ISD-1039             JUNCTION     0.18     0.22    21.87     0  00:47        0.22
  ISD-1040             JUNCTION     0.25     0.30    21.91     0  00:47        0.30
  ISD-1041             JUNCTION     0.18     0.22    21.99     0  00:48        0.21
  ISD-1042             JUNCTION     0.11     0.13    21.99     0  00:47        0.13
  ISD-1043             JUNCTION     0.13     0.16    22.04     0  00:48        0.16
  ISD-1044             JUNCTION     0.15     0.17    22.22     0  00:45        0.17
  ISD-1045             JUNCTION     0.20     0.23    22.23     0  00:45        0.23
  ISD-1046             JUNCTION     0.07     0.08    22.27     0  00:50        0.08
  ISD-1047             JUNCTION     0.08     0.10    22.29     0  00:51        0.10
  ISD-1048             JUNCTION     0.17     0.21    16.37     0  00:51        0.21
  ISD-1051             JUNCTION     0.33     0.41    16.32     0  00:53        0.41
  ISD-1052             JUNCTION     0.27     0.35    16.32     0  00:53        0.34
  ISD-1053             JUNCTION     0.21     0.26    16.62     0  00:51        0.25
  ISD-1054             JUNCTION     0.15     0.19    16.56     0  00:51        0.18
  ISD-1055             JUNCTION     0.06     0.07    19.49     0  00:50        0.07
  ISD-1056             JUNCTION     0.05     0.06    19.49     0  00:45        0.06
  ISD-1057             JUNCTION     0.08     0.09    19.44     0  00:45        0.09
  ISD-1058             JUNCTION     0.08     0.10    19.33     0  00:45        0.10
  ISD-1059             JUNCTION     0.18     0.23    19.31     0  00:44        0.21
  ISD-1060             JUNCTION     0.09     0.15    19.29     0  00:44        0.12
  ISD-1061             JUNCTION     0.16     0.30    19.32     0  00:47        0.19
  ISD-1062             JUNCTION     0.27     0.42    19.30     0  00:46        0.38
  ISD-1063             JUNCTION     0.55     0.69    19.26     0  00:46        0.67
  ISD-1064             JUNCTION     0.52     0.67    19.27     0  00:46        0.64
  ISD-1065             JUNCTION     0.49     0.63    19.26     0  00:46        0.61
  ISD-1066             JUNCTION     0.50     0.64    19.26     0  00:45        0.62
  ISD-1067             JUNCTION     0.52     0.66    19.26     0  00:45        0.65
  ISD-1068             JUNCTION     0.44     0.58    19.26     0  00:45        0.57
  ISD-1069             JUNCTION     0.23     0.32    19.22     0  00:45        0.32
  ISD-1070             JUNCTION     0.24     0.42    19.19     0  00:41        0.35
  ISD-1071             JUNCTION     0.69     1.20    19.33     0  00:40        1.00
  ISD-1072             JUNCTION     0.86     1.20    19.12     0  00:40        1.20
  ISD-1074             JUNCTION     0.91     1.20    19.12     0  00:39        1.20
  ISD-1075             JUNCTION     0.82     1.20    19.22     0  00:46        1.10
  ISD-1076             JUNCTION     0.73     1.19    19.33     0  00:46        0.98
  ISD-1077             JUNCTION     0.61     1.20    19.52     0  00:46        0.80
  ISD-1078             JUNCTION     0.57     0.90    19.28     0  01:00        0.90
  ISD-1079             JUNCTION     0.50     0.76    19.23     0  00:40        0.73
  ISD-1080             JUNCTION     0.29     0.36    19.29     0  00:52        0.35
  ISD-1081             JUNCTION     0.26     0.33    20.11     0  00:51        0.31
  ISD-1082             JUNCTION     0.26     0.32    20.40     0  00:51        0.31
  ISD-1083             JUNCTION     0.25     0.31    21.09     0  00:51        0.30
  ISD-1084             JUNCTION     0.22     0.27    23.30     0  00:51        0.26
  ISD-1085             JUNCTION     0.18     0.22    24.31     0  00:50        0.21
  ISD-1086             JUNCTION     0.17     0.21    24.53     0  00:50        0.20
  ISD-1087             JUNCTION     0.16     0.20    24.70     0  00:50        0.19
  ISD-1088             JUNCTION     0.15     0.18    25.14     0  00:52        0.18
  ISD-1089             JUNCTION     0.26     0.35    11.59     0  00:45        0.34
  ISD-1090             JUNCTION     0.33     0.45    13.17     0  00:45        0.44
  ISD-1091             JUNCTION     0.33     0.45    13.52     0  00:45        0.45
  ISD-1092             JUNCTION     0.47     0.61    13.81     0  00:45        0.59
  ISD-1093             JUNCTION     0.53     0.69    13.90     0  00:44        0.66
  ISD-1094             JUNCTION     0.54     0.71    13.92     0  00:44        0.67
  ISD-1095             JUNCTION     0.59     0.76    13.95     0  00:44        0.72
  ISD-1096             JUNCTION     0.52     0.68    13.95     0  00:44        0.64
  ISD-1097             JUNCTION     0.42     0.57    13.97     0  00:44        0.53
  ISD-1098             JUNCTION     0.41     0.55    14.00     0  00:44        0.52
  ISD-1099             JUNCTION     0.38     0.50    14.06     0  00:43        0.49
  ISD-1100             JUNCTION     0.37     0.49    14.14     0  00:43        0.49
  ISD-1101             JUNCTION     0.31     0.41    14.37     0  00:43        0.41
  ISD-1102             JUNCTION     0.35     0.46    14.51     0  00:43        0.45
  ISD-1103             JUNCTION     0.34     0.44    14.61     0  00:43        0.43
  ISD-1104             JUNCTION     0.32     0.42    14.76     0  00:43        0.40
  ISD-1105             JUNCTION     0.41     0.52    14.84     0  00:43        0.50
  ISD-1106             JUNCTION     0.31     0.41    15.13     0  00:43        0.40
  ISD-1107             JUNCTION     0.37     0.47    15.26     0  00:43        0.46
  ISD-1108             JUNCTION     0.39     0.51    15.34     0  00:42        0.49
  ISD-1109             JUNCTION     0.41     0.53    15.38     0  00:43        0.51
  ISD-1110             JUNCTION     0.40     0.51    15.40     0  00:42        0.49
  ISD-1111             JUNCTION     0.38     0.48    15.46     0  00:42        0.47
  ISD-1112             JUNCTION     0.37     0.48    15.50     0  00:42        0.46
  ISD-1113             JUNCTION     0.34     0.43    15.65     0  00:42        0.42
  ISD-1114             JUNCTION     0.32     0.41    15.74     0  00:42        0.40
  ISD-1115             JUNCTION     0.29     0.37    15.86     0  00:42        0.36
  ISD-1116             JUNCTION     0.29     0.37    16.02     0  00:42        0.36
  ISD-1117             JUNCTION     0.29     0.36    16.12     0  00:42        0.35
  ISD-1118             JUNCTION     0.34     0.43    16.26     0  00:42        0.43
  ISD-1119             JUNCTION     0.30     0.37    16.36     0  00:42        0.37
  ISD-1120             JUNCTION     0.27     0.34    16.45     0  00:41        0.34
  ISD-1121             JUNCTION     0.26     0.33    16.64     0  00:41        0.32
  ISD-1122             JUNCTION     0.26     0.32    16.83     0  00:41        0.32
  ISD-1123             JUNCTION     0.23     0.29    17.01     0  00:46        0.29
  ISD-1124             JUNCTION     0.23     0.29    17.26     0  00:46        0.28
  ISD-1125             JUNCTION     0.22     0.27    17.60     0  00:46        0.27
  ISD-1126             JUNCTION     0.21     0.25    17.77     0  00:46        0.25
  ISD-1127             JUNCTION     0.19     0.23    18.98     0  00:46        0.23
  ISD-1128             JUNCTION     0.19     0.23    19.28     0  00:46        0.23
  ISD-1129             JUNCTION     0.18     0.22    19.91     0  00:46        0.22
  ISD-1130             JUNCTION     0.18     0.22    20.28     0  00:46        0.22
  ISD-1131             JUNCTION     0.17     0.21    20.58     0  00:46        0.21
  ISD-1132             JUNCTION     0.18     0.22    20.84     0  00:46        0.22
  ISD-1133             JUNCTION     0.17     0.21    21.49     0  00:46        0.21
  ISD-1134             JUNCTION     0.18     0.22    22.29     0  00:46        0.22
  ISD-1135             JUNCTION     0.34     0.40    22.40     0  00:46        0.40
  ISD-1136             JUNCTION     0.38     0.45    22.44     0  00:46        0.45
  ISD-1137             JUNCTION     0.49     0.58    22.49     0  00:46        0.57
  ISD-1138             JUNCTION     0.43     0.51    22.48     0  00:46        0.51
  ISD-1139             JUNCTION     0.44     0.52    22.51     0  00:46        0.52
  ISD-1140             JUNCTION     0.33     0.40    22.50     0  00:46        0.40
  ISD-1141             JUNCTION     0.19     0.23    23.09     0  00:40        0.23
  ISD-1142             JUNCTION     0.15     0.20    23.33     0  00:40        0.19
  ISD-1143             JUNCTION     0.16     0.20    23.49     0  00:40        0.19
  ISD-1144             JUNCTION     0.15     0.19    23.75     0  00:39        0.18
  ISD-1145             JUNCTION     0.15     0.19    23.96     0  00:39        0.18
  ISD-1146             JUNCTION     0.14     0.19    24.32     0  00:39        0.17
  ISD-1147             JUNCTION     0.15     0.20    24.37     0  00:39        0.18
  ISD-1148             JUNCTION     0.18     0.24    24.40     0  00:39        0.22
  ISD-1149             JUNCTION     0.14     0.20    24.40     0  00:39        0.17
  ISD-1150             JUNCTION     0.09     0.19    24.52     0  00:38        0.11
  ISD-1151             JUNCTION     0.11     0.23    24.54     0  00:38        0.13
  ISD-1152             JUNCTION     0.27     0.61    24.58     0  00:37        0.23
  ISD-1153             JUNCTION     0.43     0.79    24.57     0  00:37        0.67
  ISD-1154             JUNCTION     0.62     1.20    24.76     0  00:37        0.91
  ISD-1155             JUNCTION     0.65     1.20    24.73     0  00:37        0.94
  ISD-1156             JUNCTION     0.78     1.20    24.57     0  00:42        1.08
  ISD-1157             JUNCTION     0.79     1.20    24.55     0  00:42        1.10
  ISD-1158             JUNCTION     0.80     1.20    24.54     0  00:47        1.12
  ISD-1159             JUNCTION     0.87     1.20    24.46     0  00:37        1.20
  ISD-1160             JUNCTION     0.88     1.20    24.44     0  00:37        1.20
  ISD-1161             JUNCTION     0.88     1.20    24.44     0  00:42        1.20
  ISD-1162             JUNCTION     0.88     1.20    24.44     0  00:35        1.20
  ISD-1163             JUNCTION     0.99     1.20    24.31     0  00:34        1.20
  ISD-1164             JUNCTION     0.99     1.20    24.31     0  00:34        1.20
  ISD-1165             JUNCTION     0.99     1.20    24.31     0  00:34        1.20
  ISD-1166             JUNCTION     0.92     1.15    24.34     0  00:34        1.12
  ISD-1167             JUNCTION     0.82     1.20    24.49     0  00:34        1.02
  ISD-1168             JUNCTION     0.78     1.20    24.53     0  00:34        0.98
  ISD-1169             JUNCTION     0.72     1.20    24.60     0  00:34        0.91
  ISD-1170             JUNCTION     0.72     1.20    24.60     0  00:34        0.90
  ISD-1171             JUNCTION     0.64     1.20    24.67     0  00:34        0.82
  ISD-1172             JUNCTION     0.64     1.20    24.66     0  00:34        0.82
  ISD-1173             JUNCTION     0.61     1.20    24.64     0  00:34        0.79
  ISD-1174             JUNCTION     0.70     1.20    24.51     0  00:33        0.89
  ISD-1175             JUNCTION     1.00     1.20    24.04     0  00:31        1.20
  ISD-1176             JUNCTION     1.02     1.20    23.96     0  00:33        1.20
  ISD-1177             JUNCTION     1.02     1.20    23.95     0  00:33        1.20
  ISD-1178             JUNCTION     1.02     1.20    23.95     0  00:33        1.20
  ISD-1179             JUNCTION     1.02     1.20    23.95     0  00:33        1.20
  ISD-1180             JUNCTION     0.84     1.17    24.12     0  00:36        1.00
  ISD-1181             JUNCTION     0.72     1.20    24.28     0  00:32        0.88
  ISD-1182             JUNCTION     0.59     1.20    24.42     0  00:36        0.73
  ISD-1183             JUNCTION     0.45     1.20    24.57     0  00:36        0.57
  ISD-1184             JUNCTION     0.38     0.52    23.94     0  00:36        0.49
  ISD-1185             JUNCTION     0.38     0.52    23.92     0  00:35        0.50
  ISD-1186             JUNCTION     0.43     0.59    23.90     0  00:36        0.57
  ISD-1187             JUNCTION     0.56     1.20    24.33     0  00:35        0.74
  ISD-1188             JUNCTION     0.66     1.20    24.18     0  00:34        0.86
  ISD-1189             JUNCTION     0.81     1.20    23.92     0  00:34        1.06
  ISD-1190             JUNCTION     0.89     1.20    23.79     0  00:34        1.13
  ISD-1191             JUNCTION     0.91     1.20    23.73     0  00:34        1.16
  ISD-1192             JUNCTION     0.91     1.20    23.70     0  00:34        1.14
  ISD-1193             JUNCTION     0.97     1.20    23.63     0  00:34        1.20
  ISD-1194             JUNCTION     0.90     1.20    23.73     0  00:34        1.13
  ISD-1195             JUNCTION     0.89     1.20    23.75     0  00:34        1.12
  ISD-1196             JUNCTION     0.97     1.20    23.68     0  00:34        1.20
  ISD-1197             JUNCTION     0.95     1.20    23.72     0  00:34        1.20
  ISD-1198             JUNCTION     0.89     1.20    23.80     0  00:34        1.13
  ISD-1199             JUNCTION     0.79     1.20    23.93     0  00:34        1.03
  ISD-1200             JUNCTION     0.73     1.20    24.04     0  00:34        0.95
  ISD-1201             JUNCTION     0.63     1.20    24.18     0  00:35        0.84
  ISD-1202             JUNCTION     0.43     1.20    24.45     0  00:35        0.57
  ISD-1203             JUNCTION     0.14     0.16    24.37     0  00:50        0.16
  ISD-1204             JUNCTION     0.09     0.11    25.80     0  00:50        0.11
  ISD-1205             JUNCTION     0.08     0.10    25.81     0  00:50        0.09
  ISD-1206             JUNCTION     0.11     0.14    25.74     0  00:45        0.14
  ISD-1207             JUNCTION     0.13     0.16    25.65     0  00:45        0.16
  ISD-1208             JUNCTION     0.18     0.22    25.34     0  00:46        0.22
  ISD-1209             JUNCTION     0.23     0.27    25.27     0  00:47        0.27
  ISD-1210             JUNCTION     0.22     0.27    25.21     0  00:50        0.27
  ISD-1211             JUNCTION     0.39     0.49    24.44     0  00:50        0.48
  ISD-1212             JUNCTION     0.36     0.46    24.39     0  00:50        0.45
  ISD-1213             JUNCTION     0.39     0.49    24.35     0  00:50        0.48
  ISD-1214             JUNCTION     0.43     0.53    24.29     0  00:50        0.52
  ISD-1215             JUNCTION     0.51     0.62    24.54     0  00:45        0.62
  ISD-1216             JUNCTION     0.62     1.20    25.23     0  00:34        0.77
  ISD-1217             JUNCTION     0.72     1.20    25.22     0  00:34        0.89
  ISD-1218             JUNCTION     0.81     1.20    25.29     0  00:34        1.01
  ISD-1219             JUNCTION     0.84     1.20    25.32     0  00:34        1.04
  ISD-1220             JUNCTION     0.81     1.17    25.44     0  00:34        1.03
  ISD-1221             JUNCTION     0.79     1.20    25.68     0  00:33        0.99
  ISD-1222             JUNCTION     0.84     1.20    25.75     0  00:33        1.04
  ISD-1223             JUNCTION     0.82     1.20    25.82     0  00:33        1.02
  ISD-1224             JUNCTION     1.00     1.20    25.68     0  00:33        1.20
  ISD-1225             JUNCTION     0.91     1.19    25.85     0  00:33        1.12
  ISD-1226             JUNCTION     0.93     1.20    25.90     0  00:33        1.14
  ISD-1227             JUNCTION     0.93     1.20    25.95     0  00:33        1.13
  ISD-1228             JUNCTION     0.97     1.20    25.93     0  00:33        1.17
  ISD-1229             JUNCTION     0.96     1.20    25.97     0  00:33        1.16
  ISD-1230             JUNCTION     0.93     1.16    25.99     0  00:33        1.13
  ISD-1231             JUNCTION     0.98     1.20    26.00     0  00:33        1.18
  ISD-1232             JUNCTION     1.01     1.20    25.99     0  00:33        1.20
  ISD-1233             JUNCTION     0.99     1.20    26.34     0  00:33        1.20
  ISD-1234             JUNCTION     0.98     1.20    26.51     0  00:33        1.20
  ISD-1235             JUNCTION     0.96     1.20    26.71     0  00:33        1.20
  ISD-1236             JUNCTION     0.65     1.20    27.72     0  00:40        0.91
  ISD-1237             JUNCTION     0.60     1.20    28.11     0  00:40        0.87
  ISD-1238             JUNCTION     0.84     1.20    28.85     0  00:40        1.20
  ISD-1239             JUNCTION     0.80     1.20    28.79     0  00:40        1.14
  O-0                  OUTFALL      0.07     0.09     2.61     0  00:51        0.08
  O-1                  OUTFALL      0.14     0.22     2.71     0  00:52        0.21
  O-2                  OUTFALL      0.06     0.08    14.75     0  00:51        0.08
  O-3                  OUTFALL      0.12     0.16    19.73     0  00:56        0.16
  O-4                  OUTFALL      0.43     0.51    24.28     0  00:45        0.51
  O-5                  OUTFALL      0.33     0.41    24.19     0  00:50        0.41
  O-6                  OUTFALL      0.18     0.27    22.59     0  00:59        0.27
  O-7                  OUTFALL      0.19     0.28    22.61     0  01:00        0.28
  O-8                  OUTFALL      0.14     0.19    24.13     0  00:59        0.19
  O-9                  OUTFALL      0.00     0.00    23.27     0  00:00        0.00
  O-10                 OUTFALL      0.30     0.34     6.79     0  00:45        0.34
  O-11                 OUTFALL      0.40     0.49     5.50     0  00:46        0.49
  O-12                 OUTFALL      0.42     0.50     5.54     0  00:40        0.50
  O-13                 OUTFALL      0.06     0.13     6.33     0  00:37        0.08
  O-14                 OUTFALL      0.01     0.01    13.47     0  00:45        0.01
  O-15                 OUTFALL      0.00     0.00    13.63     0  00:00        0.00
  O-16                 OUTFALL      0.26     0.35     8.40     0  00:45        0.34
  O-17                 OUTFALL      0.03     0.06     8.25     0  00:59        0.06
  O-18                 OUTFALL      0.07     0.10     3.81     0  00:56        0.09
  O-19                 OUTFALL      0.15     0.23     2.44     0  00:56        0.23
  O-20                 OUTFALL      0.15     0.23     2.01     0  00:56        0.23
  O-21                 OUTFALL      0.07     0.12     3.55     0  00:55        0.12
  O-22                 OUTFALL      0.05     0.06     2.38     0  00:46        0.06
  O-23                 OUTFALL      0.19     0.36     2.88     0  01:00        0.36
  O-24                 OUTFALL      0.11     0.21     4.72     0  00:53        0.20
  O-25                 OUTFALL      0.00     0.00     4.28     0  00:45        0.00
  O-26                 OUTFALL      0.38     0.48     5.03     0  00:45        0.48
  O-27                 OUTFALL      0.08     0.10     2.11     0  00:52        0.10
  O-28                 OUTFALL      0.10     0.27     3.18     0  01:00        0.27
  O-29                 OUTFALL      0.06     0.07    14.83     0  00:54        0.07
  O-30                 OUTFALL      0.17     0.21    16.29     0  00:51        0.21
  O-31                 OUTFALL      0.06     0.08     3.54     0  00:51        0.07
  O-32                 OUTFALL      0.10     0.15     2.32     0  00:57        0.15
  O-33                 OUTFALL      0.11     0.19     1.83     0  00:59        0.19
  O-34                 OUTFALL      0.14     0.42     3.59     0  01:00        0.42
  O-35                 OUTFALL      0.27     0.35     6.84     0  00:50        0.32
  O-36                 OUTFALL      0.02     0.03     2.56     0  00:45        0.03
  O-37                 OUTFALL      0.04     0.08     2.65     0  00:52        0.08
  O-38                 OUTFALL      0.24     0.41     3.36     0  00:55        0.40
  O-39                 OUTFALL      0.10     0.20     4.00     0  00:39        0.16
  O-40                 OUTFALL      0.28     0.45     2.91     0  01:00        0.45
  O-41                 OUTFALL      0.16     0.22    16.24     0  00:53        0.21
  O-42                 OUTFALL      0.05     0.08    19.75     0  00:55        0.07
  O-43                 OUTFALL      0.17     0.26     2.72     0  01:00        0.26
  
  
  *******************
  Node Inflow Summary
  *******************
  
  -------------------------------------------------------------------------------------------------
                                  Maximum  Maximum                  Lateral       Total        Flow
                                  Lateral    Total  Time of Max      Inflow      Inflow     Balance
                                   Inflow   Inflow   Occurrence      Volume      Volume       Error
  Node                 Type           CMS      CMS  days hr:min    10^6 ltr    10^6 ltr     Percent
  -------------------------------------------------------------------------------------------------
  I-0                  JUNCTION     0.362    0.362     0  00:50        0.57        0.57       5.666
  I-1                  JUNCTION     0.273    0.631     0  00:50       0.436       0.976       8.347
  I-2                  JUNCTION     0.060    0.756     0  00:54      0.0956        1.21       6.285
  I-3                  JUNCTION     0.067    0.505     0  00:44       0.111       0.925       2.724
  I-4                  JUNCTION     0.086    0.501     0  00:35       0.135       0.737      20.889
  I-5                  JUNCTION     0.225    0.250     0  00:55        0.34       0.375      25.817
  I-6                  JUNCTION     0.083    0.083     0  00:50       0.131       0.131      11.950
  I-7                  JUNCTION     0.171    0.171     0  00:55       0.256       0.256       7.626
  I-8                  JUNCTION     0.002    0.097     0  00:50     0.00277      0.0903      18.007
  I-9                  JUNCTION     0.047    0.149     0  00:50      0.0766       0.232      12.462
  I-10                 JUNCTION     0.159    0.159     0  00:50       0.255       0.255       3.108
  I-11                 JUNCTION     0.222    0.224     0  00:50       0.352       0.358      56.023
  I-12                 JUNCTION     0.414    0.414     0  00:55        0.63        0.63      86.987
  I-13                 JUNCTION     0.083    0.251     0  00:55        0.13       0.368      27.215
  I-14                 JUNCTION     0.177    0.287     0  00:55       0.264       0.445       8.754
  I-15                 JUNCTION     0.132    0.384     0  00:55       0.202       0.547      20.289
  I-16                 JUNCTION     0.112    0.112     0  00:55       0.174       0.174       1.200
  I-17                 JUNCTION     0.014    0.288     0  00:51      0.0229       0.425       3.822
  I-20                 JUNCTION     0.028    0.584     0  00:45      0.0463       0.902       6.575
  I-21                 JUNCTION     0.171    0.627     0  01:00       0.273       0.761      11.326
  I-22                 JUNCTION     0.018    0.411     0  00:35      0.0299       0.388      38.019
  I-23                 JUNCTION     0.013    0.093     0  00:50      0.0222       0.147       9.779
  I-24                 JUNCTION     0.018    0.115     0  00:51      0.0307      0.0932       6.482
  I-26                 JUNCTION     0.242    0.487     0  00:59       0.372       0.617      26.415
  I-27                 JUNCTION     0.131    0.131     0  00:55       0.198       0.198      36.979
  I-28                 JUNCTION     0.041    0.150     0  00:34      0.0686       0.108      16.743
  I-29                 JUNCTION     0.031    0.420     0  00:45      0.0521       0.651       2.601
  I-30                 JUNCTION     0.075    0.080     0  00:50       0.118       0.127  126950.964 ltr
  I-31                 JUNCTION     0.004    0.135     0  00:54     0.00625       0.154       3.547
  I-32                 JUNCTION     0.012    0.344     0  00:36      0.0195       0.372       1.578
  I-33                 JUNCTION     0.048    0.609     0  00:48      0.0787       0.927       6.324
  I-34                 JUNCTION     0.140    0.497     0  01:00       0.227       0.563      27.340
  I-35                 JUNCTION     0.040    0.060     0  00:39      0.0652      0.0865       5.472
  I-36                 JUNCTION     0.622    0.968     0  01:00       0.896        1.21     117.971
  I-37                 JUNCTION     0.012    0.014     0  00:41      0.0203      0.0241       2.959
  I-38                 JUNCTION     0.073    0.284     0  01:00       0.118       0.316       9.083
  I-39                 JUNCTION     0.006    0.119     0  00:38      0.0105      0.0584       3.381
  I-40                 JUNCTION     0.008    0.307     0  00:47      0.0131       0.336     131.092
  I-41                 JUNCTION     0.058    0.145     0  00:50      0.0934       0.226       7.917
  I-42                 JUNCTION     0.044    0.044     0  00:50      0.0711      0.0711      26.516
  I-43                 JUNCTION     0.074    0.150     0  00:51       0.115       0.227      13.390
  I-44                 JUNCTION     0.127    0.310     0  00:59         0.2       0.399      10.554
  I-45                 JUNCTION     0.252    0.294     0  00:55       0.359       0.415      12.287
  I-46                 JUNCTION     0.023    0.450     0  00:47       0.039       0.717       0.823
  I-47                 JUNCTION     0.061    0.399     0  00:52       0.097       0.538       7.108
  I-48                 JUNCTION     0.016    0.597     0  00:59      0.0265       0.724       4.297
  I-49                 JUNCTION     0.086    0.397     0  00:53       0.136       0.506      64.108
  I-50                 JUNCTION     0.224    0.396     0  00:55       0.335       0.545      73.205
  I-51                 JUNCTION     0.012    0.341     0  00:51      0.0206       0.448       1.594
  I-52                 JUNCTION     0.038    0.628     0  01:00      0.0623       0.761      25.386
  I-53                 JUNCTION     0.026    0.044     0  00:50      0.0426       0.071       2.676
  I-54                 JUNCTION     0.155    0.234     0  00:55       0.242       0.344      23.997
  I-55                 JUNCTION     0.030    0.625     0  00:52      0.0498       0.787       4.387
  I-56                 JUNCTION     0.070    0.667     0  01:00        0.11        0.79      18.232
  I-57                 JUNCTION     0.048    0.668     0  00:53      0.0784       0.833       6.058
  I-58                 JUNCTION     0.052    0.052     0  00:50      0.0835      0.0835       4.376
  I-59                 JUNCTION     0.007    0.312     0  01:00      0.0121       0.206      20.421
  I-60                 JUNCTION     0.011    0.235     0  00:50      0.0193       0.351      11.020
  I-61                 JUNCTION     0.123    0.417     0  00:57       0.198       0.559      10.556
  I-63                 JUNCTION     0.047    0.454     0  00:53      0.0759       0.578      15.883
  I-64                 JUNCTION     0.006    0.619     0  00:59      0.0107       0.255       5.364
  I-65                 JUNCTION     0.066    0.100     0  00:50       0.106       0.157       5.554
  I-66                 JUNCTION     0.001    1.091     0  00:44     0.00199        1.49       0.656
  I-67                 JUNCTION     0.029    0.473     0  00:56       0.049       0.548       5.334
  I-68                 JUNCTION     0.025    0.131     0  00:55      0.0408        0.15      21.317
  I-69                 JUNCTION     0.043    0.355     0  01:00       0.069       0.383      40.955
  I-71                 JUNCTION     0.131    0.532     0  00:56       0.212       0.718       4.418
  I-72                 JUNCTION     0.038    0.110     0  00:52      0.0614       0.151      37.669
  I-73                 JUNCTION     0.006    0.060     0  00:45      0.0104       0.091       1.809
  I-74                 JUNCTION     0.028    0.073     0  00:49      0.0454      0.0958       8.764
  I-75                 JUNCTION     0.002    0.720     0  01:00     0.00335       0.556     110.315
  I-76                 JUNCTION     0.013    0.162     0  00:57      0.0223       0.178       2.826
  I-77                 JUNCTION     0.031    0.125     0  00:55      0.0516       0.168      70.132
  I-78                 JUNCTION     0.020    0.152     0  00:55      0.0328       0.198      27.307
  I-79                 JUNCTION     0.055    0.140     0  00:55      0.0873       0.184       6.494
  I-80                 JUNCTION     0.006    0.659     0  00:51      0.0092       0.808       1.822
  I-81                 JUNCTION     0.453    0.453     0  00:55       0.678       0.678      14.672
  I-82                 JUNCTION     0.016    0.805     0  00:56      0.0265        1.02     127.090
  I-83                 JUNCTION     0.308    0.833     0  00:55        0.48        1.17      24.031
  I-84                 JUNCTION     0.016    0.102     0  00:55       0.026       0.133       8.386
  I-85                 JUNCTION     0.033    0.133     0  00:55      0.0539       0.176      13.772
  I-86                 JUNCTION     0.027    0.129     0  00:55      0.0446       0.165       6.112
  I-87                 JUNCTION     0.060    0.636     0  00:50      0.0976       0.896      17.715
  I-88                 JUNCTION     0.080    0.194     0  00:55       0.126       0.257      18.465
  I-89                 JUNCTION     0.284    0.574     0  00:54       0.396       0.793       4.370
  I-90                 JUNCTION     0.020    0.163     0  00:57      0.0336       0.202      10.120
  I-91                 JUNCTION     0.042    0.117     0  00:56      0.0678       0.154      19.204
  I-92                 JUNCTION     0.066    0.121     0  00:50       0.105       0.174      32.365
  I-93                 JUNCTION     0.013    0.097     0  00:51      0.0216       0.145      17.149
  I-94                 JUNCTION     0.015    0.128     0  00:50      0.0253       0.205      15.111
  I-95                 JUNCTION     0.049    0.101     0  00:41      0.0785       0.138      14.033
  I-96                 JUNCTION     0.068    0.140     0  00:56       0.109       0.181      24.369
  I-97                 JUNCTION     0.057    0.171     0  00:39      0.0913       0.183      14.889
  I-98                 JUNCTION     0.010    0.249     0  00:45      0.0166       0.238       3.278
  I-99                 JUNCTION     0.057    0.384     0  00:56      0.0904       0.465      20.986
  I-100                JUNCTION     0.042    0.042     0  00:45      0.0694      0.0694       1.768
  I-101                JUNCTION     0.078    0.245     0  00:55       0.122       0.304      17.766
  I-102                JUNCTION     0.018    0.632     0  00:46      0.0292       0.926      23.524
  I-103                JUNCTION     0.238    0.602     0  00:55       0.374       0.863       7.000
  I-104                JUNCTION     0.004    0.294     0  00:53     0.00619       0.357       4.817
  I-105                JUNCTION     0.052    0.111     0  00:46      0.0844       0.182       1.263
  I-106                JUNCTION     0.177    0.985     0  00:57       0.279         1.3      79.037
  I-107                JUNCTION     0.102    0.171     0  00:50       0.157       0.244      33.925
  I-108                JUNCTION     0.029    1.354     0  00:51      0.0493        1.19      26.360
  I-109                JUNCTION     0.037    0.628     0  00:55      0.0628        0.87       2.448
  I-110                JUNCTION     0.068    0.533     0  00:55       0.108       0.627      25.095
  I-111                JUNCTION     0.034    1.145     0  00:45      0.0565        1.84       0.534
  I-112                JUNCTION     0.007    0.221     0  00:47       0.011       0.354       0.544
  I-113                JUNCTION     0.008    0.424     0  00:45      0.0129       0.701       0.531
  I-114                JUNCTION     0.175    0.234     0  00:55       0.257       0.341     422.899
  I-115                JUNCTION     0.014    0.074     0  00:49      0.0239      0.0892       0.000
  I-117                JUNCTION     0.605    0.794     0  01:00       0.821        1.02      30.835
  I-118                JUNCTION     0.002    0.674     0  00:35     0.00414       0.788       2.076
  I-119                JUNCTION     0.454    0.781     0  00:55       0.656        1.17      15.854
  I-120                JUNCTION     0.235    0.235     0  00:55       0.339       0.339      15.668
  I-121                JUNCTION     0.360    0.836     0  00:55       0.517        1.23       0.649
  I-122                JUNCTION     0.236    0.275     0  00:55        0.34       0.402       8.427
  I-123                JUNCTION     0.050    1.074     0  00:55      0.0844        1.66       3.092
  I-124                JUNCTION     0.007    1.290     0  00:51      0.0115        1.68       2.485
  I-125                JUNCTION     0.007    0.651     0  00:51      0.0114       0.824       2.242
  I-126                JUNCTION     0.041    0.199     0  00:57      0.0664        0.25      17.438
  I-127                JUNCTION     0.152    0.528     0  00:56       0.228       0.686      93.734
  I-128                JUNCTION     0.039    0.087     0  00:50      0.0638       0.139       4.504
  I-129                JUNCTION     0.040    0.669     0  00:40      0.0685        1.05       1.323
  I-130                JUNCTION     0.047    0.122     0  00:57      0.0777       0.169      11.746
  I-131                JUNCTION     0.133    0.300     0  00:58       0.204       0.399      21.058
  I-132                JUNCTION     0.259    0.609     0  00:59        0.38       0.777      23.735
  I-133                JUNCTION     0.134    0.134     0  00:55       0.207       0.207       2.136
  I-134                JUNCTION     0.230    0.230     0  00:55       0.349       0.349       1.790
  I-135                JUNCTION     0.012    0.534     0  00:34      0.0203       0.487       2.403
  I-136                JUNCTION     0.080    0.080     0  00:55       0.125       0.125      14.351
  I-137                JUNCTION     0.050    0.073     0  00:50      0.0796       0.113      14.856
  I-138                JUNCTION     0.058    0.083     0  00:35       0.093      0.0974      18.174
  I-139                JUNCTION     0.007    0.918     0  00:46      0.0114       0.876       5.654
  I-140                JUNCTION     0.048    0.260     0  00:44      0.0789       0.257      18.168
  I-141                JUNCTION     0.152    0.392     0  00:55       0.228       0.521      77.937
  I-142                JUNCTION     0.045    0.045     0  00:50      0.0726      0.0744      26.851
  I-143                JUNCTION     0.002    0.601     0  00:58     0.00275       0.725       3.638
  ISD-1                JUNCTION     0.014    0.014     0  00:45      0.0231      0.0231       2.500
  ISD-2                JUNCTION     0.016    0.029     0  00:45      0.0267       0.049       1.764
  ISD-3                JUNCTION     0.016    0.045     0  00:45      0.0267      0.0749       1.223
  ISD-4                JUNCTION     0.013    0.134     0  00:56       0.022       0.104       2.427
  ISD-5                JUNCTION     0.016    0.251     0  00:58      0.0264       0.134       4.406
  ISD-6                JUNCTION     0.015    0.300     0  00:58      0.0252        0.16       8.135
  ISD-7                JUNCTION     0.012    0.367     0  00:57      0.0194       0.174       6.450
  ISD-8                JUNCTION     0.015    0.368     0  00:59      0.0254        0.18       9.896
  ISD-9                JUNCTION     0.015    0.341     0  00:52      0.0249       0.191      10.723
  ISD-10               JUNCTION     0.012    1.246     0  00:52        0.02       0.761       2.319
  ISD-11               JUNCTION     0.012    0.803     0  00:52      0.0208       0.619       2.886
  ISD-12               JUNCTION     0.010    0.791     0  00:52       0.017       0.602       2.517
  ISD-13               JUNCTION     0.010    0.780     0  00:52      0.0168       0.588       2.507
  ISD-14               JUNCTION     0.012    0.833     0  00:51      0.0198       0.594       2.904
  ISD-15               JUNCTION     0.012    0.818     0  00:51      0.0202       0.587       3.207
  ISD-16               JUNCTION     0.010    0.830     0  00:50      0.0175       0.579       3.310
  ISD-17               JUNCTION     0.012    0.800     0  00:51      0.0194       0.574       2.447
  ISD-18               JUNCTION     0.010    0.804     0  00:50      0.0172       0.568       2.148
  ISD-19               JUNCTION     0.009    0.801     0  00:52      0.0147       0.563       2.132
  ISD-20               JUNCTION     0.007    0.803     0  00:51      0.0116       0.559       1.899
  ISD-21               JUNCTION     0.009    0.764     0  00:51      0.0154       0.556       1.928
  ISD-22               JUNCTION     0.015    0.727     0  00:51      0.0244       0.548       2.513
  ISD-23               JUNCTION     0.013    0.707     0  00:51      0.0213       0.535       2.539
  ISD-24               JUNCTION     0.010    0.674     0  00:53      0.0166       0.516       1.814
  ISD-25               JUNCTION     0.010    0.695     0  00:51      0.0165       0.524       2.151
  ISD-26               JUNCTION     0.010    0.668     0  00:53      0.0169       0.509       1.930
  ISD-27               JUNCTION     0.015    0.663     0  00:53      0.0246       0.505       2.711
  ISD-28               JUNCTION     0.013    0.652     0  00:53      0.0217       0.492       2.443
  ISD-29               JUNCTION     0.006    0.721     0  00:53      0.0102        0.48       2.124
  ISD-30               JUNCTION     0.006    0.666     0  00:53      0.0108       0.478       2.164
  ISD-31               JUNCTION     0.007    0.643     0  00:53      0.0118       0.476       2.212
  ISD-32               JUNCTION     0.009    0.655     0  00:53      0.0157       0.474       2.145
  ISD-33               JUNCTION     0.011    0.647     0  00:52      0.0178       0.469       2.185
  ISD-34               JUNCTION     0.009    0.626     0  00:52      0.0151       0.462       2.116
  ISD-35               JUNCTION     0.009    0.618     0  00:53      0.0154       0.456       2.073
  ISD-36               JUNCTION     0.012    0.618     0  00:52      0.0194       0.453       2.420
  ISD-37               JUNCTION     0.010    0.582     0  00:53      0.0162       0.446       2.379
  ISD-38               JUNCTION     0.012    0.562     0  00:52      0.0196       0.441       2.422
  ISD-39               JUNCTION     0.009    0.559     0  00:50      0.0154       0.425       2.539
  ISD-40               JUNCTION     0.011    0.560     0  00:53      0.0192       0.433       2.634
  ISD-41               JUNCTION     0.010    0.540     0  00:52      0.0169       0.421       2.690
  ISD-42               JUNCTION     0.011    0.521     0  00:50      0.0191       0.415       2.933
  ISD-43               JUNCTION     0.011    0.513     0  00:52      0.0182       0.406       3.221
  ISD-44               JUNCTION     0.009    0.494     0  00:52      0.0159       0.399       3.159
  ISD-45               JUNCTION     0.012    0.509     0  00:52      0.0207       0.395       3.369
  ISD-46               JUNCTION     0.011    0.504     0  00:52      0.0186       0.384       2.964
  ISD-47               JUNCTION     0.010    0.539     0  00:52      0.0164       0.377       2.875
  ISD-48               JUNCTION     0.018    0.475     0  00:52      0.0301       0.378       4.926
  ISD-49               JUNCTION     0.018    0.489     0  00:52      0.0297       0.365       5.182
  ISD-50               JUNCTION     0.012    0.446     0  00:52      0.0196       0.347       3.603
  ISD-51               JUNCTION     0.014    0.476     0  00:52      0.0241       0.342       4.376
  ISD-52               JUNCTION     0.014    0.423     0  00:54      0.0235       0.332       4.155
  ISD-53               JUNCTION     0.010    0.397     0  00:54      0.0172       0.319       3.683
  ISD-54               JUNCTION     0.009    0.409     0  00:52      0.0151       0.312       3.765
  ISD-55               JUNCTION     0.014    0.408     0  00:52      0.0231       0.309       4.128
  ISD-56               JUNCTION     0.011    0.407     0  00:52      0.0183       0.299       4.395
  ISD-57               JUNCTION     0.009    0.359     0  00:52      0.0151       0.293       4.605
  ISD-58               JUNCTION     0.019    0.316     0  00:53      0.0313       0.293       5.518
  ISD-59               JUNCTION     0.022    0.332     0  00:53      0.0363       0.277       5.975
  ISD-60               JUNCTION     0.011    0.313     0  00:52      0.0185       0.253       4.865
  ISD-61               JUNCTION     0.012    0.299     0  00:53      0.0205       0.246       4.880
  ISD-62               JUNCTION     0.012    0.352     0  00:53      0.0209       0.236       4.596
  ISD-63               JUNCTION     0.015    0.274     0  00:48       0.025       0.226       4.383
  ISD-64               JUNCTION     0.015    0.272     0  00:53      0.0256       0.207       3.777
  ISD-65               JUNCTION     0.055    0.189     0  00:46      0.0881       0.206      14.462
  ISD-66               JUNCTION     0.051    0.072     0  00:45      0.0836        0.12       2.777
  ISD-67               JUNCTION     0.020    0.022     0  00:40      0.0346      0.0377       2.174
  ISD-68               JUNCTION     0.005    0.005     0  00:35     0.00786     0.00786       0.837
  ISD-69               JUNCTION     0.010    0.070     0  00:50      0.0175      0.0938      11.710
  ISD-70               JUNCTION     0.003    0.026     0  00:34     0.00548      0.0269      32.944
  ISD-71               JUNCTION     0.008    0.012     0  00:40      0.0126        0.02       1.280
  ISD-72               JUNCTION     0.009    0.009     0  00:40      0.0155      0.0155       1.354
  ISD-73               JUNCTION     0.010    0.015     0  00:40      0.0169      0.0248       1.509
  ISD-74               JUNCTION     0.009    0.024     0  00:40      0.0157      0.0402       1.268
  ISD-75               JUNCTION     0.010    0.129     0  00:33      0.0162      0.0668      14.506
  ISD-76               JUNCTION     0.009    0.138     0  00:33      0.0156      0.0867      15.121
  ISD-77               JUNCTION     0.012    0.775     0  00:45      0.0206        1.05       1.247
  ISD-78               JUNCTION     0.013    0.829     0  00:53      0.0222        1.07       1.194
  ISD-79               JUNCTION     0.009    0.824     0  00:56      0.0159        1.07       1.081
  ISD-80               JUNCTION     0.010    0.817     0  00:56       0.017        1.06       1.085
  ISD-81               JUNCTION     0.017    0.808     0  00:56       0.028        1.06       1.084
  ISD-82               JUNCTION     0.020    0.797     0  00:56      0.0329        1.04       1.104
  ISD-83               JUNCTION     0.014    0.782     0  00:56      0.0244        1.02       1.141
  ISD-84               JUNCTION     0.012    0.805     0  00:59      0.0196           1       1.045
  ISD-85               JUNCTION     0.012    0.818     0  00:56      0.0209       0.991       0.769
  ISD-86               JUNCTION     0.008    0.797     0  00:56      0.0143       0.976       0.650
  ISD-87               JUNCTION     0.008    0.779     0  00:56      0.0133       0.968       0.604
  ISD-88               JUNCTION     0.009    0.760     0  00:55       0.016        0.96       0.592
  ISD-89               JUNCTION     0.007    0.804     0  00:55      0.0123        0.95       0.568
  ISD-90               JUNCTION     0.020    0.765     0  00:55       0.034       0.944       0.735
  ISD-91               JUNCTION     0.020    0.742     0  00:55      0.0334       0.916       0.613
  ISD-92               JUNCTION     0.015    0.723     0  00:55      0.0255       0.888       0.572
  ISD-93               JUNCTION     0.014    0.850     0  00:54      0.0238       0.867       0.580
  ISD-94               JUNCTION     0.015    0.687     0  00:55      0.0245       0.849       0.730
  ISD-95               JUNCTION     0.016    0.653     0  00:58      0.0271       0.831       0.770
  ISD-96               JUNCTION     0.016    0.617     0  00:55      0.0265       0.811       0.799
  ISD-97               JUNCTION     0.016    0.603     0  00:56       0.027        0.79       0.734
  ISD-98               JUNCTION     0.016    0.584     0  00:56      0.0272       0.768       0.637
  ISD-99               JUNCTION     0.018    0.565     0  00:56      0.0295       0.745       0.624
  ISD-100              JUNCTION     0.017    0.551     0  00:56      0.0292        0.72       0.674
  ISD-101              JUNCTION     0.024    0.538     0  00:56      0.0394       0.696       0.732
  ISD-102              JUNCTION     0.024    0.519     0  00:56      0.0392       0.662       0.837
  ISD-103              JUNCTION     0.017    0.500     0  00:57      0.0291       0.628       0.857
  ISD-104              JUNCTION     0.018    0.487     0  00:57        0.03       0.605       0.876
  ISD-105              JUNCTION     0.019    0.473     0  00:57      0.0313        0.58       0.904
  ISD-106              JUNCTION     0.027    0.459     0  00:58      0.0443       0.554       1.019
  ISD-107              JUNCTION     0.027    0.439     0  00:58      0.0446       0.516       1.137
  ISD-108              JUNCTION     0.020    0.418     0  00:59      0.0331       0.477       1.173
  ISD-109              JUNCTION     0.308    0.409     0  00:55       0.455        0.58      30.689
  ISD-110              JUNCTION     0.005    0.237     0  00:38     0.00771        0.15       5.275
  ISD-111              JUNCTION     0.005    0.216     0  00:39     0.00822       0.147       3.674
  ISD-112              JUNCTION     0.005    0.230     0  00:38     0.00856       0.153       5.310
  ISD-113              JUNCTION     0.004    0.225     0  00:38     0.00711       0.152       5.291
  ISD-114              JUNCTION     0.005    0.220     0  00:38     0.00824       0.151       5.290
  ISD-115              JUNCTION     0.006    0.215     0  00:38      0.0102       0.148       5.404
  ISD-116              JUNCTION     0.006    0.210     0  00:38      0.0103       0.271       2.907
  ISD-117              JUNCTION     0.008    0.204     0  00:38      0.0135       0.266       2.941
  ISD-118              JUNCTION     0.008    0.197     0  00:38      0.0141        0.26       3.010
  ISD-119              JUNCTION     0.008    0.189     0  00:38      0.0132       0.254       3.100
  ISD-120              JUNCTION     0.008    0.182     0  00:38      0.0132       0.248       3.169
  ISD-121              JUNCTION     0.010    0.175     0  00:38      0.0168       0.243       3.267
  ISD-122              JUNCTION     0.010    0.300     0  00:45      0.0174       0.421       1.855
  ISD-123              JUNCTION     0.009    0.290     0  00:45      0.0146       0.411       1.896
  ISD-124              JUNCTION     0.009    0.281     0  00:45      0.0159       0.404       1.911
  ISD-125              JUNCTION     0.008    0.272     0  00:45      0.0141       0.396       1.956
  ISD-126              JUNCTION     0.008    0.263     0  00:45      0.0139        0.39       1.993
  ISD-127              JUNCTION     0.010    0.255     0  00:45      0.0173       0.383       2.034
  ISD-128              JUNCTION     0.015    0.245     0  00:44      0.0252       0.374       2.093
  ISD-129              JUNCTION     0.014    0.230     0  00:50      0.0232       0.356       2.187
  ISD-130              JUNCTION     0.010    0.219     0  00:59      0.0162       0.341       2.276
  ISD-131              JUNCTION     0.012    0.218     0  00:37      0.0195       0.332       2.342
  ISD-132              JUNCTION     0.012    0.228     0  00:38      0.0196       0.325       2.347
  ISD-133              JUNCTION     0.012    0.454     0  00:38      0.0202       0.318       2.414
  ISD-134              JUNCTION     0.011    0.472     0  00:38      0.0187       0.306       2.513
  ISD-135              JUNCTION     0.011    0.454     0  00:38      0.0187       0.295       2.660
  ISD-136              JUNCTION     0.013    0.443     0  00:38      0.0214       0.285       2.724
  ISD-137              JUNCTION     0.013    0.432     0  00:38      0.0225       0.352       2.212
  ISD-138              JUNCTION     0.014    0.465     0  00:37      0.0235       0.337       2.278
  ISD-139              JUNCTION     0.011    0.456     0  00:37      0.0191       0.321       2.418
  ISD-140              JUNCTION     0.011    0.470     0  00:37      0.0186        0.31       2.526
  ISD-141              JUNCTION     0.015    0.448     0  00:37      0.0248       0.299       2.635
  ISD-142              JUNCTION     0.018    0.436     0  00:37      0.0306       0.487       1.597
  ISD-143              JUNCTION     0.018    0.458     0  00:37      0.0306       0.464       1.679
  ISD-144              JUNCTION     0.016    0.451     0  00:37      0.0269       0.441       1.749
  ISD-145              JUNCTION     0.016    0.433     0  00:37      0.0273       0.422       1.850
  ISD-146              JUNCTION     0.016    0.429     0  00:37      0.0271       0.402       1.933
  ISD-147              JUNCTION     0.021    0.444     0  00:37      0.0343       0.383       2.031
  ISD-148              JUNCTION     0.022    0.426     0  00:36       0.036       0.356       2.173
  ISD-149              JUNCTION     0.017    0.410     0  00:36      0.0284       0.328       2.392
  ISD-150              JUNCTION     0.018    0.415     0  00:36      0.0293       0.307       2.548
  ISD-151              JUNCTION     0.036    0.407     0  00:36      0.0571       0.288       3.780
  ISD-152              JUNCTION     0.116    0.411     0  00:36       0.172        0.25       8.099
  ISD-153              JUNCTION     0.062    0.377     0  00:36      0.0965       0.146      10.254
  ISD-154              JUNCTION     0.035    0.330     0  00:36      0.0559       0.156       5.095
  ISD-155              JUNCTION     0.038    0.306     0  00:36      0.0609         0.2       3.950
  ISD-156              JUNCTION     0.034    0.281     0  00:36      0.0555       0.239       3.291
  ISD-157              JUNCTION     0.033    0.258     0  00:36       0.054       0.279       2.825
  ISD-158              JUNCTION     0.036    0.235     0  00:36      0.0581       0.322       2.419
  ISD-159              JUNCTION     0.039    0.267     0  00:50      0.0622       0.369       2.106
  ISD-160              JUNCTION     0.024    0.291     0  00:49      0.0397       0.394       1.974
  ISD-161              JUNCTION     0.021    0.312     0  00:50      0.0356       0.417       1.867
  ISD-162              JUNCTION     0.028    0.214     0  00:59      0.0456       0.322       2.439
  ISD-163              JUNCTION     0.029    0.242     0  00:49      0.0475       0.356       2.185
  ISD-164              JUNCTION     0.019    0.124     0  00:45      0.0313         0.2       3.975
  ISD-165              JUNCTION     0.021    0.387     0  00:45      0.0346       0.548       1.430
  ISD-166              JUNCTION     0.023    0.106     0  00:52      0.0379       0.173       4.608
  ISD-167              JUNCTION     0.021    0.202     0  00:49      0.0357       0.291       2.696
  ISD-168              JUNCTION     0.040    0.180     0  00:50      0.0645       0.263       4.274
  ISD-169              JUNCTION     0.047    0.140     0  00:50      0.0739       0.209       6.223
  ISD-170              JUNCTION     0.024    0.098     0  00:41        0.04       0.145       5.612
  ISD-171              JUNCTION     0.021    0.076     0  00:59      0.0347       0.115       7.070
  ISD-172              JUNCTION     0.021    0.119     0  00:45      0.0349       0.155       5.172
  ISD-173              JUNCTION     0.023    0.101     0  00:35      0.0374       0.133       6.091
  ISD-174              JUNCTION     0.022    0.117     0  00:35      0.0369       0.109       7.543
  ISD-175              JUNCTION     0.035    0.141     0  00:35       0.056      0.0938       9.441
  ISD-176              JUNCTION     0.033    0.164     0  00:35       0.054      0.0855      10.440
  ISD-177              JUNCTION     0.021    0.179     0  00:35      0.0355         0.1       8.187
  ISD-178              JUNCTION     0.019    0.198     0  00:35      0.0308       0.123       6.590
  ISD-179              JUNCTION     0.019    0.199     0  00:35       0.032       0.148       5.439
  ISD-180              JUNCTION     0.018    0.215     0  00:35      0.0294        0.17       4.705
  ISD-181              JUNCTION     0.021    0.232     0  00:35      0.0353       0.197       3.994
  ISD-182              JUNCTION     0.020    0.248     0  00:35      0.0336       0.221       3.561
  ISD-183              JUNCTION     0.016    0.252     0  00:35       0.026       0.238       3.288
  ISD-184              JUNCTION     0.021    0.264     0  00:35      0.0356       0.264       2.920
  ISD-185              JUNCTION     0.020    0.285     0  00:35       0.034       0.287       2.716
  ISD-186              JUNCTION     0.014    0.278     0  00:36       0.024       0.301       2.544
  ISD-187              JUNCTION     0.015    0.260     0  00:36      0.0248       0.317       2.441
  ISD-188              JUNCTION     0.018    0.276     0  00:36      0.0306       0.336       0.757
  ISD-189              JUNCTION     0.017    0.321     0  00:36      0.0292       0.359       1.898
  ISD-190              JUNCTION     0.012    0.370     0  00:37      0.0204       0.387       2.123
  ISD-191              JUNCTION     0.013    0.387     0  00:37      0.0213         0.4       2.385
  ISD-192              JUNCTION     0.015    0.378     0  00:37      0.0252       0.416       2.925
  ISD-193              JUNCTION     0.017    0.362     0  00:37      0.0279       0.432       3.727
  ISD-194              JUNCTION     0.011    0.345     0  00:37      0.0193       0.436       3.057
  ISD-195              JUNCTION     0.012    0.336     0  00:46      0.0201       0.443       2.717
  ISD-196              JUNCTION     0.014    0.368     0  00:38      0.0234       0.455       4.432
  ISD-197              JUNCTION     0.011    0.349     0  00:46      0.0179       0.454       2.536
  ISD-198              JUNCTION     0.011    0.371     0  00:46      0.0177        0.46       2.480
  ISD-199              JUNCTION     0.018    0.385     0  00:45      0.0303       0.479       4.509
  ISD-200              JUNCTION     0.017    0.385     0  00:46      0.0277       0.486       4.005
  ISD-201              JUNCTION     0.007    0.388     0  00:46      0.0118       0.479       1.931
  ISD-202              JUNCTION     0.007    0.390     0  00:46      0.0111       0.481       2.081
  ISD-203              JUNCTION     0.007    0.391     0  00:46      0.0119       0.483       2.216
  ISD-204              JUNCTION     0.008    0.393     0  00:46      0.0129       0.486       2.371
  ISD-205              JUNCTION     0.007    0.398     0  00:45      0.0124       0.487       2.350
  ISD-206              JUNCTION     0.006    0.400     0  00:45     0.00955       0.485       2.180
  ISD-207              JUNCTION     0.005    0.399     0  00:45     0.00819       0.483       1.986
  ISD-208              JUNCTION     0.005    0.401     0  00:46     0.00859       0.482       2.067
  ISD-209              JUNCTION     0.005    0.402     0  00:45     0.00876       0.481       2.194
  ISD-210              JUNCTION     0.004    0.400     0  00:45     0.00635       0.477       2.146
  ISD-211              JUNCTION     0.003    0.393     0  00:46     0.00433       0.471       2.071
  ISD-212              JUNCTION     0.002    0.392     0  00:46     0.00401       0.466       2.165
  ISD-213              JUNCTION     0.002    0.388     0  00:44     0.00346       0.459       2.791
  ISD-215              JUNCTION     0.003    0.087     0  00:38     0.00521      0.0763      26.098
  ISD-216              JUNCTION     0.005    0.088     0  00:39     0.00859      0.0829      18.825
  ISD-217              JUNCTION     0.005    0.086     0  00:40     0.00819      0.0833      12.178
  ISD-218              JUNCTION     0.007    0.086     0  00:41      0.0124       0.087      15.921
  ISD-219              JUNCTION     0.012    0.079     0  00:41      0.0198      0.0869      16.619
  ISD-220              JUNCTION     0.014    0.069     0  00:42      0.0231       0.079      16.803
  ISD-221              JUNCTION     0.011    0.058     0  00:45      0.0181      0.0667      17.125
  ISD-222              JUNCTION     0.008    0.052     0  00:45      0.0129      0.0566      13.141
  ISD-223              JUNCTION     0.006    0.053     0  00:46      0.0101      0.0489      13.219
  ISD-224              JUNCTION     0.006    0.052     0  00:45        0.01      0.0533      20.253
  ISD-225              JUNCTION     0.006    0.053     0  00:46      0.0109      0.0444      12.611
  ISD-226              JUNCTION     0.012    0.049     0  00:47      0.0199      0.0419      18.945
  ISD-227              JUNCTION     0.011    0.042     0  00:47      0.0181      0.0316      24.480
  ISD-228              JUNCTION     0.007    0.302     0  01:00      0.0118       0.172       2.392
  ISD-229              JUNCTION     0.005    0.308     0  00:59     0.00881       0.177       2.501
  ISD-230              JUNCTION     0.008    0.316     0  00:59      0.0134       0.186       3.095
  ISD-231              JUNCTION     0.008    0.315     0  00:58      0.0133       0.194       3.515
  ISD-232              JUNCTION     0.008    0.333     0  00:58      0.0141       0.208       3.806
  ISD-233              JUNCTION     0.007    0.333     0  00:59      0.0127         0.2       3.052
  ISD-234              JUNCTION     0.011    0.343     0  00:59      0.0188       0.219       4.015
  ISD-235              JUNCTION     0.012    0.363     0  00:58      0.0197       0.231       3.786
  ISD-236              JUNCTION     0.009    0.387     0  00:59       0.016       0.238       3.014
  ISD-237              JUNCTION     0.008    0.022     0  00:58      0.0139      0.0177       6.181
  ISD-238              JUNCTION     0.006    0.020     0  00:57     0.00989      0.0192      12.116
  ISD-239              JUNCTION     0.009    0.026     0  00:58       0.016      0.0259       4.211
  ISD-240              JUNCTION     0.008    0.031     0  00:58      0.0136      0.0384       6.210
  ISD-241              JUNCTION     0.007    0.035     0  00:58      0.0125      0.0487       4.907
  ISD-242              JUNCTION     0.007    0.040     0  00:59      0.0125      0.0589       2.898
  ISD-243              JUNCTION     0.006    0.044     0  00:59      0.0109       0.068       4.570
  ISD-244              JUNCTION     0.005    0.047     0  00:59     0.00896       0.074       3.955
  ISD-245              JUNCTION     0.007    0.054     0  00:45      0.0127       0.084       4.140
  ISD-246              JUNCTION     0.004    0.261     0  01:00     0.00752       0.214       4.921
  ISD-247              JUNCTION     0.010    0.265     0  00:59      0.0173       0.228       8.439
  ISD-248              JUNCTION     0.010    0.259     0  00:59      0.0163       0.227       4.449
  ISD-249              JUNCTION     0.012    0.305     0  00:59      0.0207       0.232       7.028
  ISD-250              JUNCTION     0.008    0.247     0  00:59      0.0138       0.224       4.358
  ISD-251              JUNCTION     0.011    0.253     0  00:59      0.0181       0.228       4.373
  ISD-252              JUNCTION     0.017    0.605     0  00:54      0.0289       0.782       2.611
  ISD-253              JUNCTION     0.028    0.596     0  00:54      0.0458       0.791       4.916
  ISD-254              JUNCTION     0.023    0.300     0  00:52      0.0382       0.417       3.717
  ISD-255              JUNCTION     0.034    0.278     0  00:52      0.0554       0.388       6.715
  ISD-256              JUNCTION     0.040    0.244     0  00:52      0.0638       0.355       8.900
  ISD-257              JUNCTION     0.044    0.214     0  00:51      0.0706       0.322      10.907
  ISD-258              JUNCTION     0.038    0.179     0  00:50      0.0618       0.271       8.020
  ISD-259              JUNCTION     0.035    0.141     0  00:50      0.0568       0.214       2.029
  ISD-260              JUNCTION     0.030    0.107     0  00:50      0.0502        0.16       1.989
  ISD-261              JUNCTION     0.018    0.076     0  00:50      0.0296       0.112       1.509
  ISD-262              JUNCTION     0.010    0.059     0  00:52      0.0168      0.0834       1.513
  ISD-263              JUNCTION     0.011    0.085     0  00:50      0.0192       0.126       2.117
  ISD-264              JUNCTION     0.009    0.075     0  00:51       0.016       0.109       1.967
  ISD-265              JUNCTION     0.031    0.114     0  00:50      0.0514       0.182       1.684
  ISD-266              JUNCTION     0.032    0.083     0  00:50       0.053       0.133       1.914
  ISD-267              JUNCTION     0.051    0.051     0  00:50      0.0818      0.0818       0.000
  ISD-268              JUNCTION     0.063    0.068     0  00:38      0.0998        0.11      60.725
  ISD-269              JUNCTION     0.035    0.098     0  00:50      0.0572       0.126      10.618
  ISD-270              JUNCTION     0.010    0.106     0  00:51      0.0168        0.12       2.256
  ISD-271              JUNCTION     0.008    0.112     0  00:51      0.0131       0.131       5.141
  ISD-272              JUNCTION     0.003    0.114     0  00:51     0.00501        0.13       6.239
  ISD-273              JUNCTION     0.004    0.203     0  00:43     0.00687        0.14       4.262
  ISD-274              JUNCTION     0.003    0.193     0  00:43     0.00555       0.138       5.363
  ISD-275              JUNCTION     0.005    0.208     0  00:43     0.00772       0.138       6.548
  ISD-276              JUNCTION     0.005    0.213     0  00:43     0.00796       0.139       7.432
  ISD-277              JUNCTION     0.005    0.192     0  00:43     0.00853        0.14       8.214
  ISD-278              JUNCTION     0.005    0.232     0  00:43     0.00897       0.141       9.348
  ISD-279              JUNCTION     0.006    0.222     0  00:43     0.00951       0.143       9.856
  ISD-280              JUNCTION     0.005    0.227     0  00:42      0.0091       0.145      11.342
  ISD-281              JUNCTION     0.005    0.241     0  00:43     0.00856       0.145      10.892
  ISD-282              JUNCTION     0.005    0.261     0  00:42     0.00878       0.147      11.469
  ISD-283              JUNCTION     0.005    0.933     0  00:47     0.00757       0.834       1.858
  ISD-285              JUNCTION     0.007    0.864     0  00:46      0.0125       0.803       2.515
  ISD-286              JUNCTION     0.008    0.845     0  00:46      0.0135       0.811       2.597
  ISD-287              JUNCTION     0.008    0.867     0  00:46      0.0137       0.816       2.503
  ISD-288              JUNCTION     0.005    0.828     0  00:47     0.00888       0.816       1.634
  ISD-289              JUNCTION     0.005    0.832     0  00:46     0.00849       0.819       1.564
  ISD-290              JUNCTION     0.006    0.811     0  00:46     0.00949       0.824       1.555
  ISD-291              JUNCTION     0.006    0.838     0  00:46      0.0108       0.827       1.587
  ISD-292              JUNCTION     0.006    0.788     0  00:46     0.00954       0.828       1.509
  ISD-293              JUNCTION     0.005    0.832     0  00:46     0.00775        0.83       1.370
  ISD-294              JUNCTION     0.007    0.775     0  00:46       0.011       0.838       1.881
  ISD-295              JUNCTION     0.007    0.775     0  00:46      0.0123       0.844       2.057
  ISD-296              JUNCTION     0.009    0.749     0  00:46      0.0153       0.848       1.910
  ISD-297              JUNCTION     0.013    0.753     0  00:46       0.022       0.848       1.876
  ISD-298              JUNCTION     0.011    0.726     0  00:54      0.0179       0.838       1.453
  ISD-299              JUNCTION     0.009    0.706     0  00:46       0.016        0.83       1.281
  ISD-300              JUNCTION     0.009    0.693     0  00:54      0.0151       0.825       1.266
  ISD-301              JUNCTION     0.009    0.683     0  00:47      0.0151        0.82       1.266
  ISD-302              JUNCTION     0.011    0.677     0  00:54      0.0185       0.817       1.471
  ISD-303              JUNCTION     0.009    0.684     0  00:54      0.0153       0.807       1.149
  ISD-304              JUNCTION     0.012    0.704     0  00:47      0.0197       0.796       1.213
  ISD-305              JUNCTION     0.008    0.671     0  00:54      0.0142         0.8       1.069
  ISD-306              JUNCTION     0.009    0.891     0  00:47       0.016       0.784       1.063
  ISD-307              JUNCTION     0.006    0.875     0  00:47     0.00947       0.774       0.765
  ISD-308              JUNCTION     0.011    0.616     0  00:54      0.0187        0.77       0.686
  ISD-309              JUNCTION     0.013    0.607     0  00:53      0.0215       0.757       0.718
  ISD-310              JUNCTION     0.011    0.602     0  00:53       0.018        0.74       0.684
  ISD-311              JUNCTION     0.012    0.588     0  00:53      0.0202       0.727       0.713
  ISD-312              JUNCTION     0.011    0.579     0  00:53      0.0189       0.712       0.682
  ISD-313              JUNCTION     0.012    0.568     0  00:53      0.0205       0.698       0.722
  ISD-314              JUNCTION     0.012    0.550     0  00:53      0.0204       0.683       0.751
  ISD-315              JUNCTION     0.010    0.537     0  00:53      0.0162       0.669       0.896
  ISD-316              JUNCTION     0.012    0.534     0  00:53      0.0199       0.661       1.239
  ISD-317              JUNCTION     0.014    0.533     0  00:53      0.0233       0.651       1.634
  ISD-318              JUNCTION     0.016    0.526     0  00:52      0.0269        0.64       1.996
  ISD-319              JUNCTION     0.014    0.497     0  00:52      0.0242       0.619       1.063
  ISD-320              JUNCTION     0.016    0.484     0  00:52      0.0272         0.6       0.777
  ISD-321              JUNCTION     0.016    0.467     0  00:52      0.0262       0.577       0.778
  ISD-322              JUNCTION     0.011    0.452     0  00:52      0.0178       0.554       0.607
  ISD-323              JUNCTION     0.013    0.445     0  00:52      0.0212        0.54       0.638
  ISD-324              JUNCTION     0.013    0.433     0  00:52      0.0216       0.522       0.604
  ISD-325              JUNCTION     0.011    0.430     0  00:52      0.0185       0.504       0.742
  ISD-326              JUNCTION     0.009    0.422     0  00:52       0.015       0.489       0.825
  ISD-327              JUNCTION     0.009    0.415     0  00:52      0.0147       0.478       0.805
  ISD-328              JUNCTION     0.009    0.410     0  00:52      0.0148       0.467       0.709
  ISD-329              JUNCTION     0.010    0.403     0  00:51      0.0171       0.455       0.750
  ISD-330              JUNCTION     0.009    0.392     0  00:51      0.0145       0.442       0.736
  ISD-331              JUNCTION     0.008    0.379     0  00:51      0.0128        0.43       0.728
  ISD-332              JUNCTION     0.007    0.432     0  00:51      0.0124        0.42       0.705
  ISD-333              JUNCTION     0.007    0.340     0  00:51      0.0126       0.412       0.989
  ISD-334              JUNCTION     0.008    0.332     0  00:53      0.0133       0.403       0.776
  ISD-335              JUNCTION     0.006    0.326     0  00:53      0.0109       0.392       0.745
  ISD-336              JUNCTION     0.006    0.321     0  00:53      0.0102       0.384       0.746
  ISD-337              JUNCTION     0.007    0.316     0  00:53      0.0114       0.377       0.846
  ISD-338              JUNCTION     0.006    0.311     0  00:53     0.00974       0.369       0.805
  ISD-339              JUNCTION     0.005    0.307     0  00:53       0.008       0.362       0.823
  ISD-340              JUNCTION     0.005    0.304     0  00:53     0.00791       0.357       0.827
  ISD-341              JUNCTION     0.005    0.300     0  00:53     0.00808       0.352       0.855
  ISD-342              JUNCTION     0.004    0.297     0  00:53     0.00719       0.346       0.809
  ISD-343              JUNCTION     0.005    0.052     0  00:42     0.00896      0.0841       1.883
  ISD-344              JUNCTION     0.005    0.056     0  00:41     0.00774      0.0902       2.650
  ISD-345              JUNCTION     0.007    0.047     0  00:42      0.0122      0.0762       1.449
  ISD-346              JUNCTION     0.008    0.039     0  00:42      0.0139      0.0649       1.514
  ISD-347              JUNCTION     0.008    0.031     0  00:41       0.014      0.0518       1.595
  ISD-348              JUNCTION     0.009    0.023     0  00:41      0.0159      0.0385       1.855
  ISD-349              JUNCTION     0.007    0.014     0  00:40      0.0127      0.0231       2.277
  ISD-350              JUNCTION     0.006    0.006     0  00:40      0.0107      0.0107       0.000
  ISD-351              JUNCTION     0.009    0.289     0  00:54      0.0155       0.168       9.562
  ISD-352              JUNCTION     0.008    0.481     0  00:57      0.0143        0.22       6.827
  ISD-353              JUNCTION     0.008    0.352     0  00:39      0.0131       0.221       5.641
  ISD-354              JUNCTION     0.009    0.650     0  00:59      0.0144       0.261       3.469
  ISD-355              JUNCTION     0.009    0.577     0  00:59      0.0151       0.238       4.459
  ISD-356              JUNCTION     0.020    0.260     0  00:41      0.0327        0.14      12.318
  ISD-357              JUNCTION     0.019    0.066     0  00:55      0.0319       0.093       4.510
  ISD-358              JUNCTION     0.009    0.051     0  00:58      0.0153      0.0621       1.925
  ISD-359              JUNCTION     0.011    0.204     0  00:44      0.0187       0.212       2.776
  ISD-360              JUNCTION     0.006    0.190     0  00:44     0.00995         0.2       2.936
  ISD-361              JUNCTION     0.006    0.187     0  00:44      0.0104       0.195       3.015
  ISD-362              JUNCTION     0.009    0.184     0  00:44      0.0154        0.19       3.106
  ISD-363              JUNCTION     0.010    0.182     0  00:44      0.0166       0.181       3.292
  ISD-364              JUNCTION     0.009    0.168     0  00:44      0.0158        0.17       3.474
  ISD-365              JUNCTION     0.009    0.159     0  00:44      0.0161        0.16       3.714
  ISD-366              JUNCTION     0.073    0.144     0  00:43       0.115       0.179      15.917
  ISD-367              JUNCTION     0.079    0.079     0  00:50       0.125       0.125       2.129
  ISD-368              JUNCTION     0.014    0.052     0  00:50      0.0236      0.0841       1.093
  ISD-369              JUNCTION     0.017    0.067     0  00:46      0.0278       0.111       0.928
  ISD-370              JUNCTION     0.014    0.081     0  00:45       0.024       0.134       0.820
  ISD-371              JUNCTION     0.014    0.095     0  00:45       0.024       0.157       0.730
  ISD-372              JUNCTION     0.017    0.112     0  00:45      0.0291       0.185       0.675
  ISD-373              JUNCTION     0.018    0.130     0  00:45      0.0299       0.214       0.612
  ISD-374              JUNCTION     0.014    0.144     0  00:45      0.0245       0.237       0.581
  ISD-375              JUNCTION     0.014    0.158     0  00:45      0.0234       0.259       0.560
  ISD-376              JUNCTION     0.017    0.175     0  00:45      0.0287       0.286       0.524
  ISD-377              JUNCTION     0.015    0.190     0  00:45      0.0256        0.31       0.500
  ISD-378              JUNCTION     0.011    0.201     0  00:45      0.0189       0.327       0.490
  ISD-379              JUNCTION     0.010    0.210     0  00:45      0.0166       0.342       0.490
  ISD-380              JUNCTION     0.014    0.224     0  00:45      0.0235       0.364       0.447
  ISD-381              JUNCTION     0.014    0.312     0  00:38      0.0243       0.388       1.951
  ISD-382              JUNCTION     0.010    0.372     0  00:38      0.0172       0.399       1.929
  ISD-383              JUNCTION     0.010    0.317     0  00:38      0.0171       0.408       1.897
  ISD-384              JUNCTION     0.015    0.274     0  00:37      0.0249       0.424       1.824
  ISD-385              JUNCTION     0.018    0.291     0  00:45      0.0307       0.447       1.710
  ISD-386              JUNCTION     0.015    0.306     0  00:45      0.0261       0.464       1.627
  ISD-387              JUNCTION     0.011    0.318     0  00:45      0.0192       0.475       1.628
  ISD-388              JUNCTION     0.011    0.328     0  00:45      0.0182       0.483       1.601
  ISD-389              JUNCTION     0.014    0.263     0  00:37      0.0239       0.367       2.122
  ISD-390              JUNCTION     0.019    0.279     0  00:37      0.0311        0.39       1.941
  ISD-391              JUNCTION     0.016    0.285     0  00:37       0.027       0.409       1.868
  ISD-392              JUNCTION     0.015    0.290     0  00:37      0.0257       0.427       1.830
  ISD-393              JUNCTION     0.018    0.298     0  00:37      0.0309        0.45       1.722
  ISD-394              JUNCTION     0.015    0.303     0  00:37      0.0253       0.468       1.662
  ISD-395              JUNCTION     0.011    0.306     0  00:37      0.0182       0.478       1.621
  ISD-396              JUNCTION     0.011    0.311     0  00:37      0.0182       0.489       1.592
  ISD-397              JUNCTION     0.015    0.318     0  00:37      0.0254       0.507       1.531
  ISD-398              JUNCTION     0.019    0.333     0  00:44      0.0316       0.531       1.447
  ISD-399              JUNCTION     0.016    0.349     0  00:45       0.027       0.549       1.379
  ISD-400              JUNCTION     0.011    0.360     0  00:45      0.0188       0.561       1.385
  ISD-401              JUNCTION     0.011    0.372     0  00:44      0.0189       0.572       1.320
  ISD-402              JUNCTION     0.015    0.387     0  00:44      0.0259        0.59       1.299
  ISD-403              JUNCTION     0.019    0.342     0  00:36      0.0324       0.529       1.447
  ISD-404              JUNCTION     0.016    0.344     0  00:36       0.027       0.548       1.378
  ISD-405              JUNCTION     0.011    0.348     0  00:58      0.0184       0.558       1.373
  ISD-406              JUNCTION     0.011    0.359     0  00:43      0.0194        0.57       1.358
  ISD-407              JUNCTION     0.016    0.374     0  00:44      0.0263       0.589       1.310
  ISD-408              JUNCTION     0.016    0.390     0  00:44      0.0267       0.608       1.265
  ISD-409              JUNCTION     0.012    0.414     0  00:45      0.0198       0.632       1.240
  ISD-410              JUNCTION     0.012    0.402     0  00:45      0.0203        0.62       1.248
  ISD-411              JUNCTION     0.012    0.326     0  00:35      0.0207       0.488       1.580
  ISD-412              JUNCTION     0.011    0.325     0  00:35      0.0193       0.499       1.567
  ISD-413              JUNCTION     0.017    0.326     0  00:59      0.0282        0.52       1.495
  ISD-414              JUNCTION     0.021    0.341     0  00:59      0.0348       0.547       1.381
  ISD-415              JUNCTION     0.017    0.355     0  00:44      0.0279       0.567       1.371
  ISD-416              JUNCTION     0.012    0.368     0  00:42       0.021        0.58       1.327
  ISD-417              JUNCTION     0.012    0.380     0  00:44      0.0198       0.592       1.305
  ISD-418              JUNCTION     0.016    0.396     0  00:45      0.0275       0.612       1.256
  ISD-419              JUNCTION     0.018    0.414     0  00:45      0.0297       0.634       1.218
  ISD-420              JUNCTION     0.013    0.394     0  00:42      0.0222       0.616       1.253
  ISD-421              JUNCTION     0.013    0.408     0  00:44      0.0224       0.631       1.234
  ISD-422              JUNCTION     0.035    0.359     0  01:00      0.0576       0.554       1.469
  ISD-423              JUNCTION     0.026    0.349     0  00:45      0.0427       0.557       1.394
  ISD-424              JUNCTION     0.018    0.377     0  00:45      0.0295       0.592       1.304
  ISD-425              JUNCTION     0.032    0.384     0  01:00      0.0528       0.599       1.292
  ISD-426              JUNCTION     0.029    0.406     0  00:59      0.0486        0.64       1.213
  ISD-427              JUNCTION     0.029    0.427     0  00:59      0.0478       0.681       1.125
  ISD-428              JUNCTION     0.029    0.450     0  00:49      0.0475       0.722       1.075
  ISD-429              JUNCTION     0.029    0.479     0  00:45      0.0486       0.764       1.012
  ISD-430              JUNCTION     0.025    0.504     0  00:45      0.0422         0.8       0.958
  ISD-431              JUNCTION     0.022    0.526     0  00:45       0.037       0.832       0.931
  ISD-432              JUNCTION     0.025    0.572     0  00:45      0.0421       0.894       0.862
  ISD-433              JUNCTION     0.020    0.546     0  00:45       0.034        0.86       0.892
  ISD-434              JUNCTION     0.022    0.593     0  00:45      0.0361       0.921       0.859
  ISD-435              JUNCTION     0.020    0.235     0  00:59      0.0341       0.398       1.964
  ISD-436              JUNCTION     0.025    0.254     0  00:36      0.0419       0.433       1.797
  ISD-437              JUNCTION     0.032    0.285     0  00:44      0.0538       0.481       1.615
  ISD-438              JUNCTION     0.038    0.324     0  00:45      0.0638       0.538       1.466
  ISD-439              JUNCTION     0.042    0.142     0  00:49      0.0701        0.25       3.333
  ISD-440              JUNCTION     0.035    0.583     0  00:45      0.0585        0.94       0.839
  ISD-441              JUNCTION     0.031    0.531     0  00:45      0.0522       0.826       0.934
  ISD-442              JUNCTION     0.027    0.406     0  00:44      0.0447       0.659       1.183
  ISD-443              JUNCTION     0.031    0.500     0  00:45      0.0521       0.785       0.985
  ISD-444              JUNCTION     0.026    0.468     0  00:44      0.0433       0.741       1.040
  ISD-445              JUNCTION     0.026    0.442     0  00:45       0.043       0.703       1.102
  ISD-446              JUNCTION     0.028    0.417     0  00:45       0.046       0.667       1.156
  ISD-447              JUNCTION     0.027    0.389     0  00:44      0.0451       0.627       1.231
  ISD-448              JUNCTION     0.027    0.364     0  00:59      0.0452       0.588       1.316
  ISD-449              JUNCTION     0.038    0.345     0  00:59      0.0637       0.549       1.406
  ISD-450              JUNCTION     0.034    0.316     0  01:00      0.0559       0.492       2.022
  ISD-451              JUNCTION     0.034    0.292     0  00:59       0.056       0.442       2.230
  ISD-452              JUNCTION     0.020    0.322     0  00:45      0.0334       0.502       1.538
  ISD-453              JUNCTION     0.022    0.399     0  00:44      0.0363       0.606       1.274
  ISD-454              JUNCTION     0.017    0.377     0  00:44      0.0293       0.576       1.329
  ISD-455              JUNCTION     0.013    0.360     0  00:39      0.0221       0.554       1.383
  ISD-456              JUNCTION     0.013    0.348     0  00:59      0.0217       0.541       1.422
  ISD-457              JUNCTION     0.011    0.332     0  00:59       0.018       0.512       1.511
  ISD-458              JUNCTION     0.013    0.340     0  00:59      0.0218       0.527       1.468
  ISD-459              JUNCTION     0.012    0.462     0  00:44      0.0205       0.702       1.101
  ISD-460              JUNCTION     0.012    0.450     0  00:43      0.0209       0.689       1.119
  ISD-461              JUNCTION     0.016    0.438     0  00:45      0.0265       0.676       1.135
  ISD-462              JUNCTION     0.015    0.422     0  00:42       0.025       0.657       1.166
  ISD-463              JUNCTION     0.014    0.410     0  00:59      0.0234        0.64       1.200
  ISD-464              JUNCTION     0.013    0.401     0  00:59      0.0224       0.624       1.233
  ISD-465              JUNCTION     0.012    0.474     0  00:44      0.0208       0.734       1.051
  ISD-466              JUNCTION     0.012    0.462     0  00:42      0.0194       0.721       1.070
  ISD-467              JUNCTION     0.008    0.451     0  00:40       0.014       0.709       1.085
  ISD-468              JUNCTION     0.007    0.443     0  00:39      0.0122       0.703       1.099
  ISD-469              JUNCTION     0.006    0.570     0  00:36     0.00962       0.699       1.069
  ISD-470              JUNCTION     0.006    0.573     0  00:36      0.0107       0.697       1.098
  ISD-471              JUNCTION     0.006    0.552     0  00:36     0.00937       0.694       1.114
  ISD-472              JUNCTION     0.004    0.546     0  00:36     0.00737       0.727       1.058
  ISD-473              JUNCTION     0.004    0.541     0  00:36     0.00745       0.727       1.058
  ISD-474              JUNCTION     0.004    0.537     0  00:36     0.00641       0.727       1.064
  ISD-475              JUNCTION     0.003    0.534     0  00:36     0.00471       0.744       1.035
  ISD-476              JUNCTION     0.003    0.533     0  00:36     0.00438       0.747       1.031
  ISD-477              JUNCTION     0.002    0.548     0  00:35     0.00397        0.75       1.027
  ISD-478              JUNCTION     0.002    0.578     0  00:35     0.00354       0.754       1.019
  ISD-479              JUNCTION     0.003    0.482     0  00:35     0.00572       0.551       1.405
  ISD-480              JUNCTION     0.004    0.476     0  00:35      0.0067       0.552       1.405
  ISD-481              JUNCTION     0.009    0.465     0  00:35      0.0152       0.683       1.135
  ISD-482              JUNCTION     0.005    0.471     0  00:35     0.00899       0.684       1.128
  ISD-483              JUNCTION     0.008    0.501     0  00:40      0.0141        0.84       0.918
  ISD-484              JUNCTION     0.009    0.492     0  00:40      0.0159       0.834       0.924
  ISD-485              JUNCTION     0.013    0.483     0  00:39      0.0221       0.825       0.926
  ISD-486              JUNCTION     0.013    0.489     0  00:35      0.0215       0.811       0.956
  ISD-487              JUNCTION     0.047    0.473     0  00:35      0.0769       0.823       2.385
  ISD-488              JUNCTION     0.062    0.625     0  00:49         0.1        1.01       2.108
  ISD-489              JUNCTION     0.026    0.564     0  00:45      0.0437       0.919       0.840
  ISD-490              JUNCTION     0.021    0.539     0  00:56      0.0356       0.883       0.867
  ISD-491              JUNCTION     0.028    0.529     0  00:45      0.0474       0.863       0.888
  ISD-492              JUNCTION     0.027    0.539     0  00:45      0.0451       0.852       0.908
  ISD-493              JUNCTION     0.026    0.525     0  00:45      0.0437       0.821       0.927
  ISD-494              JUNCTION     0.029    0.525     0  00:46       0.048       0.793       0.967
  ISD-495              JUNCTION     0.027    0.496     0  00:46      0.0445       0.753       1.023
  ISD-496              JUNCTION     0.023    0.469     0  00:46      0.0383       0.716       1.073
  ISD-497              JUNCTION     0.021    0.429     0  00:46      0.0351       0.662       1.164
  ISD-498              JUNCTION     0.018    0.447     0  00:46      0.0306       0.685       1.126
  ISD-499              JUNCTION     0.028    0.408     0  00:47      0.0471       0.635       1.223
  ISD-500              JUNCTION     0.023    0.380     0  00:46      0.0382       0.595       1.177
  ISD-501              JUNCTION     0.015    0.358     0  00:47      0.0249       0.563       1.133
  ISD-502              JUNCTION     0.017    0.343     0  00:47      0.0285       0.543       0.931
  ISD-503              JUNCTION     0.017    0.326     0  00:47      0.0278       0.518       0.749
  ISD-504              JUNCTION     0.020    0.310     0  00:47      0.0332       0.494       0.748
  ISD-505              JUNCTION     0.029    0.297     0  00:43      0.0484       0.465       0.807
  ISD-506              JUNCTION     0.023    0.267     0  00:42       0.038       0.419       0.731
  ISD-507              JUNCTION     0.018    0.249     0  00:42      0.0294       0.384       0.680
  ISD-508              JUNCTION     0.018    0.227     0  00:42      0.0296       0.357       0.865
  ISD-509              JUNCTION     0.013    0.211     0  00:42      0.0227       0.331       0.828
  ISD-510              JUNCTION     0.012    0.207     0  00:41      0.0208        0.31       0.778
  ISD-511              JUNCTION     0.009    0.184     0  00:42       0.015       0.292       0.958
  ISD-512              JUNCTION     0.012    0.175     0  00:42      0.0206       0.279       0.772
  ISD-513              JUNCTION     0.012    0.163     0  00:41      0.0212       0.261       0.890
  ISD-514              JUNCTION     0.014    0.150     0  00:41      0.0246       0.242       0.816
  ISD-515              JUNCTION     0.014    0.136     0  00:41      0.0241       0.219       0.866
  ISD-516              JUNCTION     0.011    0.122     0  00:41      0.0179       0.197       0.899
  ISD-517              JUNCTION     0.010    0.111     0  00:41      0.0169        0.18       0.865
  ISD-518              JUNCTION     0.013    0.101     0  00:41      0.0215       0.165       0.851
  ISD-519              JUNCTION     0.012    0.089     0  00:41      0.0206       0.145       0.933
  ISD-520              JUNCTION     0.012    0.076     0  00:41      0.0202       0.125       0.906
  ISD-521              JUNCTION     0.011    0.064     0  00:40      0.0179       0.106       1.012
  ISD-522              JUNCTION     0.009    0.054     0  00:40      0.0154      0.0892       1.049
  ISD-523              JUNCTION     0.009    0.045     0  00:40      0.0143      0.0747       1.240
  ISD-524              JUNCTION     0.007    0.036     0  00:41      0.0116      0.0612       1.322
  ISD-525              JUNCTION     0.006    0.030     0  00:41     0.00943      0.0504       1.557
  ISD-526              JUNCTION     0.007    0.024     0  00:45      0.0112      0.0417       1.706
  ISD-527              JUNCTION     0.087    0.107     0  00:40       0.135       0.148      28.609
  ISD-528              JUNCTION     0.045    0.097     0  00:38      0.0713       0.122      11.098
  ISD-529              JUNCTION     0.038    0.112     0  00:55      0.0623       0.169       4.521
  ISD-530              JUNCTION     0.071    0.182     0  00:54       0.112       0.274       3.727
  ISD-531              JUNCTION     0.053    0.234     0  00:50      0.0841       0.348       2.935
  ISD-532              JUNCTION     0.046    0.257     0  00:50      0.0738       0.397       2.466
  ISD-533              JUNCTION     0.037    0.260     0  00:50      0.0603       0.416       2.365
  ISD-534              JUNCTION     0.020    0.276     0  00:45      0.0326       0.437       1.362
  ISD-535              JUNCTION     0.017    0.220     0  00:45      0.0285       0.371       1.731
  ISD-536              JUNCTION     0.010    0.182     0  00:35      0.0173        0.14       4.250
  ISD-537              JUNCTION     0.008    0.189     0  00:35      0.0137       0.148       4.514
  ISD-538              JUNCTION     0.011    0.149     0  00:36      0.0187       0.129      12.432
  ISD-539              JUNCTION     0.018    0.163     0  00:36      0.0298       0.143       8.986
  ISD-540              JUNCTION     0.019    0.180     0  00:36      0.0328       0.125       7.687
  ISD-541              JUNCTION     0.016    0.194     0  00:36      0.0277      0.0979       8.519
  ISD-542              JUNCTION     0.015    0.205     0  00:36      0.0247      0.0775      10.920
  ISD-543              JUNCTION     0.038    0.239     0  00:36      0.0639      0.0717      27.061
  ISD-544              JUNCTION     0.014    0.216     0  00:36       0.023      0.0563      15.592
  ISD-546              JUNCTION     0.008    0.284     0  00:50      0.0134       0.405       1.331
  ISD-547              JUNCTION     0.010    0.291     0  00:50      0.0162       0.416       1.159
  ISD-548              JUNCTION     0.022    0.278     0  00:50      0.0377       0.396       1.136
  ISD-549              JUNCTION     0.028    0.258     0  00:50      0.0473       0.362       1.052
  ISD-550              JUNCTION     0.046    0.218     0  00:50      0.0771       0.293       1.129
  ISD-551              JUNCTION     0.016    0.232     0  00:50      0.0276       0.317       0.789
  ISD-552              JUNCTION     0.055    0.174     0  00:50      0.0918        0.22       1.880
  ISD-553              JUNCTION     0.047    0.120     0  00:50      0.0781       0.138       1.817
  ISD-554              JUNCTION     0.041    0.083     0  00:46      0.0685         0.1       6.531
  ISD-555              JUNCTION     0.030    0.076     0  00:40      0.0497      0.0876       9.877
  ISD-556              JUNCTION     0.088    0.153     0  00:41       0.143       0.198      17.002
  ISD-557              JUNCTION     0.104    0.225     0  00:42       0.165       0.332       9.278
  ISD-558              JUNCTION     0.141    0.349     0  00:42       0.221       0.525       7.564
  ISD-559              JUNCTION     0.132    0.455     0  00:50       0.206       0.713       5.803
  ISD-560              JUNCTION     0.028    0.483     0  00:50      0.0474       0.743       1.038
  ISD-561              JUNCTION     0.002    0.206     0  00:58     0.00384       0.223       3.530
  ISD-562              JUNCTION     0.004    0.204     0  00:59     0.00618       0.227       3.467
  ISD-563              JUNCTION     0.005    0.203     0  00:59     0.00809       0.228       3.455
  ISD-564              JUNCTION     0.005    0.200     0  00:59     0.00853       0.228       3.479
  ISD-565              JUNCTION     0.006    0.197     0  00:59      0.0101       0.227       3.468
  ISD-566              JUNCTION     0.005    0.193     0  00:59     0.00901       0.224       3.540
  ISD-567              JUNCTION     0.006    0.190     0  00:59      0.0104       0.223       3.535
  ISD-568              JUNCTION     0.011    0.186     0  00:59      0.0181        0.22       3.579
  ISD-569              JUNCTION     0.012    0.179     0  00:59      0.0195        0.21       3.771
  ISD-570              JUNCTION     0.008    0.171     0  00:59      0.0127       0.198       4.028
  ISD-571              JUNCTION     0.007    0.166     0  00:59      0.0116       0.193       4.099
  ISD-572              JUNCTION     0.009    0.161     0  01:00      0.0146       0.189       4.220
  ISD-573              JUNCTION     0.010    0.155     0  00:59       0.016       0.182       4.362
  ISD-574              JUNCTION     0.008    0.149     0  00:59      0.0128       0.173       4.604
  ISD-575              JUNCTION     0.007    0.144     0  00:59      0.0124       0.168       4.738
  ISD-576              JUNCTION     0.011    0.139     0  01:00       0.018       0.163       4.879
  ISD-577              JUNCTION     0.010    0.058     0  00:39      0.0173       0.067      12.814
  ISD-578              JUNCTION     0.008    0.049     0  00:44      0.0129      0.0579      15.143
  ISD-579              JUNCTION     0.008    0.047     0  00:38      0.0132      0.0524      16.980
  ISD-580              JUNCTION     0.009    0.041     0  00:44      0.0154      0.0465      19.519
  ISD-581              JUNCTION     0.009    0.035     0  00:55      0.0153      0.0396      23.153
  ISD-582              JUNCTION     0.007    0.028     0  00:57      0.0119       0.029      15.713
  ISD-583              JUNCTION     0.004    0.024     0  00:57     0.00612      0.0193      23.394
  ISD-584              JUNCTION     0.003    0.011     0  00:59     0.00515      0.0122       4.440
  ISD-585              JUNCTION     0.007    0.007     0  00:40      0.0111      0.0111       2.626
  ISD-586              JUNCTION     0.047    0.131     0  00:53      0.0762       0.172      26.042
  ISD-588              JUNCTION     0.023    0.541     0  00:45      0.0376       0.825       0.716
  ISD-589              JUNCTION     0.016    0.519     0  00:45      0.0262       0.794       0.738
  ISD-590              JUNCTION     0.016    0.503     0  00:45      0.0268       0.773       0.717
  ISD-591              JUNCTION     0.022    0.488     0  00:45      0.0375       0.756       0.953
  ISD-592              JUNCTION     0.027    0.465     0  00:45      0.0455       0.728       1.050
  ISD-593              JUNCTION     0.023    0.438     0  00:45      0.0379       0.692       1.112
  ISD-594              JUNCTION     0.016    0.416     0  00:38      0.0273       0.662       1.169
  ISD-595              JUNCTION     0.016    0.401     0  00:38      0.0261       0.641       1.204
  ISD-596              JUNCTION     0.021    0.388     0  00:57      0.0355       0.622       1.238
  ISD-597              JUNCTION     0.034    0.373     0  01:00      0.0572       0.594       1.306
  ISD-598              JUNCTION     0.031    0.345     0  00:59      0.0523       0.545       1.416
  ISD-599              JUNCTION     0.018    0.320     0  00:59      0.0301       0.498       1.554
  ISD-600              JUNCTION     0.016    0.308     0  00:59      0.0269       0.473       1.640
  ISD-601              JUNCTION     0.020    0.297     0  00:59       0.034       0.453       1.723
  ISD-602              JUNCTION     0.028    0.282     0  00:59      0.0472       0.447       1.733
  ISD-603              JUNCTION     0.024    0.260     0  00:59      0.0405       0.408       1.919
  ISD-604              JUNCTION     0.019    0.399     0  00:45      0.0318         0.6       1.295
  ISD-605              JUNCTION     0.014    0.390     0  00:44       0.023       0.581       1.337
  ISD-606              JUNCTION     0.024    0.376     0  00:45      0.0392       0.566       1.367
  ISD-607              JUNCTION     0.029    0.353     0  00:45      0.0477       0.534       1.447
  ISD-608              JUNCTION     0.025    0.324     0  00:49      0.0415       0.494       1.570
  ISD-609              JUNCTION     0.037    0.300     0  00:50      0.0613       0.462       2.119
  ISD-610              JUNCTION     0.040    0.269     0  00:59      0.0662       0.411       2.434
  ISD-611              JUNCTION     0.028    0.235     0  00:59      0.0463       0.352       2.233
  ISD-612              JUNCTION     0.016    0.319     0  00:47      0.0271       0.434       1.790
  ISD-613              JUNCTION     0.011    0.303     0  00:48       0.019       0.415       1.877
  ISD-614              JUNCTION     0.014    0.282     0  00:48      0.0243       0.394       1.997
  ISD-615              JUNCTION     0.011    0.292     0  00:48      0.0187       0.404       1.949
  ISD-616              JUNCTION     0.025    0.268     0  00:49      0.0411       0.378       2.022
  ISD-617              JUNCTION     0.023    0.244     0  00:49      0.0391       0.346       2.205
  ISD-618              JUNCTION     0.014    0.300     0  00:37      0.0242       0.314       2.463
  ISD-619              JUNCTION     0.022    0.207     0  00:50      0.0363       0.296       2.637
  ISD-620              JUNCTION     0.036    0.198     0  00:38      0.0591       0.271       4.500
  ISD-621              JUNCTION     0.027    0.150     0  00:49      0.0445       0.213       1.459
  ISD-622              JUNCTION     0.011    0.123     0  00:48      0.0179       0.171       1.318
  ISD-623              JUNCTION     0.010    0.113     0  00:48      0.0166       0.155       1.570
  ISD-624              JUNCTION     0.008    0.104     0  00:49      0.0131       0.141       1.485
  ISD-625              JUNCTION     0.012    0.097     0  00:49      0.0203        0.13       1.403
  ISD-626              JUNCTION     0.018    0.086     0  00:49      0.0307       0.114       2.756
  ISD-627              JUNCTION     0.001    0.075     0  00:57     0.00232      0.0669       8.367
  ISD-628              JUNCTION     0.002    0.058     0  00:46     0.00385       0.068       5.432
  ISD-629              JUNCTION     0.006    0.042     0  00:46      0.0106      0.0679       5.884
  ISD-630              JUNCTION     0.008    0.036     0  00:46      0.0139       0.059       2.993
  ISD-631              JUNCTION     0.019    0.029     0  00:45      0.0312      0.0471       4.487
  ISD-632              JUNCTION     0.026    0.026     0  00:50      0.0431      0.0431       2.758
  ISD-633              JUNCTION     0.011    0.027     0  00:45      0.0184      0.0445       3.666
  ISD-634              JUNCTION     0.011    0.037     0  00:45      0.0183      0.0612       2.221
  ISD-635              JUNCTION     0.011    0.048     0  00:45      0.0187      0.0786       1.720
  ISD-636              JUNCTION     0.009    0.058     0  00:45       0.016      0.0932       1.574
  ISD-637              JUNCTION     0.007    0.064     0  00:45      0.0112       0.103       1.484
  ISD-638              JUNCTION     0.006    0.070     0  00:45      0.0109       0.112       1.528
  ISD-639              JUNCTION     0.007    0.077     0  00:45      0.0114       0.122       1.215
  ISD-640              JUNCTION     0.007    0.084     0  00:45      0.0123       0.133       1.222
  ISD-641              JUNCTION     0.007    0.091     0  00:45      0.0118       0.143       1.120
  ISD-642              JUNCTION     0.007    0.098     0  00:45      0.0116       0.153       1.164
  ISD-643              JUNCTION     0.007    0.105     0  00:45      0.0121       0.163       1.121
  ISD-644              JUNCTION     0.008    0.112     0  00:45      0.0132       0.175       0.930
  ISD-645              JUNCTION     0.008    0.120     0  00:45      0.0129       0.186       0.920
  ISD-646              JUNCTION     0.007    0.126     0  00:45      0.0116       0.196       1.000
  ISD-647              JUNCTION     0.007    0.134     0  00:45      0.0126       0.207       0.797
  ISD-648              JUNCTION     0.008    0.141     0  00:45       0.013       0.218       0.910
  ISD-649              JUNCTION     0.013    0.154     0  00:45      0.0218       0.238       0.854
  ISD-650              JUNCTION     0.011    0.298     0  00:52      0.0189       0.428       0.834
  ISD-651              JUNCTION     0.012    0.309     0  00:52      0.0208       0.446       0.866
  ISD-652              JUNCTION     0.012    0.321     0  00:52      0.0206       0.462       0.903
  ISD-653              JUNCTION     0.011    0.331     0  00:52      0.0178       0.476       1.477
  ISD-654              JUNCTION     0.011    0.340     0  00:52      0.0177       0.487       1.537
  ISD-655              JUNCTION     0.013    0.352     0  00:52      0.0214       0.501       1.539
  ISD-656              JUNCTION     0.010    0.360     0  00:51      0.0163        0.51       1.515
  ISD-657              JUNCTION     0.007    0.367     0  00:51      0.0119       0.514       1.504
  ISD-658              JUNCTION     0.010    0.375     0  00:51      0.0163       0.523       1.479
  ISD-659              JUNCTION     0.012    0.386     0  00:51      0.0198       0.535       1.447
  ISD-660              JUNCTION     0.013    0.397     0  00:51      0.0211       0.548       1.412
  ISD-661              JUNCTION     0.012    0.409     0  00:50      0.0201       0.561       1.382
  ISD-662              JUNCTION     0.012    0.420     0  00:50      0.0209       0.574       1.346
  ISD-663              JUNCTION     0.012    0.392     0  00:45      0.0204       0.562       1.378
  ISD-664              JUNCTION     0.031    0.346     0  00:50      0.0507       0.519       2.460
  ISD-665              JUNCTION     0.033    0.581     0  00:53       0.054       0.791       1.652
  ISD-666              JUNCTION     0.014    0.327     0  00:51      0.0238       0.422       1.851
  ISD-667              JUNCTION     0.015    0.313     0  00:51      0.0251       0.407       1.903
  ISD-668              JUNCTION     0.011    0.299     0  00:57      0.0186       0.388       2.021
  ISD-669              JUNCTION     0.007    0.290     0  00:57      0.0125       0.375       2.088
  ISD-670              JUNCTION     0.008    0.285     0  00:59      0.0142       0.367       2.116
  ISD-671              JUNCTION     0.009    0.280     0  00:59      0.0146       0.358       2.167
  ISD-672              JUNCTION     0.008    0.276     0  00:59      0.0139       0.348       2.237
  ISD-673              JUNCTION     0.009    0.271     0  00:59      0.0145        0.34       2.273
  ISD-674              JUNCTION     0.008    0.267     0  00:59      0.0136       0.331       2.393
  ISD-675              JUNCTION     0.010    0.262     0  00:59      0.0174       0.324       2.375
  ISD-676              JUNCTION     0.013    0.353     0  00:45      0.0225       0.315       2.368
  ISD-678              JUNCTION     0.013    0.136     0  00:52      0.0212       0.225       0.828
  ISD-679              JUNCTION     0.008    0.125     0  00:52      0.0144       0.206       1.011
  ISD-680              JUNCTION     0.024    0.118     0  00:52      0.0396       0.194       0.997
  ISD-681              JUNCTION     0.024    0.097     0  00:52      0.0402       0.156       1.192
  ISD-682              JUNCTION     0.012    0.074     0  00:52      0.0209       0.117       1.262
  ISD-683              JUNCTION     0.011    0.064     0  00:52      0.0185      0.0978       1.407
  ISD-684              JUNCTION     0.010    0.055     0  00:52      0.0167      0.0808       1.813
  ISD-685              JUNCTION     0.011    0.047     0  00:52       0.019      0.0653       1.969
  ISD-686              JUNCTION     0.019    0.038     0  00:52      0.0318      0.0474       2.325
  ISD-687              JUNCTION     0.006    0.097     0  00:51      0.0101       0.134       0.767
  ISD-688              JUNCTION     0.005    0.092     0  00:51     0.00809       0.129       4.634
  ISD-689              JUNCTION     0.006    0.088     0  00:51      0.0098       0.127       4.863
  ISD-690              JUNCTION     0.008    0.084     0  00:51      0.0127       0.121       3.442
  ISD-691              JUNCTION     0.009    0.078     0  00:51      0.0147        0.11       1.519
  ISD-692              JUNCTION     0.009    0.071     0  00:51      0.0155      0.0967       1.837
  ISD-693              JUNCTION     0.007    0.064     0  00:52      0.0125      0.0833       2.362
  ISD-694              JUNCTION     0.007    0.058     0  00:53      0.0122      0.0738       4.333
  ISD-695              JUNCTION     0.006    0.052     0  00:53      0.0098      0.0631       2.447
  ISD-696              JUNCTION     0.003    0.132     0  00:54     0.00427       0.151       1.940
  ISD-697              JUNCTION     0.020    0.132     0  00:52      0.0339       0.177      21.120
  ISD-698              JUNCTION     0.012    1.033     0  00:52      0.0195        1.04       0.581
  ISD-699              JUNCTION     0.015    0.899     0  00:52      0.0249        1.05       2.839
  ISD-700              JUNCTION     0.012    0.885     0  00:51      0.0197        1.05       1.718
  ISD-701              JUNCTION     0.010    0.876     0  00:51      0.0161        1.04       1.126
  ISD-702              JUNCTION     0.012    0.866     0  00:51      0.0198        1.03       1.158
  ISD-703              JUNCTION     0.011    0.856     0  00:51      0.0187        1.02       1.043
  ISD-704              JUNCTION     0.013    0.844     0  00:51      0.0211        1.02       0.970
  ISD-705              JUNCTION     0.007    0.831     0  00:50      0.0126           1       0.562
  ISD-706              JUNCTION     0.008    0.825     0  00:53      0.0141       0.994       0.628
  ISD-707              JUNCTION     0.010    0.817     0  00:53      0.0175       0.987       0.808
  ISD-708              JUNCTION     0.009    0.808     0  00:53      0.0145       0.976       0.657
  ISD-709              JUNCTION     0.007    0.801     0  00:53      0.0117       0.969       0.713
  ISD-710              JUNCTION     0.007    0.796     0  00:53      0.0126       0.964       0.782
  ISD-711              JUNCTION     0.010    0.790     0  00:53      0.0168       0.959       0.723
  ISD-712              JUNCTION     0.012    0.781     0  00:53      0.0208       0.951       0.859
  ISD-713              JUNCTION     0.011    0.770     0  00:52      0.0187       0.941       0.846
  ISD-714              JUNCTION     0.027    0.763     0  00:52      0.0441       0.949       2.470
  ISD-715              JUNCTION     0.023    0.739     0  00:52      0.0386       0.933       2.930
  ISD-716              JUNCTION     0.005    0.718     0  00:52     0.00901       0.904       1.198
  ISD-717              JUNCTION     0.006    0.720     0  00:52     0.00985       0.905       1.233
  ISD-718              JUNCTION     0.008    0.715     0  00:52      0.0137       0.905       1.284
  ISD-719              JUNCTION     0.007    0.712     0  00:52       0.012       0.901       1.378
  ISD-720              JUNCTION     0.005    0.767     0  00:52     0.00868       0.901       1.309
  ISD-721              JUNCTION     0.006    0.702     0  00:52      0.0106       0.904       1.307
  ISD-722              JUNCTION     0.005    0.713     0  00:52     0.00836       0.899       1.353
  ISD-723              JUNCTION     0.008    0.689     0  00:52      0.0131       0.906       1.390
  ISD-724              JUNCTION     0.007    0.681     0  00:51      0.0128       0.905       1.364
  ISD-725              JUNCTION     0.012    0.675     0  00:51      0.0194       0.914       2.465
  ISD-726              JUNCTION     0.010    0.662     0  00:51      0.0165       0.912       1.903
  ISD-727              JUNCTION     0.006    0.656     0  00:51      0.0103       0.906       1.217
  ISD-728              JUNCTION     0.006    0.470     0  00:50     0.00938       0.557       0.679
  ISD-729              JUNCTION     0.005    0.478     0  00:50     0.00849       0.551       0.753
  ISD-730              JUNCTION     0.006    0.456     0  00:50     0.00985       0.547       0.696
  ISD-731              JUNCTION     0.011    0.503     0  00:50      0.0189       0.542       1.079
  ISD-732              JUNCTION     0.013    0.685     0  00:50      0.0219       0.529       1.050
  ISD-733              JUNCTION     0.009    0.386     0  00:49      0.0154       0.514       1.274
  ISD-734              JUNCTION     0.009    0.355     0  00:49      0.0157       0.501       0.576
  ISD-735              JUNCTION     0.010    0.343     0  00:50      0.0173       0.489       0.626
  ISD-736              JUNCTION     0.011    0.333     0  00:50      0.0186       0.475       0.876
  ISD-737              JUNCTION     0.012    0.323     0  00:50      0.0198        0.46       0.639
  ISD-738              JUNCTION     0.012    0.312     0  00:50      0.0196       0.443       0.635
  ISD-739              JUNCTION     0.015    0.301     0  00:50      0.0251       0.426       0.804
  ISD-740              JUNCTION     0.017    0.287     0  00:51      0.0287       0.405       0.911
  ISD-741              JUNCTION     0.011    0.271     0  00:51       0.019       0.379       0.717
  ISD-742              JUNCTION     0.009    0.261     0  00:51      0.0155       0.362       0.714
  ISD-743              JUNCTION     0.009    0.252     0  00:52      0.0157       0.349       0.691
  ISD-744              JUNCTION     0.012    0.244     0  00:52      0.0202       0.336       0.763
  ISD-745              JUNCTION     0.006    0.083     0  00:45       0.011       0.133       1.071
  ISD-746              JUNCTION     0.005    0.071     0  00:45     0.00809       0.117       1.111
  ISD-747              JUNCTION     0.005    0.076     0  00:45     0.00839       0.124       1.678
  ISD-748              JUNCTION     0.006    0.067     0  00:45       0.011        0.11       1.292
  ISD-749              JUNCTION     0.021    0.061     0  00:45      0.0345       0.101       1.608
  ISD-750              JUNCTION     0.020    0.040     0  00:45      0.0341      0.0672       1.116
  ISD-751              JUNCTION     0.008    0.020     0  00:40      0.0134      0.0335       1.125
  ISD-752              JUNCTION     0.006    0.012     0  00:40      0.0108      0.0204       1.484
  ISD-753              JUNCTION     0.004    0.006     0  00:40     0.00698     0.00977       2.161
  ISD-754              JUNCTION     0.005    0.005     0  00:40      0.0088      0.0088       1.287
  ISD-755              JUNCTION     0.003    0.066     0  00:46     0.00563      0.0195      47.402
  ISD-756              JUNCTION     0.002    0.005     0  00:40     0.00325     0.00812       1.697
  ISD-757              JUNCTION     0.012    0.012     0  00:40        0.02        0.02       1.503
  ISD-758              JUNCTION     0.021    0.030     0  00:45      0.0352        0.05       1.925
  ISD-759              JUNCTION     0.011    0.041     0  00:45      0.0187      0.0677       1.572
  ISD-760              JUNCTION     0.010    0.051     0  00:45      0.0174      0.0841       2.894
  ISD-761              JUNCTION     0.009    0.059     0  00:45      0.0146      0.0964       3.195
  ISD-762              JUNCTION     0.008    0.068     0  00:45      0.0142       0.108       2.254
  ISD-763              JUNCTION     0.010    0.078     0  00:45      0.0175       0.123       1.933
  ISD-764              JUNCTION     0.011    0.089     0  00:45      0.0193        0.14       1.737
  ISD-765              JUNCTION     0.010    0.099     0  00:45       0.017       0.154       1.816
  ISD-766              JUNCTION     0.009    0.108     0  00:45      0.0152       0.167       1.573
  ISD-767              JUNCTION     0.012    0.119     0  00:45      0.0194       0.184       1.289
  ISD-768              JUNCTION     0.010    0.130     0  00:45      0.0176       0.199       1.401
  ISD-769              JUNCTION     0.009    0.139     0  00:45      0.0158       0.212       1.338
  ISD-770              JUNCTION     0.012    0.150     0  00:46      0.0196       0.229       1.189
  ISD-771              JUNCTION     0.011    0.161     0  00:46      0.0178       0.244       1.181
  ISD-772              JUNCTION     0.014    0.176     0  00:46      0.0227       0.264       1.006
  ISD-773              JUNCTION     0.020    0.410     0  00:50      0.0338       0.543       1.034
  ISD-774              JUNCTION     0.051    0.370     0  00:49      0.0815       0.533       4.666
  ISD-775              JUNCTION     0.059    0.319     0  00:49      0.0934       0.472       4.528
  ISD-776              JUNCTION     0.045    0.260     0  00:50      0.0726       0.389       2.699
  ISD-777              JUNCTION     0.072    0.216     0  00:46       0.116       0.338       5.894
  ISD-778              JUNCTION     0.060    0.150     0  00:44      0.0968       0.243       8.613
  ISD-779              JUNCTION     0.039    0.097     0  00:39      0.0641       0.156       8.474
  ISD-780              JUNCTION     0.037    0.074     0  00:34      0.0616       0.102      12.557
  ISD-781              JUNCTION     0.038    0.053     0  00:32      0.0635      0.0786      16.779
  ISD-782              JUNCTION     0.031    0.059     0  00:50      0.0514      0.0866       6.924
  ISD-783              JUNCTION     0.016    0.074     0  00:50      0.0278      0.0975       3.488
  ISD-784              JUNCTION     0.013    0.084     0  00:50      0.0213       0.108       2.467
  ISD-785              JUNCTION     0.006    0.096     0  00:50     0.00946       0.122       1.833
  ISD-786              JUNCTION     0.008    0.091     0  00:50       0.014       0.116       2.307
  ISD-787              JUNCTION     0.004    0.099     0  00:50     0.00731       0.127       1.708
  ISD-788              JUNCTION     0.003    0.101     0  00:49     0.00512        0.13       1.480
  ISD-789              JUNCTION     0.007    0.107     0  00:49      0.0112        0.14       1.197
  ISD-790              JUNCTION     0.013    0.118     0  00:48      0.0214       0.159       1.207
  ISD-791              JUNCTION     0.011    0.128     0  00:48      0.0183       0.176       1.259
  ISD-792              JUNCTION     0.007    0.135     0  00:48      0.0117       0.185       1.046
  ISD-793              JUNCTION     0.004    0.138     0  00:48     0.00601       0.189       1.094
  ISD-794              JUNCTION     0.002    0.139     0  00:48     0.00315       0.191       0.987
  ISD-795              JUNCTION     0.005    0.153     0  00:47     0.00842       0.197       1.860
  ISD-796              JUNCTION     0.006    0.249     0  00:39      0.0104       0.105       6.870
  ISD-797              JUNCTION     0.004    0.236     0  00:38     0.00683       0.105       6.495
  ISD-798              JUNCTION     0.004    0.295     0  00:38     0.00696       0.113       6.086
  ISD-799              JUNCTION     0.016    0.257     0  00:36      0.0273       0.128      22.066
  ISD-800              JUNCTION     0.022    0.192     0  00:35      0.0376       0.197       5.171
  ISD-801              JUNCTION     0.020    0.187     0  00:40      0.0341       0.218       4.584
  ISD-802              JUNCTION     0.018    0.206     0  00:40      0.0307       0.234       4.236
  ISD-803              JUNCTION     0.014    0.220     0  00:40      0.0229       0.242       4.111
  ISD-804              JUNCTION     0.013    0.277     0  00:40      0.0224       0.306       3.256
  ISD-805              JUNCTION     0.024    0.139     0  00:34      0.0405      0.0877      38.298
  ISD-806              JUNCTION     0.032    0.060     0  00:33      0.0525      0.0583      57.256
  ISD-807              JUNCTION     0.009    0.058     0  00:41      0.0155      0.0603      18.773
  ISD-808              JUNCTION     0.012    0.431     0  00:46        0.02       0.372       2.640
  ISD-809              JUNCTION     0.013    0.377     0  00:46      0.0215       0.327       2.990
  ISD-810              JUNCTION     0.011    0.364     0  00:46      0.0192       0.315       3.111
  ISD-811              JUNCTION     0.013    0.351     0  00:46      0.0224       0.306       3.244
  ISD-812              JUNCTION     0.015    0.337     0  00:46      0.0245       0.295       3.331
  ISD-813              JUNCTION     0.020    0.322     0  00:46      0.0333       0.285       3.473
  ISD-814              JUNCTION     0.024    0.614     0  00:46      0.0409       0.892       1.085
  ISD-815              JUNCTION     0.076    0.590     0  00:46       0.122        0.86       1.120
  ISD-816              JUNCTION     0.019    0.516     0  00:46      0.0325       0.748       1.306
  ISD-817              JUNCTION     0.020    0.497     0  00:46      0.0331       0.725       1.334
  ISD-818              JUNCTION     0.022    0.477     0  00:46      0.0373       0.701       1.370
  ISD-819              JUNCTION     0.033    0.457     0  00:46      0.0541       0.674       1.381
  ISD-820              JUNCTION     0.045    0.543     0  00:44      0.0746       0.628       1.226
  ISD-821              JUNCTION     0.039    0.514     0  00:45      0.0645       0.561       1.190
  ISD-822              JUNCTION     0.021    0.468     0  00:44      0.0346       0.503       1.238
  ISD-823              JUNCTION     0.021    0.409     0  00:44      0.0358       0.472       1.052
  ISD-824              JUNCTION     0.027    0.320     0  00:46      0.0457        0.44       1.105
  ISD-825              JUNCTION     0.026    0.297     0  00:45      0.0435       0.398       0.922
  ISD-826              JUNCTION     0.021    0.278     0  00:45      0.0349       0.358       0.940
  ISD-827              JUNCTION     0.023    0.246     0  00:45      0.0389       0.326       0.859
  ISD-828              JUNCTION     0.024    0.190     0  00:46      0.0399        0.29       1.034
  ISD-829              JUNCTION     0.025    0.136     0  00:46      0.0421       0.213       1.166
  ISD-830              JUNCTION     0.025    0.163     0  00:46      0.0423       0.252       0.914
  ISD-831              JUNCTION     0.024    0.107     0  00:45      0.0402       0.173       1.313
  ISD-832              JUNCTION     0.025    0.083     0  00:45      0.0412       0.134       1.274
  ISD-833              JUNCTION     0.027    0.058     0  00:45      0.0454      0.0946       1.666
  ISD-834              JUNCTION     0.018    0.031     0  00:45      0.0307      0.0507       2.957
  ISD-835              JUNCTION     0.025    0.025     0  00:45      0.0424      0.0424       2.983
  ISD-836              JUNCTION     0.023    0.035     0  00:45      0.0381      0.0593       2.514
  ISD-837              JUNCTION     0.025    0.060     0  00:45       0.042      0.0999       2.154
  ISD-838              JUNCTION     0.053    0.163     0  00:50      0.0861       0.266       1.086
  ISD-839              JUNCTION     0.024    0.187     0  00:46      0.0407       0.304       0.935
  ISD-840              JUNCTION     0.022    0.209     0  00:46      0.0375       0.339       0.955
  ISD-841              JUNCTION     0.032    0.241     0  00:46      0.0531       0.388       0.800
  ISD-842              JUNCTION     0.045    0.286     0  00:46      0.0741        0.46       0.743
  ISD-843              JUNCTION     0.044    0.330     0  00:47       0.072       0.528       0.791
  ISD-844              JUNCTION     0.022    0.352     0  00:46      0.0375       0.561       0.675
  ISD-845              JUNCTION     0.024    0.375     0  00:46      0.0402       0.598       0.589
  ISD-846              JUNCTION     0.023    0.398     0  00:46       0.039       0.633       0.565
  ISD-847              JUNCTION     0.022    0.417     0  00:48       0.036       0.666       0.620
  ISD-848              JUNCTION     0.023    0.438     0  00:50      0.0378         0.7       0.649
  ISD-849              JUNCTION     0.023    0.460     0  00:50      0.0389       0.734       0.655
  ISD-850              JUNCTION     0.022    0.482     0  00:44      0.0373       0.767       0.635
  ISD-851              JUNCTION     0.022    0.503     0  00:51      0.0362       0.798       0.656
  ISD-852              JUNCTION     0.024    0.526     0  00:52      0.0394       0.832       0.684
  ISD-853              JUNCTION     0.023    0.547     0  00:51      0.0382       0.865       0.841
  ISD-854              JUNCTION     0.021    0.566     0  00:51      0.0346       0.892       0.830
  ISD-855              JUNCTION     0.021    0.585     0  00:51      0.0352        0.92       0.875
  ISD-856              JUNCTION     0.024    0.607     0  00:51        0.04       0.952       0.907
  ISD-857              JUNCTION     0.024    0.629     0  00:51      0.0402       0.984       0.968
  ISD-858              JUNCTION     0.022    0.648     0  00:51      0.0364        1.01       0.946
  ISD-859              JUNCTION     0.021    0.667     0  00:51      0.0346        1.04       0.926
  ISD-860              JUNCTION     0.023    0.688     0  00:51       0.039        1.07       0.899
  ISD-861              JUNCTION     0.023    0.710     0  00:50      0.0393         1.1       0.875
  ISD-862              JUNCTION     0.021    0.729     0  00:50      0.0354        1.12       0.856
  ISD-863              JUNCTION     0.023    0.750     0  00:50      0.0383        1.15       0.833
  ISD-864              JUNCTION     0.022    0.770     0  00:50      0.0366        1.18       0.815
  ISD-865              JUNCTION     0.021    0.790     0  00:50      0.0355         1.2       0.796
  ISD-866              JUNCTION     0.021    0.810     0  00:50      0.0362        1.23       0.780
  ISD-867              JUNCTION     0.023    0.831     0  00:50       0.038        1.26       0.762
  ISD-868              JUNCTION     0.022    0.851     0  00:50      0.0374        1.29       0.745
  ISD-869              JUNCTION     0.021    0.836     0  00:48      0.0348         1.3       0.737
  ISD-870              JUNCTION     0.019    0.854     0  00:48      0.0322        1.32       0.724
  ISD-871              JUNCTION     0.035    0.888     0  00:48      0.0588        1.37       0.697
  ISD-872              JUNCTION     0.024    0.859     0  00:56      0.0407        1.36       0.706
  ISD-873              JUNCTION     0.019    0.872     0  00:56      0.0314        1.38       0.694
  ISD-874              JUNCTION     0.021    0.888     0  00:56      0.0352        1.41       0.680
  ISD-875              JUNCTION     0.022    0.904     0  00:56      0.0376        1.43       0.667
  ISD-876              JUNCTION     0.021    0.919     0  00:56      0.0347        1.46       0.657
  ISD-877              JUNCTION     0.022    0.936     0  00:56      0.0374        1.49       0.649
  ISD-878              JUNCTION     0.026    0.956     0  00:56      0.0436        1.52       0.628
  ISD-879              JUNCTION     0.029    0.980     0  00:56      0.0487        1.56       0.671
  ISD-880              JUNCTION     0.029    1.004     0  00:51      0.0485         1.6       0.644
  ISD-881              JUNCTION     0.025    1.027     0  00:46      0.0416        1.63       0.587
  ISD-882              JUNCTION     0.021    1.048     0  00:46      0.0357        1.66       0.578
  ISD-883              JUNCTION     0.020    1.067     0  00:45      0.0336        1.68       0.570
  ISD-884              JUNCTION     0.019    1.087     0  00:45      0.0331         1.7       0.560
  ISD-885              JUNCTION     0.019    1.106     0  00:45      0.0323        1.73       0.555
  ISD-886              JUNCTION     0.022    1.128     0  00:45      0.0376        1.75       0.544
  ISD-887              JUNCTION     0.022    1.149     0  00:45      0.0364        1.78       0.539
  ISD-888              JUNCTION     0.018    1.167     0  00:45      0.0301         1.8       0.531
  ISD-889              JUNCTION     0.019    1.186     0  00:45      0.0331        1.83       0.523
  ISD-890              JUNCTION     0.020    1.206     0  00:45      0.0337        1.85       0.518
  ISD-891              JUNCTION     0.023    1.111     0  00:44      0.0395        1.79       0.534
  ISD-892              JUNCTION     0.030    0.576     0  00:32      0.0506        1.03       0.748
  ISD-893              JUNCTION     0.019    0.588     0  00:44      0.0321        1.05       0.735
  ISD-894              JUNCTION     0.021    0.578     0  00:33      0.0354       0.838       0.917
  ISD-895              JUNCTION     0.019    0.593     0  00:33      0.0327       0.863       0.891
  ISD-896              JUNCTION     0.017    0.592     0  00:33      0.0293       0.885       0.873
  ISD-897              JUNCTION     0.017    0.580     0  00:33      0.0295       0.907       0.845
  ISD-898              JUNCTION     0.016    0.592     0  00:33      0.0276       0.927       0.831
  ISD-899              JUNCTION     0.017    0.602     0  00:33      0.0288       0.821       0.933
  ISD-900              JUNCTION     0.024    0.594     0  00:33      0.0403       0.853       0.889
  ISD-901              JUNCTION     0.024    0.563     0  00:33      0.0409       0.886       0.866
  ISD-902              JUNCTION     0.017    0.578     0  00:33      0.0296       0.908       0.846
  ISD-903              JUNCTION     0.022    0.595     0  00:33      0.0373       0.837       0.914
  ISD-904              JUNCTION     0.023    0.610     0  00:33       0.039       0.863       0.894
  ISD-905              JUNCTION     0.022    0.626     0  00:33      0.0376       0.758       1.010
  ISD-906              JUNCTION     0.022    0.649     0  00:33      0.0364       0.787       0.983
  ISD-907              JUNCTION     0.016    0.646     0  00:33      0.0276       0.806       0.952
  ISD-908              JUNCTION     0.015    0.651     0  00:33      0.0262       0.825       0.935
  ISD-909              JUNCTION     0.023    0.676     0  00:33       0.038        0.78       0.993
  ISD-910              JUNCTION     0.026    0.672     0  00:33       0.043       0.815       0.934
  ISD-911              JUNCTION     0.016    0.699     0  00:33      0.0273       0.833       0.918
  ISD-912              JUNCTION     0.016    0.509     0  00:33      0.0276       0.851       0.884
  ISD-913              JUNCTION     0.029    0.506     0  00:33      0.0489       0.882       0.864
  ISD-914              JUNCTION     0.031    0.509     0  00:33      0.0528       0.894       0.856
  ISD-915              JUNCTION     0.022    0.504     0  00:33      0.0375       0.889       0.861
  ISD-916              JUNCTION     0.022    0.506     0  00:33      0.0374       0.828       0.907
  ISD-917              JUNCTION     0.015    0.497     0  00:33      0.0254       0.846       0.910
  ISD-918              JUNCTION     0.021    0.492     0  00:39      0.0349       0.873       0.889
  ISD-919              JUNCTION     0.021    0.489     0  00:33      0.0357       0.809       0.954
  ISD-920              JUNCTION     0.015    0.472     0  00:33      0.0254       0.827       0.941
  ISD-921              JUNCTION     0.014    0.461     0  00:40      0.0232       0.828       0.933
  ISD-922              JUNCTION     0.014    0.475     0  00:40      0.0237       0.844       0.915
  ISD-923              JUNCTION     0.018    0.436     0  00:33      0.0301        0.76       0.999
  ISD-924              JUNCTION     0.005    0.440     0  00:33     0.00767        0.76       1.009
  ISD-925              JUNCTION     0.004    0.493     0  00:33     0.00723       0.811       0.948
  ISD-926              JUNCTION     0.010    0.481     0  00:33      0.0175       0.821       0.924
  ISD-927              JUNCTION     0.035    0.491     0  00:40      0.0587       0.872       0.869
  ISD-928              JUNCTION     0.044    0.535     0  00:44      0.0742       0.938       0.823
  ISD-929              JUNCTION     0.034    0.493     0  00:32      0.0578       0.797       0.961
  ISD-930              JUNCTION     0.024    0.486     0  00:32      0.0398       0.761       0.988
  ISD-931              JUNCTION     0.016    0.475     0  00:32      0.0267        0.78       0.968
  ISD-932              JUNCTION     0.014    0.455     0  00:32      0.0237       0.795       0.952
  ISD-933              JUNCTION     0.024    0.456     0  00:41      0.0401       0.827       0.898
  ISD-934              JUNCTION     0.046    0.501     0  00:45      0.0761       0.895       0.868
  ISD-935              JUNCTION     0.015    0.516     0  00:44      0.0257       0.913       0.848
  ISD-936              JUNCTION     0.022    0.425     0  00:45       0.037       0.783       0.985
  ISD-937              JUNCTION     0.028    0.438     0  00:32      0.0477       0.663       1.155
  ISD-938              JUNCTION     0.024    0.412     0  00:32        0.04       0.695       1.100
  ISD-939              JUNCTION     0.017    0.399     0  00:32      0.0295       0.717       1.072
  ISD-940              JUNCTION     0.012    0.386     0  00:32      0.0202       0.677       1.144
  ISD-941              JUNCTION     0.017    0.388     0  01:00      0.0293       0.669       1.157
  ISD-942              JUNCTION     0.016    0.397     0  00:59      0.0275       0.689       1.120
  ISD-943              JUNCTION     0.016    0.407     0  00:59      0.0281        0.71       1.089
  ISD-944              JUNCTION     0.017    0.419     0  00:33      0.0297       0.732       1.055
  ISD-945              JUNCTION     0.018    0.445     0  00:33        0.03       0.759       1.015
  ISD-946              JUNCTION     0.017    0.458     0  00:33      0.0291        0.78       0.987
  ISD-947              JUNCTION     0.019    0.432     0  00:33      0.0315       0.756       1.021
  ISD-948              JUNCTION     0.017    0.470     0  00:33      0.0296       0.802       0.961
  ISD-949              JUNCTION     0.017    0.483     0  00:33      0.0292       0.824       0.934
  ISD-950              JUNCTION     0.018    0.496     0  00:33      0.0312       0.847       0.909
  ISD-951              JUNCTION     0.019    0.510     0  00:33      0.0323       0.873       0.880
  ISD-952              JUNCTION     0.020    0.524     0  00:33      0.0333       0.899       0.864
  ISD-953              JUNCTION     0.019    0.538     0  00:33      0.0325       0.923       0.836
  ISD-954              JUNCTION     0.016    0.553     0  00:40      0.0277       0.942       0.813
  ISD-955              JUNCTION     0.017    0.570     0  00:40       0.028       0.963       0.794
  ISD-956              JUNCTION     0.027    0.596     0  00:41      0.0459           1       0.728
  ISD-957              JUNCTION     0.028    0.575     0  00:46      0.0472       0.906       0.586
  ISD-958              JUNCTION     0.018    0.548     0  00:46      0.0308       0.865       0.711
  ISD-959              JUNCTION     0.019    0.531     0  00:46      0.0315        0.84       0.800
  ISD-960              JUNCTION     0.024    0.513     0  00:47      0.0414       0.815       0.751
  ISD-961              JUNCTION     0.024    0.490     0  00:47      0.0411       0.778       0.596
  ISD-962              JUNCTION     0.019    0.466     0  00:47      0.0321       0.741       0.569
  ISD-963              JUNCTION     0.019    0.449     0  00:45      0.0319       0.713       0.571
  ISD-964              JUNCTION     0.020    0.432     0  00:45      0.0341       0.685       0.548
  ISD-965              JUNCTION     0.019    0.413     0  00:45      0.0325       0.654       0.509
  ISD-966              JUNCTION     0.017    0.394     0  00:45      0.0285       0.625       0.475
  ISD-967              JUNCTION     0.018    0.378     0  00:45      0.0299       0.599       0.474
  ISD-968              JUNCTION     0.030    0.361     0  00:45      0.0503       0.572       0.469
  ISD-969              JUNCTION     0.028    0.331     0  00:45      0.0467       0.524       0.467
  ISD-970              JUNCTION     0.014    0.304     0  00:45       0.023        0.48       0.462
  ISD-971              JUNCTION     0.012    0.283     0  00:46      0.0208       0.446       0.456
  ISD-972              JUNCTION     0.009    0.291     0  00:46       0.015       0.459       0.490
  ISD-973              JUNCTION     0.016    0.271     0  00:46      0.0274       0.427       0.477
  ISD-974              JUNCTION     0.010    0.256     0  00:46      0.0172       0.402       0.475
  ISD-975              JUNCTION     0.011    0.246     0  00:46      0.0175       0.386       0.467
  ISD-976              JUNCTION     0.017    0.237     0  00:46      0.0281        0.37       0.485
  ISD-977              JUNCTION     0.008    0.182     0  00:45      0.0129       0.304       0.497
  ISD-978              JUNCTION     0.020    0.175     0  00:45      0.0344       0.292       0.516
  ISD-979              JUNCTION     0.039    0.417     0  00:45       0.066        0.69       0.357
  ISD-980              JUNCTION     0.020    0.378     0  00:45       0.034       0.627       0.341
  ISD-981              JUNCTION     0.021    0.358     0  00:45      0.0361       0.595       0.363
  ISD-982              JUNCTION     0.022    0.337     0  00:45      0.0376       0.561       0.360
  ISD-983              JUNCTION     0.034    0.316     0  00:45      0.0569       0.525       0.399
  ISD-984              JUNCTION     0.028    0.282     0  00:45      0.0476        0.47       0.408
  ISD-985              JUNCTION     0.021    0.255     0  00:45      0.0349       0.424       0.426
  ISD-986              JUNCTION     0.028    0.235     0  00:45      0.0473       0.391       0.488
  ISD-987              JUNCTION     0.027    0.208     0  00:45       0.046       0.346       0.562
  ISD-988              JUNCTION     0.047    0.181     0  00:45      0.0793       0.302       0.605
  ISD-989              JUNCTION     0.057    0.134     0  00:45      0.0953       0.224       0.675
  ISD-990              JUNCTION     0.050    0.077     0  00:45      0.0832        0.13       0.827
  ISD-991              JUNCTION     0.049    0.049     0  00:45      0.0821      0.0821       0.961
  ISD-992              JUNCTION     0.066    0.087     0  00:45        0.11       0.145       0.931
  ISD-993              JUNCTION     0.073    0.159     0  00:45       0.121       0.265       0.673
  ISD-994              JUNCTION     0.068    0.227     0  00:45       0.114       0.377       0.533
  ISD-995              JUNCTION     0.074    0.301     0  00:45       0.123       0.498       0.477
  ISD-996              JUNCTION     0.059    0.360     0  00:45      0.0991       0.595       0.383
  ISD-997              JUNCTION     0.094    0.453     0  00:45       0.156       0.748       0.498
  ISD-998              JUNCTION     0.089    0.542     0  00:45       0.149       0.893       0.442
  ISD-999              JUNCTION     0.050    0.592     0  00:45      0.0839       0.973       0.292
  ISD-1000             JUNCTION     0.140    0.731     0  00:45       0.231         1.2       0.557
  ISD-1001             JUNCTION     0.115    0.845     0  00:45        0.19        1.38       0.514
  ISD-1002             JUNCTION     0.047    0.892     0  00:46        0.08        1.46       0.307
  ISD-1003             JUNCTION     0.045    0.936     0  00:46      0.0766        1.53       0.500
  ISD-1004             JUNCTION     0.055    0.990     0  00:46      0.0926        1.61       0.493
  ISD-1005             JUNCTION     0.302    1.222     0  00:50       0.476        2.05       0.546
  ISD-1006             JUNCTION     0.129    1.026     0  00:45       0.214        1.88       0.580
  ISD-1007             JUNCTION     0.180    0.866     0  00:49       0.293        1.68       0.735
  ISD-1008             JUNCTION     0.107    0.972     0  00:45       0.178        1.84       0.411
  ISD-1009             JUNCTION     0.004    0.824     0  00:49      0.0072        1.13       1.009
  ISD-1010             JUNCTION     0.003    0.815     0  00:49     0.00561        1.13       0.594
  ISD-1011             JUNCTION     0.003    0.810     0  00:49      0.0057        1.13       0.522
  ISD-1012             JUNCTION     0.005    0.807     0  00:50     0.00876        1.13       0.505
  ISD-1013             JUNCTION     0.005    0.803     0  00:50     0.00882        1.12       0.512
  ISD-1014             JUNCTION     0.010    0.798     0  00:50      0.0173        1.12       0.654
  ISD-1015             JUNCTION     0.013    0.789     0  00:50      0.0221        1.11       0.724
  ISD-1016             JUNCTION     0.008    0.777     0  00:51      0.0128         1.1       0.516
  ISD-1017             JUNCTION     0.008    0.783     0  00:50      0.0133        1.09       0.515
  ISD-1018             JUNCTION     0.010    0.762     0  00:50      0.0169        1.08       0.561
  ISD-1019             JUNCTION     0.013    0.752     0  00:50      0.0223        1.07       0.601
  ISD-1020             JUNCTION     0.015    0.738     0  00:50      0.0253        1.05       0.558
  ISD-1021             JUNCTION     0.016    0.724     0  00:50      0.0269        1.04       0.601
  ISD-1022             JUNCTION     0.016    0.708     0  00:50      0.0274        1.01       0.493
  ISD-1023             JUNCTION     0.019    0.693     0  00:50      0.0315       0.992       0.553
  ISD-1024             JUNCTION     0.019    0.674     0  00:50      0.0319       0.966       0.609
  ISD-1025             JUNCTION     0.048    0.656     0  00:50      0.0776        0.95       1.619
  ISD-1026             JUNCTION     0.033    0.495     0  00:48      0.0544       0.755       0.596
  ISD-1027             JUNCTION     0.044    0.462     0  00:47      0.0722       0.706       0.852
  ISD-1028             JUNCTION     0.019    0.327     0  00:45      0.0317       0.502       0.371
  ISD-1029             JUNCTION     0.017    0.308     0  00:45      0.0281       0.472       0.402
  ISD-1030             JUNCTION     0.015    0.291     0  00:45      0.0248       0.446       0.432
  ISD-1031             JUNCTION     0.014    0.278     0  00:45      0.0242       0.423       0.442
  ISD-1032             JUNCTION     0.013    0.268     0  00:45      0.0225       0.401       0.456
  ISD-1033             JUNCTION     0.010    0.310     0  00:48      0.0173        0.38       0.489
  ISD-1034             JUNCTION     0.013    0.237     0  00:46      0.0217       0.366       0.970
  ISD-1035             JUNCTION     0.012    0.224     0  00:46      0.0212       0.346       0.532
  ISD-1036             JUNCTION     0.012    0.213     0  00:47       0.021       0.327       0.630
  ISD-1037             JUNCTION     0.013    0.201     0  00:47      0.0225       0.309       0.723
  ISD-1038             JUNCTION     0.028    0.188     0  00:47      0.0471       0.294       2.587
  ISD-1039             JUNCTION     0.025    0.161     0  00:47      0.0413        0.25       1.375
  ISD-1040             JUNCTION     0.038    0.137     0  00:47      0.0633       0.216       3.653
  ISD-1041             JUNCTION     0.037    0.099     0  00:47      0.0616       0.158       3.596
  ISD-1042             JUNCTION     0.016    0.062     0  00:47       0.027      0.0979       1.502
  ISD-1043             JUNCTION     0.017    0.046     0  00:48      0.0292      0.0727       2.577
  ISD-1044             JUNCTION     0.012    0.053     0  00:45      0.0208      0.0858       2.392
  ISD-1045             JUNCTION     0.015    0.041     0  00:46      0.0252      0.0677       4.219
  ISD-1046             JUNCTION     0.016    0.027     0  00:50      0.0262      0.0433       2.203
  ISD-1047             JUNCTION     0.079    0.079     0  00:50       0.124       0.124       5.555
  ISD-1048             JUNCTION     0.008    0.199     0  00:51      0.0134       0.286       0.911
  ISD-1051             JUNCTION     0.016    0.143     0  00:52       0.027       0.199       3.946
  ISD-1052             JUNCTION     0.065    0.131     0  00:50       0.104       0.205      18.946
  ISD-1053             JUNCTION     0.037    0.184     0  00:51      0.0621       0.269       3.982
  ISD-1054             JUNCTION     0.010    0.192     0  00:51      0.0165       0.275       0.851
  ISD-1055             JUNCTION     0.030    0.031     0  00:50      0.0488      0.0515       2.261
  ISD-1056             JUNCTION     0.018    0.018     0  00:45      0.0304      0.0304       2.415
  ISD-1057             JUNCTION     0.013    0.029     0  00:45      0.0213      0.0483       2.112
  ISD-1058             JUNCTION     0.014    0.043     0  00:45      0.0231      0.0704       1.511
  ISD-1059             JUNCTION     0.009    0.052     0  00:45      0.0155       0.085       2.936
  ISD-1060             JUNCTION     0.008    0.069     0  00:44      0.0131      0.0956       1.255
  ISD-1061             JUNCTION     0.010    0.124     0  00:43      0.0166       0.118       1.437
  ISD-1062             JUNCTION     0.019    0.187     0  00:44      0.0322       0.149       5.197
  ISD-1063             JUNCTION     0.018    0.149     0  00:45      0.0292       0.163       7.471
  ISD-1064             JUNCTION     0.008    0.135     0  00:45      0.0138       0.166       4.741
  ISD-1065             JUNCTION     0.010    0.135     0  00:45       0.017       0.176       4.246
  ISD-1066             JUNCTION     0.011    0.159     0  00:47      0.0181       0.188       4.092
  ISD-1067             JUNCTION     0.010    0.174     0  00:47      0.0165         0.2       4.051
  ISD-1068             JUNCTION     0.016    0.179     0  00:47      0.0265        0.22       3.811
  ISD-1069             JUNCTION     0.037    0.208     0  00:47      0.0602        0.27       3.589
  ISD-1070             JUNCTION     0.042    0.245     0  00:46      0.0677       0.325       4.266
  ISD-1071             JUNCTION     0.034    0.341     0  00:42      0.0559       0.367       7.016
  ISD-1072             JUNCTION     0.020    0.758     0  00:34      0.0342       0.834       7.300
  ISD-1074             JUNCTION     0.016    0.764     0  00:52      0.0272        1.05       1.111
  ISD-1075             JUNCTION     0.010    0.749     0  00:52      0.0174        1.03       1.126
  ISD-1076             JUNCTION     0.009    0.739     0  00:51      0.0147        1.03       1.128
  ISD-1077             JUNCTION     0.013    0.941     0  00:56      0.0212        1.02       0.966
  ISD-1078             JUNCTION     0.010    0.924     0  00:59      0.0163        1.01       1.130
  ISD-1079             JUNCTION     0.021    0.681     0  00:52      0.0348        1.01       1.165
  ISD-1080             JUNCTION     0.042    0.659     0  00:51      0.0679       0.984       1.137
  ISD-1081             JUNCTION     0.040    0.618     0  00:51      0.0643       0.925       0.881
  ISD-1082             JUNCTION     0.045    0.580     0  00:51      0.0733       0.868       0.884
  ISD-1083             JUNCTION     0.095    0.535     0  00:51       0.148       0.813       2.292
  ISD-1084             JUNCTION     0.104    0.440     0  00:50       0.162       0.679       2.220
  ISD-1085             JUNCTION     0.053    0.337     0  00:50      0.0855       0.521       0.759
  ISD-1086             JUNCTION     0.025    0.284     0  00:50       0.042       0.438       0.579
  ISD-1087             JUNCTION     0.028    0.260     0  00:51      0.0473       0.399       0.617
  ISD-1088             JUNCTION     0.099    0.233     0  00:51       0.156       0.359       1.998
  ISD-1089             JUNCTION     0.057    1.163     0  00:45      0.0918        1.58       2.120
  ISD-1090             JUNCTION     0.030    1.126     0  00:45      0.0497        1.52       1.979
  ISD-1091             JUNCTION     0.004    1.088     0  00:45     0.00659        1.48       0.638
  ISD-1092             JUNCTION     0.003    1.078     0  00:44     0.00429        1.48       0.825
  ISD-1093             JUNCTION     0.004    1.069     0  00:44     0.00668        1.48       0.751
  ISD-1094             JUNCTION     0.003    1.074     0  00:45     0.00529        1.49       0.531
  ISD-1095             JUNCTION     0.005    1.073     0  00:45     0.00856        1.49       0.654
  ISD-1096             JUNCTION     0.006    1.066     0  00:44      0.0106        1.49       0.596
  ISD-1097             JUNCTION     0.006    1.057     0  00:44     0.00995        1.49       0.412
  ISD-1098             JUNCTION     0.006    1.051     0  00:44     0.00981        1.48       0.393
  ISD-1099             JUNCTION     0.008    1.042     0  00:43      0.0135        1.48       0.381
  ISD-1100             JUNCTION     0.012    1.032     0  00:43      0.0202        1.47       0.477
  ISD-1101             JUNCTION     0.013    1.013     0  00:43       0.022        1.46       0.390
  ISD-1102             JUNCTION     0.009    1.001     0  00:43      0.0161        1.44       0.361
  ISD-1103             JUNCTION     0.010    0.988     0  00:43      0.0175        1.43       0.366
  ISD-1104             JUNCTION     0.010    0.972     0  00:43      0.0172        1.42       0.348
  ISD-1105             JUNCTION     0.021    0.958     0  00:43      0.0343        1.41       0.676
  ISD-1106             JUNCTION     0.020    0.935     0  00:43      0.0338        1.38       0.519
  ISD-1107             JUNCTION     0.011    0.924     0  00:42      0.0193        1.35       0.385
  ISD-1108             JUNCTION     0.009    0.945     0  00:43      0.0146        1.34       0.414
  ISD-1109             JUNCTION     0.007    0.902     0  00:43      0.0126        1.33       0.433
  ISD-1110             JUNCTION     0.011    0.897     0  00:42      0.0183        1.32       0.423
  ISD-1111             JUNCTION     0.011    0.883     0  00:42      0.0182        1.31       0.400
  ISD-1112             JUNCTION     0.015    0.871     0  00:42      0.0256         1.3       0.474
  ISD-1113             JUNCTION     0.017    0.851     0  00:42      0.0285        1.28       0.467
  ISD-1114             JUNCTION     0.012    0.832     0  00:42      0.0198        1.25       0.351
  ISD-1115             JUNCTION     0.013    0.817     0  00:42      0.0225        1.24       0.329
  ISD-1116             JUNCTION     0.013    0.800     0  00:42       0.021        1.22       0.335
  ISD-1117             JUNCTION     0.012    0.785     0  00:42      0.0196         1.2       0.329
  ISD-1118             JUNCTION     0.013    0.775     0  00:42      0.0224        1.19       0.413
  ISD-1119             JUNCTION     0.011    0.760     0  00:42      0.0189        1.17       0.349
  ISD-1120             JUNCTION     0.012    0.747     0  00:47        0.02        1.15       0.325
  ISD-1121             JUNCTION     0.015    0.735     0  00:46      0.0249        1.14       0.329
  ISD-1122             JUNCTION     0.013    0.721     0  00:46      0.0217        1.12       0.323
  ISD-1123             JUNCTION     0.012    0.708     0  00:46      0.0204         1.1       0.290
  ISD-1124             JUNCTION     0.016    0.696     0  00:46      0.0259        1.08       0.298
  ISD-1125             JUNCTION     0.013    0.681     0  00:46      0.0216        1.06       0.290
  ISD-1126             JUNCTION     0.020    0.668     0  00:46      0.0338        1.04       0.296
  ISD-1127             JUNCTION     0.022    0.648     0  00:46      0.0361        1.01       0.284
  ISD-1128             JUNCTION     0.014    0.626     0  00:46      0.0234       0.975       0.264
  ISD-1129             JUNCTION     0.015    0.613     0  00:46      0.0253       0.954       0.257
  ISD-1130             JUNCTION     0.011    0.598     0  00:46      0.0183       0.931       0.270
  ISD-1131             JUNCTION     0.009    0.588     0  00:46       0.015       0.915       0.257
  ISD-1132             JUNCTION     0.015    0.579     0  00:46      0.0246       0.903       0.270
  ISD-1133             JUNCTION     0.023    0.565     0  00:46       0.039       0.881       0.292
  ISD-1134             JUNCTION     0.023    0.542     0  00:46      0.0386       0.845       0.310
  ISD-1135             JUNCTION     0.018    0.519     0  00:46      0.0296       0.811       0.579
  ISD-1136             JUNCTION     0.017    0.502     0  00:46      0.0293       0.787       0.669
  ISD-1137             JUNCTION     0.020    0.485     0  00:46      0.0329       0.764       0.962
  ISD-1138             JUNCTION     0.015    0.465     0  00:46      0.0261       0.737       0.812
  ISD-1139             JUNCTION     0.034    0.427     0  00:47      0.0564       0.684       0.898
  ISD-1140             JUNCTION     0.096    0.393     0  00:46       0.151       0.636       1.324
  ISD-1141             JUNCTION     0.081    0.312     0  00:40        0.13       0.489       0.837
  ISD-1142             JUNCTION     0.025    0.242     0  00:40      0.0417        0.36       0.547
  ISD-1143             JUNCTION     0.019    0.218     0  00:40      0.0324       0.321       0.646
  ISD-1144             JUNCTION     0.010    0.198     0  00:39      0.0173        0.29       0.698
  ISD-1145             JUNCTION     0.034    0.187     0  00:39      0.0565       0.276       0.929
  ISD-1146             JUNCTION     0.045    0.154     0  00:39      0.0757       0.221       1.001
  ISD-1147             JUNCTION     0.026    0.113     0  00:39      0.0439       0.148       1.307
  ISD-1148             JUNCTION     0.021    0.088     0  00:39      0.0352       0.106       2.225
  ISD-1149             JUNCTION     0.022    0.072     0  00:38      0.0374      0.0725       2.519
  ISD-1150             JUNCTION     0.022    0.110     0  00:38      0.0369      0.0502       2.363
  ISD-1151             JUNCTION     0.061    0.135     0  00:37         0.1       0.105       2.048
  ISD-1152             JUNCTION     0.063    0.357     0  00:36       0.104        0.26       1.905
  ISD-1153             JUNCTION     0.026    0.514     0  00:43      0.0442       0.346       2.348
  ISD-1154             JUNCTION     0.022    0.414     0  00:45      0.0365        0.33       3.657
  ISD-1155             JUNCTION     0.072    0.394     0  00:43       0.117       0.403       5.574
  ISD-1156             JUNCTION     0.033    0.387     0  00:38      0.0542       0.431       5.726
  ISD-1157             JUNCTION     0.013    0.400     0  00:38      0.0225       0.433       2.720
  ISD-1158             JUNCTION     0.019    0.418     0  00:38      0.0327       0.456       2.554
  ISD-1159             JUNCTION     0.021    0.438     0  00:38      0.0347       0.479       2.441
  ISD-1160             JUNCTION     0.014    0.453     0  00:38      0.0245       0.491       2.386
  ISD-1161             JUNCTION     0.013    0.468     0  00:38      0.0224       0.501       2.331
  ISD-1162             JUNCTION     0.039    0.501     0  00:38      0.0646       0.553       3.006
  ISD-1163             JUNCTION     0.057    0.610     0  00:38      0.0942       0.691       3.607
  ISD-1164             JUNCTION     0.030    0.120     0  00:34      0.0504      0.0791      10.652
  ISD-1165             JUNCTION     0.025    0.100     0  00:34      0.0409      0.0824      10.216
  ISD-1166             JUNCTION     0.046    0.107     0  00:34      0.0753       0.102      11.558
  ISD-1167             JUNCTION     0.041    0.132     0  00:34      0.0671       0.137       7.491
  ISD-1168             JUNCTION     0.012    0.150     0  00:34      0.0212       0.147       5.439
  ISD-1169             JUNCTION     0.011    0.156     0  00:34      0.0186       0.159       5.004
  ISD-1170             JUNCTION     0.039    0.140     0  01:00      0.0644       0.214       4.676
  ISD-1171             JUNCTION     0.042    0.173     0  01:00      0.0689       0.268       4.151
  ISD-1172             JUNCTION     0.039    0.205     0  00:39      0.0656       0.319       3.282
  ISD-1173             JUNCTION     0.039    0.241     0  00:44      0.0652       0.376       2.882
  ISD-1174             JUNCTION     0.046    0.286     0  00:45      0.0759       0.443       2.831
  ISD-1175             JUNCTION     0.051    0.337     0  00:45      0.0835       0.513       2.940
  ISD-1176             JUNCTION     0.022    0.351     0  00:45       0.037        0.53       1.472
  ISD-1177             JUNCTION     0.014    0.238     0  00:45      0.0241       0.376       2.079
  ISD-1178             JUNCTION     0.014    0.082     0  00:31      0.0243      0.0725      11.751
  ISD-1179             JUNCTION     0.026    0.104     0  00:31      0.0435       0.111       7.395
  ISD-1180             JUNCTION     0.046    0.133     0  00:31      0.0769       0.125       9.199
  ISD-1181             JUNCTION     0.041    0.156     0  00:34      0.0674       0.172       6.547
  ISD-1182             JUNCTION     0.045    0.187     0  00:34       0.075       0.232       4.689
  ISD-1183             JUNCTION     0.036    0.213     0  00:34      0.0605       0.273       3.607
  ISD-1184             JUNCTION     0.032    0.235     0  00:35      0.0528       0.309       2.369
  ISD-1185             JUNCTION     0.026    0.254     0  00:36      0.0437       0.342       1.725
  ISD-1186             JUNCTION     0.022    0.263     0  00:35      0.0361       0.372       1.789
  ISD-1187             JUNCTION     0.023    0.295     0  00:34      0.0393       0.405       1.909
  ISD-1188             JUNCTION     0.029    0.286     0  00:37      0.0483       0.446       1.774
  ISD-1189             JUNCTION     0.031    0.312     0  00:45      0.0518        0.49       1.722
  ISD-1190             JUNCTION     0.022    0.333     0  00:45      0.0362       0.517       1.484
  ISD-1191             JUNCTION     0.017    0.350     0  00:45      0.0289       0.539       1.439
  ISD-1192             JUNCTION     0.018    0.368     0  00:45      0.0306       0.562       1.374
  ISD-1193             JUNCTION     0.031    0.235     0  00:44       0.051       0.376       2.702
  ISD-1194             JUNCTION     0.017    0.205     0  00:44      0.0284       0.336       2.318
  ISD-1195             JUNCTION     0.014    0.189     0  00:59      0.0237       0.317       2.476
  ISD-1196             JUNCTION     0.016    0.298     0  00:45      0.0271       0.454       1.715
  ISD-1197             JUNCTION     0.014    0.282     0  00:45      0.0242       0.439       1.764
  ISD-1198             JUNCTION     0.016    0.268     0  00:50      0.0265       0.424       1.820
  ISD-1199             JUNCTION     0.024    0.297     0  00:34      0.0396       0.406       1.920
  ISD-1200             JUNCTION     0.027    0.325     0  00:34      0.0447       0.373       2.027
  ISD-1201             JUNCTION     0.023    0.366     0  00:35      0.0381       0.333       2.311
  ISD-1202             JUNCTION     0.044    0.307     0  00:35      0.0726       0.298       2.962
  ISD-1203             JUNCTION     0.070    0.139     0  00:50       0.113       0.224       1.474
  ISD-1204             JUNCTION     0.063    0.069     0  00:50       0.102       0.112       1.433
  ISD-1205             JUNCTION     0.036    0.036     0  00:45        0.06        0.06       1.818
  ISD-1206             JUNCTION     0.027    0.057     0  00:45       0.045      0.0934       1.634
  ISD-1207             JUNCTION     0.041    0.098     0  00:45      0.0681        0.16       1.118
  ISD-1208             JUNCTION     0.041    0.139     0  00:45      0.0681       0.226       1.122
  ISD-1209             JUNCTION     0.028    0.166     0  00:45      0.0466        0.27       1.147
  ISD-1210             JUNCTION     0.081    0.246     0  00:50        0.13       0.397       1.878
  ISD-1211             JUNCTION     0.078    0.324     0  00:50       0.125       0.514       2.731
  ISD-1212             JUNCTION     0.023    0.346     0  00:50      0.0392        0.54       0.953
  ISD-1213             JUNCTION     0.028    0.373     0  00:50      0.0469       0.582       0.949
  ISD-1214             JUNCTION     0.028    0.399     0  00:50      0.0461       0.622       0.988
  ISD-1215             JUNCTION     0.038    0.608     0  00:45      0.0626        1.04       0.789
  ISD-1216             JUNCTION     0.030    0.570     0  00:45      0.0503       0.987       0.786
  ISD-1217             JUNCTION     0.029    0.540     0  00:45      0.0479       0.944       0.812
  ISD-1218             JUNCTION     0.027    0.514     0  00:34      0.0446       0.904       0.850
  ISD-1219             JUNCTION     0.024    0.494     0  00:34      0.0405       0.867       0.886
  ISD-1220             JUNCTION     0.038    0.476     0  00:34      0.0636       0.836       1.129
  ISD-1221             JUNCTION     0.028    0.451     0  00:33      0.0475       0.782       1.254
  ISD-1222             JUNCTION     0.023    0.456     0  00:33      0.0391       0.742       1.041
  ISD-1223             JUNCTION     0.019    0.476     0  00:33      0.0322       0.711       1.085
  ISD-1224             JUNCTION     0.027    0.461     0  00:33      0.0452       0.708       1.090
  ISD-1225             JUNCTION     0.032    0.441     0  00:33      0.0529        0.67       1.237
  ISD-1226             JUNCTION     0.024    0.418     0  00:33      0.0412       0.625       1.235
  ISD-1227             JUNCTION     0.020    0.403     0  00:33      0.0335       0.592       1.314
  ISD-1228             JUNCTION     0.018    0.389     0  00:33      0.0309       0.566       1.367
  ISD-1229             JUNCTION     0.017    0.376     0  00:33      0.0289       0.542       1.419
  ISD-1230             JUNCTION     0.016    0.364     0  00:33      0.0271       0.521       1.493
  ISD-1231             JUNCTION     0.015    0.352     0  00:33      0.0254       0.502       1.541
  ISD-1232             JUNCTION     0.018    0.523     0  00:44       0.031       0.931       0.892
  ISD-1233             JUNCTION     0.017    0.504     0  00:40      0.0291       0.898       0.899
  ISD-1234             JUNCTION     0.021    0.707     0  00:41      0.0354        1.17       0.660
  ISD-1235             JUNCTION     0.042    0.780     0  00:45      0.0704        1.24       0.810
  ISD-1236             JUNCTION     0.050    0.738     0  00:45       0.083        1.18       0.946
  ISD-1237             JUNCTION     0.041    0.693     0  00:40       0.068        1.11       0.690
  ISD-1238             JUNCTION     0.115    0.737     0  00:52        0.19        1.09       3.368
  ISD-1239             JUNCTION     0.070    0.635     0  00:40       0.117           1       1.547
  O-0                  OUTFALL      0.000    0.097     0  00:51           0       0.132       0.000
  O-1                  OUTFALL      0.000    0.969     0  00:52           0        1.04       0.000
  O-2                  OUTFALL      0.000    0.063     0  00:51           0      0.0908       0.000
  O-3                  OUTFALL      0.000    0.220     0  00:56           0       0.314       0.000
  O-4                  OUTFALL      0.000    0.608     0  00:45           0        1.03       0.000
  O-5                  OUTFALL      0.000    0.399     0  00:50           0       0.616       0.000
  O-6                  OUTFALL      0.000    0.201     0  00:59           0        0.23       0.000
  O-7                  OUTFALL      0.000    0.449     0  01:00           0       0.489       0.000
  O-8                  OUTFALL      0.000    0.121     0  00:59           0       0.151       0.000
  O-9                  OUTFALL      0.000    0.000     0  00:00           0           0       0.000 ltr
  O-10                 OUTFALL      0.000    0.972     0  00:45           0        1.84       0.000
  O-11                 OUTFALL      0.000    0.575     0  00:46           0         0.9       0.000
  O-12                 OUTFALL      0.000    0.596     0  00:40           0       0.994       0.000
  O-13                 OUTFALL      0.000    0.056     0  00:37           0       0.033       0.000
  O-14                 OUTFALL      0.000    0.001     0  00:45           0     0.00109       0.000
  O-15                 OUTFALL      0.000    0.000     0  00:00           0           0       0.000 ltr
  O-16                 OUTFALL      0.000    1.154     0  00:45           0        1.55       0.000
  O-17                 OUTFALL      0.000    0.013     0  00:59           0      0.0126       0.000
  O-18                 OUTFALL      0.000    0.063     0  00:56           0       0.078       0.000
  O-19                 OUTFALL      0.000    0.250     0  00:56           0       0.278       0.000
  O-20                 OUTFALL      0.000    0.223     0  00:56           0       0.242       0.000
  O-21                 OUTFALL      0.000    0.131     0  00:55           0       0.123       0.000
  O-22                 OUTFALL      0.000    0.048     0  00:46           0      0.0718       0.000
  O-23                 OUTFALL      0.000    0.340     0  01:00           0       0.272       0.000
  O-24                 OUTFALL      0.000    0.131     0  00:53           0       0.136       0.000
  O-25                 OUTFALL      0.000    0.000     0  00:45           0    0.000215       0.000
  O-26                 OUTFALL      0.000    0.541     0  00:45           0       0.819       0.000
  O-27                 OUTFALL      0.000    0.028     0  00:52           0       0.036       0.000
  O-28                 OUTFALL      0.000    0.216     0  01:00           0       0.131       0.000
  O-29                 OUTFALL      0.000    0.025     0  00:54           0       0.035       0.000
  O-30                 OUTFALL      0.000    0.199     0  00:51           0       0.283       0.000
  O-31                 OUTFALL      0.000    0.042     0  00:51           0      0.0633       0.000
  O-32                 OUTFALL      0.000    0.115     0  00:57           0       0.122       0.000
  O-33                 OUTFALL      0.000    0.323     0  00:59           0        0.24       0.000
  O-34                 OUTFALL      0.000    0.568     0  01:00           0       0.263       0.000
  O-35                 OUTFALL      0.000    0.291     0  00:50           0       0.411       0.000
  O-36                 OUTFALL      0.000    0.009     0  00:45           0      0.0141       0.000
  O-37                 OUTFALL      0.000    0.093     0  00:52           0      0.0688       0.000
  O-38                 OUTFALL      0.000    0.354     0  00:55           0       0.361       0.000
  O-39                 OUTFALL      0.000    0.164     0  00:39           0       0.139       0.000
  O-40                 OUTFALL      0.000    0.663     0  01:00           0       0.664       0.000
  O-41                 OUTFALL      0.000    0.143     0  00:53           0       0.191       0.000
  O-42                 OUTFALL      0.000    0.031     0  00:55           0      0.0418       0.000
  O-43                 OUTFALL      0.000    0.147     0  01:00           0       0.162       0.000
  
  
  **********************
  Node Surcharge Summary
  **********************
  
  Surcharging occurs when water rises above the top of the highest conduit.
  ---------------------------------------------------------------------
                                               Max. Height   Min. Depth
                                   Hours       Above Crown    Below Rim
  Node                 Type      Surcharged         Meters       Meters
  ---------------------------------------------------------------------
  I-2                  JUNCTION        0.42          0.600        0.000
  I-3                  JUNCTION        0.45          0.600        0.000
  I-4                  JUNCTION        0.40          0.200        0.000
  I-10                 JUNCTION        0.51          1.000        0.000
  I-20                 JUNCTION        0.44          0.600        0.000
  I-28                 JUNCTION        0.42          0.300        0.000
  I-36                 JUNCTION        0.17          0.000        0.000
  I-42                 JUNCTION        0.21          0.600        0.000
  I-45                 JUNCTION        0.22          0.600        0.000
  I-87                 JUNCTION        0.37          0.200        0.000
  I-102                JUNCTION        0.30          0.450        0.000
  I-106                JUNCTION        0.02          0.000        0.000
  I-108                JUNCTION        0.21          0.000        0.000
  I-111                JUNCTION        0.44          0.450        0.000
  I-117                JUNCTION        0.31          0.000        0.000
  I-118                JUNCTION        0.40          0.586        0.014
  I-119                JUNCTION        0.39          0.600        0.000
  I-120                JUNCTION        0.08          0.053        0.247
  I-121                JUNCTION        0.59          0.600        0.000
  I-122                JUNCTION        0.47          0.600        0.000
  I-123                JUNCTION        0.44          0.200        0.000
  I-127                JUNCTION        0.19          0.200        0.000
  I-129                JUNCTION        0.32          0.600        0.000
  I-131                JUNCTION        0.02          0.600        0.000
  I-132                JUNCTION        0.35          0.600        0.000
  I-135                JUNCTION        0.35          0.300        0.000
  I-138                JUNCTION        0.39          0.700        0.000
  I-139                JUNCTION        0.01          0.000        0.000
  I-142                JUNCTION        0.39          0.700        0.000
  ISD-10               JUNCTION        0.27          0.000        0.000
  ISD-11               JUNCTION        0.01          0.000        0.000
  ISD-14               JUNCTION        0.10          0.000        0.000
  ISD-76               JUNCTION        0.44          0.177        0.123
  ISD-77               JUNCTION        0.45          0.300        0.000
  ISD-78               JUNCTION        0.45          0.300        0.000
  ISD-79               JUNCTION        0.45          0.300        0.000
  ISD-80               JUNCTION        0.44          0.300        0.000
  ISD-81               JUNCTION        0.43          0.300        0.000
  ISD-82               JUNCTION        0.27          0.140        0.160
  ISD-83               JUNCTION        0.38          0.300        0.000
  ISD-84               JUNCTION        0.15          0.300        0.000
  ISD-110              JUNCTION        0.35          0.177        0.423
  ISD-112              JUNCTION        0.36          0.418        0.182
  ISD-113              JUNCTION        0.37          0.542        0.058
  ISD-114              JUNCTION        0.37          0.591        0.009
  ISD-115              JUNCTION        0.39          0.571        0.029
  ISD-116              JUNCTION        0.40          0.600        0.000
  ISD-117              JUNCTION        0.39          0.600        0.000
  ISD-118              JUNCTION        0.39          0.600        0.000
  ISD-119              JUNCTION        0.39          0.587        0.013
  ISD-120              JUNCTION        0.39          0.586        0.014
  ISD-121              JUNCTION        0.39          0.578        0.022
  ISD-122              JUNCTION        0.39          0.600        0.000
  ISD-123              JUNCTION        0.38          0.574        0.026
  ISD-124              JUNCTION        0.38          0.600        0.000
  ISD-125              JUNCTION        0.37          0.600        0.000
  ISD-126              JUNCTION        0.37          0.584        0.016
  ISD-127              JUNCTION        0.37          0.552        0.048
  ISD-128              JUNCTION        0.37          0.600        0.000
  ISD-129              JUNCTION        0.37          0.600        0.000
  ISD-130              JUNCTION        0.37          0.600        0.000
  ISD-131              JUNCTION        0.37          0.600        0.000
  ISD-132              JUNCTION        0.36          0.600        0.000
  ISD-133              JUNCTION        0.36          0.600        0.000
  ISD-134              JUNCTION        0.36          0.600        0.000
  ISD-135              JUNCTION        0.37          0.600        0.000
  ISD-136              JUNCTION        0.37          0.600        0.000
  ISD-137              JUNCTION        0.37          0.600        0.000
  ISD-138              JUNCTION        0.37          0.600        0.000
  ISD-139              JUNCTION        0.37          0.600        0.000
  ISD-140              JUNCTION        0.37          0.600        0.000
  ISD-141              JUNCTION        0.37          0.600        0.000
  ISD-142              JUNCTION        0.38          0.600        0.000
  ISD-143              JUNCTION        0.37          0.600        0.000
  ISD-144              JUNCTION        0.38          0.600        0.000
  ISD-145              JUNCTION        0.38          0.600        0.000
  ISD-146              JUNCTION        0.38          0.600        0.000
  ISD-147              JUNCTION        0.38          0.600        0.000
  ISD-148              JUNCTION        0.38          0.600        0.000
  ISD-149              JUNCTION        0.39          0.600        0.000
  ISD-150              JUNCTION        0.39          0.600        0.000
  ISD-151              JUNCTION        0.39          0.600        0.000
  ISD-152              JUNCTION        0.39          0.600        0.000
  ISD-153              JUNCTION        0.40          0.600        0.000
  ISD-154              JUNCTION        0.40          0.600        0.000
  ISD-155              JUNCTION        0.41          0.600        0.000
  ISD-156              JUNCTION        0.41          0.600        0.000
  ISD-157              JUNCTION        0.41          0.600        0.000
  ISD-158              JUNCTION        0.41          0.600        0.000
  ISD-159              JUNCTION        0.42          0.599        0.001
  ISD-160              JUNCTION        0.42          0.600        0.000
  ISD-161              JUNCTION        0.43          0.600        0.000
  ISD-162              JUNCTION        0.42          0.495        0.105
  ISD-163              JUNCTION        0.43          0.535        0.065
  ISD-164              JUNCTION        0.44          0.550        0.050
  ISD-165              JUNCTION        0.45          0.600        0.000
  ISD-166              JUNCTION        0.44          0.573        0.027
  ISD-167              JUNCTION        0.45          0.600        0.000
  ISD-168              JUNCTION        0.44          0.582        0.018
  ISD-169              JUNCTION        0.43          0.600        0.000
  ISD-170              JUNCTION        0.43          0.556        0.044
  ISD-171              JUNCTION        0.43          0.600        0.000
  ISD-172              JUNCTION        0.43          0.600        0.000
  ISD-173              JUNCTION        0.43          0.600        0.000
  ISD-174              JUNCTION        0.43          0.590        0.010
  ISD-175              JUNCTION        0.43          0.600        0.000
  ISD-176              JUNCTION        0.42          0.600        0.000
  ISD-177              JUNCTION        0.41          0.600        0.000
  ISD-178              JUNCTION        0.41          0.600        0.000
  ISD-179              JUNCTION        0.41          0.600        0.000
  ISD-180              JUNCTION        0.41          0.600        0.000
  ISD-181              JUNCTION        0.41          0.600        0.000
  ISD-182              JUNCTION        0.40          0.600        0.000
  ISD-183              JUNCTION        0.40          0.600        0.000
  ISD-184              JUNCTION        0.40          0.600        0.000
  ISD-185              JUNCTION        0.40          0.600        0.000
  ISD-186              JUNCTION        0.40          0.600        0.000
  ISD-187              JUNCTION        0.40          0.600        0.000
  ISD-254              JUNCTION        0.25          0.198        0.102
  ISD-255              JUNCTION        0.31          0.292        0.008
  ISD-256              JUNCTION        0.26          0.210        0.090
  ISD-283              JUNCTION        0.28          0.000        0.000
  ISD-351              JUNCTION        0.26          0.000        0.000
  ISD-359              JUNCTION        0.24          0.162        0.588
  ISD-360              JUNCTION        0.25          0.193        0.557
  ISD-361              JUNCTION        0.26          0.234        0.516
  ISD-362              JUNCTION        0.26          0.274        0.476
  ISD-363              JUNCTION        0.26          0.495        0.255
  ISD-364              JUNCTION        0.27          0.418        0.332
  ISD-365              JUNCTION        0.27          0.750        0.000
  ISD-366              JUNCTION        0.27          0.718        0.032
  ISD-381              JUNCTION        0.35          0.600        0.000
  ISD-382              JUNCTION        0.36          0.600        0.000
  ISD-383              JUNCTION        0.36          0.600        0.000
  ISD-384              JUNCTION        0.36          0.600        0.000
  ISD-385              JUNCTION        0.37          0.600        0.000
  ISD-386              JUNCTION        0.37          0.600        0.000
  ISD-387              JUNCTION        0.39          0.600        0.000
  ISD-388              JUNCTION        0.40          0.600        0.000
  ISD-389              JUNCTION        0.38          0.600        0.000
  ISD-390              JUNCTION        0.37          0.600        0.000
  ISD-391              JUNCTION        0.37          0.600        0.000
  ISD-392              JUNCTION        0.37          0.600        0.000
  ISD-393              JUNCTION        0.37          0.600        0.000
  ISD-394              JUNCTION        0.38          0.600        0.000
  ISD-395              JUNCTION        0.38          0.600        0.000
  ISD-396              JUNCTION        0.38          0.600        0.000
  ISD-397              JUNCTION        0.38          0.600        0.000
  ISD-398              JUNCTION        0.38          0.600        0.000
  ISD-399              JUNCTION        0.39          0.600        0.000
  ISD-400              JUNCTION        0.39          0.600        0.000
  ISD-401              JUNCTION        0.39          0.600        0.000
  ISD-402              JUNCTION        0.39          0.600        0.000
  ISD-403              JUNCTION        0.39          0.600        0.000
  ISD-404              JUNCTION        0.39          0.600        0.000
  ISD-405              JUNCTION        0.39          0.600        0.000
  ISD-406              JUNCTION        0.39          0.600        0.000
  ISD-407              JUNCTION        0.39          0.600        0.000
  ISD-408              JUNCTION        0.40          0.600        0.000
  ISD-409              JUNCTION        0.40          0.600        0.000
  ISD-410              JUNCTION        0.40          0.600        0.000
  ISD-411              JUNCTION        0.40          0.600        0.000
  ISD-412              JUNCTION        0.40          0.583        0.017
  ISD-413              JUNCTION        0.40          0.565        0.035
  ISD-414              JUNCTION        0.40          0.600        0.000
  ISD-415              JUNCTION        0.41          0.600        0.000
  ISD-416              JUNCTION        0.41          0.600        0.000
  ISD-417              JUNCTION        0.41          0.600        0.000
  ISD-418              JUNCTION        0.41          0.600        0.000
  ISD-419              JUNCTION        0.42          0.600        0.000
  ISD-420              JUNCTION        0.42          0.600        0.000
  ISD-421              JUNCTION        0.42          0.600        0.000
  ISD-422              JUNCTION        0.43          0.593        0.007
  ISD-423              JUNCTION        0.42          0.600        0.000
  ISD-424              JUNCTION        0.42          0.600        0.000
  ISD-425              JUNCTION        0.43          0.571        0.029
  ISD-426              JUNCTION        0.45          0.600        0.000
  ISD-427              JUNCTION        0.45          0.600        0.000
  ISD-428              JUNCTION        0.45          0.600        0.000
  ISD-429              JUNCTION        0.46          0.485        0.115
  ISD-430              JUNCTION        0.47          0.500        0.100
  ISD-431              JUNCTION        0.47          0.554        0.046
  ISD-432              JUNCTION        0.49          0.600        0.000
  ISD-433              JUNCTION        0.49          0.600        0.000
  ISD-434              JUNCTION        0.50          0.600        0.000
  ISD-435              JUNCTION        0.50          0.485        0.115
  ISD-436              JUNCTION        0.50          0.506        0.094
  ISD-437              JUNCTION        0.50          0.491        0.109
  ISD-438              JUNCTION        0.51          0.600        0.000
  ISD-439              JUNCTION        0.51          0.592        0.008
  ISD-440              JUNCTION        0.52          0.600        0.000
  ISD-441              JUNCTION        0.51          0.600        0.000
  ISD-442              JUNCTION        0.51          0.583        0.017
  ISD-443              JUNCTION        0.48          0.594        0.006
  ISD-444              JUNCTION        0.48          0.580        0.020
  ISD-445              JUNCTION        0.48          0.600        0.000
  ISD-446              JUNCTION        0.47          0.600        0.000
  ISD-447              JUNCTION        0.44          0.600        0.000
  ISD-448              JUNCTION        0.46          0.600        0.000
  ISD-449              JUNCTION        0.44          0.600        0.000
  ISD-450              JUNCTION        0.43          0.600        0.000
  ISD-451              JUNCTION        0.44          0.587        0.013
  ISD-452              JUNCTION        0.44          0.600        0.000
  ISD-453              JUNCTION        0.44          0.600        0.000
  ISD-454              JUNCTION        0.42          0.600        0.000
  ISD-455              JUNCTION        0.41          0.600        0.000
  ISD-456              JUNCTION        0.41          0.600        0.000
  ISD-457              JUNCTION        0.42          0.600        0.000
  ISD-458              JUNCTION        0.42          0.600        0.000
  ISD-459              JUNCTION        0.42          0.600        0.000
  ISD-460              JUNCTION        0.41          0.600        0.000
  ISD-461              JUNCTION        0.41          0.600        0.000
  ISD-462              JUNCTION        0.41          0.600        0.000
  ISD-463              JUNCTION        0.41          0.600        0.000
  ISD-464              JUNCTION        0.41          0.600        0.000
  ISD-465              JUNCTION        0.41          0.600        0.000
  ISD-466              JUNCTION        0.40          0.600        0.000
  ISD-467              JUNCTION        0.40          0.600        0.000
  ISD-468              JUNCTION        0.40          0.600        0.000
  ISD-469              JUNCTION        0.40          0.600        0.000
  ISD-470              JUNCTION        0.40          0.600        0.000
  ISD-471              JUNCTION        0.40          0.600        0.000
  ISD-472              JUNCTION        0.42          0.600        0.000
  ISD-473              JUNCTION        0.41          0.600        0.000
  ISD-474              JUNCTION        0.40          0.570        0.030
  ISD-475              JUNCTION        0.41          0.600        0.000
  ISD-476              JUNCTION        0.41          0.600        0.000
  ISD-477              JUNCTION        0.40          0.580        0.020
  ISD-478              JUNCTION        0.40          0.600        0.000
  ISD-479              JUNCTION        0.41          0.600        0.000
  ISD-480              JUNCTION        0.42          0.600        0.000
  ISD-481              JUNCTION        0.42          0.583        0.017
  ISD-482              JUNCTION        0.43          0.600        0.000
  ISD-483              JUNCTION        0.42          0.600        0.000
  ISD-484              JUNCTION        0.42          0.600        0.000
  ISD-485              JUNCTION        0.41          0.600        0.000
  ISD-486              JUNCTION        0.41          0.600        0.000
  ISD-487              JUNCTION        0.41          0.600        0.000
  ISD-488              JUNCTION        0.40          0.600        0.000
  ISD-489              JUNCTION        0.40          0.600        0.000
  ISD-490              JUNCTION        0.39          0.600        0.000
  ISD-491              JUNCTION        0.39          0.600        0.000
  ISD-492              JUNCTION        0.39          0.600        0.000
  ISD-493              JUNCTION        0.38          0.600        0.000
  ISD-494              JUNCTION        0.38          0.600        0.000
  ISD-495              JUNCTION        0.37          0.600        0.000
  ISD-496              JUNCTION        0.36          0.516        0.084
  ISD-497              JUNCTION        0.35          0.476        0.124
  ISD-498              JUNCTION        0.36          0.489        0.111
  ISD-499              JUNCTION        0.35          0.519        0.081
  ISD-500              JUNCTION        0.31          0.338        0.262
  ISD-501              JUNCTION        0.29          0.306        0.294
  ISD-502              JUNCTION        0.25          0.240        0.360
  ISD-503              JUNCTION        0.19          0.158        0.442
  ISD-504              JUNCTION        0.15          0.111        0.489
  ISD-505              JUNCTION        0.03          0.022        0.578
  ISD-527              JUNCTION        0.31          0.750        0.000
  ISD-528              JUNCTION        0.36          0.750        0.000
  ISD-529              JUNCTION        0.36          0.750        0.000
  ISD-530              JUNCTION        0.36          0.750        0.000
  ISD-531              JUNCTION        0.39          0.750        0.000
  ISD-532              JUNCTION        0.40          0.750        0.000
  ISD-533              JUNCTION        0.43          0.750        0.000
  ISD-534              JUNCTION        0.45          0.750        0.000
  ISD-535              JUNCTION        0.48          0.750        0.000
  ISD-536              JUNCTION        0.47          0.750        0.000
  ISD-537              JUNCTION        0.46          0.750        0.000
  ISD-538              JUNCTION        0.40          0.600        0.000
  ISD-539              JUNCTION        0.41          0.600        0.000
  ISD-540              JUNCTION        0.41          0.600        0.000
  ISD-541              JUNCTION        0.40          0.600        0.000
  ISD-542              JUNCTION        0.40          0.600        0.000
  ISD-543              JUNCTION        0.39          0.600        0.000
  ISD-544              JUNCTION        0.39          0.600        0.000
  ISD-555              JUNCTION        0.06          0.015        0.585
  ISD-556              JUNCTION        0.32          0.317        0.283
  ISD-557              JUNCTION        0.30          0.600        0.000
  ISD-558              JUNCTION        0.25          0.600        0.000
  ISD-559              JUNCTION        0.46          0.600        0.000
  ISD-560              JUNCTION        0.55          0.600        0.000
  ISD-561              JUNCTION        0.26          0.313        0.287
  ISD-562              JUNCTION        0.26          0.328        0.272
  ISD-563              JUNCTION        0.25          0.311        0.289
  ISD-564              JUNCTION        0.25          0.313        0.287
  ISD-565              JUNCTION        0.26          0.340        0.260
  ISD-566              JUNCTION        0.26          0.348        0.252
  ISD-567              JUNCTION        0.26          0.361        0.239
  ISD-568              JUNCTION        0.26          0.367        0.233
  ISD-569              JUNCTION        0.22          0.309        0.291
  ISD-570              JUNCTION        0.21          0.302        0.298
  ISD-571              JUNCTION        0.24          0.357        0.243
  ISD-572              JUNCTION        0.20          0.273        0.327
  ISD-573              JUNCTION        0.25          0.392        0.208
  ISD-574              JUNCTION        0.22          0.331        0.269
  ISD-575              JUNCTION        0.21          0.319        0.281
  ISD-576              JUNCTION        0.21          0.320        0.280
  ISD-577              JUNCTION        0.18          0.239        0.361
  ISD-578              JUNCTION        0.19          0.280        0.320
  ISD-579              JUNCTION        0.28          0.501        0.099
  ISD-580              JUNCTION        0.15          0.177        0.423
  ISD-581              JUNCTION        0.01          0.027        0.573
  ISD-586              JUNCTION        0.32          0.600        0.000
  ISD-592              JUNCTION        0.39          0.093        0.507
  ISD-593              JUNCTION        0.42          0.214        0.386
  ISD-594              JUNCTION        0.42          0.250        0.350
  ISD-595              JUNCTION        0.43          0.323        0.277
  ISD-596              JUNCTION        0.43          0.341        0.259
  ISD-597              JUNCTION        0.43          0.383        0.217
  ISD-598              JUNCTION        0.45          0.530        0.070
  ISD-599              JUNCTION        0.45          0.585        0.015
  ISD-600              JUNCTION        0.45          0.581        0.019
  ISD-601              JUNCTION        0.45          0.572        0.028
  ISD-602              JUNCTION        0.45          0.600        0.000
  ISD-603              JUNCTION        0.45          0.573        0.027
  ISD-604              JUNCTION        0.45          0.600        0.000
  ISD-605              JUNCTION        0.44          0.600        0.000
  ISD-606              JUNCTION        0.43          0.542        0.058
  ISD-607              JUNCTION        0.43          0.600        0.000
  ISD-608              JUNCTION        0.41          0.513        0.087
  ISD-609              JUNCTION        0.41          0.595        0.005
  ISD-610              JUNCTION        0.40          0.600        0.000
  ISD-611              JUNCTION        0.40          0.600        0.000
  ISD-612              JUNCTION        0.40          0.600        0.000
  ISD-613              JUNCTION        0.40          0.600        0.000
  ISD-614              JUNCTION        0.40          0.600        0.000
  ISD-615              JUNCTION        0.40          0.600        0.000
  ISD-616              JUNCTION        0.38          0.600        0.000
  ISD-617              JUNCTION        0.37          0.600        0.000
  ISD-618              JUNCTION        0.36          0.600        0.000
  ISD-619              JUNCTION        0.35          0.600        0.000
  ISD-653              JUNCTION        0.15          0.028        0.572
  ISD-654              JUNCTION        0.23          0.053        0.547
  ISD-655              JUNCTION        0.31          0.111        0.489
  ISD-656              JUNCTION        0.36          0.174        0.426
  ISD-657              JUNCTION        0.39          0.478        0.122
  ISD-658              JUNCTION        0.40          0.508        0.092
  ISD-659              JUNCTION        0.41          0.511        0.089
  ISD-660              JUNCTION        0.42          0.600        0.000
  ISD-661              JUNCTION        0.44          0.600        0.000
  ISD-662              JUNCTION        0.44          0.600        0.000
  ISD-663              JUNCTION        0.45          0.600        0.000
  ISD-664              JUNCTION        0.45          0.600        0.000
  ISD-665              JUNCTION        0.46          0.600        0.000
  ISD-666              JUNCTION        0.46          0.600        0.000
  ISD-667              JUNCTION        0.44          0.577        0.023
  ISD-668              JUNCTION        0.43          0.600        0.000
  ISD-669              JUNCTION        0.43          0.600        0.000
  ISD-670              JUNCTION        0.43          0.600        0.000
  ISD-671              JUNCTION        0.42          0.600        0.000
  ISD-672              JUNCTION        0.42          0.600        0.000
  ISD-673              JUNCTION        0.42          0.600        0.000
  ISD-674              JUNCTION        0.42          0.600        0.000
  ISD-675              JUNCTION        0.41          0.600        0.000
  ISD-676              JUNCTION        0.09          0.600        0.000
  ISD-779              JUNCTION        0.29          0.030        0.420
  ISD-800              JUNCTION        0.23          0.450        0.000
  ISD-801              JUNCTION        0.37          0.446        0.004
  ISD-802              JUNCTION        0.41          0.450        0.000
  ISD-803              JUNCTION        0.41          0.450        0.000
  ISD-804              JUNCTION        0.43          0.450        0.000
  ISD-805              JUNCTION        0.42          0.450        0.000
  ISD-806              JUNCTION        0.32          0.450        0.000
  ISD-807              JUNCTION        0.32          0.450        0.000
  ISD-808              JUNCTION        0.32          0.450        0.000
  ISD-809              JUNCTION        0.29          0.450        0.000
  ISD-810              JUNCTION        0.29          0.450        0.000
  ISD-811              JUNCTION        0.29          0.445        0.005
  ISD-812              JUNCTION        0.29          0.450        0.000
  ISD-813              JUNCTION        0.29          0.450        0.000
  ISD-814              JUNCTION        0.29          0.450        0.000
  ISD-815              JUNCTION        0.29          0.450        0.000
  ISD-816              JUNCTION        0.28          0.450        0.000
  ISD-817              JUNCTION        0.28          0.450        0.000
  ISD-818              JUNCTION        0.28          0.450        0.000
  ISD-819              JUNCTION        0.28          0.450        0.000
  ISD-820              JUNCTION        0.01          0.450        0.000
  ISD-821              JUNCTION        0.01          0.450        0.000
  ISD-852              JUNCTION        0.06          0.013        0.437
  ISD-853              JUNCTION        0.18          0.108        0.342
  ISD-854              JUNCTION        0.19          0.115        0.335
  ISD-855              JUNCTION        0.22          0.154        0.296
  ISD-856              JUNCTION        0.24          0.189        0.261
  ISD-857              JUNCTION        0.26          0.248        0.202
  ISD-858              JUNCTION        0.27          0.286        0.164
  ISD-859              JUNCTION        0.28          0.321        0.129
  ISD-860              JUNCTION        0.28          0.353        0.097
  ISD-861              JUNCTION        0.29          0.372        0.078
  ISD-862              JUNCTION        0.29          0.415        0.035
  ISD-863              JUNCTION        0.29          0.390        0.060
  ISD-864              JUNCTION        0.30          0.442        0.008
  ISD-865              JUNCTION        0.31          0.450        0.000
  ISD-866              JUNCTION        0.31          0.450        0.000
  ISD-867              JUNCTION        0.31          0.450        0.000
  ISD-868              JUNCTION        0.32          0.450        0.000
  ISD-869              JUNCTION        0.32          0.450        0.000
  ISD-870              JUNCTION        0.32          0.422        0.028
  ISD-871              JUNCTION        0.33          0.450        0.000
  ISD-872              JUNCTION        0.32          0.440        0.010
  ISD-873              JUNCTION        0.32          0.423        0.027
  ISD-874              JUNCTION        0.33          0.422        0.028
  ISD-875              JUNCTION        0.33          0.412        0.038
  ISD-876              JUNCTION        0.33          0.412        0.038
  ISD-877              JUNCTION        0.31          0.322        0.128
  ISD-878              JUNCTION        0.31          0.307        0.143
  ISD-879              JUNCTION        0.34          0.334        0.116
  ISD-880              JUNCTION        0.34          0.315        0.135
  ISD-881              JUNCTION        0.35          0.310        0.140
  ISD-882              JUNCTION        0.36          0.330        0.120
  ISD-883              JUNCTION        0.37          0.333        0.117
  ISD-884              JUNCTION        0.38          0.362        0.088
  ISD-885              JUNCTION        0.39          0.361        0.089
  ISD-886              JUNCTION        0.41          0.406        0.044
  ISD-887              JUNCTION        0.42          0.368        0.082
  ISD-888              JUNCTION        0.42          0.377        0.073
  ISD-889              JUNCTION        0.43          0.401        0.049
  ISD-890              JUNCTION        0.44          0.450        0.000
  ISD-891              JUNCTION        0.44          0.450        0.000
  ISD-892              JUNCTION        0.45          0.589        0.011
  ISD-893              JUNCTION        0.45          0.600        0.000
  ISD-894              JUNCTION        0.45          0.599        0.001
  ISD-895              JUNCTION        0.45          0.600        0.000
  ISD-896              JUNCTION        0.45          0.600        0.000
  ISD-897              JUNCTION        0.45          0.600        0.000
  ISD-898              JUNCTION        0.45          0.600        0.000
  ISD-899              JUNCTION        0.44          0.600        0.000
  ISD-900              JUNCTION        0.44          0.600        0.000
  ISD-901              JUNCTION        0.44          0.600        0.000
  ISD-902              JUNCTION        0.45          0.600        0.000
  ISD-903              JUNCTION        0.45          0.600        0.000
  ISD-904              JUNCTION        0.45          0.600        0.000
  ISD-905              JUNCTION        0.44          0.600        0.000
  ISD-906              JUNCTION        0.44          0.600        0.000
  ISD-907              JUNCTION        0.44          0.600        0.000
  ISD-908              JUNCTION        0.44          0.600        0.000
  ISD-909              JUNCTION        0.44          0.600        0.000
  ISD-910              JUNCTION        0.44          0.600        0.000
  ISD-911              JUNCTION        0.43          0.600        0.000
  ISD-912              JUNCTION        0.43          0.600        0.000
  ISD-913              JUNCTION        0.44          0.600        0.000
  ISD-914              JUNCTION        0.44          0.600        0.000
  ISD-915              JUNCTION        0.44          0.600        0.000
  ISD-916              JUNCTION        0.44          0.600        0.000
  ISD-917              JUNCTION        0.44          0.600        0.000
  ISD-918              JUNCTION        0.44          0.600        0.000
  ISD-919              JUNCTION        0.44          0.599        0.001
  ISD-920              JUNCTION        0.44          0.600        0.000
  ISD-921              JUNCTION        0.44          0.600        0.000
  ISD-922              JUNCTION        0.44          0.600        0.000
  ISD-923              JUNCTION        0.44          0.600        0.000
  ISD-924              JUNCTION        0.45          0.600        0.000
  ISD-925              JUNCTION        0.45          0.600        0.000
  ISD-926              JUNCTION        0.45          0.600        0.000
  ISD-927              JUNCTION        0.45          0.600        0.000
  ISD-928              JUNCTION        0.45          0.600        0.000
  ISD-929              JUNCTION        0.45          0.600        0.000
  ISD-930              JUNCTION        0.45          0.600        0.000
  ISD-931              JUNCTION        0.45          0.600        0.000
  ISD-932              JUNCTION        0.45          0.600        0.000
  ISD-933              JUNCTION        0.45          0.600        0.000
  ISD-934              JUNCTION        0.45          0.600        0.000
  ISD-935              JUNCTION        0.46          0.600        0.000
  ISD-936              JUNCTION        0.46          0.600        0.000
  ISD-937              JUNCTION        0.46          0.600        0.000
  ISD-938              JUNCTION        0.46          0.600        0.000
  ISD-939              JUNCTION        0.46          0.600        0.000
  ISD-940              JUNCTION        0.46          0.600        0.000
  ISD-941              JUNCTION        0.46          0.600        0.000
  ISD-942              JUNCTION        0.46          0.600        0.000
  ISD-943              JUNCTION        0.46          0.600        0.000
  ISD-944              JUNCTION        0.46          0.545        0.055
  ISD-945              JUNCTION        0.47          0.600        0.000
  ISD-946              JUNCTION        0.47          0.600        0.000
  ISD-947              JUNCTION        0.47          0.600        0.000
  ISD-948              JUNCTION        0.47          0.600        0.000
  ISD-949              JUNCTION        0.47          0.600        0.000
  ISD-950              JUNCTION        0.47          0.600        0.000
  ISD-951              JUNCTION        0.47          0.600        0.000
  ISD-952              JUNCTION        0.45          0.559        0.041
  ISD-953              JUNCTION        0.45          0.552        0.048
  ISD-954              JUNCTION        0.45          0.600        0.000
  ISD-955              JUNCTION        0.45          0.379        0.221
  ISD-956              JUNCTION        0.33          0.013        0.587
  ISD-958              JUNCTION        0.18          0.026        0.574
  ISD-959              JUNCTION        0.30          0.098        0.502
  ISD-960              JUNCTION        0.27          0.108        0.492
  ISD-961              JUNCTION        0.16          0.048        0.552
  ISD-1002             JUNCTION        0.23          0.205        0.395
  ISD-1003             JUNCTION        0.41          0.592        0.008
  ISD-1004             JUNCTION        0.42          0.600        0.000
  ISD-1005             JUNCTION        0.45          0.600        0.000
  ISD-1006             JUNCTION        0.48          0.600        0.000
  ISD-1007             JUNCTION        0.47          0.600        0.000
  ISD-1071             JUNCTION        0.33          0.300        0.000
  ISD-1072             JUNCTION        0.35          0.300        0.000
  ISD-1074             JUNCTION        0.36          0.300        0.000
  ISD-1075             JUNCTION        0.35          0.300        0.000
  ISD-1076             JUNCTION        0.34          0.290        0.010
  ISD-1077             JUNCTION        0.02          0.300        0.000
  ISD-1154             JUNCTION        0.04          0.300        0.000
  ISD-1155             JUNCTION        0.09          0.300        0.000
  ISD-1156             JUNCTION        0.30          0.300        0.000
  ISD-1157             JUNCTION        0.40          0.300        0.000
  ISD-1158             JUNCTION        0.40          0.300        0.000
  ISD-1159             JUNCTION        0.41          0.300        0.000
  ISD-1160             JUNCTION        0.41          0.300        0.000
  ISD-1161             JUNCTION        0.41          0.300        0.000
  ISD-1162             JUNCTION        0.41          0.300        0.000
  ISD-1163             JUNCTION        0.42          0.300        0.000
  ISD-1164             JUNCTION        0.48          0.600        0.000
  ISD-1165             JUNCTION        0.48          0.600        0.000
  ISD-1166             JUNCTION        0.45          0.552        0.048
  ISD-1167             JUNCTION        0.43          0.600        0.000
  ISD-1168             JUNCTION        0.43          0.600        0.000
  ISD-1169             JUNCTION        0.42          0.600        0.000
  ISD-1170             JUNCTION        0.42          0.600        0.000
  ISD-1171             JUNCTION        0.42          0.600        0.000
  ISD-1172             JUNCTION        0.42          0.600        0.000
  ISD-1173             JUNCTION        0.42          0.600        0.000
  ISD-1174             JUNCTION        0.44          0.600        0.000
  ISD-1175             JUNCTION        0.48          0.600        0.000
  ISD-1176             JUNCTION        0.49          0.600        0.000
  ISD-1177             JUNCTION        0.49          0.600        0.000
  ISD-1178             JUNCTION        0.49          0.600        0.000
  ISD-1179             JUNCTION        0.49          0.600        0.000
  ISD-1180             JUNCTION        0.47          0.569        0.031
  ISD-1181             JUNCTION        0.45          0.600        0.000
  ISD-1182             JUNCTION        0.43          0.600        0.000
  ISD-1183             JUNCTION        0.01          0.600        0.000
  ISD-1187             JUNCTION        0.41          0.600        0.000
  ISD-1188             JUNCTION        0.42          0.600        0.000
  ISD-1189             JUNCTION        0.43          0.600        0.000
  ISD-1190             JUNCTION        0.43          0.600        0.000
  ISD-1191             JUNCTION        0.43          0.600        0.000
  ISD-1192             JUNCTION        0.43          0.600        0.000
  ISD-1193             JUNCTION        0.44          0.600        0.000
  ISD-1194             JUNCTION        0.43          0.600        0.000
  ISD-1195             JUNCTION        0.43          0.600        0.000
  ISD-1196             JUNCTION        0.43          0.600        0.000
  ISD-1197             JUNCTION        0.43          0.600        0.000
  ISD-1198             JUNCTION        0.42          0.600        0.000
  ISD-1199             JUNCTION        0.42          0.600        0.000
  ISD-1200             JUNCTION        0.41          0.600        0.000
  ISD-1201             JUNCTION        0.41          0.600        0.000
  ISD-1202             JUNCTION        0.01          0.600        0.000
  ISD-1215             JUNCTION        0.31          0.023        0.577
  ISD-1216             JUNCTION        0.43          0.600        0.000
  ISD-1217             JUNCTION        0.44          0.600        0.000
  ISD-1218             JUNCTION        0.45          0.600        0.000
  ISD-1219             JUNCTION        0.45          0.600        0.000
  ISD-1220             JUNCTION        0.44          0.574        0.026
  ISD-1221             JUNCTION        0.44          0.600        0.000
  ISD-1222             JUNCTION        0.44          0.600        0.000
  ISD-1223             JUNCTION        0.44          0.600        0.000
  ISD-1224             JUNCTION        0.48          0.600        0.000
  ISD-1225             JUNCTION        0.45          0.594        0.006
  ISD-1226             JUNCTION        0.45          0.600        0.000
  ISD-1227             JUNCTION        0.45          0.598        0.002
  ISD-1228             JUNCTION        0.46          0.600        0.000
  ISD-1229             JUNCTION        0.46          0.600        0.000
  ISD-1230             JUNCTION        0.46          0.564        0.036
  ISD-1231             JUNCTION        0.47          0.596        0.004
  ISD-1232             JUNCTION        0.48          0.600        0.000
  ISD-1233             JUNCTION        0.45          0.600        0.000
  ISD-1234             JUNCTION        0.44          0.600        0.000
  ISD-1235             JUNCTION        0.44          0.600        0.000
  ISD-1236             JUNCTION        0.35          0.600        0.000
  ISD-1237             JUNCTION        0.33          0.600        0.000
  ISD-1238             JUNCTION        0.33          0.600        0.000
  ISD-1239             JUNCTION        0.33          0.600        0.000
  
  
  *********************
  Node Flooding Summary
  *********************
  
  Flooding refers to all water that overflows a node, whether it ponds or not.
  --------------------------------------------------------------------------
                                                             Total   Maximum
                                 Maximum   Time of Max       Flood    Ponded
                        Hours       Rate    Occurrence      Volume     Depth
  Node                 Flooded       CMS   days hr:min    10^6 ltr    Meters
  --------------------------------------------------------------------------
  I-2                     0.42     0.438      0  00:54       0.577     0.000
  I-3                     0.01     0.092      0  00:33       0.000     0.000
  I-4                     0.40     0.488      0  00:35       0.609     0.000
  I-10                    0.51     0.133      0  00:50       0.192     0.000
  I-20                    0.42     0.476      0  00:45       0.662     0.000
  I-28                    0.01     0.088      0  00:34       0.000     0.000
  I-36                    0.17     0.968      0  01:00       0.556     0.000
  I-42                    0.01     0.017      0  00:47       0.000     0.000
  I-45                    0.01     0.029      0  00:47       0.000     0.000
  I-87                    0.37     0.592      0  00:50       0.702     0.000
  I-102                   0.01     0.112      0  00:42       0.000     0.000
  I-106                   0.02     0.794      0  00:47       0.032     0.000
  I-108                   0.21     1.315      0  00:51       0.824     0.000
  I-111                   0.43     0.606      0  00:44       0.853     0.000
  I-117                   0.31     0.794      0  01:00       0.781     0.000
  I-119                   0.39     0.781      0  00:55       1.006     0.000
  I-121                   0.50     0.836      0  00:55       1.202     0.000
  I-122                   0.47     0.275      0  00:55       0.371     0.000
  I-123                   0.44     0.627      0  00:55       0.807     0.000
  I-127                   0.19     0.471      0  00:48       0.292     0.000
  I-129                   0.01     0.073      0  00:40       0.000     0.000
  I-131                   0.01     0.024      0  00:59       0.000     0.000
  I-132                   0.34     0.609      0  00:59       0.628     0.000
  I-135                   0.22     0.115      0  00:42       0.019     0.000
  I-138                   0.01     0.068      0  00:36       0.000     0.000
  I-139                   0.01     0.070      0  00:43       0.000     0.000
  I-142                   0.01     0.035      0  00:36       0.000     0.000
  ISD-10                  0.27     1.246      0  00:52       0.699     0.000
  ISD-11                  0.01     0.088      0  00:44       0.000     0.000
  ISD-14                  0.10     0.101      0  00:45       0.012     0.000
  ISD-77                  0.43     0.775      0  00:45       1.019     0.000
  ISD-78                  0.35     0.158      0  00:53       0.100     0.000
  ISD-79                  0.12     0.035      0  00:35       0.004     0.000
  ISD-80                  0.01     0.026      0  00:34       0.000     0.000
  ISD-81                  0.01     0.171      0  00:34       0.000     0.000
  ISD-83                  0.01     0.169      0  00:41       0.000     0.000
  ISD-84                  0.01     0.205      0  00:39       0.000     0.000
  ISD-116                 0.36     0.116      0  00:39       0.129     0.000
  ISD-117                 0.02     0.000      0  00:39       0.000     0.000
  ISD-118                 0.01     0.000      0  00:38       0.000     0.000
  ISD-122                 0.36     0.159      0  00:45       0.187     0.000
  ISD-124                 0.01     0.060      0  00:37       0.000     0.000
  ISD-125                 0.01     0.003      0  00:38       0.000     0.000
  ISD-128                 0.01     0.063      0  00:37       0.000     0.000
  ISD-129                 0.01     0.058      0  00:38       0.000     0.000
  ISD-130                 0.01     0.005      0  00:38       0.000     0.000
  ISD-131                 0.01     0.161      0  00:38       0.000     0.000
  ISD-132                 0.02     0.203      0  00:38       0.005     0.000
  ISD-133                 0.01     0.417      0  00:38       0.005     0.000
  ISD-134                 0.01     0.200      0  00:38       0.001     0.000
  ISD-135                 0.01     0.112      0  00:38       0.000     0.000
  ISD-136                 0.04     0.137      0  00:38       0.001     0.000
  ISD-137                 0.36     0.088      0  00:39       0.081     0.000
  ISD-138                 0.01     0.199      0  00:37       0.000     0.000
  ISD-139                 0.01     0.000      0  00:38       0.000     0.000
  ISD-140                 0.01     0.028      0  00:38       0.000     0.000
  ISD-141                 0.01     0.005      0  00:38       0.000     0.000
  ISD-142                 0.37     0.175      0  00:49       0.205     0.000
  ISD-143                 0.01     0.144      0  00:37       0.000     0.000
  ISD-144                 0.01     0.110      0  00:37       0.000     0.000
  ISD-145                 0.01     0.016      0  00:37       0.000     0.000
  ISD-146                 0.01     0.011      0  00:37       0.000     0.000
  ISD-147                 0.01     0.063      0  00:37       0.000     0.000
  ISD-148                 0.01     0.066      0  00:37       0.000     0.000
  ISD-149                 0.01     0.010      0  00:37       0.000     0.000
  ISD-150                 0.01     0.025      0  00:37       0.000     0.000
  ISD-151                 0.01     0.007      0  00:37       0.000     0.000
  ISD-152                 0.01     0.152      0  00:36       0.000     0.000
  ISD-153                 0.01     0.086      0  00:36       0.000     0.000
  ISD-154                 0.01     0.065      0  00:36       0.000     0.000
  ISD-155                 0.01     0.018      0  00:36       0.000     0.000
  ISD-156                 0.01     0.009      0  00:36       0.000     0.000
  ISD-157                 0.01     0.004      0  00:36       0.000     0.000
  ISD-158                 0.01     0.003      0  00:36       0.000     0.000
  ISD-160                 0.01     0.002      0  00:36       0.000     0.000
  ISD-161                 0.38     0.127      0  00:49       0.128     0.000
  ISD-165                 0.40     0.387      0  00:49       0.514     0.000
  ISD-167                 0.40     0.120      0  00:49       0.152     0.000
  ISD-169                 0.01     0.025      0  00:34       0.000     0.000
  ISD-171                 0.01     0.002      0  00:35       0.000     0.000
  ISD-172                 0.40     0.070      0  00:46       0.063     0.000
  ISD-173                 0.01     0.001      0  00:35       0.000     0.000
  ISD-175                 0.10     0.044      0  00:36       0.004     0.000
  ISD-176                 0.01     0.011      0  00:35       0.000     0.000
  ISD-177                 0.01     0.007      0  00:35       0.000     0.000
  ISD-178                 0.01     0.007      0  00:35       0.000     0.000
  ISD-179                 0.01     0.041      0  00:35       0.000     0.000
  ISD-180                 0.01     0.048      0  00:35       0.000     0.000
  ISD-181                 0.01     0.079      0  00:35       0.000     0.000
  ISD-182                 0.01     0.090      0  00:35       0.000     0.000
  ISD-183                 0.01     0.097      0  00:35       0.000     0.000
  ISD-184                 0.01     0.187      0  00:35       0.000     0.000
  ISD-185                 0.01     0.134      0  00:36       0.000     0.000
  ISD-186                 0.01     0.216      0  00:36       0.001     0.000
  ISD-187                 0.01     0.096      0  00:36       0.000     0.000
  ISD-283                 0.28     0.879      0  00:47       0.683     0.000
  ISD-351                 0.26     0.288      0  00:54       0.119     0.000
  ISD-365                 0.01     0.016      0  00:44       0.000     0.000
  ISD-381                 0.01     0.207      0  00:38       0.000     0.000
  ISD-382                 0.01     0.083      0  00:38       0.000     0.000
  ISD-383                 0.01     0.269      0  00:38       0.001     0.000
  ISD-384                 0.01     0.102      0  00:38       0.000     0.000
  ISD-385                 0.01     0.223      0  00:37       0.000     0.000
  ISD-386                 0.01     0.220      0  00:37       0.000     0.000
  ISD-387                 0.08     0.127      0  00:39       0.003     0.000
  ISD-388                 0.36     0.148      0  00:45       0.132     0.000
  ISD-389                 0.01     0.015      0  00:37       0.000     0.000
  ISD-390                 0.01     0.179      0  00:37       0.001     0.000
  ISD-391                 0.01     0.211      0  00:37       0.000     0.000
  ISD-392                 0.01     0.138      0  00:37       0.000     0.000
  ISD-393                 0.01     0.069      0  00:37       0.000     0.000
  ISD-394                 0.01     0.067      0  00:37       0.000     0.000
  ISD-395                 0.01     0.009      0  00:37       0.000     0.000
  ISD-396                 0.01     0.016      0  00:37       0.000     0.000
  ISD-397                 0.01     0.082      0  00:37       0.000     0.000
  ISD-398                 0.01     0.245      0  00:36       0.000     0.000
  ISD-399                 0.01     0.255      0  00:36       0.000     0.000
  ISD-400                 0.01     0.048      0  00:36       0.000     0.000
  ISD-401                 0.01     0.140      0  00:36       0.000     0.000
  ISD-402                 0.36     0.140      0  00:36       0.086     0.000
  ISD-403                 0.01     0.240      0  00:36       0.000     0.000
  ISD-404                 0.01     0.246      0  00:36       0.000     0.000
  ISD-405                 0.01     0.186      0  00:36       0.000     0.000
  ISD-406                 0.01     0.070      0  00:36       0.000     0.000
  ISD-407                 0.01     0.022      0  00:36       0.000     0.000
  ISD-408                 0.02     0.059      0  00:36       0.000     0.000
  ISD-409                 0.38     0.137      0  00:44       0.158     0.000
  ISD-410                 0.01     0.006      0  00:36       0.000     0.000
  ISD-411                 0.01     0.008      0  00:36       0.000     0.000
  ISD-414                 0.01     0.097      0  00:36       0.000     0.000
  ISD-415                 0.01     0.036      0  00:36       0.000     0.000
  ISD-416                 0.01     0.005      0  00:36       0.000     0.000
  ISD-417                 0.01     0.027      0  00:36       0.000     0.000
  ISD-418                 0.01     0.010      0  00:36       0.000     0.000
  ISD-419                 0.38     0.033      0  00:45       0.033     0.000
  ISD-421                 0.39     0.048      0  00:44       0.061     0.000
  ISD-423                 0.39     0.052      0  00:46       0.053     0.000
  ISD-424                 0.39     0.053      0  00:45       0.070     0.000
  ISD-426                 0.11     0.002      0  00:45       0.000     0.000
  ISD-427                 0.01     0.070      0  00:32       0.000     0.000
  ISD-428                 0.01     0.073      0  00:32       0.000     0.000
  ISD-432                 0.01     0.003      0  00:30       0.000     0.000
  ISD-433                 0.01     0.115      0  00:30       0.000     0.000
  ISD-434                 0.46     0.386      0  00:45       0.549     0.000
  ISD-438                 0.47     0.224      0  00:45       0.351     0.000
  ISD-440                 0.48     0.583      0  00:45       0.921     0.000
  ISD-441                 0.43     0.152      0  00:45       0.200     0.000
  ISD-445                 0.01     0.007      0  00:34       0.000     0.000
  ISD-446                 0.01     0.017      0  00:34       0.000     0.000
  ISD-447                 0.01     0.051      0  00:34       0.000     0.000
  ISD-448                 0.01     0.022      0  00:34       0.000     0.000
  ISD-449                 0.01     0.112      0  00:32       0.000     0.000
  ISD-450                 0.01     0.089      0  00:34       0.000     0.000
  ISD-452                 0.41     0.096      0  00:33       0.112     0.000
  ISD-453                 0.41     0.176      0  00:33       0.132     0.000
  ISD-454                 0.01     0.069      0  00:34       0.000     0.000
  ISD-455                 0.01     0.126      0  00:35       0.000     0.000
  ISD-456                 0.01     0.058      0  00:35       0.000     0.000
  ISD-457                 0.01     0.015      0  00:35       0.000     0.000
  ISD-458                 0.01     0.020      0  00:35       0.000     0.000
  ISD-459                 0.40     0.152      0  00:43       0.201     0.000
  ISD-460                 0.01     0.016      0  00:35       0.000     0.000
  ISD-461                 0.01     0.083      0  00:35       0.000     0.000
  ISD-462                 0.01     0.094      0  00:35       0.000     0.000
  ISD-463                 0.01     0.142      0  00:35       0.000     0.000
  ISD-464                 0.03     0.012      0  00:35       0.000     0.000
  ISD-465                 0.40     0.115      0  00:36       0.124     0.000
  ISD-466                 0.01     0.132      0  00:35       0.000     0.000
  ISD-467                 0.01     0.090      0  00:36       0.000     0.000
  ISD-468                 0.01     0.157      0  00:36       0.001     0.000
  ISD-469                 0.01     0.286      0  00:36       0.001     0.000
  ISD-470                 0.01     0.065      0  00:36       0.000     0.000
  ISD-471                 0.01     0.023      0  00:36       0.000     0.000
  ISD-472                 0.39     0.114      0  00:36       0.034     0.000
  ISD-473                 0.01     0.035      0  00:35       0.000     0.000
  ISD-475                 0.37     0.021      0  00:35       0.016     0.000
  ISD-476                 0.01     0.012      0  00:35       0.000     0.000
  ISD-478                 0.01     0.079      0  00:35       0.000     0.000
  ISD-479                 0.01     0.001      0  00:35       0.000     0.000
  ISD-480                 0.01     0.005      0  00:35       0.000     0.000
  ISD-482                 0.40     0.101      0  00:42       0.131     0.000
  ISD-483                 0.40     0.123      0  00:40       0.165     0.000
  ISD-484                 0.01     0.021      0  00:35       0.000     0.000
  ISD-485                 0.01     0.015      0  00:35       0.000     0.000
  ISD-486                 0.01     0.049      0  00:35       0.000     0.000
  ISD-487                 0.38     0.028      0  00:35       0.014     0.000
  ISD-488                 0.39     0.199      0  00:49       0.244     0.000
  ISD-489                 0.05     0.019      0  00:36       0.000     0.000
  ISD-490                 0.01     0.108      0  00:36       0.000     0.000
  ISD-491                 0.26     0.138      0  00:36       0.009     0.000
  ISD-492                 0.25     0.099      0  00:36       0.028     0.000
  ISD-493                 0.18     0.142      0  00:36       0.007     0.000
  ISD-494                 0.14     0.121      0  00:37       0.008     0.000
  ISD-495                 0.01     0.095      0  00:37       0.000     0.000
  ISD-527                 0.01     0.085      0  00:41       0.000     0.000
  ISD-528                 0.01     0.035      0  00:38       0.000     0.000
  ISD-529                 0.01     0.029      0  00:38       0.000     0.000
  ISD-530                 0.01     0.035      0  00:38       0.000     0.000
  ISD-531                 0.27     0.084      0  00:36       0.015     0.000
  ISD-532                 0.31     0.035      0  00:35       0.032     0.000
  ISD-533                 0.27     0.052      0  00:34       0.002     0.000
  ISD-534                 0.39     0.074      0  00:45       0.088     0.000
  ISD-535                 0.40     0.179      0  00:45       0.242     0.000
  ISD-536                 0.01     0.001      0  00:36       0.000     0.000
  ISD-537                 0.01     0.001      0  00:35       0.000     0.000
  ISD-538                 0.01     0.075      0  00:35       0.000     0.000
  ISD-539                 0.34     0.068      0  00:38       0.028     0.000
  ISD-540                 0.03     0.096      0  00:37       0.005     0.000
  ISD-541                 0.01     0.020      0  00:36       0.000     0.000
  ISD-542                 0.01     0.126      0  00:36       0.002     0.000
  ISD-543                 0.01     0.199      0  00:36       0.001     0.000
  ISD-544                 0.01     0.119      0  00:36       0.001     0.000
  ISD-557                 0.01     0.001      0  00:45       0.000     0.000
  ISD-558                 0.01     0.007      0  00:45       0.000     0.000
  ISD-559                 0.01     0.158      0  00:30       0.000     0.000
  ISD-560                 0.01     0.035      0  00:30       0.000     0.000
  ISD-586                 0.01     0.079      0  00:41       0.000     0.000
  ISD-602                 0.32     0.030      0  00:45       0.020     0.000
  ISD-604                 0.38     0.181      0  00:45       0.225     0.000
  ISD-605                 0.31     0.010      0  00:44       0.006     0.000
  ISD-607                 0.01     0.002      0  00:36       0.000     0.000
  ISD-610                 0.01     0.023      0  00:36       0.000     0.000
  ISD-611                 0.01     0.034      0  00:36       0.000     0.000
  ISD-612                 0.36     0.124      0  00:47       0.120     0.000
  ISD-613                 0.01     0.010      0  00:37       0.000     0.000
  ISD-614                 0.01     0.021      0  00:38       0.000     0.000
  ISD-615                 0.01     0.002      0  00:38       0.000     0.000
  ISD-616                 0.01     0.065      0  00:36       0.000     0.000
  ISD-617                 0.01     0.168      0  00:37       0.000     0.000
  ISD-618                 0.01     0.064      0  00:38       0.000     0.000
  ISD-619                 0.01     0.117      0  00:38       0.000     0.000
  ISD-660                 0.01     0.084      0  00:34       0.000     0.000
  ISD-661                 0.01     0.007      0  00:34       0.000     0.000
  ISD-662                 0.28     0.056      0  00:33       0.024     0.000
  ISD-663                 0.38     0.077      0  00:45       0.087     0.000
  ISD-664                 0.40     0.121      0  00:50       0.163     0.000
  ISD-665                 0.42     0.580      0  00:54       0.759     0.000
  ISD-666                 0.03     0.018      0  00:35       0.001     0.000
  ISD-668                 0.01     0.007      0  00:35       0.000     0.000
  ISD-669                 0.01     0.016      0  00:35       0.000     0.000
  ISD-670                 0.01     0.011      0  00:35       0.000     0.000
  ISD-671                 0.01     0.007      0  00:35       0.000     0.000
  ISD-672                 0.01     0.014      0  00:35       0.000     0.000
  ISD-673                 0.01     0.017      0  00:35       0.000     0.000
  ISD-674                 0.01     0.090      0  00:34       0.000     0.000
  ISD-675                 0.01     0.173      0  00:34       0.000     0.000
  ISD-676                 0.01     0.156      0  00:43       0.001     0.000
  ISD-800                 0.01     0.043      0  00:54       0.000     0.000
  ISD-802                 0.01     0.089      0  00:35       0.000     0.000
  ISD-803                 0.01     0.002      0  00:54       0.000     0.000
  ISD-804                 0.37     0.277      0  00:40       0.275     0.000
  ISD-805                 0.01     0.078      0  00:35       0.000     0.000
  ISD-806                 0.01     0.010      0  00:42       0.000     0.000
  ISD-807                 0.01     0.017      0  00:42       0.000     0.000
  ISD-808                 0.29     0.430      0  00:46       0.346     0.000
  ISD-809                 0.01     0.017      0  00:42       0.000     0.000
  ISD-810                 0.01     0.038      0  00:42       0.000     0.000
  ISD-812                 0.01     0.057      0  00:42       0.000     0.000
  ISD-813                 0.01     0.020      0  00:42       0.000     0.000
  ISD-814                 0.01     0.025      0  00:43       0.000     0.000
  ISD-815                 0.01     0.013      0  00:43       0.000     0.000
  ISD-816                 0.01     0.011      0  00:43       0.000     0.000
  ISD-817                 0.01     0.034      0  00:43       0.000     0.000
  ISD-818                 0.01     0.117      0  00:43       0.000     0.000
  ISD-819                 0.01     0.330      0  00:43       0.000     0.000
  ISD-820                 0.01     0.094      0  00:45       0.000     0.000
  ISD-821                 0.01     0.265      0  00:45       0.000     0.000
  ISD-865                 0.01     0.001      0  00:51       0.000     0.000
  ISD-866                 0.01     0.000      0  00:50       0.000     0.000
  ISD-867                 0.01     0.000      0  00:51       0.000     0.000
  ISD-868                 0.14     0.035      0  00:50       0.011     0.000
  ISD-869                 0.01     0.001      0  00:50       0.000     0.000
  ISD-871                 0.21     0.092      0  00:47       0.046     0.000
  ISD-890                 0.32     0.119      0  00:45       0.089     0.000
  ISD-891                 0.01     0.104      0  00:33       0.000     0.000
  ISD-893                 0.43     0.165      0  00:44       0.240     0.000
  ISD-895                 0.03     0.001      0  00:33       0.000     0.000
  ISD-896                 0.03     0.002      0  00:33       0.000     0.000
  ISD-897                 0.13     0.005      0  00:33       0.000     0.000
  ISD-898                 0.44     0.093      0  00:44       0.127     0.000
  ISD-899                 0.06     0.080      0  00:33       0.000     0.000
  ISD-900                 0.08     0.122      0  00:33       0.000     0.000
  ISD-901                 0.01     0.036      0  00:33       0.000     0.000
  ISD-902                 0.44     0.071      0  00:44       0.101     0.000
  ISD-903                 0.40     0.036      0  00:33       0.005     0.000
  ISD-904                 0.43     0.094      0  00:44       0.135     0.000
  ISD-905                 0.01     0.060      0  00:33       0.000     0.000
  ISD-906                 0.01     0.024      0  00:33       0.000     0.000
  ISD-907                 0.01     0.007      0  00:33       0.000     0.000
  ISD-908                 0.43     0.058      0  00:45       0.076     0.000
  ISD-909                 0.01     0.053      0  00:33       0.000     0.000
  ISD-910                 0.20     0.109      0  00:33       0.002     0.000
  ISD-911                 0.01     0.369      0  00:33       0.002     0.000
  ISD-912                 0.40     0.217      0  00:33       0.010     0.000
  ISD-913                 0.43     0.151      0  00:33       0.033     0.000
  ISD-914                 0.43     0.143      0  00:33       0.035     0.000
  ISD-915                 0.44     0.117      0  00:33       0.091     0.000
  ISD-916                 0.01     0.068      0  00:33       0.000     0.000
  ISD-917                 0.05     0.191      0  00:33       0.000     0.000
  ISD-918                 0.44     0.067      0  00:40       0.092     0.000
  ISD-920                 0.43     0.015      0  00:40       0.014     0.000
  ISD-921                 0.01     0.020      0  00:33       0.000     0.000
  ISD-922                 0.44     0.075      0  00:40       0.106     0.000
  ISD-923                 0.03     0.002      0  00:33       0.000     0.000
  ISD-924                 0.44     0.018      0  00:40       0.025     0.000
  ISD-925                 0.01     0.167      0  00:33       0.000     0.000
  ISD-926                 0.01     0.149      0  00:33       0.000     0.000
  ISD-927                 0.01     0.124      0  00:33       0.000     0.000
  ISD-928                 0.44     0.132      0  00:44       0.191     0.000
  ISD-929                 0.44     0.144      0  00:32       0.068     0.000
  ISD-930                 0.01     0.177      0  00:32       0.000     0.000
  ISD-931                 0.28     0.229      0  00:32       0.002     0.000
  ISD-932                 0.15     0.210      0  00:32       0.000     0.000
  ISD-933                 0.01     0.206      0  00:32       0.000     0.000
  ISD-934                 0.01     0.099      0  00:32       0.000     0.000
  ISD-935                 0.44     0.113      0  00:45       0.160     0.000
  ISD-936                 0.45     0.107      0  00:44       0.160     0.000
  ISD-937                 0.11     0.006      0  00:32       0.000     0.000
  ISD-938                 0.03     0.060      0  00:32       0.000     0.000
  ISD-939                 0.45     0.063      0  00:32       0.053     0.000
  ISD-940                 0.40     0.028      0  00:40       0.029     0.000
  ISD-941                 0.01     0.012      0  00:32       0.000     0.000
  ISD-942                 0.01     0.011      0  00:32       0.000     0.000
  ISD-943                 0.01     0.016      0  00:32       0.000     0.000
  ISD-945                 0.03     0.005      0  00:33       0.000     0.000
  ISD-946                 0.01     0.006      0  00:33       0.000     0.000
  ISD-947                 0.32     0.027      0  00:43       0.019     0.000
  ISD-948                 0.01     0.006      0  00:33       0.000     0.000
  ISD-949                 0.01     0.001      0  00:33       0.000     0.000
  ISD-950                 0.01     0.008      0  00:33       0.000     0.000
  ISD-951                 0.01     0.012      0  00:33       0.000     0.000
  ISD-954                 0.01     0.045      0  00:33       0.000     0.000
  ISD-1004                0.20     0.070      0  00:46       0.032     0.000
  ISD-1005                0.41     0.325      0  00:50       0.372     0.000
  ISD-1006                0.45     0.339      0  00:49       0.488     0.000
  ISD-1007                0.01     0.026      0  00:31       0.000     0.000
  ISD-1071                0.01     0.159      0  00:40       0.000     0.000
  ISD-1072                0.07     0.070      0  00:40       0.002     0.000
  ISD-1074                0.33     0.604      0  00:51       0.571     0.000
  ISD-1075                0.01     0.005      0  00:56       0.000     0.000
  ISD-1077                0.01     0.097      0  00:46       0.000     0.000
  ISD-1154                0.01     0.124      0  00:37       0.000     0.000
  ISD-1155                0.01     0.091      0  00:47       0.000     0.000
  ISD-1156                0.01     0.009      0  00:59       0.000     0.000
  ISD-1157                0.01     0.017      0  00:48       0.000     0.000
  ISD-1158                0.01     0.009      0  00:49       0.000     0.000
  ISD-1159                0.01     0.024      0  00:48       0.001     0.000
  ISD-1160                0.02     0.032      0  00:59       0.001     0.000
  ISD-1161                0.01     0.016      0  00:59       0.000     0.000
  ISD-1162                0.01     0.060      0  00:35       0.000     0.000
  ISD-1163                0.40     0.610      0  00:38       0.635     0.000
  ISD-1164                0.39     0.030      0  00:50       0.033     0.000
  ISD-1165                0.38     0.047      0  00:46       0.038     0.000
  ISD-1167                0.01     0.049      0  00:34       0.000     0.000
  ISD-1168                0.01     0.040      0  00:34       0.000     0.000
  ISD-1169                0.01     0.116      0  00:34       0.000     0.000
  ISD-1170                0.01     0.037      0  00:34       0.000     0.000
  ISD-1171                0.01     0.009      0  00:34       0.000     0.000
  ISD-1172                0.01     0.030      0  00:34       0.000     0.000
  ISD-1173                0.01     0.093      0  00:34       0.000     0.000
  ISD-1174                0.01     0.082      0  00:33       0.000     0.000
  ISD-1175                0.26     0.058      0  00:34       0.004     0.000
  ISD-1176                0.42     0.127      0  00:45       0.174     0.000
  ISD-1177                0.44     0.225      0  00:55       0.327     0.000
  ISD-1178                0.42     0.013      0  00:45       0.015     0.000
  ISD-1179                0.41     0.063      0  00:45       0.060     0.000
  ISD-1181                0.01     0.032      0  00:32       0.000     0.000
  ISD-1182                0.01     0.001      0  00:36       0.000     0.000
  ISD-1183                0.01     0.023      0  00:36       0.000     0.000
  ISD-1187                0.01     0.121      0  00:35       0.000     0.000
  ISD-1188                0.01     0.154      0  00:35       0.000     0.000
  ISD-1189                0.01     0.159      0  00:34       0.000     0.000
  ISD-1190                0.01     0.082      0  00:34       0.000     0.000
  ISD-1191                0.01     0.011      0  00:34       0.000     0.000
  ISD-1192                0.01     0.033      0  00:34       0.000     0.000
  ISD-1193                0.42     0.047      0  00:45       0.060     0.000
  ISD-1194                0.01     0.061      0  00:34       0.000     0.000
  ISD-1195                0.01     0.025      0  00:34       0.000     0.000
  ISD-1196                0.41     0.175      0  00:36       0.152     0.000
  ISD-1197                0.03     0.148      0  00:36       0.004     0.000
  ISD-1198                0.01     0.138      0  00:34       0.000     0.000
  ISD-1199                0.01     0.139      0  00:34       0.000     0.000
  ISD-1200                0.01     0.194      0  00:35       0.001     0.000
  ISD-1201                0.01     0.219      0  00:35       0.001     0.000
  ISD-1202                0.01     0.243      0  00:35       0.001     0.000
  ISD-1216                0.01     0.029      0  00:34       0.000     0.000
  ISD-1217                0.01     0.003      0  00:34       0.000     0.000
  ISD-1219                0.01     0.008      0  00:34       0.000     0.000
  ISD-1221                0.01     0.036      0  00:33       0.000     0.000
  ISD-1222                0.01     0.013      0  00:33       0.000     0.000
  ISD-1223                0.01     0.089      0  00:33       0.000     0.000
  ISD-1224                0.29     0.089      0  00:33       0.022     0.000
  ISD-1226                0.01     0.002      0  00:33       0.000     0.000
  ISD-1228                0.01     0.010      0  00:33       0.000     0.000
  ISD-1229                0.01     0.002      0  00:33       0.000     0.000
  ISD-1232                0.44     0.307      0  00:45       0.447     0.000
  ISD-1233                0.44     0.123      0  00:33       0.127     0.000
  ISD-1234                0.43     0.221      0  00:41       0.297     0.000
  ISD-1235                0.33     0.173      0  00:33       0.095     0.000
  ISD-1236                0.01     0.005      0  00:40       0.000     0.000
  ISD-1237                0.01     0.047      0  00:40       0.000     0.000
  ISD-1238                0.33     0.191      0  00:51       0.171     0.000
  ISD-1239                0.01     0.039      0  00:40       0.000     0.000
  
  
  ***********************
  Outfall Loading Summary
  ***********************
  
  -----------------------------------------------------------
                         Flow       Avg       Max       Total
                         Freq      Flow      Flow      Volume
  Outfall Node           Pcnt       CMS       CMS    10^6 ltr
  -----------------------------------------------------------
  O-0                   97.38     0.067     0.097       0.132
  O-1                   98.10     0.530     0.969       1.038
  O-2                   98.08     0.045     0.063       0.091
  O-3                   98.73     0.154     0.220       0.314
  O-4                   97.43     0.505     0.608       1.033
  O-5                   95.64     0.306     0.399       0.616
  O-6                   97.56     0.117     0.201       0.230
  O-7                   98.44     0.246     0.449       0.489
  O-8                   97.69     0.075     0.121       0.151
  O-9                    0.00     0.000     0.000       0.000
  O-10                  98.55     0.843     0.972       1.835
  O-11                  97.45     0.436     0.575       0.900
  O-12                  96.55     0.495     0.596       0.994
  O-13                  69.38     0.023     0.056       0.033
  O-14                  84.86     0.001     0.001       0.001
  O-15                   0.00     0.000     0.000       0.000
  O-16                  98.29     0.777     1.154       1.548
  O-17                  96.05     0.007     0.013       0.013
  O-18                  97.87     0.039     0.063       0.078
  O-19                  97.56     0.142     0.250       0.278
  O-20                  97.45     0.124     0.223       0.242
  O-21                  65.71     0.096     0.131       0.123
  O-22                  97.43     0.036     0.048       0.072
  O-23                  96.44     0.144     0.340       0.272
  O-24                  58.16     0.119     0.131       0.136
  O-25                  48.75     0.000     0.000       0.000
  O-26                  97.27     0.411     0.541       0.819
  O-27                  93.53     0.019     0.028       0.036
  O-28                  60.00     0.113     0.216       0.131
  O-29                  97.64     0.017     0.025       0.035
  O-30                  96.99     0.142     0.199       0.283
  O-31                  97.97     0.031     0.042       0.063
  O-32                  96.96     0.063     0.115       0.122
  O-33                  97.56     0.121     0.323       0.240
  O-34                  63.09     0.217     0.568       0.263
  O-35                  95.17     0.205     0.291       0.411
  O-36                  97.43     0.007     0.009       0.014
  O-37                  97.82     0.035     0.093       0.069
  O-38                  97.48     0.187     0.354       0.361
  O-39                  64.10     0.108     0.164       0.139
  O-40                  97.32     0.345     0.663       0.664
  O-41                  91.48     0.103     0.143       0.191
  O-42                  98.00     0.021     0.031       0.042
  O-43                  94.99     0.085     0.147       0.162
  -----------------------------------------------------------
  System                86.69     7.555    10.881      14.664
  
  
  ********************
  Link Flow Summary
  ********************
  
  -----------------------------------------------------------------------------
                                 Maximum  Time of Max   Maximum    Max/    Max/
                                  |Flow|   Occurrence   |Veloc|    Full    Full
  Link                 Type          CMS  days hr:min     m/sec    Flow   Depth
  -----------------------------------------------------------------------------
  C_0-C-88             CONDUIT     0.360     0  00:51      1.94    0.14    0.33
  C_1-C-139            CONDUIT     0.627     0  00:53      2.56    0.70    0.81
  C_2-C-125            CONDUIT     0.437     0  00:35      1.55    1.38    1.00
  C_3-C-109            CONDUIT     0.505     0  00:45      1.79    0.97    1.00
  C_4-C-16             CONDUIT     0.027     0  00:29      0.87    1.17    1.00
  C_5-C-97             CONDUIT     0.026     0  00:53      0.11    0.01    0.54
  C_6-C-57             CONDUIT     0.142     0  00:57      1.08    0.07    0.22
  C_7-C-12             CONDUIT     0.102     0  00:57      0.51    0.08    0.35
  C_8-C-77             CONDUIT     0.025     0  00:54      1.24    0.03    0.12
  C_9-C-128            CONDUIT     0.025     0  00:53      0.49    0.01    0.14
  C_10-C-37            CONDUIT     0.171     0  00:55      1.48    0.12    0.24
  C_11-C-32            CONDUIT     0.064     0  00:52      0.28    0.16    0.77
  C_12-C-3             CONDUIT     0.003     0  00:35      0.29    0.00    0.21
  C_13-C-83            CONDUIT     0.061     0  00:50      0.27    0.21    0.74
  C_14-C-100           CONDUIT     0.148     0  00:52      1.32    0.07    0.23
  C_15-C-129           CONDUIT     0.007     0  00:53      0.14    0.01    0.13
  C_16-C-17            CONDUIT     0.002     0  00:29      1.27    1.12    1.00
  C_17-C-121           CONDUIT     0.201     0  00:59      0.95    0.44    0.44
  C_18-C-19            CONDUIT     0.377     0  01:00      0.87    1.41    0.65
  C_19-C-37            CONDUIT     0.141     0  00:58      1.02    0.12    0.28
  C_20-C-36            CONDUIT     0.105     0  00:58      0.52    0.10    0.31
  C_21-C-101           CONDUIT     0.220     0  00:56      1.91    0.01    0.08
  C_22-C-82            CONDUIT     0.066     0  00:55      1.34    0.26    0.35
  C_23-C-57            CONDUIT     0.378     0  00:57      0.93    0.16    0.64
  C_24-C-76            CONDUIT     0.112     0  00:55      1.10    0.06    0.24
  C_25-C-32            CONDUIT     0.288     0  00:52      2.09    0.43    0.50
  C_26-C-89            CONDUIT     0.368     0  00:45      1.30    0.70    1.00
  C_27-C-141           CONDUIT     0.188     0  01:00      0.67    1.00    1.00
  C_28-C-127           CONDUIT     0.110     0  00:55      0.98    4.69    0.68
  C_29-C-122           CONDUIT     0.449     0  01:00      2.85    0.26    0.35
  C_30-C-117           CONDUIT     0.174     0  01:00      0.86    0.45    0.73
  C_31-C-32            CONDUIT     0.136     0  00:52      2.06    0.16    0.46
  C_32-C-30            CONDUIT     0.054     0  00:46      0.98    0.12    0.14
  C_33-C-29            CONDUIT     0.030     0  00:51      0.60    0.02    0.13
  C_34-C-98            CONDUIT     0.063     0  00:51      1.43    0.00    0.04
  C_35-C-32            CONDUIT     0.093     0  00:52      4.07    0.04    0.13
  C_36-C-18            CONDUIT     0.258     0  01:00      1.44    0.47    0.61
  C_37-C-123           CONDUIT     0.475     0  01:00      2.17    0.52    0.45
  C_38-C-15            CONDUIT     0.123     0  00:51      0.67    0.22    0.65
  C_39-C-42            CONDUIT     0.170     0  00:34      0.27    0.54    1.00
  C_40-C-29            CONDUIT     0.419     0  00:47      3.41    0.11    0.25
  C_41-C-56            CONDUIT     0.005     0  00:45      0.06    0.00    0.15
  C_42-C-133           CONDUIT     0.048     0  00:54      1.08    0.11    0.22
  C_43-C-111           CONDUIT     0.086     0  00:54      0.47    0.11    0.61
  C_44-C-113           CONDUIT     0.334     0  00:36      1.72    1.13    0.82
  C_45-C-29            CONDUIT     0.608     0  00:50      2.77    0.23    0.38
  C_46-C-19            CONDUIT     0.224     0  01:00      1.67    0.23    0.26
  C_47-C-5             CONDUIT     0.005     0  00:50      0.18    0.03    0.17
  C_48-C-61            CONDUIT     0.354     0  01:00      0.43    0.28    0.68
  C_49-C-134           CONDUIT     0.009     0  00:45      1.94    0.00    0.04
  C_50-C-19_1          CONDUIT     0.196     0  01:00      1.66    0.09    0.24
  C_51-C-119           CONDUIT     0.086     0  01:00      1.48    0.44    0.47
  C_52-C-42            CONDUIT     0.051     0  00:38      0.73    0.03    0.17
  C_53-C-5             CONDUIT     0.027     0  00:38      0.99    0.07    0.15
  C_54-C-134           CONDUIT     0.053     0  00:39      0.67    0.12    1.00
  C_55-C-24            CONDUIT     0.132     0  01:00      0.91    0.23    1.00
  C_56-C-11            CONDUIT     0.156     0  00:46      0.52    0.93    0.85
  C_57-C-47            CONDUIT     0.077     0  00:51      1.07    0.00    0.06
  C_58-C-6             CONDUIT     0.068     0  00:51      0.44    0.00    0.10
  C_59-C-25            CONDUIT     0.054     0  00:47      0.19    0.40    1.00
  C_60-C-46            CONDUIT     0.149     0  00:54      1.15    0.01    0.09
  C_61-C-20            CONDUIT     0.309     0  01:00      1.91    0.17    0.30
  C_62-C-13            CONDUIT     0.294     0  00:55      1.04    1.69    0.99
  C_63-C-35            CONDUIT     0.450     0  00:47      0.98    0.28    0.43
  C_64-C-138           CONDUIT     0.284     0  00:53      1.59    0.43    0.61
  C_65-C-26            CONDUIT     0.113     0  00:53      0.80    0.43    0.50
  C_66-C-23            CONDUIT     0.596     0  01:00      1.15    0.98    0.61
  C_67-C-11            CONDUIT     0.308     0  01:00      0.75    0.57    0.61
  C_68-C-70            CONDUIT     0.174     0  00:57      1.18    0.17    0.44
  C_69-C-72            CONDUIT     0.339     0  00:52      2.64    1.06    0.76
  C_70-C-23            CONDUIT     0.315     0  01:00      0.62    0.90    0.57
  C_71-C-4             CONDUIT     0.308     0  01:00      0.77    0.90    0.60
  C_72-C-73            CONDUIT     0.044     0  00:50      0.84    0.00    0.07
  C_73-C-118           CONDUIT     0.079     0  00:56      0.85    0.30    0.36
  C_74-C-138           CONDUIT     0.621     0  00:53      3.01    0.94    0.69
  C_75-C-14            CONDUIT     0.663     0  01:00      1.55    0.58    0.50
  C_76-C-138           CONDUIT     0.353     0  00:54      1.60    0.68    0.73
  C_77-C-66            CONDUIT     0.312     0  00:54      1.29    0.68    0.80
  C_78-C-74            CONDUIT     0.018     0  00:50      0.98    0.03    0.12
  C_79-C-31            CONDUIT     0.033     0  00:50      1.24    0.01    0.07
  C_80-C-55            CONDUIT     0.298     0  01:00      1.30    0.24    0.31
  C_81-C-34            CONDUIT     0.233     0  00:52      2.05    0.08    0.19
  C_82-C-20            CONDUIT     0.415     0  00:59      2.58    0.22    0.30
  C_83-C-104           CONDUIT     0.447     0  00:56      2.42    1.89    0.62
  C_84-C-55            CONDUIT     0.016     0  00:57      0.33    0.01    0.17
  C_85-C-49            CONDUIT     0.323     0  00:59      2.08    0.02    0.10
  C_86-C-71            CONDUIT     0.057     0  00:51      0.37    0.00    0.15
  C_87-C-31            CONDUIT     0.042     0  00:51      1.45    0.01    0.07
  C_88-C-2             CONDUIT     0.005     0  00:40      0.94    0.00    0.29
  C_89-C-102           CONDUIT     1.084     0  00:45      2.93    0.25    0.36
  C_90-C-34            CONDUIT     0.070     0  00:46      0.34    0.11    0.41
  C_91-C-104           CONDUIT     0.250     0  00:56      2.53    0.31    0.38
  C_92-C-67            CONDUIT     0.223     0  00:56      1.65    0.11    0.23
  C_93-C-105           CONDUIT     0.131     0  00:55      0.40    0.01    0.16
  C_94-C-22            CONDUIT     0.340     0  01:00      1.36    0.72    0.55
  C_95-C-20            CONDUIT     0.531     0  00:57      2.13    0.17    0.42
  C_96-C-50            CONDUIT     0.109     0  00:56      0.29    0.11    0.45
  C_97-C-55            CONDUIT     0.048     0  00:46      2.25    0.01    0.06
  C_98-C-22            CONDUIT     0.012     0  00:46      0.32    0.01    0.35
  C_99-C-51            CONDUIT     0.073     0  00:55      0.29    0.01    0.14
  C_100-C-106          CONDUIT     0.568     0  01:00      1.68    0.45    0.41
  C_101-C-52           CONDUIT     0.047     0  00:57      0.93    0.14    0.24
  C_102-C-27           CONDUIT     0.115     0  00:57      2.07    0.14    0.25
  C_103-C-43           CONDUIT     0.105     0  01:00      0.33    0.01    0.27
  C_104-C-27           CONDUIT     0.151     0  00:57      1.39    0.41    0.41
  C_105-C-103          CONDUIT     0.088     0  00:57      1.17    0.08    0.14
  C_106-C-45           CONDUIT     0.076     0  00:56      0.41    0.00    0.11
  C_107-C-2            CONDUIT     0.488     0  00:51      2.44    1.14    0.48
  C_108-C-10           CONDUIT     0.577     0  00:50      1.10    0.15    0.63
  C_109-C-60           CONDUIT     0.369     0  00:56      2.54    0.13    0.24
  C_110-C-106          CONDUIT     0.242     0  00:59      0.55    0.33    0.70
  C_111-C-21           CONDUIT     0.357     0  01:00      0.35    0.03    0.17
  C_112-C-20           CONDUIT     0.820     0  00:59      1.54    0.60    0.78
  C_113-C-120          CONDUIT     0.000     0  00:00      0.00    0.00    0.50
  C_114-C-44           CONDUIT     0.102     0  00:57      1.17    0.29    0.35
  C_115-C-75           CONDUIT     0.018     0  00:59      0.33    0.16    0.38
  C_116-C-53           CONDUIT     0.035     0  00:57      0.44    0.14    0.21
  C_117-C-44           CONDUIT     0.097     0  00:57      0.51    0.23    0.66
  C_118-C-44           CONDUIT     0.071     0  00:56      1.02    0.11    0.29
  C_119-C-27           CONDUIT     0.058     0  00:56      0.56    0.11    0.39
  C_120-C-84           CONDUIT     0.058     0  00:41      0.32    0.17    0.65
  C_121-C-44           CONDUIT     0.105     0  00:57      1.63    0.22    0.28
  C_122-C-114          CONDUIT     0.300     0  00:52      0.75    0.17    1.00
  C_123-C-106          CONDUIT     0.570     0  00:54      0.73    0.53    0.92
  C_124-C-39           CONDUIT     0.163     0  00:58      1.06    0.01    0.10
  C_125-C-54           CONDUIT     0.017     0  00:52      0.29    0.04    0.15
  C_126-C-40           CONDUIT     0.097     0  00:59      1.06    0.01    0.07
  C_127-C-44           CONDUIT     0.116     0  00:56      1.42    0.23    0.33
  C_128-C-8            CONDUIT     0.086     0  00:52      1.06    0.10    0.19
  C_129-C-0            CONDUIT     0.028     0  00:52      0.74    0.09    0.19
  C_130-C-8            CONDUIT     0.114     0  00:50      1.59    0.06    0.17
  C_131-C-9            CONDUIT     0.060     0  00:52      0.42    0.06    0.47
  C_132-C-99           CONDUIT     0.093     0  00:47      1.00    0.19    0.44
  C_133-C-28           CONDUIT     0.013     0  00:59      0.36    0.01    0.07
  C_134-C-41           CONDUIT     0.079     0  01:00      1.08    0.01    0.06
  C_135-C-92           CONDUIT     0.069     0  00:49      0.81    0.08    0.33
  C_136-C-94           CONDUIT     0.055     0  00:49      0.91    0.07    0.22
  C_137-C-94           CONDUIT     0.243     0  00:39      1.03    0.21    0.76
  C_138-C-2            CONDUIT     0.145     0  00:38      1.07    0.12    0.87
  C_139-C-65           CONDUIT     0.303     0  01:00      1.49    0.65    0.75
  C_140-C-86           CONDUIT     0.077     0  01:00      0.59    0.30    0.26
  C_141-C-2            CONDUIT     0.001     0  00:45      0.11    0.00    0.05
  C_142-C-93           CONDUIT     0.242     0  00:59      1.51    0.53    0.55
  C_143-C-108          CONDUIT     0.614     0  00:46      2.06    0.71    1.00
  C_144-C-59           CONDUIT     0.600     0  00:55      3.96    0.12    0.25
  C_145-C-28           CONDUIT     0.056     0  00:41      0.88    0.02    0.18
  C_146-C-63           CONDUIT     0.140     0  01:00      1.06    1.13    0.78
  C_147-C-90           CONDUIT     0.111     0  00:46      1.24    0.12    0.26
  C_148-C-80           CONDUIT     1.093     0  00:54      0.50    0.39    1.00
  C_149-C-87           CONDUIT     0.168     0  00:57      0.84    0.27    0.35
  C_150-C-80           CONDUIT     0.268     0  00:45      0.87    0.01    0.53
  C_151-C-79           CONDUIT     0.038     0  00:50      1.31    1.63    0.93
  C_152-C-58           CONDUIT     0.628     0  00:55      1.21    0.15    0.63
  C_153-C-63           CONDUIT     0.196     0  00:45      1.39    2.67    1.00
  C_154-C-64           CONDUIT     0.354     0  00:55      1.96    1.06    0.90
  C_155-C-112          CONDUIT     0.557     0  00:32      2.05    1.13    1.00
  C_156-C-140          CONDUIT     0.221     0  00:47      3.35    0.18    0.28
  C_157-C-91           CONDUIT     0.182     0  00:45      3.17    0.13    0.27
  C_158-C-91           CONDUIT     0.417     0  00:45      5.39    0.32    0.32
  C_159-C-68           CONDUIT     0.061     0  00:56      0.35    0.11    0.83
  C_160-C-28           CONDUIT     0.197     0  00:50      0.29    0.06    0.58
  C_161-C-7            CONDUIT     0.484     0  00:35      1.72    2.31    1.00
  C_162-C-107          CONDUIT     0.139     0  00:36      0.49    1.11    1.00
  C_163-C-1            CONDUIT     0.329     0  00:46      1.17    0.99    1.00
  C_164-C-69           CONDUIT     0.240     0  00:55      0.44    0.53    0.96
  C_165-C-81           CONDUIT     0.483     0  00:50      1.71    0.62    1.00
  C_166-C-7            CONDUIT     0.040     0  00:50      0.25    0.03    0.56
  C_167-C-112          CONDUIT     0.489     0  00:33      1.74    1.22    1.00
  C_168-C-34           CONDUIT     0.651     0  00:51      1.60    0.29    0.55
  C_169-C-29           CONDUIT     0.602     0  00:51      2.67    0.55    0.39
  C_170-C-73           CONDUIT     0.330     0  00:51      1.17    0.02    0.15
  C_171-C-29           CONDUIT     0.314     0  00:52      1.47    0.12    0.37
  C_172-C-38           CONDUIT     0.196     0  00:57      0.54    0.03    0.24
  C_173-C-57           CONDUIT     0.098     0  00:51      0.23    0.06    0.54
  C_174-C-78           CONDUIT     0.048     0  00:50      1.06    0.00    0.04
  C_175-C-126          CONDUIT     0.087     0  00:50      1.68    0.00    0.05
  C_176-C-109          CONDUIT     0.654     0  00:40      2.49    1.01    1.00
  C_177-C-110          CONDUIT     0.121     0  00:59      2.06    0.46    0.48
  C_178-C-116          CONDUIT     0.301     0  00:59      1.06    0.76    1.00
  C_179-C-115          CONDUIT     0.055     0  00:57      0.28    0.22    0.66
  C_180-C-85           CONDUIT     0.134     0  00:55      1.76    0.05    0.18
  C_181-C-96           CONDUIT     0.230     0  00:55      1.09    0.33    0.70
  C_182-C-95           CONDUIT     0.662     0  00:34      2.79   13.82    1.00
  C_183-C-132          CONDUIT     0.030     0  00:55      0.74    0.00    0.04
  C_184-C-48           CONDUIT     0.031     0  00:55      0.82    0.00    0.04
  C_185-C-131          CONDUIT     0.019     0  00:55      0.32    0.00    0.05
  C_186-C-130          CONDUIT     0.072     0  00:54      1.21    0.09    0.27
  C_187-C-135          CONDUIT     0.058     0  00:50      0.35    0.54    1.00
  C_188-C-28           CONDUIT     0.855     0  00:46      0.77    0.35    0.97
  C_189-C-28           CONDUIT     0.171     0  00:44      1.18    0.03    0.27
  C_190-C-136          CONDUIT     0.147     0  01:00      0.92    3.13    0.76
  C_191-C-69           CONDUIT     0.216     0  01:00      0.53    0.40    0.61
  C_192-C-137          CONDUIT     0.045     0  00:50      0.34    0.17    0.69
  C_193-C-55           CONDUIT     0.077     0  00:38      0.77    0.04    0.77
  C_194-C-142          CONDUIT     0.381     0  00:46      0.90    0.24    0.79
  C_195-C-24           CONDUIT     0.588     0  00:59      2.08    1.34    1.00
  C_196-C-3            CONDUIT     0.000     0  00:45      0.05    0.00    0.02
  C_197-C-3            CONDUIT     0.013     0  00:45      0.54    0.00    0.06
  C_198-C-3            CONDUIT     0.029     0  00:45      0.86    0.01    0.07
  C_199-C-3            CONDUIT     0.045     0  00:45      1.17    0.01    0.14
  C_200-C-3            CONDUIT     0.200     0  00:49      1.25    0.04    0.26
  C_201-C-3            CONDUIT     0.262     0  00:55      1.19    0.06    0.48
  C_202-C-3            CONDUIT     0.358     0  00:57      1.17    0.10    0.64
  C_203-C-3            CONDUIT     0.356     0  00:59      1.09    0.09    0.74
  C_204-C-3            CONDUIT     0.327     0  00:52      0.90    0.10    0.90
  C_205-C-3            CONDUIT     0.494     0  00:57      0.44    0.13    0.99
  C_206-C-3            CONDUIT     0.805     0  00:52      0.71    0.39    1.00
  C_207-C-3            CONDUIT     0.791     0  00:52      0.71    0.78    0.98
  C_208-C-3            CONDUIT     0.782     0  00:52      0.70    0.33    0.96
  C_209-C-3            CONDUIT     0.771     0  00:52      0.69    0.31    0.98
  C_210-C-3            CONDUIT     0.822     0  00:51      0.75    0.18    0.93
  C_211-C-3            CONDUIT     0.806     0  00:51      0.77    0.48    0.88
  C_212-C-3            CONDUIT     0.820     0  00:50      0.80    0.22    0.86
  C_213-C-3            CONDUIT     0.789     0  00:51      0.83    0.39    0.80
  C_214-C-3            CONDUIT     0.795     0  00:50      0.83    0.42    0.80
  C_215-C-3            CONDUIT     0.793     0  00:52      0.87    0.24    0.77
  C_216-C-3            CONDUIT     0.797     0  00:51      0.95    0.35    0.72
  C_217-C-3            CONDUIT     0.756     0  00:51      0.96    0.26    0.68
  C_218-C-3            CONDUIT     0.713     0  00:51      0.88    0.26    0.69
  C_219-C-3            CONDUIT     0.686     0  00:51      0.81    0.17    0.71
  C_220-C-3            CONDUIT     0.694     0  00:51      0.76    0.29    0.76
  C_221-C-3            CONDUIT     0.665     0  00:53      0.88    0.35    0.66
  C_222-C-3            CONDUIT     0.659     0  00:53      0.87    0.37    0.66
  C_223-C-3            CONDUIT     0.649     0  00:53      0.84    0.46    0.67
  C_224-C-3            CONDUIT     0.640     0  00:53      0.77    0.24    0.71
  C_225-C-3            CONDUIT     0.716     0  00:53      0.83    2.69    0.73
  C_226-C-3            CONDUIT     0.660     0  00:53      0.76    0.49    0.73
  C_227-C-3            CONDUIT     0.637     0  00:53      0.76    0.24    0.72
  C_228-C-3            CONDUIT     0.647     0  00:53      0.78    0.60    0.71
  C_229-C-3            CONDUIT     0.638     0  00:52      0.76    0.50    0.71
  C_230-C-3            CONDUIT     0.618     0  00:52      0.75    0.47    0.71
  C_231-C-3            CONDUIT     0.611     0  00:53      0.75    3.19    0.71
  C_232-C-3            CONDUIT     0.607     0  00:52      0.71    0.26    0.75
  C_233-C-3            CONDUIT     0.574     0  00:53      0.68    0.20    0.75
  C_234-C-3            CONDUIT     0.550     0  00:53      0.61    0.25    0.79
  C_235-C-3            CONDUIT     0.552     0  00:52      0.63    0.23    0.76
  C_236-C-3            CONDUIT     0.551     0  00:50      0.60    0.23    0.79
  C_237-C-3            CONDUIT     0.531     0  00:52      0.55    0.18    0.83
  C_238-C-3            CONDUIT     0.510     0  00:50      0.49    0.16    0.89
  C_239-C-3            CONDUIT     0.504     0  00:52      0.47    0.20    0.91
  C_240-C-3            CONDUIT     0.486     0  00:52      0.46    0.29    0.90
  C_241-C-3            CONDUIT     0.498     0  00:52      0.50    0.18    0.86
  C_242-C-3            CONDUIT     0.494     0  00:52      0.55    0.16    0.81
  C_243-C-3            CONDUIT     0.531     0  00:52      0.57    2.61    0.80
  C_244-C-3            CONDUIT     0.459     0  00:52      0.50    3.63    0.81
  C_245-C-3            CONDUIT     0.473     0  00:52      0.50    0.40    0.82
  C_246-C-3            CONDUIT     0.436     0  00:52      0.46    0.41    0.84
  C_247-C-3            CONDUIT     0.462     0  00:52      0.49    0.22    0.82
  C_248-C-3            CONDUIT     0.410     0  00:54      0.43    0.14    0.82
  C_249-C-3            CONDUIT     0.389     0  00:54      0.39    0.29    0.85
  C_250-C-3            CONDUIT     0.402     0  00:52      0.39    0.14    0.87
  C_251-C-3            CONDUIT     0.395     0  00:52      0.37    0.16    0.92
  C_252-C-3            CONDUIT     0.398     0  00:52      0.37    0.19    0.94
  C_253-C-3            CONDUIT     0.352     0  00:52      0.33    0.14    0.94
  C_254-C-3            CONDUIT     0.299     0  00:53      0.46    0.24    0.92
  C_255-C-3            CONDUIT     0.312     0  00:53      0.49    0.14    0.89
  C_256-C-3            CONDUIT     0.304     0  00:52      0.64    0.14    0.87
  C_257-C-3            CONDUIT     0.289     0  00:53      0.76    0.09    0.82
  C_258-C-3            CONDUIT     0.341     0  00:53      1.01    0.10    0.75
  C_259-C-3            CONDUIT     0.260     0  00:48      1.17    0.06    0.67
  C_260-C-3            CONDUIT     0.259     0  00:53      1.35    0.08    0.57
  C_261-C-3            CONDUIT     0.072     0  00:46      1.08    0.01    0.31
  C_262-C-3            CONDUIT     0.022     0  00:42      0.83    0.00    0.06
  C_263-C-3            CONDUIT     0.002     0  00:35      0.29    0.00    0.03
  C_264-C-83           CONDUIT     0.068     0  00:50      0.54    0.23    0.46
  C_265-C-12           CONDUIT     0.033     0  00:44      0.21    0.02    0.50
  C_266-C-12           CONDUIT     0.012     0  00:40      0.73    0.00    0.24
  C_267-C-12           CONDUIT     0.004     0  00:40      0.83    0.00    0.03
  C_268-C-12           CONDUIT     0.005     0  00:40      0.70    0.00    0.03
  C_269-C-12           CONDUIT     0.015     0  00:40      1.18    0.00    0.05
  C_270-C-12           CONDUIT     0.024     0  00:40      1.12    0.01    0.40
  C_271-C-12           CONDUIT     0.104     0  00:33      0.90    0.04    0.87
  C_272-C-12           CONDUIT     0.120     0  00:33      0.25    0.06    1.00
  C_273-C-12           CONDUIT     0.672     0  01:00      1.06    1.00    1.00
  C_274-C-12           CONDUIT     0.818     0  00:53      1.29    0.96    1.00
  C_275-C-12           CONDUIT     0.817     0  00:56      1.28    0.62    1.00
  C_276-C-12           CONDUIT     0.810     0  00:56      1.27    0.49    1.00
  C_277-C-12           CONDUIT     0.795     0  00:56      1.49    0.37    1.00
  C_278-C-12           CONDUIT     0.781     0  00:56      1.30    0.81    1.00
  C_279-C-12           CONDUIT     0.771     0  00:56      1.21    0.45    1.00
  C_280-C-12           CONDUIT     0.798     0  00:59      1.71    0.30    0.89
  C_281-C-12           CONDUIT     0.809     0  00:56      2.21    0.45    0.71
  C_282-C-12           CONDUIT     0.791     0  00:56      2.03    0.52    0.60
  C_283-C-12           CONDUIT     0.773     0  00:56      2.10    0.50    0.57
  C_284-C-12           CONDUIT     0.753     0  00:55      2.29    0.41    0.54
  C_285-C-12           CONDUIT     0.799     0  00:55      2.29    0.80    0.55
  C_286-C-12           CONDUIT     0.748     0  00:55      2.16    0.41    0.55
  C_287-C-12           CONDUIT     0.725     0  00:55      2.43    0.47    0.51
  C_288-C-12           CONDUIT     0.711     0  00:55      2.43    0.40    0.49
  C_289-C-12           CONDUIT     0.838     0  00:54      2.50    1.36    0.53
  C_290-C-12           CONDUIT     0.675     0  00:55      1.86    0.66    0.62
  C_291-C-12           CONDUIT     0.642     0  00:58      1.73    0.67    0.61
  C_292-C-12           CONDUIT     0.604     0  00:55      1.68    0.40    0.57
  C_293-C-12           CONDUIT     0.590     0  00:56      1.96    0.29    0.49
  C_294-C-12           CONDUIT     0.571     0  00:56      2.23    0.33    0.43
  C_295-C-12           CONDUIT     0.551     0  00:56      2.17    0.38    0.43
  C_296-C-12           CONDUIT     0.538     0  00:56      2.07    0.37    0.43
  C_297-C-12           CONDUIT     0.519     0  00:57      1.88    0.56    0.45
  C_298-C-12           CONDUIT     0.500     0  00:57      1.69    0.49    0.47
  C_299-C-12           CONDUIT     0.487     0  00:57      1.65    0.42    0.47
  C_300-C-12           CONDUIT     0.473     0  00:58      1.64    0.41    0.46
  C_301-C-12           CONDUIT     0.460     0  00:58      1.62    0.41    0.46
  C_302-C-12           CONDUIT     0.439     0  00:59      1.52    0.51    0.47
  C_303-C-12           CONDUIT     0.418     0  00:59      1.38    0.57    0.48
  C_304-C-12           CONDUIT     0.405     0  01:00      1.28    0.73    0.50
  C_305-C-113          CONDUIT     0.211     0  00:39      0.81    0.30    0.90
  C_306-C-113          CONDUIT     0.164     0  00:39      1.00    0.24    0.56
  C_307-C-113          CONDUIT     0.233     0  00:38      0.86    0.39    1.00
  C_308-C-113          CONDUIT     0.225     0  00:38      0.80    0.36    1.00
  C_309-C-113          CONDUIT     0.221     0  00:38      0.78    0.33    1.00
  C_310-C-113          CONDUIT     0.216     0  00:38      0.76    0.40    1.00
  C_311-C-113          CONDUIT     0.209     0  00:38      0.74    0.45    1.00
  C_312-C-113          CONDUIT     0.204     0  00:38      0.72    0.91    1.00
  C_313-C-113          CONDUIT     0.196     0  00:38      0.69    1.00    1.00
  C_314-C-113          CONDUIT     0.189     0  00:38      0.67    0.67    1.00
  C_315-C-113          CONDUIT     0.182     0  00:38      0.64    1.15    1.00
  C_316-C-113          CONDUIT     0.175     0  00:38      0.62    0.73    1.00
  C_317-C-113          CONDUIT     0.166     0  00:38      0.59    0.74    1.00
  C_318-C-113          CONDUIT     0.290     0  00:45      1.02    0.56    1.00
  C_319-C-113          CONDUIT     0.281     0  00:45      0.99    1.73    1.00
  C_320-C-113          CONDUIT     0.272     0  00:45      0.96    0.59    1.00
  C_321-C-113          CONDUIT     0.263     0  00:45      1.07    0.76    1.00
  C_322-C-113          CONDUIT     0.255     0  00:45      1.13    0.66    1.00
  C_323-C-113          CONDUIT     0.245     0  00:45      0.99    0.89    1.00
  C_324-C-113          CONDUIT     0.230     0  00:44      0.84    1.97    1.00
  C_325-C-113          CONDUIT     0.219     0  00:59      0.80    1.07    1.00
  C_326-C-113          CONDUIT     0.213     0  00:59      0.83    0.73    1.00
  C_327-C-113          CONDUIT     0.208     0  00:37      0.81    0.90    1.00
  C_328-C-113          CONDUIT     0.217     0  00:38      0.80    0.73    1.00
  C_329-C-113          CONDUIT     0.443     0  00:38      1.57   15.66    1.00
  C_330-C-113          CONDUIT     0.462     0  00:38      1.64    1.64    1.00
  C_331-C-113          CONDUIT     0.444     0  00:38      1.57    1.90    1.00
  C_332-C-113          CONDUIT     0.432     0  00:38      1.53   14.55    1.00
  C_333-C-113          CONDUIT     0.420     0  00:38      1.49    0.93    1.00
  C_334-C-113          CONDUIT     0.453     0  00:37      1.60    1.37    1.00
  C_335-C-113          CONDUIT     0.446     0  00:37      1.58    2.02    1.00
  C_336-C-113          CONDUIT     0.460     0  00:37      1.64    1.89    1.00
  C_337-C-113          CONDUIT     0.436     0  00:37      1.56    0.90    1.00
  C_338-C-113          CONDUIT     0.421     0  00:37      1.49    0.90    1.00
  C_339-C-113          CONDUIT     0.443     0  00:37      1.57    2.77    1.00
  C_340-C-113          CONDUIT     0.438     0  00:37      1.55    1.90    1.00
  C_341-C-113          CONDUIT     0.419     0  00:37      1.48    1.16    1.00
  C_342-C-113          CONDUIT     0.416     0  00:37      1.49   14.12    1.00
  C_343-C-113          CONDUIT     0.427     0  00:37      1.52    1.95    1.00
  C_344-C-113          CONDUIT     0.409     0  00:36      1.45    2.54    1.00
  C_345-C-113          CONDUIT     0.397     0  00:36      1.40    1.61    1.00
  C_346-C-113          CONDUIT     0.401     0  00:36      1.42    1.79    1.00
  C_347-C-113          CONDUIT     0.382     0  00:36      1.37    3.32    1.00
  C_348-C-113          CONDUIT     0.347     0  00:36      1.24    1.64    1.00
  C_349-C-113          CONDUIT     0.339     0  00:36      1.21    1.32    1.00
  C_350-C-113          CONDUIT     0.306     0  00:36      1.08    0.95    1.00
  C_351-C-113          CONDUIT     0.280     0  00:36      0.99    2.08    1.00
  C_352-C-113          CONDUIT     0.257     0  00:36      0.91    0.83    1.00
  C_353-C-113          CONDUIT     0.235     0  00:36      0.83    0.86    1.00
  C_354-C-113          CONDUIT     0.228     0  00:50      0.81    0.98    1.00
  C_355-C-113          CONDUIT     0.267     0  00:49      0.94    0.65    1.00
  C_356-C-113          CONDUIT     0.291     0  00:50      1.03    0.64    1.00
  C_357-C-113          CONDUIT     0.191     0  00:59      0.67    0.33    1.00
  C_358-C-113          CONDUIT     0.214     0  00:59      0.76    0.60    1.00
  C_359-C-113          CONDUIT     0.124     0  00:45      0.44    0.21    1.00
  C_360-C-113          CONDUIT     0.242     0  00:48      0.86    0.49    1.00
  C_361-C-113          CONDUIT     0.106     0  00:52      0.37    0.43    1.00
  C_362-C-113          CONDUIT     0.087     0  00:59      0.31    0.25    1.00
  C_363-C-113          CONDUIT     0.180     0  00:49      0.64    0.49    1.00
  C_364-C-113          CONDUIT     0.140     0  00:50      0.49    0.80    1.00
  C_365-C-113          CONDUIT     0.098     0  00:41      0.35    0.44    1.00
  C_366-C-113          CONDUIT     0.077     0  00:59      0.27    0.23    1.00
  C_367-C-113          CONDUIT     0.069     0  00:35      0.24    0.43    1.00
  C_368-C-113          CONDUIT     0.098     0  00:45      0.35    0.44    1.00
  C_369-C-113          CONDUIT     0.101     0  00:35      0.36    0.41    1.00
  C_370-C-113          CONDUIT     0.118     0  00:35      0.42    0.43    1.00
  C_371-C-113          CONDUIT     0.141     0  00:35      0.50    0.48    1.00
  C_372-C-113          CONDUIT     0.163     0  00:35      0.58    0.36    1.00
  C_373-C-113          CONDUIT     0.184     0  00:35      0.71    0.83    1.00
  C_374-C-113          CONDUIT     0.185     0  00:35      0.65    1.17    1.00
  C_375-C-113          CONDUIT     0.201     0  00:35      0.71    0.53    1.00
  C_376-C-113          CONDUIT     0.216     0  00:35      0.76    0.64    1.00
  C_377-C-113          CONDUIT     0.233     0  00:35      0.82    0.89    1.00
  C_378-C-113          CONDUIT     0.240     0  00:35      0.85    8.05    1.00
  C_379-C-113          CONDUIT     0.248     0  00:35      0.88    1.49    1.00
  C_380-C-113          CONDUIT     0.269     0  00:35      0.95    1.34    1.00
  C_381-C-113          CONDUIT     0.266     0  00:36      0.94    1.14    1.00
  C_382-C-113          CONDUIT     0.248     0  00:36      0.88    0.69    1.00
  C_383-C-113          CONDUIT     0.261     0  00:36      1.44    0.23    0.73
  C_384-C-113          CONDUIT     0.306     0  00:36      1.87    0.35    0.61
  C_385-C-142          CONDUIT     0.359     0  00:37      1.37    0.14    0.48
  C_386-C-142          CONDUIT     0.376     0  00:37      1.17    0.36    0.55
  C_387-C-142          CONDUIT     0.365     0  00:37      1.19    2.94    0.56
  C_388-C-142          CONDUIT     0.347     0  00:37      1.15    0.36    0.57
  C_389-C-142          CONDUIT     0.334     0  00:37      0.94    0.19    0.64
  C_390-C-142          CONDUIT     0.324     0  00:46      0.92    0.12    0.63
  C_391-C-142          CONDUIT     0.356     0  00:38      1.01    0.16    0.66
  C_392-C-142          CONDUIT     0.339     0  00:46      0.84    0.15    0.67
  C_393-C-142          CONDUIT     0.361     0  00:46      1.06    0.19    0.61
  C_394-C-142          CONDUIT     0.366     0  00:45      1.00    0.63    0.65
  C_395-C-142          CONDUIT     0.369     0  00:46      0.99    5.35    0.64
  C_396-C-142          CONDUIT     0.382     0  00:46      1.04    0.24    0.66
  C_397-C-142          CONDUIT     0.384     0  00:46      0.87    0.18    0.72
  C_398-C-142          CONDUIT     0.384     0  00:46      0.75    0.30    0.76
  C_399-C-142          CONDUIT     0.386     0  00:46      0.74    0.50    0.77
  C_400-C-142          CONDUIT     0.391     0  00:45      0.77    0.59    0.76
  C_401-C-142          CONDUIT     0.394     0  00:45      0.76    0.35    0.78
  C_402-C-142          CONDUIT     0.394     0  00:45      0.82    0.17    0.75
  C_403-C-142          CONDUIT     0.396     0  00:46      0.89    0.27    0.73
  C_404-C-142          CONDUIT     0.397     0  00:45      0.94    0.27    0.72
  C_405-C-142          CONDUIT     0.396     0  00:45      0.99    0.29    0.72
  C_406-C-142          CONDUIT     0.391     0  00:46      0.99    0.46    0.73
  C_407-C-142          CONDUIT     0.390     0  00:46      1.05    2.70    0.72
  C_408-C-142          CONDUIT     0.386     0  00:46      1.03    0.28    0.74
  C_409-C-55           CONDUIT     0.084     0  00:38      0.97    0.06    0.69
  C_410-C-55           CONDUIT     0.083     0  00:39      0.81    0.11    0.64
  C_411-C-55           CONDUIT     0.081     0  00:40      0.49    0.04    0.68
  C_412-C-55           CONDUIT     0.079     0  00:41      0.58    0.03    0.63
  C_413-C-55           CONDUIT     0.068     0  00:41      0.93    0.07    0.52
  C_414-C-55           CONDUIT     0.056     0  00:42      0.53    0.10    0.50
  C_415-C-55           CONDUIT     0.047     0  00:45      0.49    0.03    0.48
  C_416-C-55           CONDUIT     0.044     0  00:45      0.23    0.01    0.56
  C_417-C-55           CONDUIT     0.047     0  00:46      0.74    0.02    0.40
  C_418-C-55           CONDUIT     0.046     0  00:45      0.21    0.01    0.56
  C_419-C-55           CONDUIT     0.046     0  00:46      0.60    0.05    0.38
  C_420-C-55           CONDUIT     0.038     0  00:47      0.45    0.03    0.36
  C_421-C-55           CONDUIT     0.031     0  00:47      0.44    0.03    0.33
  C_422-C-55           CONDUIT     0.305     0  00:59      1.30    0.16    0.32
  C_423-C-55           CONDUIT     0.311     0  00:59      1.13    0.15    0.36
  C_424-C-55           CONDUIT     0.310     0  00:58      0.96    0.21    0.42
  C_425-C-55           CONDUIT     0.328     0  00:59      0.92    0.42    0.45
  C_426-C-55           CONDUIT     0.335     0  00:59      0.87    0.60    0.48
  C_427-C-55           CONDUIT     0.327     0  00:58      0.89    0.17    0.47
  C_428-C-55           CONDUIT     0.355     0  00:58      0.97    0.39    0.48
  C_429-C-55           CONDUIT     0.381     0  00:59      1.05    0.69    0.46
  C_430-C-55           CONDUIT     0.616     0  00:59      2.74    3.96    0.32
  C_431-C-55           CONDUIT     0.019     0  00:58      0.58    0.01    0.08
  C_432-C-55           CONDUIT     0.016     0  00:58      0.29    0.01    0.12
  C_433-C-55           CONDUIT     0.025     0  00:59      0.42    0.01    0.12
  C_434-C-55           CONDUIT     0.030     0  00:58      0.33    0.05    0.16
  C_435-C-55           CONDUIT     0.035     0  00:59      0.46    0.04    0.14
  C_436-C-55           CONDUIT     0.040     0  00:59      0.41    0.02    0.17
  C_437-C-55           CONDUIT     0.044     0  00:59      0.32    0.32    0.22
  C_438-C-55           CONDUIT     0.047     0  00:59      0.34    0.07    0.22
  C_439-C-55           CONDUIT     0.054     0  00:46      0.72    0.04    0.14
  C_440-C-106          CONDUIT     0.258     0  01:00      0.74    0.09    0.51
  C_441-C-106          CONDUIT     0.259     0  01:00      0.55    0.32    0.58
  C_442-C-106          CONDUIT     0.297     0  00:59      0.55    1.80    0.64
  C_443-C-106          CONDUIT     0.259     0  00:59      0.52    0.28    0.60
  C_444-C-106          CONDUIT     0.246     0  00:59      0.55    0.09    0.65
  C_445-C-106          CONDUIT     0.253     0  00:59      0.48    0.20    0.62
  C_446-C-106          CONDUIT     0.601     0  00:54      1.14    0.33    0.77
  C_447-C-106          CONDUIT     0.590     0  00:54      0.84    5.83    0.85
  C_448-C-114          CONDUIT     0.278     0  00:52      0.44    0.33    1.00
  C_449-C-114          CONDUIT     0.244     0  00:52      0.38    0.29    1.00
  C_450-C-114          CONDUIT     0.205     0  00:52      0.39    0.14    0.93
  C_451-C-114          CONDUIT     0.170     0  00:51      0.96    0.14    0.73
  C_452-C-114          CONDUIT     0.141     0  00:50      1.19    0.09    0.39
  C_453-C-114          CONDUIT     0.106     0  00:50      1.25    0.07    0.19
  C_454-C-114          CONDUIT     0.076     0  00:50      1.10    0.05    0.17
  C_455-C-114          CONDUIT     0.059     0  00:52      1.16    0.03    0.14
  C_456-C-114          CONDUIT     0.051     0  00:52      1.08    0.04    0.13
  C_457-C-8            CONDUIT     0.075     0  00:52      0.76    0.07    0.22
  C_458-C-8            CONDUIT     0.067     0  00:52      0.82    0.06    0.19
  C_459-C-8            CONDUIT     0.083     0  00:50      1.37    0.04    0.15
  C_460-C-8            CONDUIT     0.051     0  00:50      1.04    0.03    0.13
  C_461-C-8            CONDUIT     0.063     0  00:50      0.16    0.05    0.60
  C_462-C-8            CONDUIT     0.097     0  00:51      0.88    1.60    0.23
  C_463-C-8            CONDUIT     0.106     0  00:51      0.79    0.08    0.26
  C_464-C-8            CONDUIT     0.112     0  00:51      0.48    0.11    0.40
  C_465-C-8            CONDUIT     0.114     0  00:52      0.54    0.08    0.37
  C_466-C-28           CONDUIT     0.199     0  00:43      1.04    0.04    0.44
  C_467-C-28           CONDUIT     0.190     0  00:43      0.84    0.04    0.53
  C_468-C-28           CONDUIT     0.203     0  00:43      0.82    0.06    0.61
  C_469-C-28           CONDUIT     0.208     0  00:43      0.85    0.06    0.68
  C_470-C-28           CONDUIT     0.187     0  00:43      0.79    0.05    0.75
  C_471-C-28           CONDUIT     0.227     0  00:43      0.86    0.08    0.82
  C_472-C-28           CONDUIT     0.216     0  00:43      0.43    0.05    0.91
  C_473-C-28           CONDUIT     0.222     0  00:42      0.36    0.09    0.96
  C_474-C-28           CONDUIT     0.236     0  00:43      0.34    0.10    0.98
  C_475-C-28           CONDUIT     0.256     0  00:42      0.29    0.14    1.00
  C_476-C-28           CONDUIT     0.929     0  00:47      0.82    0.71    1.00
  C_477-C-28           CONDUIT     0.857     0  00:46      0.80    0.26    0.91
  C_478-C-28           CONDUIT     0.838     0  00:46      0.81    6.63    0.89
  C_479-C-28           CONDUIT     0.859     0  00:46      0.82    3.81    0.90
  C_480-C-28           CONDUIT     0.823     0  00:47      0.83    0.44    0.90
  C_481-C-28           CONDUIT     0.827     0  00:46      0.89    0.57    0.88
  C_482-C-28           CONDUIT     0.806     0  00:46      0.94    0.45    0.87
  C_483-C-28           CONDUIT     0.832     0  00:46      0.95    3.76    0.86
  C_484-C-28           CONDUIT     0.782     0  00:46      1.09    0.25    0.83
  C_485-C-28           CONDUIT     0.828     0  00:46      1.13    0.37    0.81
  C_486-C-28           CONDUIT     0.768     0  00:46      1.05    0.42    0.81
  C_487-C-28           CONDUIT     0.768     0  00:46      1.02    0.53    0.80
  C_488-C-28           CONDUIT     0.741     0  00:46      1.06    0.30    0.78
  C_489-C-28           CONDUIT     0.740     0  00:46      1.04    0.39    0.77
  C_490-C-28           CONDUIT     0.717     0  00:54      0.99    0.24    0.77
  C_491-C-28           CONDUIT     0.698     0  00:54      1.05    0.66    0.75
  C_492-C-28           CONDUIT     0.686     0  00:54      1.01    2.87    0.75
  C_493-C-28           CONDUIT     0.674     0  00:47      1.00    0.44    0.75
  C_494-C-28           CONDUIT     0.668     0  00:54      1.13    0.23    0.71
  C_495-C-28           CONDUIT     0.677     0  00:54      1.34    0.24    0.66
  C_496-C-28           CONDUIT     0.693     0  00:47      1.35    0.41    0.62
  C_497-C-28           CONDUIT     0.665     0  00:54      1.41    0.30    0.63
  C_498-C-28           CONDUIT     0.882     0  00:47      1.52    0.19    0.56
  C_499-C-28           CONDUIT     0.870     0  00:47      2.13    0.20    0.47
  C_500-C-28           CONDUIT     0.607     0  00:54      1.94    0.20    0.38
  C_501-C-28           CONDUIT     0.597     0  00:53      1.79    0.26    0.34
  C_502-C-28           CONDUIT     0.593     0  00:53      1.73    0.25    0.34
  C_503-C-28           CONDUIT     0.578     0  00:53      1.76    0.20    0.33
  C_504-C-28           CONDUIT     0.570     0  00:53      1.76    0.27    0.33
  C_505-C-28           CONDUIT     0.558     0  00:53      1.63    0.30    0.34
  C_506-C-28           CONDUIT     0.540     0  00:53      1.39    0.36    0.38
  C_507-C-28           CONDUIT     0.529     0  00:53      1.06    0.18    0.46
  C_508-C-28           CONDUIT     0.524     0  00:53      0.85    0.20    0.54
  C_509-C-28           CONDUIT     0.521     0  00:53      0.77    0.54    0.58
  C_510-C-28           CONDUIT     0.512     0  00:52      0.97    0.13    0.48
  C_511-C-28           CONDUIT     0.484     0  00:52      1.59    0.10    0.32
  C_512-C-28           CONDUIT     0.469     0  00:52      1.94    0.16    0.27
  C_513-C-28           CONDUIT     0.454     0  00:52      2.00    0.11    0.26
  C_514-C-28           CONDUIT     0.443     0  00:52      2.08    0.13    0.24
  C_515-C-28           CONDUIT     0.434     0  00:52      2.18    0.10    0.23
  C_516-C-28           CONDUIT     0.421     0  00:52      1.97    0.15    0.25
  C_517-C-28           CONDUIT     0.421     0  00:52      1.65    0.19    0.28
  C_518-C-28           CONDUIT     0.415     0  00:52      1.60    0.15    0.28
  C_519-C-28           CONDUIT     0.407     0  00:52      1.76    0.10    0.26
  C_520-C-28           CONDUIT     0.402     0  00:52      1.89    0.13    0.24
  C_521-C-28           CONDUIT     0.394     0  00:51      1.90    0.12    0.24
  C_522-C-28           CONDUIT     0.385     0  00:51      1.95    0.11    0.23
  C_523-C-28           CONDUIT     0.373     0  00:51      2.06    0.09    0.22
  C_524-C-28           CONDUIT     0.426     0  00:51      1.94    0.34    0.25
  C_525-C-28           CONDUIT     0.334     0  00:51      1.56    0.08    0.26
  C_526-C-28           CONDUIT     0.326     0  00:53      1.94    0.08    0.21
  C_527-C-28           CONDUIT     0.321     0  00:54      2.04    0.08    0.20
  C_528-C-28           CONDUIT     0.316     0  00:54      1.90    0.10    0.20
  C_529-C-28           CONDUIT     0.311     0  00:54      1.83    0.08    0.21
  C_530-C-28           CONDUIT     0.307     0  00:53      1.90    0.09    0.20
  C_531-C-28           CONDUIT     0.304     0  00:53      1.89    0.09    0.20
  C_532-C-28           CONDUIT     0.300     0  00:53      1.86    0.09    0.20
  C_533-C-28           CONDUIT     0.297     0  00:53      1.90    0.08    0.20
  C_534-C-28           CONDUIT     0.294     0  00:53      1.83    0.10    0.20
  C_535-C-28           CONDUIT     0.047     0  00:42      0.85    0.02    0.10
  C_536-C-28           CONDUIT     0.052     0  00:41      0.87    0.02    0.13
  C_537-C-28           CONDUIT     0.039     0  00:42      0.84    0.01    0.09
  C_538-C-28           CONDUIT     0.031     0  00:42      0.82    0.01    0.07
  C_539-C-28           CONDUIT     0.023     0  00:41      0.77    0.01    0.06
  C_540-C-28           CONDUIT     0.014     0  00:41      0.62    0.00    0.05
  C_541-C-28           CONDUIT     0.006     0  00:40      0.49    0.00    0.04
  C_542-C-28           CONDUIT     0.282     0  00:54      0.35    0.07    0.97
  C_543-C-28           CONDUIT     0.457     0  00:54      0.83    0.10    0.86
  C_544-C-28           CONDUIT     0.345     0  00:58      0.96    0.09    0.79
  C_545-C-28           CONDUIT     0.538     0  00:54      0.96    0.14    0.65
  C_546-C-28           CONDUIT     0.276     0  00:40      0.95    0.07    0.58
  C_547-C-28           CONDUIT     0.088     0  00:52      0.82    0.02    0.34
  C_548-C-28           CONDUIT     0.051     0  00:58      0.80    0.01    0.12
  C_549-C-28           CONDUIT     0.046     0  01:00      0.98    0.02    0.09
  C_550-C-63           CONDUIT     0.193     0  00:44      1.22    1.80    1.00
  C_551-C-63           CONDUIT     0.184     0  00:44      1.18    0.94    1.00
  C_552-C-63           CONDUIT     0.181     0  00:44      1.14    1.74    1.00
  C_553-C-63           CONDUIT     0.175     0  00:44      1.10    1.35    1.00
  C_554-C-63           CONDUIT     0.172     0  00:44      1.08    0.92    1.00
  C_555-C-63           CONDUIT     0.159     0  00:44      1.00    1.00    1.00
  C_556-C-63           CONDUIT     0.149     0  00:44      0.94    0.93    1.00
  C_557-C-63           CONDUIT     0.077     0  00:43      0.49    2.13    1.00
  C_558-C-7            CONDUIT     0.039     0  00:50      1.97    0.03    0.12
  C_559-C-7            CONDUIT     0.052     0  00:50      2.15    0.04    0.14
  C_560-C-7            CONDUIT     0.067     0  00:46      2.40    0.05    0.16
  C_561-C-7            CONDUIT     0.081     0  00:45      2.61    0.06    0.17
  C_562-C-7            CONDUIT     0.095     0  00:45      2.74    0.06    0.18
  C_563-C-7            CONDUIT     0.112     0  00:45      2.91    0.08    0.19
  C_564-C-7            CONDUIT     0.130     0  00:45      3.10    0.09    0.21
  C_565-C-7            CONDUIT     0.144     0  00:45      3.18    0.10    0.22
  C_566-C-7            CONDUIT     0.158     0  00:45      3.25    0.11    0.23
  C_567-C-7            CONDUIT     0.175     0  00:45      3.41    0.12    0.24
  C_568-C-7            CONDUIT     0.190     0  00:45      3.51    0.13    0.25
  C_569-C-7            CONDUIT     0.201     0  00:45      3.51    0.14    0.26
  C_570-C-7            CONDUIT     0.210     0  00:45      3.61    0.15    0.26
  C_571-C-7            CONDUIT     0.224     0  00:45      3.08    0.14    0.63
  C_572-C-7            CONDUIT     0.238     0  00:45      2.04    0.22    1.00
  C_573-C-7            CONDUIT     0.275     0  00:38      1.41    0.35    1.00
  C_574-C-7            CONDUIT     0.258     0  00:45      1.24    0.67    1.00
  C_575-C-7            CONDUIT     0.273     0  00:45      1.19    0.59    1.00
  C_576-C-7            CONDUIT     0.291     0  00:45      1.39    1.02    1.00
  C_577-C-7            CONDUIT     0.307     0  00:45      1.08    0.40    1.00
  C_578-C-7            CONDUIT     0.318     0  00:45      1.12    0.95    1.00
  C_579-C-7            CONDUIT     0.250     0  00:37      0.88    0.81    1.00
  C_580-C-7            CONDUIT     0.262     0  00:37      0.94    0.86    1.00
  C_581-C-7            CONDUIT     0.271     0  00:37      0.99    1.22    1.00
  C_582-C-7            CONDUIT     0.276     0  00:37      1.05    0.89    1.00
  C_583-C-7            CONDUIT     0.282     0  00:37      1.13    1.22    1.00
  C_584-C-7            CONDUIT     0.289     0  00:37      1.18    0.99    1.00
  C_585-C-7            CONDUIT     0.296     0  00:37      1.25    7.86    1.00
  C_586-C-7            CONDUIT     0.301     0  00:37      1.32    1.23    1.00
  C_587-C-7            CONDUIT     0.305     0  00:37      1.43    8.08    1.00
  C_588-C-7            CONDUIT     0.314     0  00:44      1.44    0.63    1.00
  C_589-C-7            CONDUIT     0.333     0  00:45      1.32    0.79    1.00
  C_590-C-7            CONDUIT     0.349     0  00:45      1.24    0.72    1.00
  C_591-C-7            CONDUIT     0.360     0  00:44      1.27    8.63    1.00
  C_592-C-7            CONDUIT     0.371     0  00:44      1.31    0.60    1.00
  C_593-C-7            CONDUIT     0.326     0  00:36      1.26    0.73    1.00
  C_594-C-7            CONDUIT     0.331     0  00:59      1.47    0.77    1.00
  C_595-C-7            CONDUIT     0.342     0  00:59      1.42    0.76    1.00
  C_596-C-7            CONDUIT     0.348     0  00:55      1.36    0.81    1.00
  C_597-C-7            CONDUIT     0.359     0  00:42      1.41    9.68    1.00
  C_598-C-7            CONDUIT     0.374     0  00:44      1.32    0.65    1.00
  C_599-C-7            CONDUIT     0.390     0  00:45      1.38    1.08    1.00
  C_600-C-7            CONDUIT     0.316     0  00:35      1.14    8.38    1.00
  C_601-C-7            CONDUIT     0.402     0  00:45      1.42    0.83    1.00
  C_602-C-7            CONDUIT     0.315     0  00:35      1.21    0.68    1.00
  C_603-C-7            CONDUIT     0.315     0  00:59      1.34    7.65    1.00
  C_604-C-7            CONDUIT     0.326     0  00:59      1.47    1.19    1.00
  C_605-C-7            CONDUIT     0.341     0  01:00      1.54    0.71    1.00
  C_606-C-7            CONDUIT     0.356     0  00:42      1.55    1.15    1.00
  C_607-C-7            CONDUIT     0.368     0  00:43      1.47    0.59    1.00
  C_608-C-7            CONDUIT     0.380     0  00:45      1.39    1.62    1.00
  C_609-C-7            CONDUIT     0.396     0  00:45      1.40    0.78    1.00
  C_610-C-7            CONDUIT     0.383     0  00:59      1.36    1.84    1.00
  C_611-C-7            CONDUIT     0.394     0  00:42      1.39    0.73    1.00
  C_612-C-7            CONDUIT     0.359     0  00:53      1.27    1.00    1.00
  C_613-C-7            CONDUIT     0.359     0  01:00      1.27    1.27    1.00
  C_614-C-7            CONDUIT     0.332     0  01:00      1.17    1.41    1.00
  C_615-C-7            CONDUIT     0.324     0  01:00      1.15    1.00    1.00
  C_616-C-7            CONDUIT     0.384     0  00:59      1.36    0.78    1.00
  C_617-C-7            CONDUIT     0.406     0  01:00      1.44    1.59    1.00
  C_618-C-7            CONDUIT     0.427     0  00:59      1.51    1.42    1.00
  C_619-C-7            CONDUIT     0.450     0  00:50      1.59    1.41    1.00
  C_620-C-7            CONDUIT     0.479     0  00:47      1.69    0.94    1.00
  C_621-C-7            CONDUIT     0.504     0  00:45      1.78    1.34    1.00
  C_622-C-7            CONDUIT     0.526     0  00:45      1.86    0.61    1.00
  C_623-C-7            CONDUIT     0.571     0  00:45      2.02    0.86    1.00
  C_624-C-7            CONDUIT     0.546     0  00:45      1.93    0.87    1.00
  C_625-C-7            CONDUIT     0.221     0  00:59      0.78    0.27    1.00
  C_626-C-7            CONDUIT     0.235     0  01:00      0.83    0.79    1.00
  C_627-C-7            CONDUIT     0.254     0  00:36      0.90    1.55    1.00
  C_628-C-7            CONDUIT     0.285     0  00:45      1.01    0.50    1.00
  C_629-C-7            CONDUIT     0.106     0  00:35      0.38    0.80    1.00
  C_630-C-7            CONDUIT     0.142     0  00:49      0.50    0.69    1.00
  C_631-C-7            CONDUIT     0.406     0  00:45      1.44    0.71    1.00
  C_632-C-7            CONDUIT     0.500     0  00:45      1.77    0.76    1.00
  C_633-C-7            CONDUIT     0.383     0  00:59      1.35    2.36    1.00
  C_634-C-7            CONDUIT     0.468     0  00:45      1.66    0.79    1.00
  C_635-C-7            CONDUIT     0.442     0  00:44      1.56    1.55    1.00
  C_636-C-7            CONDUIT     0.417     0  00:44      1.47    1.03    1.00
  C_637-C-7            CONDUIT     0.389     0  00:44      1.38    0.77    1.00
  C_638-C-7            CONDUIT     0.364     0  00:59      1.29    0.81    1.00
  C_639-C-7            CONDUIT     0.345     0  01:00      1.22    0.99    1.00
  C_640-C-7            CONDUIT     0.316     0  00:59      1.12    0.71    1.00
  C_641-C-7            CONDUIT     0.292     0  01:00      1.03    2.34    1.00
  C_642-C-7            CONDUIT     0.267     0  00:59      0.94    9.91    1.00
  C_643-C-7            CONDUIT     0.302     0  01:00      1.07    1.00    1.00
  C_644-C-7            CONDUIT     0.377     0  00:44      1.33    0.63    1.00
  C_645-C-7            CONDUIT     0.360     0  00:39      1.54    0.44    1.00
  C_646-C-7            CONDUIT     0.348     0  00:59      1.23    1.67    1.00
  C_647-C-7            CONDUIT     0.340     0  00:59      1.20    0.54    1.00
  C_648-C-7            CONDUIT     0.326     0  00:59      1.15    0.83    1.00
  C_649-C-7            CONDUIT     0.332     0  00:59      1.17   10.01    1.00
  C_650-C-7            CONDUIT     0.450     0  00:44      1.59    0.72    1.00
  C_651-C-7            CONDUIT     0.438     0  00:43      1.55    0.63    1.00
  C_652-C-7            CONDUIT     0.422     0  00:45      1.66    0.88    1.00
  C_653-C-7            CONDUIT     0.410     0  00:59      1.62    1.97    1.00
  C_654-C-7            CONDUIT     0.401     0  01:00      1.42    1.55    1.00
  C_655-C-7            CONDUIT     0.392     0  00:59      1.38    1.13    1.00
  C_656-C-7            CONDUIT     0.462     0  00:44      1.63    0.68    1.00
  C_657-C-7            CONDUIT     0.451     0  00:42      2.24    0.68    1.00
  C_658-C-7            CONDUIT     0.443     0  00:40      2.16    1.20    1.00
  C_659-C-7            CONDUIT     0.437     0  00:59      1.96    0.90    1.00
  C_660-C-7            CONDUIT     0.565     0  00:36      2.03    2.93    1.00
  C_661-C-7            CONDUIT     0.568     0  00:36      2.03    3.34    1.00
  C_662-C-7            CONDUIT     0.547     0  00:36      1.93    1.34    1.00
  C_663-C-7            CONDUIT     0.542     0  00:36      1.92    0.97    1.00
  C_664-C-7            CONDUIT     0.537     0  00:36      1.90    0.87    1.00
  C_665-C-7            CONDUIT     0.533     0  00:36      1.88    1.38    1.00
  C_666-C-7            CONDUIT     0.532     0  00:36      1.88    0.90    1.00
  C_667-C-7            CONDUIT     0.530     0  00:36      1.88    0.85    1.00
  C_668-C-7            CONDUIT     0.546     0  00:35      1.95    1.69    1.00
  C_669-C-7            CONDUIT     0.576     0  00:35      2.04    1.00    1.00
  C_670-C-7            CONDUIT     0.478     0  00:35      1.69    3.71    1.00
  C_671-C-7            CONDUIT     0.473     0  00:35      1.67   13.73    1.00
  C_672-C-7            CONDUIT     0.457     0  00:35      1.62    1.54    1.00
  C_673-C-7            CONDUIT     0.466     0  00:35      1.65    1.03    1.00
  C_674-C-7            CONDUIT     0.492     0  00:40      1.74    0.77    1.00
  C_675-C-7            CONDUIT     0.483     0  00:40      1.80    0.91    1.00
  C_676-C-7            CONDUIT     0.472     0  00:59      1.88    0.95    1.00
  C_677-C-7            CONDUIT     0.478     0  00:35      1.70   17.72    1.00
  C_678-C-7            CONDUIT     0.441     0  00:35      1.61    1.03    1.00
  C_679-C-7            CONDUIT     0.564     0  00:45      1.99    0.99    1.00
  C_680-C-7            CONDUIT     0.539     0  00:56      2.02    0.97    1.00
  C_681-C-7            CONDUIT     0.522     0  00:56      1.98    1.05    1.00
  C_682-C-7            CONDUIT     0.500     0  00:51      1.91    1.00    1.00
  C_683-C-7            CONDUIT     0.512     0  00:51      1.88    1.00    1.00
  C_684-C-7            CONDUIT     0.499     0  00:51      1.87    1.00    1.00
  C_685-C-7            CONDUIT     0.496     0  00:46      1.89    0.90    1.00
  C_686-C-7            CONDUIT     0.469     0  00:46      1.97    0.79    1.00
  C_687-C-7            CONDUIT     0.447     0  00:46      2.00    0.83    1.00
  C_688-C-7            CONDUIT     0.408     0  00:46      1.72    1.03    1.00
  C_689-C-7            CONDUIT     0.429     0  00:46      1.89    0.91    1.00
  C_690-C-7            CONDUIT     0.380     0  00:47      1.76    0.62    1.00
  C_691-C-7            CONDUIT     0.358     0  00:47      1.91    0.72    1.00
  C_692-C-7            CONDUIT     0.343     0  00:47      1.88    0.57    1.00
  C_693-C-7            CONDUIT     0.327     0  00:47      1.93    0.56    1.00
  C_694-C-7            CONDUIT     0.310     0  00:47      1.87    0.62    1.00
  C_695-C-7            CONDUIT     0.291     0  00:47      1.75    0.59    1.00
  C_696-C-7            CONDUIT     0.268     0  00:43      1.68    0.52    0.83
  C_697-C-7            CONDUIT     0.245     0  00:42      1.80    0.35    0.58
  C_698-C-7            CONDUIT     0.232     0  00:42      1.70    0.56    0.51
  C_699-C-7            CONDUIT     0.210     0  00:42      1.50    0.38    0.50
  C_700-C-7            CONDUIT     0.197     0  00:42      1.61    0.34    0.45
  C_701-C-7            CONDUIT     0.195     0  00:41      1.59    0.52    0.45
  C_702-C-7            CONDUIT     0.176     0  00:42      1.52    0.24    0.43
  C_703-C-7            CONDUIT     0.163     0  00:42      1.59    0.33    0.39
  C_704-C-7            CONDUIT     0.150     0  00:41      1.57    0.23    0.37
  C_705-C-7            CONDUIT     0.136     0  00:41      1.62    0.23    0.34
  C_706-C-7            CONDUIT     0.122     0  00:41      1.57    0.20    0.32
  C_707-C-7            CONDUIT     0.111     0  00:41      1.63    0.16    0.29
  C_708-C-7            CONDUIT     0.101     0  00:41      1.75    0.13    0.26
  C_709-C-7            CONDUIT     0.089     0  00:41      1.71    0.12    0.24
  C_710-C-7            CONDUIT     0.076     0  00:41      1.71    0.08    0.21
  C_711-C-7            CONDUIT     0.064     0  00:41      1.71    0.08    0.19
  C_712-C-7            CONDUIT     0.054     0  00:41      1.64    0.06    0.17
  C_713-C-7            CONDUIT     0.045     0  00:41      1.54    0.05    0.16
  C_714-C-7            CONDUIT     0.036     0  00:41      1.42    0.04    0.15
  C_715-C-7            CONDUIT     0.030     0  00:41      1.35    0.03    0.13
  C_716-C-7            CONDUIT     0.024     0  00:45      1.27    0.03    0.12
  C_717-C-7            CONDUIT     0.018     0  00:45      1.14    0.02    0.11
  C_718-C-63           CONDUIT     0.063     0  00:38      0.56    0.45    1.00
  C_719-C-63           CONDUIT     0.077     0  00:37      0.61    1.97    1.00
  C_720-C-63           CONDUIT     0.112     0  00:55      0.90    1.02    1.00
  C_721-C-63           CONDUIT     0.182     0  00:54      1.23    0.87    1.00
  C_722-C-63           CONDUIT     0.211     0  00:53      1.33    1.00    1.00
  C_723-C-63           CONDUIT     0.224     0  00:59      1.41    1.00    1.00
  C_724-C-63           CONDUIT     0.257     0  00:51      1.61    1.00    1.00
  C_725-C-63           CONDUIT     0.203     0  01:00      1.27    1.00    1.00
  C_726-C-63           CONDUIT     0.173     0  00:35      1.09    3.32    1.00
  C_727-C-63           CONDUIT     0.182     0  00:35      1.14    3.05    1.00
  C_728-C-63           CONDUIT     0.189     0  00:35      1.19    1.77    1.00
  C_729-C-107          CONDUIT     0.148     0  00:36      0.53    0.58    1.00
  C_730-C-107          CONDUIT     0.163     0  00:36      0.58    1.01    1.00
  C_731-C-107          CONDUIT     0.179     0  00:36      0.63    0.55    1.00
  C_732-C-107          CONDUIT     0.191     0  00:36      0.68    1.09    1.00
  C_733-C-107          CONDUIT     0.204     0  00:36      0.72    0.43    1.00
  C_734-C-107          CONDUIT     0.056     0  00:37      0.31    0.10    0.61
  C_735-C-107          CONDUIT     0.208     0  00:36      0.73    0.54    1.00
  C_736-C-81           CONDUIT     0.284     0  00:50      1.20    0.84    0.78
  C_737-C-81           CONDUIT     0.291     0  00:50      1.47   12.23    0.66
  C_738-C-81           CONDUIT     0.278     0  00:50      1.20    0.61    0.77
  C_739-C-81           CONDUIT     0.258     0  00:50      1.34    0.57    0.64
  C_740-C-81           CONDUIT     0.218     0  00:50      2.21    0.25    0.38
  C_741-C-81           CONDUIT     0.232     0  00:50      1.69    0.32    0.49
  C_742-C-81           CONDUIT     0.173     0  00:50      2.08    0.22    0.34
  C_743-C-81           CONDUIT     0.120     0  00:50      1.81    0.14    0.28
  C_744-C-81           CONDUIT     0.076     0  00:50      0.65    0.28    0.43
  C_745-C-81           CONDUIT     0.048     0  00:40      0.80    0.09    0.81
  C_746-C-81           CONDUIT     0.075     0  00:41      0.43    0.15    1.00
  C_747-C-81           CONDUIT     0.134     0  00:41      0.47    1.64    1.00
  C_748-C-81           CONDUIT     0.227     0  00:42      0.84    0.65    1.00
  C_749-C-81           CONDUIT     0.324     0  00:50      1.14    0.93    1.00
  C_750-C-81           CONDUIT     0.455     0  00:50      1.61    0.56    1.00
  C_751-C-24           CONDUIT     0.206     0  00:58      0.73    1.16    1.00
  C_752-C-24           CONDUIT     0.204     0  00:59      0.72    7.18    1.00
  C_753-C-24           CONDUIT     0.202     0  00:59      0.72    0.76    1.00
  C_754-C-24           CONDUIT     0.200     0  00:59      0.71    1.18    1.00
  C_755-C-24           CONDUIT     0.197     0  00:59      0.70    1.26    1.00
  C_756-C-24           CONDUIT     0.193     0  00:59      0.68    1.17    1.00
  C_757-C-24           CONDUIT     0.190     0  00:59      0.67    0.89    1.00
  C_758-C-24           CONDUIT     0.186     0  00:59      0.66    1.16    1.00
  C_759-C-24           CONDUIT     0.179     0  00:59      0.63    0.53    1.00
  C_760-C-24           CONDUIT     0.170     0  00:59      0.66    0.77    1.00
  C_761-C-24           CONDUIT     0.166     0  00:59      0.61    0.35    1.00
  C_762-C-24           CONDUIT     0.161     0  00:59      0.65    0.31    1.00
  C_763-C-24           CONDUIT     0.155     0  01:00      0.61    0.29    1.00
  C_764-C-24           CONDUIT     0.149     0  00:59      0.54    0.35    1.00
  C_765-C-24           CONDUIT     0.144     0  00:59      0.62    0.45    1.00
  C_766-C-24           CONDUIT     0.139     0  00:59      0.65    0.83    1.00
  C_767-C-134          CONDUIT     0.048     0  00:39      0.42    0.17    1.00
  C_768-C-134          CONDUIT     0.042     0  00:44      0.20    0.04    1.00
  C_769-C-134          CONDUIT     0.039     0  00:37      0.27    0.04    1.00
  C_770-C-134          CONDUIT     0.032     0  00:44      0.96    0.05    1.00
  C_771-C-134          CONDUIT     0.028     0  00:55      0.95    0.03    0.76
  C_772-C-134          CONDUIT     0.023     0  00:56      0.64    0.08    0.51
  C_773-C-134          CONDUIT     0.009     0  00:59      0.60    0.01    0.28
  C_774-C-134          CONDUIT     0.004     0  00:40      0.76    0.00    0.05
  C_775-C-134          CONDUIT     0.002     0  00:41      0.49    0.00    0.05
  C_776-C-111          CONDUIT     0.131     0  00:53      0.65    0.25    0.67
  C_777-C-83           CONDUIT     0.541     0  00:45      2.21    1.04    0.81
  C_778-C-83           CONDUIT     0.519     0  00:45      2.10    0.98    0.82
  C_779-C-83           CONDUIT     0.503     0  00:45      2.09    0.76    0.79
  C_780-C-83           CONDUIT     0.487     0  00:45      1.85    1.02    0.88
  C_781-C-83           CONDUIT     0.465     0  00:45      1.65    1.97    1.00
  C_782-C-83           CONDUIT     0.438     0  00:44      1.55    1.34    1.00
  C_783-C-83           CONDUIT     0.416     0  00:38      1.47   10.86    1.00
  C_784-C-83           CONDUIT     0.401     0  00:38      1.42    0.85    1.00
  C_785-C-83           CONDUIT     0.388     0  00:58      1.37    1.69    1.00
  C_786-C-83           CONDUIT     0.373     0  00:59      1.32   12.85    1.00
  C_787-C-83           CONDUIT     0.345     0  01:00      1.22    1.08    1.00
  C_788-C-83           CONDUIT     0.320     0  00:59      1.13    0.96    1.00
  C_789-C-83           CONDUIT     0.308     0  00:59      1.09    0.99    1.00
  C_790-C-83           CONDUIT     0.297     0  00:59      1.05    0.97    1.00
  C_791-C-83           CONDUIT     0.282     0  00:59      1.00    1.16    1.00
  C_792-C-83           CONDUIT     0.260     0  00:59      0.92    0.67    1.00
  C_793-C-83           CONDUIT     0.242     0  00:59      0.86    1.01    1.00
  C_794-C-83           CONDUIT     0.380     0  00:50      1.34    1.00    1.00
  C_795-C-83           CONDUIT     0.377     0  00:45      1.33    0.49    1.00
  C_796-C-83           CONDUIT     0.353     0  00:48      1.25    1.90    1.00
  C_797-C-83           CONDUIT     0.324     0  00:49      1.15    0.58    1.00
  C_798-C-83           CONDUIT     0.300     0  00:50      1.06   14.27    1.00
  C_799-C-83           CONDUIT     0.269     0  01:00      0.95    1.19    1.00
  C_800-C-83           CONDUIT     0.235     0  00:59      0.83    1.17    1.00
  C_801-C-83           CONDUIT     0.214     0  00:59      0.76    1.32    1.00
  C_802-C-83           CONDUIT     0.303     0  00:48      1.07    0.61    1.00
  C_803-C-83           CONDUIT     0.282     0  00:48      1.00    1.28    1.00
  C_804-C-83           CONDUIT     0.292     0  00:48      1.03    0.73    1.00
  C_805-C-83           CONDUIT     0.268     0  00:49      0.98    0.48    1.00
  C_806-C-83           CONDUIT     0.244     0  00:49      1.27    0.49    1.00
  C_807-C-83           CONDUIT     0.221     0  00:50      1.36    0.39    1.00
  C_808-C-83           CONDUIT     0.208     0  00:50      1.33    0.44    1.00
  C_809-C-83           CONDUIT     0.186     0  00:50      1.27    0.34    0.97
  C_810-C-83           CONDUIT     0.150     0  00:49      1.32    0.25    0.64
  C_811-C-83           CONDUIT     0.123     0  00:49      1.48    0.23    0.34
  C_812-C-83           CONDUIT     0.113     0  00:49      1.32    0.27    0.34
  C_813-C-83           CONDUIT     0.104     0  00:49      1.28    0.18    0.33
  C_814-C-83           CONDUIT     0.097     0  00:50      1.46    0.14    0.29
  C_815-C-83           CONDUIT     0.086     0  00:50      1.39    0.17    0.27
  C_816-C-32           CONDUIT     0.075     0  00:57      0.60    0.15    0.62
  C_817-C-32           CONDUIT     0.057     0  00:49      0.75    0.17    0.52
  C_818-C-32           CONDUIT     0.036     0  00:49      0.62    0.11    0.38
  C_819-C-32           CONDUIT     0.028     0  00:49      0.61    0.09    0.26
  C_820-C-32           CONDUIT     0.010     0  00:46      0.29    0.04    0.19
  C_821-C-32           CONDUIT     0.016     0  00:50      0.45    0.04    0.19
  C_822-C-32           CONDUIT     0.027     0  00:46      0.58    0.17    0.22
  C_823-C-32           CONDUIT     0.037     0  00:46      0.90    0.09    0.20
  C_824-C-32           CONDUIT     0.048     0  00:45      1.08    0.09    0.22
  C_825-C-32           CONDUIT     0.058     0  00:45      1.17    0.11    0.23
  C_826-C-32           CONDUIT     0.064     0  00:45      1.16    0.11    0.25
  C_827-C-32           CONDUIT     0.070     0  00:46      1.29    0.15    0.25
  C_828-C-32           CONDUIT     0.077     0  00:46      1.47    0.11    0.24
  C_829-C-32           CONDUIT     0.084     0  00:45      1.51    0.14    0.25
  C_830-C-32           CONDUIT     0.091     0  00:45      1.51    0.13    0.27
  C_831-C-32           CONDUIT     0.098     0  00:45      1.49    0.17    0.28
  C_832-C-32           CONDUIT     0.105     0  00:45      1.69    0.18    0.27
  C_833-C-32           CONDUIT     0.112     0  00:45      1.89    0.14    0.26
  C_834-C-32           CONDUIT     0.120     0  00:45      1.77    0.15    0.29
  C_835-C-32           CONDUIT     0.126     0  00:45      1.91    0.20    0.28
  C_836-C-32           CONDUIT     0.134     0  00:45      1.98    0.14    0.29
  C_837-C-32           CONDUIT     0.141     0  00:45      1.82    0.21    0.32
  C_838-C-32           CONDUIT     0.154     0  00:45      1.60    0.22    0.40
  C_839-C-32           CONDUIT     0.298     0  00:52      2.01    0.46    0.55
  C_840-C-32           CONDUIT     0.310     0  00:52      1.99    0.51    0.64
  C_841-C-32           CONDUIT     0.322     0  00:52      1.70    0.44    0.85
  C_842-C-32           CONDUIT     0.331     0  00:52      1.53    0.71    1.00
  C_843-C-32           CONDUIT     0.340     0  00:52      1.56    0.66    1.00
  C_844-C-32           CONDUIT     0.352     0  00:51      1.68    0.70    1.00
  C_845-C-32           CONDUIT     0.361     0  00:52      1.83    0.54    1.00
  C_846-C-32           CONDUIT     0.366     0  00:51      1.71    0.53    1.00
  C_847-C-32           CONDUIT     0.375     0  00:51      1.69    0.69    1.00
  C_848-C-32           CONDUIT     0.386     0  00:51      1.71    0.57    1.00
  C_849-C-32           CONDUIT     0.397     0  00:50      1.41    0.60    1.00
  C_850-C-32           CONDUIT     0.409     0  00:51      1.44    0.79    1.00
  C_851-C-32           CONDUIT     0.380     0  00:52      1.34    1.00    1.00
  C_852-C-32           CONDUIT     0.315     0  01:00      1.12    1.00    1.00
  C_853-C-32           CONDUIT     0.225     0  00:52      0.80    1.00    1.00
  C_854-C-32           CONDUIT     0.324     0  00:54      1.15    0.83    1.00
  C_855-C-32           CONDUIT     0.314     0  00:51      1.11    0.51    1.00
  C_856-C-32           CONDUIT     0.300     0  00:57      1.06    0.69    1.00
  C_857-C-32           CONDUIT     0.291     0  00:57      1.03    6.81    1.00
  C_858-C-32           CONDUIT     0.285     0  00:59      1.01    0.67    1.00
  C_859-C-32           CONDUIT     0.280     0  00:59      0.99    0.54    1.00
  C_860-C-32           CONDUIT     0.275     0  00:59      1.11    0.51    1.00
  C_861-C-32           CONDUIT     0.271     0  00:59      1.07    0.85    1.00
  C_862-C-32           CONDUIT     0.266     0  00:59      1.10    0.44    1.00
  C_863-C-32           CONDUIT     0.262     0  00:59      1.22    0.53    1.00
  C_864-C-32           CONDUIT     0.256     0  00:59      1.44    0.32    1.00
  C_865-C-32           CONDUIT     0.340     0  00:45      2.00    0.37    0.83
  C_866-C-32           CONDUIT     0.125     0  00:52      1.85    0.20    0.29
  C_867-C-32           CONDUIT     0.118     0  00:52      1.71    0.16    0.29
  C_868-C-32           CONDUIT     0.096     0  00:52      1.55    0.15    0.27
  C_869-C-32           CONDUIT     0.074     0  00:52      1.44    0.10    0.24
  C_870-C-32           CONDUIT     0.064     0  00:52      1.51    0.09    0.21
  C_871-C-32           CONDUIT     0.055     0  00:52      1.33    0.10    0.20
  C_872-C-32           CONDUIT     0.047     0  00:52      1.21    0.07    0.20
  C_873-C-32           CONDUIT     0.038     0  00:52      1.21    0.05    0.17
  C_874-C-32           CONDUIT     0.021     0  00:52      0.86    0.04    0.14
  C_875-C-133          CONDUIT     0.097     0  00:51      3.81    0.05    0.14
  C_876-C-133          CONDUIT     0.092     0  00:51      0.71    0.09    0.47
  C_877-C-133          CONDUIT     0.088     0  00:51      0.36    0.44    0.80
  C_878-C-133          CONDUIT     0.084     0  00:51      0.41    0.17    0.69
  C_879-C-133          CONDUIT     0.078     0  00:51      0.83    0.11    0.39
  C_880-C-133          CONDUIT     0.071     0  00:52      1.40    0.13    0.24
  C_881-C-133          CONDUIT     0.064     0  00:52      1.12    0.16    0.25
  C_882-C-133          CONDUIT     0.058     0  00:53      0.68    0.27    0.34
  C_883-C-133          CONDUIT     0.052     0  00:54      0.70    0.09    0.31
  C_884-C-26           CONDUIT     0.132     0  00:54      1.79    0.32    0.31
  C_885-C-26           CONDUIT     0.131     0  00:54      1.01    0.25    0.47
  C_886-C-34           CONDUIT     0.969     0  00:52      7.37    0.10    0.21
  C_887-C-34           CONDUIT     1.024     0  00:52      3.40    0.81    0.38
  C_888-C-34           CONDUIT     0.885     0  00:52      1.95    0.49    0.53
  C_889-C-34           CONDUIT     0.875     0  00:51      2.04    0.42    0.50
  C_890-C-34           CONDUIT     0.867     0  00:51      2.13    0.42    0.48
  C_891-C-34           CONDUIT     0.855     0  00:51      2.07    0.85    0.48
  C_892-C-34           CONDUIT     0.845     0  00:51      2.02    0.43    0.49
  C_893-C-34           CONDUIT     0.832     0  00:51      2.14    0.36    0.46
  C_894-C-34           CONDUIT     0.825     0  00:53      2.06    0.89    0.47
  C_895-C-34           CONDUIT     0.818     0  00:53      1.70    0.57    0.55
  C_896-C-34           CONDUIT     0.808     0  00:53      1.65    0.33    0.55
  C_897-C-34           CONDUIT     0.801     0  00:53      1.73    0.77    0.53
  C_898-C-34           CONDUIT     0.795     0  00:53      1.56    0.55    0.57
  C_899-C-34           CONDUIT     0.790     0  00:53      1.55    0.35    0.57
  C_900-C-34           CONDUIT     0.781     0  00:53      1.50    0.74    0.58
  C_901-C-34           CONDUIT     0.770     0  00:53      1.37    1.05    0.62
  C_902-C-34           CONDUIT     0.760     0  00:52      1.25    0.44    0.66
  C_903-C-34           CONDUIT     0.737     0  00:52      1.03    0.72    0.77
  C_904-C-34           CONDUIT     0.717     0  00:52      0.92    0.69    0.85
  C_905-C-34           CONDUIT     0.714     0  00:52      0.91    0.45    0.86
  C_906-C-34           CONDUIT     0.715     0  00:52      0.88    0.44    0.89
  C_907-C-34           CONDUIT     0.708     0  00:52      0.84    0.43    0.93
  C_908-C-34           CONDUIT     0.709     0  00:52      0.85    0.36    0.93
  C_909-C-34           CONDUIT     0.763     0  00:52      0.92    4.47    0.92
  C_910-C-34           CONDUIT     0.706     0  00:52      0.83    0.47    0.95
  C_911-C-34           CONDUIT     0.696     0  00:52      0.83    0.64    0.93
  C_912-C-34           CONDUIT     0.682     0  00:52      0.84    0.40    0.89
  C_913-C-34           CONDUIT     0.674     0  00:51      0.88    0.66    0.86
  C_914-C-34           CONDUIT     0.665     0  00:51      1.08    0.37    0.77
  C_915-C-34           CONDUIT     0.654     0  00:51      1.48    0.40    0.66
  C_916-C-34           CONDUIT     0.467     0  00:51      1.55    0.17    0.38
  C_917-C-34           CONDUIT     0.465     0  00:50      1.98    0.26    0.32
  C_918-C-34           CONDUIT     0.474     0  00:50      1.90    0.20    0.33
  C_919-C-34           CONDUIT     0.451     0  00:50      2.09    0.17    0.31
  C_920-C-34           CONDUIT     0.493     0  00:50      2.39    0.17    0.29
  C_921-C-34           CONDUIT     0.672     0  00:50      2.42    5.32    0.36
  C_922-C-34           CONDUIT     0.377     0  00:49      1.73    0.12    0.36
  C_923-C-34           CONDUIT     0.346     0  00:49      2.34    0.12    0.24
  C_924-C-34           CONDUIT     0.333     0  00:50      1.86    0.19    0.26
  C_925-C-34           CONDUIT     0.323     0  00:50      1.86    0.09    0.25
  C_926-C-34           CONDUIT     0.312     0  00:50      2.27    0.10    0.22
  C_927-C-34           CONDUIT     0.301     0  00:51      2.16    0.11    0.22
  C_928-C-34           CONDUIT     0.287     0  00:51      2.10    0.10    0.21
  C_929-C-34           CONDUIT     0.271     0  00:51      2.07    0.10    0.21
  C_930-C-34           CONDUIT     0.261     0  00:51      2.02    0.09    0.21
  C_931-C-34           CONDUIT     0.252     0  00:52      2.08    0.08    0.20
  C_932-C-34           CONDUIT     0.244     0  00:52      2.13    0.08    0.19
  C_933-C-34           CONDUIT     0.083     0  00:45      1.13    0.03    0.16
  C_934-C-34           CONDUIT     0.071     0  00:45      0.85    0.03    0.15
  C_935-C-34           CONDUIT     0.076     0  00:45      0.86    0.05    0.16
  C_936-C-34           CONDUIT     0.067     0  00:45      1.07    0.03    0.13
  C_937-C-34           CONDUIT     0.060     0  00:45      1.01    0.03    0.12
  C_938-C-34           CONDUIT     0.040     0  00:45      1.06    0.01    0.09
  C_939-C-34           CONDUIT     0.020     0  00:40      1.24    0.00    0.05
  C_940-C-34           CONDUIT     0.012     0  00:40      1.29    0.00    0.03
  C_941-C-34           CONDUIT     0.006     0  00:40      0.89    0.00    0.03
  C_942-C-34           CONDUIT     0.002     0  00:40      0.47    0.00    0.02
  C_943-C-34           CONDUIT     0.004     0  00:40      0.31    0.00    0.22
  C_944-C-2            CONDUIT     0.003     0  00:40      0.72    0.00    0.03
  C_945-C-2            CONDUIT     0.009     0  00:40      0.69    0.00    0.07
  C_946-C-2            CONDUIT     0.030     0  00:45      1.05    0.02    0.12
  C_947-C-2            CONDUIT     0.041     0  00:45      0.57    0.04    0.22
  C_948-C-2            CONDUIT     0.051     0  00:45      0.39    0.08    0.34
  C_949-C-2            CONDUIT     0.059     0  00:45      0.45    0.08    0.34
  C_950-C-2            CONDUIT     0.068     0  00:45      0.60    0.22    0.30
  C_951-C-2            CONDUIT     0.078     0  00:45      0.69    0.18    0.30
  C_952-C-2            CONDUIT     0.089     0  00:45      0.71    0.16    0.33
  C_953-C-2            CONDUIT     0.099     0  00:45      0.76    1.42    0.34
  C_954-C-2            CONDUIT     0.108     0  00:45      0.91    0.34    0.31
  C_955-C-2            CONDUIT     0.119     0  00:45      0.97    0.17    0.32
  C_956-C-2            CONDUIT     0.130     0  00:45      0.95    0.25    0.35
  C_957-C-2            CONDUIT     0.139     0  00:46      1.04    0.30    0.34
  C_958-C-2            CONDUIT     0.151     0  00:46      1.14    0.23    0.34
  C_959-C-2            CONDUIT     0.163     0  00:46      1.29    0.43    0.33
  C_960-C-2            CONDUIT     0.177     0  00:45      1.45    0.19    0.34
  C_961-C-2            CONDUIT     0.391     0  00:50      1.32    0.97    0.66
  C_962-C-2            CONDUIT     0.319     0  00:49      1.02    0.70    0.68
  C_963-C-2            CONDUIT     0.260     0  00:49      0.98    0.41    0.60
  C_964-C-2            CONDUIT     0.215     0  00:50      0.80    8.92    0.60
  C_965-C-2            CONDUIT     0.147     0  00:45      0.40    0.25    0.79
  C_966-C-2            CONDUIT     0.096     0  00:41      0.23    0.15    0.97
  C_967-C-2            CONDUIT     0.064     0  00:34      0.17    0.16    0.99
  C_968-C-2            CONDUIT     0.048     0  00:34      0.30    0.06    0.92
  C_969-C-2            CONDUIT     0.031     0  00:32      0.50    0.03    0.69
  C_970-C-2            CONDUIT     0.059     0  00:50      0.65    0.06    0.46
  C_971-C-2            CONDUIT     0.074     0  00:50      0.53    0.12    0.35
  C_972-C-2            CONDUIT     0.084     0  00:50      0.70    0.22    0.32
  C_973-C-2            CONDUIT     0.096     0  00:50      1.02    0.17    0.26
  C_974-C-2            CONDUIT     0.091     0  00:50      0.85    0.22    0.29
  C_975-C-2            CONDUIT     0.099     0  00:50      1.17    0.19    0.25
  C_976-C-2            CONDUIT     0.101     0  00:49      1.43    0.12    0.22
  C_977-C-2            CONDUIT     0.107     0  00:49      1.49    0.09    0.22
  C_978-C-2            CONDUIT     0.118     0  00:48      1.35    0.12    0.25
  C_979-C-2            CONDUIT     0.128     0  00:48      1.46    0.16    0.25
  C_980-C-2            CONDUIT     0.135     0  00:48      1.61    0.12    0.24
  C_981-C-2            CONDUIT     0.138     0  00:48      1.68    0.14    0.25
  C_982-C-2            CONDUIT     0.149     0  00:47      1.75    0.12    0.34
  C_983-C-2            CONDUIT     0.239     0  00:45      1.42    0.21    0.58
  C_984-C-94           CONDUIT     0.232     0  00:38      0.93    0.37    0.81
  C_985-C-94           CONDUIT     0.291     0  00:38      1.21    0.81    0.82
  C_986-C-94           CONDUIT     0.236     0  00:36      1.21    0.29    0.87
  C_987-C-94           CONDUIT     0.125     0  00:39      0.57    0.18    0.52
  C_988-C-2            CONDUIT     0.173     0  00:35      0.95    0.16    1.00
  C_989-C-2            CONDUIT     0.188     0  00:40      0.71    0.16    1.00
  C_990-C-2            CONDUIT     0.206     0  00:40      0.62    0.25    1.00
  C_991-C-2            CONDUIT     0.219     0  00:40      0.50    0.21    1.00
  C_992-C-2            CONDUIT     0.106     0  00:34      0.25    0.12    1.00
  C_993-C-2            CONDUIT     0.022     0  00:45      0.39    0.01    0.54
  C_994-C-108          CONDUIT     0.049     0  00:41      0.23    0.14    1.00
  C_995-C-108          CONDUIT     0.055     0  00:41      0.14    0.15    1.00
  C_996-C-108          CONDUIT     0.378     0  00:46      0.86    0.32    1.00
  C_997-C-108          CONDUIT     0.365     0  00:46      0.83    0.34    1.00
  C_998-C-108          CONDUIT     0.352     0  00:46      0.80    0.54    1.00
  C_999-C-108          CONDUIT     0.338     0  00:46      0.76    0.49    1.00
  C_1000-C-108         CONDUIT     0.322     0  00:46      0.73    0.36    1.00
  C_1001-C-108         CONDUIT     0.302     0  00:46      0.68    1.08    1.00
  C_1002-C-108         CONDUIT     0.590     0  00:46      1.86    0.72    1.00
  C_1003-C-108         CONDUIT     0.516     0  00:46      1.67    0.63    1.00
  C_1004-C-108         CONDUIT     0.497     0  00:46      1.61    0.80    1.00
  C_1005-C-108         CONDUIT     0.477     0  00:46      1.46    1.34    1.00
  C_1006-C-108         CONDUIT     0.455     0  00:46      1.52    0.41    1.00
  C_1007-C-108         CONDUIT     0.425     0  00:46      1.79    0.40    1.00
  C_1008-C-108         CONDUIT     0.498     0  00:44      1.71    0.66    0.99
  C_1009-C-108         CONDUIT     0.475     0  00:45      1.61    0.44    0.91
  C_1010-C-108         CONDUIT     0.426     0  00:44      1.68    0.46    0.81
  C_1011-C-108         CONDUIT     0.359     0  00:44      1.59    0.57    0.78
  C_1012-C-108         CONDUIT     0.292     0  00:46      1.43    0.34    0.69
  C_1013-C-108         CONDUIT     0.271     0  00:45      1.39    0.34    0.61
  C_1014-C-108         CONDUIT     0.257     0  00:45      1.40    0.25    0.53
  C_1015-C-108         CONDUIT     0.223     0  00:45      1.29    0.45    0.47
  C_1016-C-108         CONDUIT     0.166     0  00:46      1.25    0.15    0.39
  C_1017-C-108         CONDUIT     0.111     0  00:46      1.00    0.15    0.31
  C_1018-C-108         CONDUIT     0.138     0  00:46      1.20    0.24    0.32
  C_1019-C-108         CONDUIT     0.083     0  00:46      0.97    0.08    0.25
  C_1020-C-108         CONDUIT     0.058     0  00:45      0.91    0.08    0.20
  C_1021-C-108         CONDUIT     0.031     0  00:46      0.54    0.06    0.19
  C_1022-C-108         CONDUIT     0.013     0  00:46      0.26    0.03    0.17
  C_1023-C-108         CONDUIT     0.012     0  00:45      0.32    0.02    0.17
  C_1024-C-108         CONDUIT     0.035     0  00:45      0.50    0.04    0.22
  C_1025-C-108         CONDUIT     0.060     0  00:45      0.73    0.19    0.24
  C_1026-C-90          CONDUIT     0.163     0  00:50      1.41    0.15    0.31
  C_1027-C-90          CONDUIT     0.187     0  00:47      1.31    0.20    0.36
  C_1028-C-90          CONDUIT     0.209     0  00:46      1.38    0.35    0.38
  C_1029-C-90          CONDUIT     0.241     0  00:46      1.55    0.27    0.38
  C_1030-C-90          CONDUIT     0.286     0  00:46      1.51    0.28    0.44
  C_1031-C-90          CONDUIT     0.330     0  00:47      1.62    0.95    0.47
  C_1032-C-90          CONDUIT     0.352     0  00:47      1.91    0.41    0.44
  C_1033-C-90          CONDUIT     0.375     0  00:46      2.08    0.35    0.46
  C_1034-C-90          CONDUIT     0.397     0  00:48      1.98    0.32    0.53
  C_1035-C-90          CONDUIT     0.416     0  00:50      1.82    0.40    0.65
  C_1036-C-90          CONDUIT     0.437     0  00:50      1.77    0.49    0.76
  C_1037-C-90          CONDUIT     0.461     0  00:51      1.87    0.62    0.83
  C_1038-C-90          CONDUIT     0.483     0  00:51      1.96    0.51    0.90
  C_1039-C-90          CONDUIT     0.504     0  00:52      1.98    0.55    0.97
  C_1040-C-90          CONDUIT     0.526     0  00:52      1.89    0.47    1.00
  C_1041-C-90          CONDUIT     0.547     0  00:52      1.89    0.87    1.00
  C_1042-C-90          CONDUIT     0.566     0  00:52      1.96    0.63    1.00
  C_1043-C-90          CONDUIT     0.585     0  00:51      1.99    0.67    1.00
  C_1044-C-90          CONDUIT     0.607     0  00:51      2.01    0.64    1.00
  C_1045-C-90          CONDUIT     0.629     0  00:51      1.99    0.67    1.00
  C_1046-C-90          CONDUIT     0.648     0  00:51      1.97    0.69    1.00
  C_1047-C-90          CONDUIT     0.667     0  00:51      1.95    0.72    1.00
  C_1048-C-90          CONDUIT     0.688     0  00:51      1.96    0.84    1.00
  C_1049-C-90          CONDUIT     0.710     0  00:50      1.92    0.68    1.00
  C_1050-C-90          CONDUIT     0.729     0  00:50      1.95    1.49    1.00
  C_1051-C-90          CONDUIT     0.750     0  00:50      1.96    0.72    1.00
  C_1052-C-90          CONDUIT     0.771     0  00:50      1.86    0.86    1.00
  C_1053-C-90          CONDUIT     0.790     0  00:50      1.85    1.04    1.00
  C_1054-C-90          CONDUIT     0.810     0  00:50      1.87    1.02    1.00
  C_1055-C-90          CONDUIT     0.831     0  00:50      1.88    0.92    1.00
  C_1056-C-90          CONDUIT     0.818     0  00:53      1.85    1.13    1.00
  C_1057-C-90          CONDUIT     0.836     0  00:48      1.89    1.40    1.00
  C_1058-C-90          CONDUIT     0.854     0  00:48      1.93    0.75    1.00
  C_1059-C-90          CONDUIT     0.840     0  00:56      1.90    1.33    1.00
  C_1060-C-90          CONDUIT     0.859     0  00:56      1.94    1.36    1.00
  C_1061-C-90          CONDUIT     0.873     0  00:56      1.97    1.04    1.00
  C_1062-C-90          CONDUIT     0.888     0  00:56      2.01    1.13    1.00
  C_1063-C-90          CONDUIT     0.904     0  00:56      2.05    1.08    1.00
  C_1064-C-90          CONDUIT     0.920     0  00:56      2.08    1.85    1.00
  C_1065-C-90          CONDUIT     0.936     0  00:56      2.31    1.14    1.00
  C_1066-C-90          CONDUIT     0.956     0  00:56      2.31    0.93    1.00
  C_1067-C-90          CONDUIT     0.980     0  00:56      2.31    1.08    1.00
  C_1068-C-90          CONDUIT     1.004     0  00:53      2.44    1.02    1.00
  C_1069-C-90          CONDUIT     1.027     0  00:46      2.51    0.91    1.00
  C_1070-C-90          CONDUIT     1.048     0  00:46      2.56    1.00    1.00
  C_1071-C-90          CONDUIT     1.068     0  00:45      2.60    0.87    1.00
  C_1072-C-90          CONDUIT     1.087     0  00:45      2.60    0.97    1.00
  C_1073-C-90          CONDUIT     1.106     0  00:45      2.50    0.82    1.00
  C_1074-C-90          CONDUIT     1.128     0  00:45      2.55    1.14    1.00
  C_1075-C-90          CONDUIT     1.149     0  00:45      2.67    0.93    1.00
  C_1076-C-90          CONDUIT     1.167     0  00:45      2.64    0.90    1.00
  C_1077-C-90          CONDUIT     1.186     0  00:45      2.69    0.81    1.00
  C_1078-C-90          CONDUIT     1.093     0  00:59      2.47    1.41    1.00
  C_1079-C-90          CONDUIT     1.111     0  00:42      2.52    0.87    1.00
  C_1080-C-112         CONDUIT     0.569     0  00:44      2.01    0.86    1.00
  C_1081-C-112         CONDUIT     0.563     0  00:33      1.99    1.70    1.00
  C_1082-C-112         CONDUIT     0.579     0  00:33      2.05    1.21    1.00
  C_1083-C-112         CONDUIT     0.579     0  00:33      2.05    1.23    1.00
  C_1084-C-112         CONDUIT     0.567     0  00:33      2.01    1.15    1.00
  C_1085-C-112         CONDUIT     0.580     0  00:33      2.05    1.15    1.00
  C_1086-C-112         CONDUIT     0.589     0  00:33      2.08    1.48    1.00
  C_1087-C-112         CONDUIT     0.578     0  00:33      2.04    1.34    1.00
  C_1088-C-112         CONDUIT     0.546     0  00:33      1.93    1.26    1.00
  C_1089-C-112         CONDUIT     0.565     0  00:33      2.00    1.03    1.00
  C_1090-C-112         CONDUIT     0.579     0  00:33      2.05    1.34    1.00
  C_1091-C-112         CONDUIT     0.593     0  00:33      2.10    1.32    1.00
  C_1092-C-112         CONDUIT     0.610     0  00:33      2.16    3.43    1.00
  C_1093-C-112         CONDUIT     0.633     0  00:33      2.28    1.85    1.00
  C_1094-C-112         CONDUIT     0.633     0  00:33      2.24    1.18    1.00
  C_1095-C-112         CONDUIT     0.639     0  00:33      2.26    1.17    1.00
  C_1096-C-112         CONDUIT     0.659     0  00:33      2.34    2.33    1.00
  C_1097-C-112         CONDUIT     0.653     0  00:33      2.31    1.34    1.00
  C_1098-C-112         CONDUIT     0.686     0  00:33      2.43    2.04    1.00
  C_1099-C-112         CONDUIT     0.495     0  00:33      1.85    0.91    1.00
  C_1100-C-112         CONDUIT     0.484     0  00:33      1.79    1.04    1.00
  C_1101-C-112         CONDUIT     0.486     0  00:33      1.76    1.03    1.00
  C_1102-C-112         CONDUIT     0.486     0  00:33      1.74    1.02    1.00
  C_1103-C-112         CONDUIT     0.489     0  00:33      1.77    1.29    1.00
  C_1104-C-112         CONDUIT     0.485     0  00:33      1.80    0.91    1.00
  C_1105-C-112         CONDUIT     0.473     0  00:33      1.71    0.98    1.00
  C_1106-C-112         CONDUIT     0.472     0  00:33      1.74    1.29    1.00
  C_1107-C-112         CONDUIT     0.459     0  00:33      1.74    0.86    1.00
  C_1108-C-112         CONDUIT     0.450     0  00:57      1.68    1.15    1.00
  C_1109-C-112         CONDUIT     0.461     0  00:40      1.63    0.89    1.00
  C_1110-C-112         CONDUIT     0.421     0  00:33      1.53    1.11    1.00
  C_1111-C-112         CONDUIT     0.436     0  00:33      1.54    1.02    1.00
  C_1112-C-112         CONDUIT     0.438     0  00:33      1.55    1.08    1.00
  C_1113-C-112         CONDUIT     0.473     0  00:33      1.74    1.77    1.00
  C_1114-C-112         CONDUIT     0.458     0  00:36      1.86    1.61    1.00
  C_1115-C-112         CONDUIT     0.491     0  00:40      1.74    0.66    1.00
  C_1116-C-112         CONDUIT     0.468     0  00:32      1.66    1.16    1.00
  C_1117-C-112         CONDUIT     0.467     0  00:32      1.68    1.69    1.00
  C_1118-C-112         CONDUIT     0.462     0  00:32      1.70    0.98    1.00
  C_1119-C-112         CONDUIT     0.443     0  00:32      1.65    1.08    1.00
  C_1120-C-112         CONDUIT     0.435     0  00:35      1.61    1.07    1.00
  C_1121-C-112         CONDUIT     0.457     0  00:41      1.62    1.20    1.00
  C_1122-C-112         CONDUIT     0.501     0  00:45      1.77    0.87    1.00
  C_1123-C-112         CONDUIT     0.403     0  00:51      1.43    1.00    1.00
  C_1124-C-112         CONDUIT     0.419     0  00:32      1.49    1.38    1.00
  C_1125-C-112         CONDUIT     0.396     0  00:32      1.43    1.16    1.00
  C_1126-C-112         CONDUIT     0.386     0  00:32      1.41    0.97    1.00
  C_1127-C-112         CONDUIT     0.377     0  00:32      1.37    1.09    1.00
  C_1128-C-112         CONDUIT     0.378     0  01:00      1.36    2.04    1.00
  C_1129-C-112         CONDUIT     0.388     0  00:59      1.37    0.99    1.00
  C_1130-C-112         CONDUIT     0.397     0  00:59      1.40    1.97    1.00
  C_1131-C-112         CONDUIT     0.407     0  00:59      1.49   12.05    1.00
  C_1132-C-112         CONDUIT     0.418     0  00:33      1.48    0.64    1.00
  C_1133-C-112         CONDUIT     0.445     0  00:33      1.57    1.25    1.00
  C_1134-C-112         CONDUIT     0.457     0  00:33      1.62    1.38    1.00
  C_1135-C-112         CONDUIT     0.432     0  00:33      1.53    1.18    1.00
  C_1136-C-112         CONDUIT     0.470     0  00:33      1.66   13.13    1.00
  C_1137-C-112         CONDUIT     0.482     0  00:33      1.71    1.42    1.00
  C_1138-C-112         CONDUIT     0.496     0  00:33      1.75   14.89    1.00
  C_1139-C-112         CONDUIT     0.509     0  00:33      1.80    0.94    1.00
  C_1140-C-112         CONDUIT     0.523     0  00:33      1.85   16.43    1.00
  C_1141-C-112         CONDUIT     0.536     0  00:40      1.90   15.77    1.00
  C_1142-C-112         CONDUIT     0.555     0  00:33      1.96    1.04    1.00
  C_1143-C-112         CONDUIT     0.576     0  00:33      2.10    2.17    1.00
  C_1144-C-112         CONDUIT     0.596     0  00:40      2.19   17.09    0.92
  C_1145-C-140         CONDUIT     0.575     0  00:46      2.26    1.18    0.85
  C_1146-C-140         CONDUIT     0.548     0  00:46      1.99   17.28    0.93
  C_1147-C-140         CONDUIT     0.531     0  00:46      1.88   15.36    1.00
  C_1148-C-140         CONDUIT     0.513     0  00:47      1.82    1.07    1.00
  C_1149-C-140         CONDUIT     0.490     0  00:47      1.73    0.81    1.00
  C_1150-C-140         CONDUIT     0.467     0  00:47      1.89    0.75    1.00
  C_1151-C-140         CONDUIT     0.448     0  00:47      1.97    0.77    0.95
  C_1152-C-140         CONDUIT     0.431     0  00:46      2.03    0.65    0.82
  C_1153-C-140         CONDUIT     0.412     0  00:45      2.22    0.54    0.68
  C_1154-C-140         CONDUIT     0.394     0  00:45      2.52    0.46    0.56
  C_1155-C-140         CONDUIT     0.378     0  00:45      2.77    0.43    0.49
  C_1156-C-140         CONDUIT     0.361     0  00:45      2.91    0.38    0.45
  C_1157-C-140         CONDUIT     0.331     0  00:45      3.00    0.33    0.41
  C_1158-C-140         CONDUIT     0.304     0  00:46      3.14    0.27    0.37
  C_1159-C-140         CONDUIT     0.283     0  00:46      3.32    0.23    0.34
  C_1160-C-140         CONDUIT     0.291     0  00:46      3.22    0.27    0.36
  C_1161-C-140         CONDUIT     0.271     0  00:46      3.43    0.22    0.32
  C_1162-C-140         CONDUIT     0.256     0  00:46      3.41    0.20    0.31
  C_1163-C-140         CONDUIT     0.246     0  00:46      3.57    0.18    0.29
  C_1164-C-140         CONDUIT     0.237     0  00:46      3.60    0.17    0.28
  C_1165-C-91          CONDUIT     0.175     0  00:45      3.25    0.13    0.25
  C_1166-C-91          CONDUIT     0.156     0  00:45      3.03    0.12    0.24
  C_1167-C-91          CONDUIT     0.378     0  00:45      3.80    0.28    0.38
  C_1168-C-91          CONDUIT     0.358     0  00:45      3.94    0.27    0.36
  C_1169-C-91          CONDUIT     0.337     0  00:45      3.87    0.25    0.35
  C_1170-C-91          CONDUIT     0.316     0  00:45      3.82    0.24    0.33
  C_1171-C-91          CONDUIT     0.282     0  00:45      3.60    0.21    0.32
  C_1172-C-91          CONDUIT     0.255     0  00:45      3.51    0.19    0.30
  C_1173-C-91          CONDUIT     0.235     0  00:45      3.52    0.17    0.29
  C_1174-C-91          CONDUIT     0.208     0  00:45      3.40    0.15    0.27
  C_1175-C-91          CONDUIT     0.181     0  00:45      3.29    0.12    0.25
  C_1176-C-91          CONDUIT     0.134     0  00:45      2.84    0.10    0.22
  C_1177-C-91          CONDUIT     0.077     0  00:45      2.10    0.06    0.19
  C_1178-C-91          CONDUIT     0.028     0  00:45      1.08    0.03    0.15
  C_1179-C-91          CONDUIT     0.021     0  00:45      0.76    0.03    0.15
  C_1180-C-91          CONDUIT     0.087     0  00:45      2.08    0.07    0.20
  C_1181-C-91          CONDUIT     0.159     0  00:45      2.83    0.11    0.25
  C_1182-C-91          CONDUIT     0.227     0  00:45      3.25    0.17    0.30
  C_1183-C-91          CONDUIT     0.301     0  00:45      3.64    0.21    0.33
  C_1184-C-91          CONDUIT     0.360     0  00:45      3.73    0.27    0.37
  C_1185-C-91          CONDUIT     0.453     0  00:45      4.09    0.33    0.41
  C_1186-C-91          CONDUIT     0.542     0  00:45      4.48    0.39    0.44
  C_1187-C-91          CONDUIT     0.592     0  00:45      4.32    0.42    0.49
  C_1188-C-91          CONDUIT     0.731     0  00:45      4.09    0.54    0.71
  C_1189-C-91          CONDUIT     0.845     0  00:46      4.05    0.72    0.94
  C_1190-C-91          CONDUIT     0.892     0  00:46      3.68    0.78    1.00
  C_1191-C-91          CONDUIT     0.936     0  00:46      3.40    0.89    1.00
  C_1192-C-91          CONDUIT     0.920     0  00:50      3.25    1.00    1.00
  C_1193-C-91          CONDUIT     0.897     0  00:40      3.17    1.00    1.00
  C_1194-C-91          CONDUIT     0.740     0  00:33      2.62    1.46    1.00
  C_1195-C-91          CONDUIT     0.866     0  00:49      3.65    1.37    0.78
  C_1196-C-91          CONDUIT     0.972     0  00:45      5.94    0.61    0.56
  C_1197-C-29          CONDUIT     0.833     0  00:49      2.11    1.99    0.61
  C_1198-C-29          CONDUIT     0.820     0  00:49      1.88    0.65    0.67
  C_1199-C-29          CONDUIT     0.813     0  00:49      2.06    0.39    0.61
  C_1200-C-29          CONDUIT     0.807     0  00:49      2.25    0.53    0.56
  C_1201-C-29          CONDUIT     0.803     0  00:50      2.26    0.58    0.55
  C_1202-C-29          CONDUIT     0.798     0  00:50      2.28    0.49    0.54
  C_1203-C-29          CONDUIT     0.789     0  00:50      2.31    0.55    0.53
  C_1204-C-29          CONDUIT     0.776     0  00:50      2.24    0.57    0.53
  C_1205-C-29          CONDUIT     0.771     0  00:51      2.21    0.54    0.54
  C_1206-C-29          CONDUIT     0.776     0  00:50      2.13    0.66    0.56
  C_1207-C-29          CONDUIT     0.752     0  00:50      2.02    0.54    0.57
  C_1208-C-29          CONDUIT     0.739     0  00:50      2.16    0.44    0.53
  C_1209-C-29          CONDUIT     0.724     0  00:50      2.18    0.55    0.52
  C_1210-C-29          CONDUIT     0.708     0  00:50      2.32    0.35    0.48
  C_1211-C-29          CONDUIT     0.693     0  00:50      2.61    0.38    0.43
  C_1212-C-29          CONDUIT     0.674     0  00:50      2.46    0.43    0.45
  C_1213-C-29          CONDUIT     0.656     0  00:50      2.41    0.35    0.44
  C_1214-C-29          CONDUIT     0.495     0  00:48      3.01    0.18    0.31
  C_1215-C-29          CONDUIT     0.462     0  00:48      3.23    0.16    0.28
  C_1216-C-29          CONDUIT     0.326     0  00:45      3.40    0.08    0.21
  C_1217-C-29          CONDUIT     0.308     0  00:45      3.63    0.08    0.19
  C_1218-C-29          CONDUIT     0.291     0  00:45      3.38    0.08    0.19
  C_1219-C-29          CONDUIT     0.277     0  00:45      3.25    0.08    0.19
  C_1220-C-29          CONDUIT     0.263     0  00:45      3.21    0.07    0.19
  C_1221-C-29          CONDUIT     0.255     0  00:45      3.17    0.07    0.19
  C_1222-C-29          CONDUIT     0.301     0  00:48      2.18    0.48    0.27
  C_1223-C-29          CONDUIT     0.224     0  00:46      1.67    0.07    0.27
  C_1224-C-29          CONDUIT     0.213     0  00:47      2.46    0.09    0.19
  C_1225-C-29          CONDUIT     0.201     0  00:47      2.05    0.11    0.21
  C_1226-C-29          CONDUIT     0.188     0  00:47      1.04    0.12    0.33
  C_1227-C-29          CONDUIT     0.161     0  00:47      0.84    0.13    0.34
  C_1228-C-29          CONDUIT     0.137     0  00:48      0.90    0.11    0.29
  C_1229-C-29          CONDUIT     0.099     0  00:48      0.66    0.13    0.29
  C_1230-C-29          CONDUIT     0.062     0  00:47      0.72    0.04    0.19
  C_1231-C-29          CONDUIT     0.046     0  00:48      0.70    0.08    0.16
  C_1232-C-30          CONDUIT     0.041     0  00:46      0.39    0.03    0.23
  C_1233-C-30          CONDUIT     0.027     0  00:50      0.36    0.02    0.17
  C_1234-C-30          CONDUIT     0.012     0  00:54      0.38    0.14    0.10
  C_1235-C-30          CONDUIT     0.066     0  00:51      0.53    0.03    0.25
  C_1236-C-100         CONDUIT     0.199     0  00:51      1.72    0.12    0.24
  C_1237-C-30          CONDUIT     0.143     0  00:53      0.72    0.16    0.35
  C_1238-C-30          CONDUIT     0.130     0  00:54      0.50    0.08    0.43
  C_1239-C-100         CONDUIT     0.184     0  00:52      1.47    0.33    0.25
  C_1240-C-100         CONDUIT     0.192     0  00:51      1.79    0.10    0.23
  C_1241-C-124         CONDUIT     0.031     0  00:50      0.76    0.01    0.13
  C_1242-C-124         CONDUIT     0.002     0  00:40      0.09    0.01    0.08
  C_1243-C-124         CONDUIT     0.017     0  00:45      0.62    0.01    0.09
  C_1244-C-124         CONDUIT     0.029     0  00:45      0.83    0.02    0.10
  C_1245-C-124         CONDUIT     0.043     0  00:45      0.59    0.02    0.18
  C_1246-C-124         CONDUIT     0.061     0  00:44      0.74    0.04    0.20
  C_1247-C-124         CONDUIT     0.085     0  00:44      1.31    0.04    0.23
  C_1248-C-124         CONDUIT     0.167     0  00:44      0.99    0.09    0.35
  C_1249-C-124         CONDUIT     0.131     0  00:45      0.35    0.08    0.61
  C_1250-C-124         CONDUIT     0.127     0  00:45      0.25    0.11    0.76
  C_1251-C-124         CONDUIT     0.125     0  00:45      0.26    0.14    0.72
  C_1252-C-124         CONDUIT     0.148     0  00:47      0.31    0.28    0.70
  C_1253-C-124         CONDUIT     0.164     0  00:47      0.34    0.24    0.72
  C_1254-C-124         CONDUIT     0.163     0  00:47      0.36    0.09    0.69
  C_1255-C-124         CONDUIT     0.171     0  00:47      0.55    0.11    0.50
  C_1256-C-124         CONDUIT     0.204     0  00:46      1.29    0.27    0.39
  C_1257-C-124         CONDUIT     0.309     0  00:42      1.06    0.14    0.73
  C_1258-C-124         CONDUIT     0.341     0  00:42      0.60    0.24    1.00
  C_1259-C-95          CONDUIT     0.469     0  00:45      1.66    1.00    1.00
  C_1260-C-85          CONDUIT     0.525     0  00:34      1.31    6.71    1.00
  C_1261-C-85          CONDUIT     0.749     0  00:52      1.37    0.46    1.00
  C_1262-C-85          CONDUIT     0.740     0  00:52      1.74    0.35    1.00
  C_1263-C-85          CONDUIT     0.731     0  00:51      2.03    0.42    1.00
  C_1264-C-85          CONDUIT     0.931     0  00:56      2.06    0.61    0.97
  C_1265-C-85          CONDUIT     0.918     0  00:59      2.13    0.43    0.89
  C_1266-C-85          CONDUIT     0.661     0  00:52      2.30    0.34    0.61
  C_1267-C-85          CONDUIT     0.618     0  00:51      2.77    0.28    0.38
  C_1268-C-85          CONDUIT     0.580     0  00:51      2.79    0.28    0.36
  C_1269-C-85          CONDUIT     0.535     0  00:51      2.65    0.26    0.35
  C_1270-C-85          CONDUIT     0.440     0  00:51      2.48    0.19    0.32
  C_1271-C-85          CONDUIT     0.337     0  00:50      2.41    0.13    0.27
  C_1272-C-85          CONDUIT     0.284     0  00:50      2.43    0.12    0.24
  C_1273-C-85          CONDUIT     0.260     0  00:51      2.37    0.11    0.23
  C_1274-C-85          CONDUIT     0.233     0  00:52      2.36    0.09    0.21
  C_1275-C-102         CONDUIT     1.154     0  00:45      4.20    0.19    0.29
  C_1276-C-102         CONDUIT     1.107     0  00:45      3.39    0.28    0.33
  C_1277-C-102         CONDUIT     1.096     0  00:45      2.85    0.30    0.37
  C_1278-C-35          CONDUIT     1.086     0  00:44      2.41    0.39    0.43
  C_1279-C-35          CONDUIT     1.076     0  00:44      1.73    1.52    0.54
  C_1280-C-35          CONDUIT     1.066     0  00:44      1.59    4.07    0.58
  C_1281-C-35          CONDUIT     1.071     0  00:45      1.51    0.70    0.61
  C_1282-C-35          CONDUIT     1.068     0  00:45      1.53    0.36    0.60
  C_1283-C-35          CONDUIT     1.060     0  00:44      1.80    0.29    0.52
  C_1284-C-35          CONDUIT     1.051     0  00:44      2.07    0.34    0.46
  C_1285-C-35          CONDUIT     1.045     0  00:44      2.21    0.29    0.44
  C_1286-C-35          CONDUIT     1.034     0  00:43      2.36    0.33    0.41
  C_1287-C-35          CONDUIT     1.020     0  00:43      2.64    0.23    0.38
  C_1288-C-35          CONDUIT     1.000     0  00:43      2.71    0.31    0.36
  C_1289-C-35          CONDUIT     0.992     0  00:43      2.58    0.27    0.37
  C_1290-C-35          CONDUIT     0.978     0  00:43      2.73    0.25    0.36
  C_1291-C-35          CONDUIT     0.962     0  00:43      2.39    0.63    0.39
  C_1292-C-35          CONDUIT     0.938     0  00:43      2.36    0.23    0.38
  C_1293-C-35          CONDUIT     0.915     0  00:43      2.48    0.32    0.36
  C_1294-C-35          CONDUIT     0.913     0  00:42      2.12    0.37    0.41
  C_1295-C-35          CONDUIT     0.937     0  00:43      2.02    0.44    0.43
  C_1296-C-35          CONDUIT     0.895     0  00:43      1.93    0.31    0.43
  C_1297-C-35          CONDUIT     0.886     0  00:42      2.01    0.29    0.41
  C_1298-C-35          CONDUIT     0.873     0  00:42      2.08    0.30    0.40
  C_1299-C-35          CONDUIT     0.856     0  00:42      2.21    0.25    0.38
  C_1300-C-35          CONDUIT     0.834     0  00:42      2.41    0.22    0.35
  C_1301-C-35          CONDUIT     0.820     0  00:42      2.63    0.18    0.32
  C_1302-C-35          CONDUIT     0.804     0  00:42      2.76    0.20    0.31
  C_1303-C-35          CONDUIT     0.788     0  00:42      2.75    0.19    0.30
  C_1304-C-35          CONDUIT     0.774     0  00:42      2.40    0.27    0.33
  C_1305-C-35          CONDUIT     0.762     0  00:42      2.31    0.18    0.33
  C_1306-C-35          CONDUIT     0.749     0  00:42      2.67    0.16    0.30
  C_1307-C-35          CONDUIT     0.736     0  00:47      2.87    0.16    0.28
  C_1308-C-35          CONDUIT     0.721     0  00:46      2.91    0.16    0.27
  C_1309-C-35          CONDUIT     0.708     0  00:46      3.12    0.12    0.25
  C_1310-C-35          CONDUIT     0.696     0  00:46      3.36    0.12    0.24
  C_1311-C-35          CONDUIT     0.681     0  00:46      3.39    0.11    0.23
  C_1312-C-35          CONDUIT     0.668     0  00:46      3.62    0.09    0.22
  C_1313-C-35          CONDUIT     0.648     0  00:46      3.96    0.08    0.20
  C_1314-C-35          CONDUIT     0.626     0  00:46      4.11    0.08    0.19
  C_1315-C-35          CONDUIT     0.613     0  00:46      4.19    0.07    0.19
  C_1316-C-35          CONDUIT     0.598     0  00:46      4.17    0.08    0.18
  C_1317-C-35          CONDUIT     0.588     0  00:46      4.23    0.07    0.18
  C_1318-C-35          CONDUIT     0.579     0  00:46      4.27    0.07    0.18
  C_1319-C-35          CONDUIT     0.565     0  00:46      4.09    0.07    0.18
  C_1320-C-35          CONDUIT     0.542     0  00:46      3.91    0.07    0.18
  C_1321-C-35          CONDUIT     0.519     0  00:46      2.24    0.19    0.26
  C_1322-C-35          CONDUIT     0.502     0  00:46      1.40    0.42    0.35
  C_1323-C-35          CONDUIT     0.485     0  00:46      1.05    0.16    0.43
  C_1324-C-35          CONDUIT     0.465     0  00:46      0.93    0.18    0.45
  C_1325-C-42          CONDUIT     0.427     0  00:47      1.13    0.92    0.57
  C_1326-C-42          CONDUIT     0.393     0  00:47      1.19    0.25    0.52
  C_1327-C-42          CONDUIT     0.309     0  00:40      1.56    0.15    0.35
  C_1328-C-42          CONDUIT     0.244     0  00:40      2.11    0.10    0.24
  C_1329-C-42          CONDUIT     0.218     0  00:40      2.09    0.11    0.22
  C_1330-C-42          CONDUIT     0.199     0  00:40      1.92    0.10    0.22
  C_1331-C-42          CONDUIT     0.187     0  00:39      1.86    0.10    0.22
  C_1332-C-42          CONDUIT     0.156     0  00:39      1.59    0.09    0.21
  C_1333-C-42          CONDUIT     0.113     0  00:39      1.13    0.12    0.21
  C_1334-C-42          CONDUIT     0.088     0  00:39      0.73    0.18    0.24
  C_1335-C-42          CONDUIT     0.068     0  00:39      0.58    0.05    0.24
  C_1336-C-42          CONDUIT     0.113     0  00:38      1.70    0.22    0.17
  C_1337-C-42          CONDUIT     0.089     0  00:38      0.80    0.10    0.24
  C_1338-C-42          CONDUIT     0.094     0  00:38      0.86    0.08    0.43
  C_1339-C-42          CONDUIT     0.488     0  00:43      1.50    0.21    0.77
  C_1340-C-42          CONDUIT     0.393     0  00:45      1.03    0.18    0.94
  C_1341-C-42          CONDUIT     0.327     0  00:43      0.79    0.26    1.00
  C_1342-C-42          CONDUIT     0.359     0  00:38      0.84    0.40    1.00
  C_1343-C-42          CONDUIT     0.387     0  00:38      0.87    0.39    1.00
  C_1344-C-42          CONDUIT     0.400     0  00:38      0.95    0.61    1.00
  C_1345-C-42          CONDUIT     0.419     0  00:38      0.80    0.29    1.00
  C_1346-C-42          CONDUIT     0.439     0  00:38      0.69    0.52    1.00
  C_1347-C-42          CONDUIT     0.455     0  00:38      0.72    3.23    1.00
  C_1348-C-42          CONDUIT     0.467     0  00:38      0.73    4.15    1.00
  C_1349-C-42          CONDUIT     0.501     0  00:38      0.79    0.49    1.00
  C_1350-C-89          CONDUIT     0.121     0  00:34      0.43    0.97    1.00
  C_1351-C-89          CONDUIT     0.098     0  00:34      0.35    3.56    1.00
  C_1352-C-89          CONDUIT     0.082     0  00:34      0.34    0.18    1.00
  C_1353-C-89          CONDUIT     0.106     0  00:34      0.49    0.41    1.00
  C_1354-C-89          CONDUIT     0.141     0  00:34      0.53    0.33    1.00
  C_1355-C-89          CONDUIT     0.141     0  00:34      0.76    0.23    1.00
  C_1356-C-89          CONDUIT     0.109     0  01:00      0.81    2.50    1.00
  C_1357-C-89          CONDUIT     0.140     0  01:00      0.49    0.65    1.00
  C_1358-C-89          CONDUIT     0.173     0  00:59      0.61    1.07    1.00
  C_1359-C-89          CONDUIT     0.205     0  00:39      0.72    1.74    1.00
  C_1360-C-89          CONDUIT     0.241     0  00:44      0.86    0.43    1.00
  C_1361-C-89          CONDUIT     0.286     0  00:45      1.01    0.57    1.00
  C_1362-C-89          CONDUIT     0.329     0  00:52      1.16    1.00    1.00
  C_1363-C-89          CONDUIT     0.224     0  00:51      0.79    1.00    1.00
  C_1364-C-89          CONDUIT     0.073     0  00:31      0.26    2.53    1.00
  C_1365-C-89          CONDUIT     0.090     0  00:31      0.32    2.35    1.00
  C_1366-C-89          CONDUIT     0.110     0  00:31      0.45    0.24    1.00
  C_1367-C-89          CONDUIT     0.128     0  00:34      0.76    0.34    1.00
  C_1368-C-89          CONDUIT     0.156     0  00:34      0.72    0.41    1.00
  C_1369-C-89          CONDUIT     0.188     0  00:34      0.69    0.46    1.00
  C_1370-C-89          CONDUIT     0.211     0  00:35      0.92    0.93    0.93
  C_1371-C-89          CONDUIT     0.233     0  00:35      1.33    1.27    0.87
  C_1372-C-89          CONDUIT     0.246     0  00:35      1.77    0.65    0.91
  C_1373-C-89          CONDUIT     0.242     0  00:35      1.91    0.32    0.99
  C_1374-C-89          CONDUIT     0.261     0  00:37      1.79    0.42    1.00
  C_1375-C-89          CONDUIT     0.286     0  00:37      1.13    0.52    1.00
  C_1376-C-89          CONDUIT     0.312     0  00:45      1.10    0.64    1.00
  C_1377-C-89          CONDUIT     0.333     0  00:45      1.18    0.79    1.00
  C_1378-C-89          CONDUIT     0.350     0  00:45      1.24    1.14    1.00
  C_1379-C-141         CONDUIT     0.205     0  00:44      0.80    0.51    1.00
  C_1380-C-141         CONDUIT     0.189     0  00:59      0.95    0.80    1.00
  C_1381-C-141         CONDUIT     0.180     0  00:59      0.70    0.42    1.00
  C_1382-C-141         CONDUIT     0.282     0  00:45      1.00    0.90    1.00
  C_1383-C-141         CONDUIT     0.269     0  00:49      0.95    0.50    1.00
  C_1384-C-141         CONDUIT     0.254     0  00:50      1.10    0.44    1.00
  C_1385-C-141         CONDUIT     0.231     0  00:50      1.28    0.59    1.00
  C_1386-C-141         CONDUIT     0.233     0  00:35      1.25    0.39    1.00
  C_1387-C-141         CONDUIT     0.188     0  00:35      1.67    0.22    1.00
  C_1388-C-141         CONDUIT     0.139     0  00:50      1.73    0.16    0.61
  C_1389-C-141         CONDUIT     0.069     0  00:50      1.42    0.07    0.23
  C_1390-C-141         CONDUIT     0.006     0  00:45      0.21    0.04    0.17
  C_1391-C-141         CONDUIT     0.030     0  00:50      0.78    0.05    0.19
  C_1392-C-141         CONDUIT     0.057     0  00:45      1.05    0.11    0.25
  C_1393-C-141         CONDUIT     0.098     0  00:45      1.26    0.15    0.32
  C_1394-C-141         CONDUIT     0.139     0  00:46      1.25    0.26    0.42
  C_1395-C-141         CONDUIT     0.166     0  00:46      1.33    0.43    0.46
  C_1396-C-141         CONDUIT     0.246     0  00:50      1.30    0.43    0.64
  C_1397-C-141         CONDUIT     0.324     0  00:50      1.34    1.38    0.80
  C_1398-C-141         CONDUIT     0.346     0  00:50      1.43    0.81    0.80
  C_1399-C-141         CONDUIT     0.373     0  00:50      1.45    0.89    0.85
  C_1400-C-141         CONDUIT     0.399     0  00:50      1.67    1.73    0.79
  C_1401-C-109         CONDUIT     0.608     0  00:45      2.23    1.31    0.92
  C_1402-C-109         CONDUIT     0.570     0  00:45      2.03    1.53    1.00
  C_1403-C-109         CONDUIT     0.540     0  00:45      1.91    3.23    1.00
  C_1404-C-109         CONDUIT     0.514     0  00:34      1.82    1.66    1.00
  C_1405-C-109         CONDUIT     0.495     0  00:34      1.75    1.50    1.00
  C_1406-C-109         CONDUIT     0.476     0  00:34      1.68    0.97    1.00
  C_1407-C-109         CONDUIT     0.450     0  00:34      1.62    0.98    1.00
  C_1408-C-109         CONDUIT     0.431     0  00:33      1.60    1.40    1.00
  C_1409-C-109         CONDUIT     0.439     0  00:33      1.59    1.05    1.00
  C_1410-C-109         CONDUIT     0.461     0  00:33      1.65    0.70    1.00
  C_1411-C-109         CONDUIT     0.442     0  00:33      1.56    0.92    1.00
  C_1412-C-109         CONDUIT     0.419     0  00:33      1.48    1.58    1.00
  C_1413-C-109         CONDUIT     0.400     0  00:33      1.41    1.16    1.00
  C_1414-C-109         CONDUIT     0.387     0  00:33      1.37    1.62    1.00
  C_1415-C-109         CONDUIT     0.375     0  00:33      1.33    1.11    1.00
  C_1416-C-109         CONDUIT     0.362     0  00:33      1.28    0.94    1.00
  C_1417-C-109         CONDUIT     0.351     0  00:33      1.24    1.21    1.00
  C_1418-C-109         CONDUIT     0.339     0  00:33      1.20    1.98    1.00
  C_1419-C-109         CONDUIT     0.427     0  00:35      1.52    1.14    1.00
  C_1420-C-109         CONDUIT     0.486     0  00:50      1.72    1.00    1.00
  C_1421-C-109         CONDUIT     0.686     0  00:52      2.43    1.00    1.00
  C_1422-C-109         CONDUIT     0.738     0  00:45      2.61    0.84    1.00
  C_1423-C-109         CONDUIT     0.689     0  00:45      2.65    0.94    1.00
  C_1424-C-139         CONDUIT     0.573     0  00:59      2.03    1.49    1.00
  C_1425-C-139         CONDUIT     0.630     0  00:40      2.27    1.26    1.00
  C_1426-C-108         CONDUIT     0.000     0  00:00      0.00    0.00    0.50
  C_1427-C-103         CONDUIT     0.063     0  00:56      1.59    0.02    0.09
  
  
  ***************************
  Flow Classification Summary
  ***************************
  
  -------------------------------------------------------------------------------------
                      Adjusted    ---------- Fraction of Time in Flow Class ---------- 
                       /Actual         Up    Down  Sub   Sup   Up    Down  Norm  Inlet 
  Conduit               Length    Dry  Dry   Dry   Crit  Crit  Crit  Crit  Ltd   Ctrl  
  -------------------------------------------------------------------------------------
  C_0-C-88                1.00   0.09  0.00  0.00  0.06  0.86  0.00  0.00  0.63  0.00
  C_1-C-139               1.00   0.09  0.00  0.00  0.07  0.84  0.00  0.00  0.82  0.00
  C_2-C-125               1.00   0.09  0.00  0.00  0.90  0.00  0.00  0.00  0.17  0.00
  C_3-C-109               1.00   0.09  0.00  0.00  0.91  0.00  0.00  0.00  0.23  0.00
  C_4-C-16                1.00   0.09  0.00  0.00  0.91  0.00  0.00  0.00  0.15  0.00
  C_5-C-97                1.00   0.09  0.00  0.00  0.91  0.00  0.00  0.00  0.90  0.00
  C_6-C-57                1.00   0.09  0.00  0.00  0.91  0.00  0.00  0.00  0.84  0.00
  C_7-C-12                1.00   0.09  0.00  0.00  0.91  0.00  0.00  0.00  0.90  0.00
  C_8-C-77                1.00   0.09  0.00  0.00  0.05  0.85  0.00  0.00  0.00  0.00
  C_9-C-128               1.00   0.09  0.00  0.00  0.91  0.00  0.00  0.00  0.90  0.00
  C_10-C-37               1.00   0.09  0.00  0.00  0.14  0.77  0.00  0.00  0.05  0.00
  C_11-C-32               1.00   0.11  0.01  0.00  0.87  0.00  0.00  0.00  0.28  0.00
  C_12-C-3                1.00   0.11  0.00  0.00  0.75  0.14  0.00  0.00  0.87  0.00
  C_13-C-83               1.00   0.11  0.00  0.00  0.89  0.00  0.00  0.00  0.31  0.00
  C_14-C-100              1.00   0.10  0.00  0.00  0.53  0.37  0.00  0.00  0.83  0.00
  C_15-C-129              1.00   0.09  0.00  0.00  0.91  0.00  0.00  0.00  0.83  0.00
  C_16-C-17               1.00   0.09  0.00  0.00  0.66  0.25  0.00  0.00  0.08  0.00
  C_17-C-121              1.00   0.09  0.00  0.00  0.91  0.00  0.00  0.00  0.00  0.00
  C_18-C-19               1.00   0.09  0.00  0.00  0.91  0.00  0.00  0.00  0.00  0.00
  C_19-C-37               1.00   0.09  0.00  0.00  0.91  0.00  0.00  0.00  0.72  0.00
  C_20-C-36               1.00   0.09  0.00  0.00  0.91  0.00  0.00  0.00  0.57  0.00
  C_21-C-101              1.00   0.09  0.00  0.00  0.04  0.87  0.00  0.00  0.00  0.00
  C_22-C-82               1.00   0.09  0.00  0.00  0.19  0.72  0.00  0.00  0.07  0.00
  C_23-C-57               1.00   0.09  0.00  0.00  0.77  0.13  0.00  0.00  0.90  0.00
  C_24-C-76               1.00   0.09  0.00  0.00  0.45  0.46  0.00  0.00  0.56  0.00
  C_25-C-32               1.00   0.11  0.00  0.00  0.15  0.75  0.00  0.00  0.03  0.00
  C_26-C-89               1.00   0.10  0.00  0.00  0.78  0.12  0.00  0.00  0.19  0.00
  C_27-C-141              1.00   0.10  0.00  0.00  0.90  0.00  0.00  0.00  0.05  0.00
  C_28-C-127              1.00   0.09  0.01  0.00  0.90  0.00  0.00  0.00  0.16  0.00
  C_29-C-122              1.00   0.09  0.00  0.00  0.03  0.88  0.00  0.00  0.00  0.00
  C_30-C-117              1.00   0.09  0.00  0.00  0.91  0.00  0.00  0.00  0.82  0.00
  C_31-C-32               1.00   0.10  0.00  0.00  0.48  0.42  0.00  0.00  0.49  0.00
  C_32-C-30               1.00   0.10  0.00  0.00  0.48  0.42  0.00  0.00  0.13  0.00
  C_33-C-29               1.00   0.10  0.00  0.00  0.90  0.00  0.00  0.00  0.88  0.00
  C_34-C-98               1.00   0.10  0.00  0.00  0.02  0.88  0.00  0.00  0.16  0.00
  C_35-C-32               1.00   0.10  0.00  0.00  0.04  0.86  0.00  0.00  0.08  0.00
  C_36-C-18               1.00   0.09  0.00  0.00  0.91  0.00  0.00  0.00  0.90  0.00
  C_37-C-123              1.00   0.09  0.00  0.00  0.31  0.60  0.00  0.00  0.00  0.00
  C_38-C-15               1.00   0.09  0.00  0.00  0.91  0.00  0.00  0.00  0.15  0.00
  C_39-C-42               1.00   0.10  0.00  0.00  0.90  0.00  0.00  0.00  0.15  0.00
  C_40-C-29               1.00   0.10  0.00  0.00  0.03  0.87  0.00  0.00  0.89  0.00
  C_41-C-56               1.00   0.10  0.01  0.00  0.89  0.00  0.00  0.00  0.89  0.00
  C_42-C-133              1.00   0.11  0.00  0.00  0.54  0.34  0.00  0.00  0.74  0.00
  C_43-C-111              1.00   0.10  0.02  0.00  0.89  0.00  0.00  0.00  0.88  0.00
  C_44-C-113              1.00   0.10  0.00  0.00  0.89  0.00  0.00  0.00  0.25  0.00
  C_45-C-29               1.00   0.10  0.00  0.00  0.07  0.83  0.00  0.00  0.80  0.00
  C_46-C-19               1.00   0.09  0.00  0.00  0.55  0.36  0.00  0.00  0.19  0.00
  C_47-C-5                1.00   0.10  0.00  0.00  0.90  0.00  0.00  0.00  0.89  0.00
  C_48-C-61               1.00   0.09  0.00  0.00  0.91  0.00  0.00  0.00  0.91  0.00
  C_49-C-134              1.00   0.11  0.00  0.00  0.05  0.84  0.00  0.00  0.06  0.00
  C_50-C-19_1             1.00   0.09  0.00  0.00  0.46  0.45  0.00  0.00  0.90  0.00
  C_51-C-119              1.00   0.09  0.00  0.00  0.42  0.48  0.00  0.00  0.80  0.00
  C_52-C-42               1.00   0.10  0.01  0.00  0.89  0.00  0.00  0.00  0.88  0.00
  C_53-C-5                1.00   0.10  0.01  0.00  0.85  0.04  0.00  0.00  0.68  0.00
  C_54-C-134              1.00   0.11  0.00  0.00  0.89  0.00  0.00  0.00  0.36  0.00
  C_55-C-24               1.00   0.11  0.00  0.00  0.89  0.00  0.00  0.00  0.51  0.00
  C_56-C-11               1.00   0.09  0.02  0.00  0.89  0.00  0.00  0.00  0.26  0.00
  C_57-C-47               1.00   0.10  0.00  0.00  0.25  0.65  0.00  0.00  0.90  0.00
  C_58-C-6                1.00   0.10  0.00  0.00  0.90  0.00  0.00  0.00  0.90  0.00
  C_59-C-25               1.00   0.09  0.01  0.00  0.90  0.00  0.00  0.00  0.28  0.00
  C_60-C-46               1.00   0.10  0.00  0.00  0.38  0.52  0.00  0.00  0.55  0.00
  C_61-C-20               1.00   0.09  0.00  0.00  0.15  0.75  0.00  0.00  0.90  0.00
  C_62-C-13               1.00   0.09  0.00  0.00  0.91  0.00  0.00  0.00  0.00  0.00
  C_63-C-35               1.00   0.10  0.00  0.00  0.89  0.01  0.00  0.00  0.00  0.00
  C_64-C-138              1.00   0.10  0.00  0.00  0.54  0.37  0.00  0.00  0.77  0.00
  C_65-C-26               1.00   0.10  0.00  0.00  0.90  0.00  0.00  0.00  0.56  0.00
  C_66-C-23               1.00   0.10  0.00  0.00  0.90  0.00  0.00  0.00  0.15  0.00
  C_67-C-11               1.00   0.09  0.02  0.00  0.89  0.00  0.00  0.00  0.53  0.00
  C_68-C-70               1.00   0.09  0.00  0.00  0.57  0.34  0.00  0.00  0.90  0.00
  C_69-C-72               1.00   0.10  0.01  0.00  0.17  0.73  0.00  0.00  0.16  0.00
  C_70-C-23               1.00   0.10  0.00  0.00  0.90  0.00  0.00  0.00  0.29  0.00
  C_71-C-4                1.00   0.10  0.00  0.00  0.90  0.00  0.00  0.00  0.35  0.00
  C_72-C-73               1.00   0.10  0.00  0.00  0.60  0.30  0.00  0.00  0.52  0.00
  C_73-C-118              1.00   0.09  0.00  0.00  0.91  0.00  0.00  0.00  0.00  0.00
  C_74-C-138              1.00   0.10  0.00  0.00  0.14  0.76  0.00  0.00  0.40  0.00
  C_75-C-14               1.00   0.10  0.00  0.00  0.90  0.00  0.00  0.00  0.00  0.00
  C_76-C-138              1.00   0.10  0.00  0.00  0.90  0.00  0.00  0.00  0.89  0.00
  C_77-C-66               1.00   0.09  0.00  0.00  0.90  0.00  0.00  0.00  0.89  0.00
  C_78-C-74               1.00   0.10  0.00  0.00  0.13  0.77  0.00  0.00  0.61  0.00
  C_79-C-31               1.00   0.10  0.00  0.00  0.11  0.79  0.00  0.00  0.60  0.00
  C_80-C-55               1.00   0.11  0.00  0.00  0.89  0.00  0.00  0.00  0.55  0.00
  C_81-C-34               1.00   0.11  0.00  0.00  0.13  0.77  0.00  0.00  0.25  0.00
  C_82-C-20               1.00   0.09  0.00  0.00  0.18  0.73  0.00  0.00  0.27  0.00
  C_83-C-104              1.00   0.10  0.00  0.00  0.38  0.52  0.00  0.00  0.00  0.00
  C_84-C-55               1.00   0.11  0.00  0.00  0.89  0.00  0.00  0.00  0.08  0.00
  C_85-C-49               1.00   0.11  0.00  0.00  0.12  0.77  0.00  0.00  0.04  0.00
  C_86-C-71               1.00   0.10  0.00  0.00  0.90  0.00  0.00  0.00  0.89  0.00
  C_87-C-31               1.00   0.10  0.00  0.00  0.02  0.88  0.00  0.00  0.16  0.00
  C_88-C-2                1.00   0.11  0.00  0.00  0.55  0.34  0.00  0.00  0.79  0.00
  C_89-C-102              1.00   0.12  0.00  0.00  0.29  0.59  0.00  0.00  0.34  0.00
  C_90-C-34               1.00   0.11  0.01  0.00  0.88  0.00  0.00  0.00  0.20  0.00
  C_91-C-104              1.00   0.10  0.00  0.00  0.05  0.85  0.00  0.00  0.05  0.00
  C_92-C-67               1.00   0.10  0.00  0.00  0.15  0.75  0.00  0.00  0.00  0.00
  C_93-C-105              1.00   0.10  0.53  0.00  0.37  0.00  0.00  0.00  0.00  0.00
  C_94-C-22               1.00   0.10  0.00  0.00  0.90  0.00  0.00  0.00  0.00  0.00
  C_95-C-20               1.00   0.09  0.00  0.00  0.06  0.84  0.00  0.00  0.77  0.00
  C_96-C-50               1.00   0.10  0.00  0.00  0.90  0.00  0.00  0.00  0.23  0.00
  C_97-C-55               1.00   0.11  0.00  0.00  0.03  0.86  0.00  0.00  0.04  0.00
  C_98-C-22               1.00   0.10  0.01  0.00  0.89  0.00  0.00  0.00  0.88  0.00
  C_99-C-51               1.00   0.10  0.00  0.00  0.90  0.00  0.00  0.00  0.90  0.00
  C_100-C-106             1.00   0.12  0.52  0.00  0.36  0.00  0.00  0.00  0.00  0.00
  C_101-C-52              1.00   0.10  0.01  0.00  0.89  0.00  0.00  0.00  0.56  0.00
  C_102-C-27              1.00   0.11  0.00  0.00  0.05  0.85  0.00  0.00  0.00  0.00
  C_103-C-43              1.00   0.10  0.02  0.00  0.88  0.00  0.00  0.00  0.51  0.00
  C_104-C-27              1.00   0.10  0.00  0.00  0.70  0.19  0.00  0.00  0.39  0.00
  C_105-C-103             1.00   0.09  0.00  0.00  0.59  0.31  0.00  0.00  0.00  0.00
  C_106-C-45              1.00   0.10  0.00  0.00  0.90  0.00  0.00  0.00  0.85  0.00
  C_107-C-2               1.00   0.10  0.00  0.00  0.37  0.53  0.00  0.00  0.01  0.00
  C_108-C-10              1.00   0.10  0.01  0.00  0.80  0.09  0.00  0.00  0.89  0.00
  C_109-C-60              1.00   0.09  0.00  0.00  0.11  0.80  0.00  0.00  0.09  0.00
  C_110-C-106             1.00   0.11  0.00  0.00  0.89  0.00  0.00  0.00  0.08  0.00
  C_111-C-21              1.00   0.11  0.02  0.00  0.88  0.00  0.00  0.00  0.51  0.00
  C_112-C-20              1.00   0.09  0.00  0.00  0.91  0.00  0.00  0.00  0.69  0.00
  C_113-C-120             1.00   0.09  0.91  0.00  0.00  0.00  0.00  0.00  0.00  0.00
  C_114-C-44              1.00   0.10  0.01  0.00  0.89  0.00  0.00  0.00  0.14  0.00
  C_115-C-75              1.00   0.10  0.00  0.00  0.90  0.00  0.00  0.00  0.74  0.00
  C_116-C-53              1.00   0.10  0.00  0.00  0.90  0.00  0.00  0.00  0.00  0.00
  C_117-C-44              1.00   0.10  0.00  0.00  0.90  0.00  0.00  0.00  0.88  0.00
  C_118-C-44              1.00   0.10  0.00  0.00  0.90  0.00  0.00  0.00  0.74  0.00
  C_119-C-27              1.00   0.10  0.00  0.00  0.90  0.00  0.00  0.00  0.88  0.00
  C_120-C-84              1.00   0.10  0.00  0.00  0.90  0.00  0.00  0.00  0.52  0.00
  C_121-C-44              1.00   0.09  0.00  0.00  0.28  0.63  0.00  0.00  0.00  0.00
  C_122-C-114             1.00   0.09  0.00  0.00  0.80  0.11  0.00  0.00  0.11  0.00
  C_123-C-106             1.00   0.09  0.01  0.00  0.90  0.00  0.00  0.00  0.34  0.00
  C_124-C-39              1.00   0.10  0.00  0.00  0.90  0.00  0.00  0.00  0.90  0.00
  C_125-C-54              1.00   0.10  0.00  0.00  0.89  0.00  0.00  0.00  0.73  0.00
  C_126-C-40              1.00   0.10  0.00  0.00  0.36  0.54  0.00  0.00  0.74  0.00
  C_127-C-44              1.00   0.09  0.00  0.00  0.44  0.46  0.00  0.00  0.73  0.00
  C_128-C-8               1.00   0.11  0.00  0.00  0.69  0.20  0.00  0.00  0.24  0.00
  C_129-C-0               1.00   0.11  0.00  0.00  0.88  0.01  0.00  0.00  0.00  0.00
  C_130-C-8               1.00   0.10  0.00  0.00  0.13  0.77  0.00  0.00  0.33  0.00
  C_131-C-9               1.00   0.09  0.01  0.00  0.89  0.00  0.00  0.00  0.89  0.00
  C_132-C-99              1.00   0.10  0.00  0.00  0.90  0.00  0.00  0.00  0.87  0.00
  C_133-C-28              1.00   0.10  0.00  0.00  0.90  0.00  0.00  0.00  0.00  0.00
  C_134-C-41              1.00   0.10  0.00  0.00  0.42  0.48  0.00  0.00  0.84  0.00
  C_135-C-92              1.00   0.09  0.00  0.00  0.90  0.00  0.00  0.00  0.89  0.00
  C_136-C-94              1.00   0.10  0.00  0.00  0.90  0.00  0.00  0.00  0.86  0.00
  C_137-C-94              1.00   0.11  0.00  0.00  0.89  0.00  0.00  0.00  0.26  0.00
  C_138-C-2               1.00   0.10  0.01  0.00  0.82  0.08  0.00  0.00  0.46  0.00
  C_139-C-65              1.00   0.10  0.00  0.00  0.56  0.34  0.00  0.00  0.35  0.00
  C_140-C-86              1.00   0.10  0.00  0.00  0.90  0.00  0.00  0.00  0.02  0.00
  C_141-C-2               1.00   0.10  0.40  0.00  0.50  0.00  0.00  0.00  0.00  0.00
  C_142-C-93              1.00   0.10  0.00  0.00  0.55  0.35  0.00  0.00  0.26  0.00
  C_143-C-108             1.00   0.10  0.00  0.00  0.52  0.38  0.00  0.00  0.17  0.00
  C_144-C-59              1.00   0.09  0.00  0.00  0.01  0.90  0.00  0.00  0.81  0.00
  C_145-C-28              1.00   0.11  0.00  0.00  0.72  0.16  0.00  0.00  0.03  0.00
  C_146-C-63              1.00   0.10  0.00  0.00  0.90  0.00  0.00  0.00  0.10  0.00
  C_147-C-90              1.00   0.10  0.00  0.00  0.29  0.61  0.00  0.00  0.69  0.00
  C_148-C-80              1.00   0.09  0.00  0.00  0.91  0.00  0.00  0.00  0.09  0.00
  C_149-C-87              1.00   0.09  0.00  0.00  0.91  0.00  0.00  0.00  0.02  0.00
  C_150-C-80              1.00   0.10  0.00  0.00  0.82  0.08  0.00  0.00  0.90  0.00
  C_151-C-79              1.00   0.10  0.01  0.00  0.89  0.00  0.00  0.00  0.42  0.00
  C_152-C-58              1.00   0.09  0.00  0.00  0.64  0.26  0.00  0.00  0.90  0.00
  C_153-C-63              1.00   0.10  0.01  0.00  0.89  0.00  0.00  0.00  0.24  0.00
  C_154-C-64              1.00   0.10  0.00  0.00  0.29  0.61  0.00  0.00  0.00  0.00
  C_155-C-112             1.00   0.10  0.00  0.00  0.68  0.22  0.00  0.00  0.00  0.00
  C_156-C-140             1.00   0.10  0.01  0.00  0.11  0.79  0.00  0.00  0.41  0.00
  C_157-C-91              1.00   0.10  0.00  0.00  0.03  0.87  0.00  0.00  0.46  0.00
  C_158-C-91              1.00   0.10  0.00  0.00  0.02  0.88  0.00  0.00  0.00  0.00
  C_159-C-68              1.00   0.09  0.00  0.00  0.91  0.00  0.00  0.00  0.05  0.00
  C_160-C-28              1.00   0.09  0.01  0.00  0.90  0.00  0.00  0.00  0.90  0.00
  C_161-C-7               1.00   0.12  0.00  0.00  0.88  0.00  0.00  0.00  0.26  0.00
  C_162-C-107             1.00   0.11  0.01  0.00  0.88  0.00  0.00  0.00  0.26  0.00
  C_163-C-1               1.00   0.09  0.02  0.00  0.89  0.00  0.00  0.00  0.52  0.00
  C_164-C-69              1.00   0.09  0.00  0.00  0.91  0.00  0.00  0.00  0.27  0.00
  C_165-C-81              1.00   0.09  0.01  0.00  0.90  0.00  0.00  0.00  0.24  0.00
  C_166-C-7               1.00   0.09  0.00  0.00  0.91  0.00  0.00  0.00  0.90  0.00
  C_167-C-112             1.00   0.09  0.00  0.00  0.82  0.09  0.00  0.00  0.00  0.00
  C_168-C-34              1.00   0.11  0.00  0.00  0.72  0.17  0.00  0.00  0.30  0.00
  C_169-C-29              1.00   0.11  0.00  0.00  0.34  0.55  0.00  0.00  0.26  0.00
  C_170-C-73              1.00   0.11  0.01  0.00  0.89  0.00  0.00  0.00  0.43  0.00
  C_171-C-29              1.00   0.10  0.01  0.00  0.63  0.26  0.00  0.00  0.88  0.00
  C_172-C-38              1.00   0.10  0.00  0.00  0.90  0.00  0.00  0.00  0.40  0.00
  C_173-C-57              1.00   0.09  0.01  0.00  0.90  0.00  0.00  0.00  0.70  0.00
  C_174-C-78              1.00   0.10  0.00  0.00  0.30  0.60  0.00  0.00  0.90  0.00
  C_175-C-126             1.00   0.10  0.00  0.00  0.11  0.79  0.00  0.00  0.05  0.00
  C_176-C-109             1.00   0.09  0.00  0.00  0.46  0.44  0.00  0.00  0.00  0.00
  C_177-C-110             1.00   0.10  0.00  0.00  0.05  0.85  0.00  0.00  0.00  0.00
  C_178-C-116             1.00   0.09  0.00  0.00  0.91  0.00  0.00  0.00  0.55  0.00
  C_179-C-115             1.00   0.09  0.00  0.00  0.91  0.00  0.00  0.00  0.90  0.00
  C_180-C-85              1.00   0.09  0.00  0.00  0.07  0.83  0.00  0.00  0.85  0.00
  C_181-C-96              1.00   0.09  0.00  0.00  0.60  0.31  0.00  0.00  0.61  0.00
  C_182-C-95              1.00   0.10  0.00  0.00  0.83  0.07  0.00  0.00  0.02  0.00
  C_183-C-132             1.00   0.10  0.00  0.00  0.76  0.14  0.00  0.00  0.51  0.00
  C_184-C-48              1.00   0.10  0.00  0.00  0.21  0.69  0.00  0.00  0.07  0.00
  C_185-C-131             1.00   0.10  0.00  0.00  0.90  0.00  0.00  0.00  0.87  0.00
  C_186-C-130             1.00   0.10  0.00  0.00  0.55  0.36  0.00  0.00  0.79  0.00
  C_187-C-135             1.00   0.10  0.00  0.00  0.90  0.00  0.00  0.00  0.06  0.00
  C_188-C-28              1.00   0.11  0.00  0.00  0.89  0.00  0.00  0.00  0.33  0.00
  C_189-C-28              1.00   0.10  0.00  0.00  0.39  0.51  0.00  0.00  0.37  0.00
  C_190-C-136             1.00   0.09  0.00  0.00  0.91  0.00  0.00  0.00  0.00  0.00
  C_191-C-69              1.00   0.09  0.57  0.00  0.33  0.00  0.00  0.00  0.00  0.00
  C_192-C-137             1.00   0.10  0.00  0.00  0.90  0.00  0.00  0.00  0.47  0.00
  C_193-C-55              1.00   0.12  0.00  0.00  0.84  0.04  0.00  0.00  0.01  0.00
  C_194-C-142             1.00   0.13  0.00  0.00  0.87  0.00  0.00  0.00  0.27  0.00
  C_195-C-24              1.00   0.10  0.03  0.00  0.87  0.00  0.00  0.00  0.42  0.00
  C_196-C-3               1.00   0.11  0.60  0.00  0.30  0.00  0.00  0.00  0.00  0.00
  C_197-C-3               1.00   0.10  0.00  0.00  0.89  0.00  0.00  0.00  0.89  0.00
  C_198-C-3               1.00   0.10  0.00  0.00  0.28  0.62  0.00  0.00  0.40  0.00
  C_199-C-3               1.00   0.10  0.00  0.00  0.38  0.52  0.00  0.00  0.67  0.00
  C_200-C-3               1.00   0.11  0.00  0.00  0.51  0.38  0.00  0.00  0.63  0.00
  C_201-C-3               1.00   0.11  0.00  0.00  0.58  0.32  0.00  0.00  0.49  0.00
  C_202-C-3               1.00   0.11  0.00  0.00  0.62  0.27  0.00  0.00  0.02  0.00
  C_203-C-3               1.00   0.11  0.00  0.00  0.68  0.21  0.00  0.00  0.24  0.00
  C_204-C-3               1.00   0.11  0.00  0.00  0.76  0.13  0.00  0.00  0.06  0.00
  C_205-C-3               1.00   0.11  0.00  0.00  0.89  0.00  0.00  0.00  0.31  0.00
  C_206-C-3               1.00   0.11  0.00  0.00  0.89  0.00  0.00  0.00  0.25  0.00
  C_207-C-3               1.00   0.11  0.00  0.00  0.89  0.00  0.00  0.00  0.15  0.00
  C_208-C-3               1.00   0.11  0.00  0.00  0.89  0.00  0.00  0.00  0.29  0.00
  C_209-C-3               1.00   0.11  0.00  0.00  0.89  0.00  0.00  0.00  0.29  0.00
  C_210-C-3               1.00   0.11  0.00  0.00  0.89  0.00  0.00  0.00  0.35  0.00
  C_211-C-3               1.00   0.11  0.00  0.00  0.89  0.00  0.00  0.00  0.26  0.00
  C_212-C-3               1.00   0.11  0.00  0.00  0.89  0.00  0.00  0.00  0.38  0.00
  C_213-C-3               1.00   0.11  0.00  0.00  0.89  0.00  0.00  0.00  0.28  0.00
  C_214-C-3               1.00   0.11  0.00  0.00  0.89  0.00  0.00  0.00  0.23  0.00
  C_215-C-3               1.00   0.11  0.00  0.00  0.89  0.00  0.00  0.00  0.42  0.00
  C_216-C-3               1.00   0.11  0.00  0.00  0.85  0.04  0.00  0.00  0.00  0.00
  C_217-C-3               1.00   0.11  0.00  0.00  0.89  0.00  0.00  0.00  0.29  0.00
  C_218-C-3               1.00   0.11  0.00  0.00  0.89  0.00  0.00  0.00  0.34  0.00
  C_219-C-3               1.00   0.11  0.00  0.00  0.89  0.00  0.00  0.00  0.36  0.00
  C_220-C-3               1.00   0.11  0.00  0.00  0.89  0.00  0.00  0.00  0.23  0.00
  C_221-C-3               1.00   0.11  0.00  0.00  0.89  0.00  0.00  0.00  0.24  0.00
  C_222-C-3               1.00   0.11  0.00  0.00  0.89  0.00  0.00  0.00  0.25  0.00
  C_223-C-3               1.00   0.11  0.00  0.00  0.89  0.00  0.00  0.00  0.30  0.00
  C_224-C-3               1.00   0.11  0.00  0.00  0.89  0.00  0.00  0.00  0.13  0.00
  C_225-C-3               1.00   0.11  0.00  0.00  0.89  0.00  0.00  0.00  0.01  0.00
  C_226-C-3               1.00   0.11  0.00  0.00  0.89  0.00  0.00  0.00  0.07  0.00
  C_227-C-3               1.00   0.11  0.00  0.00  0.89  0.00  0.00  0.00  0.29  0.00
  C_228-C-3               1.00   0.11  0.00  0.00  0.89  0.00  0.00  0.00  0.21  0.00
  C_229-C-3               1.00   0.11  0.00  0.00  0.89  0.00  0.00  0.00  0.22  0.00
  C_230-C-3               1.00   0.11  0.00  0.00  0.89  0.00  0.00  0.00  0.24  0.00
  C_231-C-3               1.00   0.11  0.00  0.00  0.89  0.00  0.00  0.00  0.01  0.00
  C_232-C-3               1.00   0.11  0.00  0.00  0.89  0.00  0.00  0.00  0.27  0.00
  C_233-C-3               1.00   0.11  0.00  0.00  0.89  0.00  0.00  0.00  0.27  0.00
  C_234-C-3               1.00   0.11  0.00  0.00  0.89  0.00  0.00  0.00  0.24  0.00
  C_235-C-3               1.00   0.11  0.00  0.00  0.89  0.00  0.00  0.00  0.38  0.00
  C_236-C-3               1.00   0.11  0.00  0.00  0.89  0.00  0.00  0.00  0.30  0.00
  C_237-C-3               1.00   0.11  0.00  0.00  0.89  0.00  0.00  0.00  0.33  0.00
  C_238-C-3               1.00   0.11  0.00  0.00  0.89  0.00  0.00  0.00  0.31  0.00
  C_239-C-3               1.00   0.11  0.00  0.00  0.89  0.00  0.00  0.00  0.25  0.00
  C_240-C-3               1.00   0.11  0.00  0.00  0.89  0.00  0.00  0.00  0.01  0.00
  C_241-C-3               1.00   0.11  0.00  0.00  0.89  0.00  0.00  0.00  0.34  0.00
  C_242-C-3               1.00   0.11  0.00  0.00  0.89  0.00  0.00  0.00  0.33  0.00
  C_243-C-3               1.00   0.10  0.00  0.00  0.90  0.00  0.00  0.00  0.02  0.00
  C_244-C-3               1.00   0.10  0.00  0.00  0.90  0.00  0.00  0.00  0.01  0.00
  C_245-C-3               1.00   0.10  0.00  0.00  0.90  0.00  0.00  0.00  0.01  0.00
  C_246-C-3               1.00   0.11  0.00  0.00  0.89  0.00  0.00  0.00  0.21  0.00
  C_247-C-3               1.00   0.11  0.00  0.00  0.89  0.00  0.00  0.00  0.29  0.00
  C_248-C-3               1.00   0.11  0.00  0.00  0.89  0.00  0.00  0.00  0.32  0.00
  C_249-C-3               1.00   0.11  0.00  0.00  0.89  0.00  0.00  0.00  0.20  0.00
  C_250-C-3               1.00   0.11  0.00  0.00  0.89  0.00  0.00  0.00  0.31  0.00
  C_251-C-3               1.00   0.11  0.00  0.00  0.89  0.00  0.00  0.00  0.15  0.00
  C_252-C-3               1.00   0.11  0.00  0.00  0.89  0.00  0.00  0.00  0.23  0.00
  C_253-C-3               1.00   0.10  0.00  0.00  0.90  0.00  0.00  0.00  0.15  0.00
  C_254-C-3               1.00   0.10  0.00  0.00  0.90  0.00  0.00  0.00  0.00  0.00
  C_255-C-3               1.00   0.10  0.00  0.00  0.89  0.00  0.00  0.00  0.30  0.00
  C_256-C-3               1.00   0.11  0.00  0.00  0.89  0.00  0.00  0.00  0.00  0.00
  C_257-C-3               1.00   0.11  0.00  0.00  0.86  0.03  0.00  0.00  0.12  0.00
  C_258-C-3               1.00   0.10  0.00  0.00  0.68  0.22  0.00  0.00  0.00  0.00
  C_259-C-3               1.00   0.10  0.00  0.00  0.58  0.31  0.00  0.00  0.18  0.00
  C_260-C-3               1.00   0.10  0.00  0.00  0.51  0.39  0.00  0.00  0.13  0.00
  C_261-C-3               1.00   0.10  0.00  0.00  0.47  0.43  0.00  0.00  0.90  0.00
  C_262-C-3               1.00   0.10  0.00  0.00  0.22  0.67  0.00  0.00  0.89  0.00
  C_263-C-3               1.00   0.10  0.01  0.00  0.87  0.03  0.00  0.00  0.89  0.00
  C_264-C-83              1.00   0.10  0.00  0.00  0.90  0.00  0.00  0.00  0.22  0.00
  C_265-C-12              1.00   0.11  0.00  0.00  0.89  0.00  0.00  0.00  0.21  0.00
  C_266-C-12              1.00   0.10  0.00  0.00  0.56  0.34  0.00  0.00  0.88  0.00
  C_267-C-12              1.00   0.10  0.00  0.00  0.02  0.88  0.00  0.00  0.88  0.00
  C_268-C-12              1.00   0.10  0.00  0.00  0.02  0.88  0.00  0.00  0.88  0.00
  C_269-C-12              1.00   0.11  0.00  0.00  0.02  0.88  0.00  0.00  0.88  0.00
  C_270-C-12              1.00   0.11  0.00  0.00  0.50  0.39  0.00  0.00  0.88  0.00
  C_271-C-12              1.00   0.11  0.00  0.00  0.63  0.27  0.00  0.00  0.35  0.00
  C_272-C-12              1.00   0.11  0.00  0.00  0.89  0.00  0.00  0.00  0.33  0.00
  C_273-C-12              1.00   0.11  0.00  0.00  0.89  0.00  0.00  0.00  0.23  0.00
  C_274-C-12              1.00   0.11  0.00  0.00  0.89  0.00  0.00  0.00  0.27  0.00
  C_275-C-12              1.00   0.11  0.00  0.00  0.89  0.00  0.00  0.00  0.06  0.00
  C_276-C-12              1.00   0.10  0.00  0.00  0.81  0.08  0.00  0.00  0.08  0.00
  C_277-C-12              1.00   0.10  0.00  0.00  0.77  0.12  0.00  0.00  0.27  0.00
  C_278-C-12              1.00   0.10  0.00  0.00  0.88  0.02  0.00  0.00  0.21  0.00
  C_279-C-12              1.00   0.10  0.00  0.00  0.89  0.00  0.00  0.00  0.33  0.00
  C_280-C-12              1.00   0.11  0.00  0.00  0.61  0.28  0.00  0.00  0.32  0.00
  C_281-C-12              1.00   0.11  0.00  0.00  0.67  0.22  0.00  0.00  0.26  0.00
  C_282-C-12              1.00   0.11  0.00  0.00  0.67  0.22  0.00  0.00  0.23  0.00
  C_283-C-12              1.00   0.11  0.00  0.00  0.31  0.59  0.00  0.00  0.00  0.00
  C_284-C-12              1.00   0.11  0.00  0.00  0.23  0.66  0.00  0.00  0.19  0.00
  C_285-C-12              1.00   0.10  0.00  0.00  0.29  0.61  0.00  0.00  0.07  0.00
  C_286-C-12              1.00   0.10  0.00  0.00  0.31  0.59  0.00  0.00  0.30  0.00
  C_287-C-12              1.00   0.10  0.00  0.00  0.27  0.63  0.00  0.00  0.30  0.00
  C_288-C-12              1.00   0.10  0.00  0.00  0.26  0.64  0.00  0.00  0.28  0.00
  C_289-C-12              1.00   0.10  0.00  0.00  0.51  0.39  0.00  0.00  0.02  0.00
  C_290-C-12              1.00   0.10  0.00  0.00  0.90  0.00  0.00  0.00  0.14  0.00
  C_291-C-12              1.00   0.10  0.00  0.00  0.90  0.00  0.00  0.00  0.03  0.00
  C_292-C-12              1.00   0.10  0.00  0.00  0.90  0.00  0.00  0.00  0.19  0.00
  C_293-C-12              1.00   0.10  0.00  0.00  0.18  0.71  0.00  0.00  0.26  0.00
  C_294-C-12              1.00   0.10  0.00  0.00  0.20  0.70  0.00  0.00  0.00  0.00
  C_295-C-12              1.00   0.10  0.00  0.00  0.25  0.65  0.00  0.00  0.44  0.00
  C_296-C-12              1.00   0.10  0.00  0.00  0.28  0.62  0.00  0.00  0.00  0.00
  C_297-C-12              1.00   0.10  0.00  0.00  0.47  0.43  0.00  0.00  0.00  0.00
  C_298-C-12              1.00   0.10  0.00  0.00  0.90  0.00  0.00  0.00  0.26  0.00
  C_299-C-12              1.00   0.10  0.00  0.00  0.90  0.00  0.00  0.00  0.03  0.00
  C_300-C-12              1.00   0.10  0.00  0.00  0.90  0.00  0.00  0.00  0.00  0.00
  C_301-C-12              1.00   0.10  0.00  0.00  0.90  0.00  0.00  0.00  0.00  0.00
  C_302-C-12              1.00   0.10  0.00  0.00  0.90  0.00  0.00  0.00  0.01  0.00
  C_303-C-12              1.00   0.10  0.00  0.00  0.90  0.00  0.00  0.00  0.27  0.00
  C_304-C-12              1.00   0.09  0.00  0.00  0.91  0.00  0.00  0.00  0.00  0.00
  C_305-C-113             1.00   0.11  0.00  0.00  0.89  0.00  0.00  0.00  0.42  0.00
  C_306-C-113             1.00   0.11  0.53  0.00  0.36  0.00  0.00  0.00  0.00  0.00
  C_307-C-113             1.00   0.11  0.00  0.00  0.68  0.20  0.00  0.00  0.46  0.00
  C_308-C-113             1.00   0.11  0.00  0.00  0.65  0.24  0.00  0.00  0.09  0.00
  C_309-C-113             1.00   0.11  0.00  0.00  0.70  0.19  0.00  0.00  0.35  0.00
  C_310-C-113             1.00   0.11  0.00  0.00  0.86  0.03  0.00  0.00  0.34  0.00
  C_311-C-113             1.00   0.11  0.00  0.00  0.89  0.00  0.00  0.00  0.31  0.00
  C_312-C-113             1.00   0.11  0.00  0.00  0.89  0.00  0.00  0.00  0.10  0.00
  C_313-C-113             1.00   0.11  0.00  0.00  0.89  0.00  0.00  0.00  0.01  0.00
  C_314-C-113             1.00   0.11  0.00  0.00  0.89  0.00  0.00  0.00  0.32  0.00
  C_315-C-113             1.00   0.11  0.00  0.00  0.89  0.00  0.00  0.00  0.03  0.00
  C_316-C-113             1.00   0.11  0.00  0.00  0.89  0.00  0.00  0.00  0.13  0.00
  C_317-C-113             1.00   0.11  0.00  0.00  0.89  0.00  0.00  0.00  0.26  0.00
  C_318-C-113             1.00   0.11  0.00  0.00  0.89  0.00  0.00  0.00  0.37  0.00
  C_319-C-113             1.00   0.11  0.00  0.00  0.89  0.00  0.00  0.00  0.21  0.00
  C_320-C-113             1.00   0.11  0.00  0.00  0.89  0.00  0.00  0.00  0.38  0.00
  C_321-C-113             1.00   0.11  0.00  0.00  0.89  0.00  0.00  0.00  0.01  0.00
  C_322-C-113             1.00   0.11  0.00  0.00  0.89  0.00  0.00  0.00  0.18  0.00
  C_323-C-113             1.00   0.11  0.00  0.00  0.89  0.00  0.00  0.00  0.26  0.00
  C_324-C-113             1.00   0.11  0.00  0.00  0.89  0.00  0.00  0.00  0.21  0.00
  C_325-C-113             1.00   0.11  0.00  0.00  0.89  0.00  0.00  0.00  0.22  0.00
  C_326-C-113             1.00   0.11  0.00  0.00  0.89  0.00  0.00  0.00  0.18  0.00
  C_327-C-113             1.00   0.11  0.00  0.00  0.89  0.00  0.00  0.00  0.24  0.00
  C_328-C-113             1.00   0.11  0.00  0.00  0.89  0.00  0.00  0.00  0.26  0.00
  C_329-C-113             1.00   0.11  0.00  0.00  0.89  0.00  0.00  0.00  0.00  0.00
  C_330-C-113             1.00   0.11  0.00  0.00  0.89  0.00  0.00  0.00  0.27  0.00
  C_331-C-113             1.00   0.11  0.00  0.00  0.89  0.00  0.00  0.00  0.24  0.00
  C_332-C-113             1.00   0.11  0.00  0.00  0.89  0.00  0.00  0.00  0.00  0.00
  C_333-C-113             1.00   0.11  0.00  0.00  0.89  0.00  0.00  0.00  0.33  0.00
  C_334-C-113             1.00   0.11  0.00  0.00  0.89  0.00  0.00  0.00  0.29  0.00
  C_335-C-113             1.00   0.11  0.00  0.00  0.89  0.00  0.00  0.00  0.07  0.00
  C_336-C-113             1.00   0.11  0.00  0.00  0.89  0.00  0.00  0.00  0.14  0.00
  C_337-C-113             1.00   0.10  0.00  0.00  0.89  0.00  0.00  0.00  0.29  0.00
  C_338-C-113             1.00   0.10  0.00  0.00  0.90  0.00  0.00  0.00  0.32  0.00
  C_339-C-113             1.00   0.10  0.00  0.00  0.90  0.00  0.00  0.00  0.16  0.00
  C_340-C-113             1.00   0.11  0.00  0.00  0.89  0.00  0.00  0.00  0.23  0.00
  C_341-C-113             1.00   0.11  0.00  0.00  0.89  0.00  0.00  0.00  0.30  0.00
  C_342-C-113             1.00   0.10  0.00  0.00  0.90  0.00  0.00  0.00  0.00  0.00
  C_343-C-113             1.00   0.10  0.00  0.00  0.90  0.00  0.00  0.00  0.19  0.00
  C_344-C-113             1.00   0.10  0.00  0.00  0.89  0.00  0.00  0.00  0.20  0.00
  C_345-C-113             1.00   0.11  0.00  0.00  0.89  0.00  0.00  0.00  0.00  0.00
  C_346-C-113             1.00   0.10  0.00  0.00  0.90  0.00  0.00  0.00  0.00  0.00
  C_347-C-113             1.00   0.09  0.00  0.00  0.91  0.00  0.00  0.00  0.00  0.00
  C_348-C-113             1.00   0.09  0.00  0.00  0.90  0.00  0.00  0.00  0.34  0.00
  C_349-C-113             1.00   0.10  0.00  0.00  0.90  0.00  0.00  0.00  0.11  0.00
  C_350-C-113             1.00   0.10  0.00  0.00  0.90  0.00  0.00  0.00  0.29  0.00
  C_351-C-113             1.00   0.10  0.00  0.00  0.90  0.00  0.00  0.00  0.04  0.00
  C_352-C-113             1.00   0.10  0.00  0.00  0.90  0.00  0.00  0.00  0.24  0.00
  C_353-C-113             1.00   0.10  0.00  0.00  0.90  0.00  0.00  0.00  0.30  0.00
  C_354-C-113             1.00   0.10  0.00  0.00  0.90  0.00  0.00  0.00  0.19  0.00
  C_355-C-113             1.00   0.10  0.00  0.00  0.90  0.00  0.00  0.00  0.05  0.00
  C_356-C-113             1.00   0.10  0.00  0.00  0.90  0.00  0.00  0.00  0.22  0.00
  C_357-C-113             1.00   0.10  0.00  0.00  0.90  0.00  0.00  0.00  0.23  0.00
  C_358-C-113             1.00   0.10  0.00  0.00  0.90  0.00  0.00  0.00  0.29  0.00
  C_359-C-113             1.00   0.10  0.00  0.00  0.90  0.00  0.00  0.00  0.26  0.00
  C_360-C-113             1.00   0.10  0.00  0.00  0.90  0.00  0.00  0.00  0.18  0.00
  C_361-C-113             1.00   0.10  0.00  0.00  0.90  0.00  0.00  0.00  0.25  0.00
  C_362-C-113             1.00   0.10  0.00  0.00  0.90  0.00  0.00  0.00  0.22  0.00
  C_363-C-113             1.00   0.10  0.00  0.00  0.90  0.00  0.00  0.00  0.07  0.00
  C_364-C-113             1.00   0.10  0.00  0.00  0.90  0.00  0.00  0.00  0.04  0.00
  C_365-C-113             1.00   0.10  0.00  0.00  0.90  0.00  0.00  0.00  0.25  0.00
  C_366-C-113             1.00   0.10  0.00  0.00  0.90  0.00  0.00  0.00  0.19  0.00
  C_367-C-113             1.00   0.10  0.00  0.00  0.90  0.00  0.00  0.00  0.19  0.00
  C_368-C-113             1.00   0.10  0.00  0.00  0.90  0.00  0.00  0.00  0.14  0.00
  C_369-C-113             1.00   0.10  0.00  0.00  0.90  0.00  0.00  0.00  0.24  0.00
  C_370-C-113             1.00   0.10  0.00  0.00  0.90  0.00  0.00  0.00  0.22  0.00
  C_371-C-113             1.00   0.10  0.00  0.00  0.90  0.00  0.00  0.00  0.31  0.00
  C_372-C-113             1.00   0.10  0.00  0.00  0.90  0.00  0.00  0.00  0.36  0.00
  C_373-C-113             1.00   0.10  0.00  0.00  0.90  0.00  0.00  0.00  0.20  0.00
  C_374-C-113             1.00   0.10  0.00  0.00  0.90  0.00  0.00  0.00  0.19  0.00
  C_375-C-113             1.00   0.10  0.00  0.00  0.90  0.00  0.00  0.00  0.24  0.00
  C_376-C-113             1.00   0.10  0.00  0.00  0.90  0.00  0.00  0.00  0.15  0.00
  C_377-C-113             1.00   0.10  0.00  0.00  0.90  0.00  0.00  0.00  0.31  0.00
  C_378-C-113             1.00   0.10  0.00  0.00  0.90  0.00  0.00  0.00  0.00  0.00
  C_379-C-113             1.00   0.10  0.00  0.00  0.90  0.00  0.00  0.00  0.00  0.00
  C_380-C-113             1.00   0.10  0.00  0.00  0.90  0.00  0.00  0.00  0.28  0.00
  C_381-C-113             1.00   0.10  0.00  0.00  0.90  0.00  0.00  0.00  0.07  0.00
  C_382-C-113             1.00   0.10  0.00  0.00  0.90  0.00  0.00  0.00  0.26  0.00
  C_383-C-113             1.00   0.10  0.00  0.00  0.79  0.10  0.00  0.00  0.47  0.00
  C_384-C-113             1.00   0.10  0.00  0.00  0.87  0.03  0.00  0.00  0.86  0.00
  C_385-C-142             1.00   0.11  0.00  0.00  0.89  0.00  0.00  0.00  0.49  0.00
  C_386-C-142             1.00   0.11  0.00  0.00  0.89  0.00  0.00  0.00  0.30  0.00
  C_387-C-142             1.00   0.10  0.00  0.00  0.90  0.00  0.00  0.00  0.00  0.00
  C_388-C-142             1.00   0.10  0.00  0.00  0.90  0.00  0.00  0.00  0.23  0.00
  C_389-C-142             1.00   0.10  0.00  0.00  0.90  0.00  0.00  0.00  0.25  0.00
  C_390-C-142             1.00   0.11  0.00  0.00  0.89  0.00  0.00  0.00  0.30  0.00
  C_391-C-142             1.00   0.11  0.00  0.00  0.89  0.00  0.00  0.00  0.39  0.00
  C_392-C-142             1.00   0.11  0.00  0.00  0.89  0.00  0.00  0.00  0.35  0.00
  C_393-C-142             1.00   0.11  0.00  0.00  0.89  0.00  0.00  0.00  0.38  0.00
  C_394-C-142             1.00   0.10  0.01  0.00  0.89  0.00  0.00  0.00  0.21  0.00
  C_395-C-142             1.00   0.10  0.00  0.00  0.90  0.00  0.00  0.00  0.00  0.00
  C_396-C-142             1.00   0.11  0.00  0.00  0.89  0.01  0.00  0.00  0.00  0.00
  C_397-C-142             1.00   0.11  0.00  0.00  0.89  0.00  0.00  0.00  0.33  0.00
  C_398-C-142             1.00   0.11  0.00  0.00  0.89  0.00  0.00  0.00  0.31  0.00
  C_399-C-142             1.00   0.11  0.00  0.00  0.89  0.00  0.00  0.00  0.21  0.00
  C_400-C-142             1.00   0.11  0.00  0.00  0.89  0.00  0.00  0.00  0.24  0.00
  C_401-C-142             1.00   0.11  0.00  0.00  0.89  0.00  0.00  0.00  0.22  0.00
  C_402-C-142             1.00   0.11  0.00  0.00  0.89  0.00  0.00  0.00  0.33  0.00
  C_403-C-142             1.00   0.11  0.00  0.00  0.89  0.00  0.00  0.00  0.29  0.00
  C_404-C-142             1.00   0.11  0.00  0.00  0.89  0.00  0.00  0.00  0.32  0.00
  C_405-C-142             1.00   0.11  0.00  0.00  0.89  0.00  0.00  0.00  0.34  0.00
  C_406-C-142             1.00   0.12  0.00  0.00  0.88  0.00  0.00  0.00  0.24  0.00
  C_407-C-142             1.00   0.12  0.00  0.00  0.88  0.00  0.00  0.00  0.00  0.00
  C_408-C-142             1.00   0.12  0.00  0.00  0.88  0.00  0.00  0.00  0.11  0.00
  C_409-C-55              1.00   0.11  0.00  0.00  0.89  0.00  0.00  0.00  0.01  0.00
  C_410-C-55              1.00   0.11  0.00  0.00  0.89  0.00  0.00  0.00  0.27  0.00
  C_411-C-55              1.00   0.11  0.00  0.00  0.89  0.00  0.00  0.00  0.30  0.00
  C_412-C-55              1.00   0.11  0.00  0.00  0.89  0.00  0.00  0.00  0.53  0.00
  C_413-C-55              1.00   0.10  0.00  0.00  0.90  0.00  0.00  0.00  0.00  0.00
  C_414-C-55              1.00   0.10  0.00  0.00  0.90  0.00  0.00  0.00  0.11  0.00
  C_415-C-55              1.00   0.11  0.00  0.00  0.89  0.00  0.00  0.00  0.39  0.00
  C_416-C-55              1.00   0.11  0.00  0.00  0.89  0.00  0.00  0.00  0.35  0.00
  C_417-C-55              1.00   0.11  0.00  0.00  0.78  0.11  0.00  0.00  0.18  0.00
  C_418-C-55              1.00   0.11  0.00  0.00  0.89  0.00  0.00  0.00  0.37  0.00
  C_419-C-55              1.00   0.11  0.01  0.00  0.89  0.00  0.00  0.00  0.20  0.00
  C_420-C-55              1.00   0.11  0.00  0.00  0.89  0.00  0.00  0.00  0.39  0.00
  C_421-C-55              1.00   0.11  0.00  0.00  0.89  0.00  0.00  0.00  0.30  0.00
  C_422-C-55              1.00   0.11  0.00  0.00  0.89  0.00  0.00  0.00  0.24  0.00
  C_423-C-55              1.00   0.11  0.01  0.00  0.89  0.00  0.00  0.00  0.59  0.00
  C_424-C-55              1.00   0.11  0.00  0.00  0.89  0.00  0.00  0.00  0.47  0.00
  C_425-C-55              1.00   0.11  0.00  0.00  0.89  0.00  0.00  0.00  0.01  0.00
  C_426-C-55              1.00   0.11  0.00  0.00  0.89  0.00  0.00  0.00  0.16  0.00
  C_427-C-55              1.00   0.11  0.00  0.00  0.89  0.00  0.00  0.00  0.34  0.00
  C_428-C-55              1.00   0.11  0.00  0.00  0.89  0.00  0.00  0.00  0.28  0.00
  C_429-C-55              1.00   0.11  0.00  0.00  0.89  0.00  0.00  0.00  0.00  0.00
  C_430-C-55              1.00   0.11  0.00  0.00  0.48  0.41  0.00  0.00  0.01  0.00
  C_431-C-55              1.00   0.11  0.00  0.00  0.89  0.00  0.00  0.00  0.82  0.00
  C_432-C-55              1.00   0.11  0.00  0.00  0.89  0.00  0.00  0.00  0.69  0.00
  C_433-C-55              1.00   0.11  0.00  0.00  0.89  0.00  0.00  0.00  0.54  0.00
  C_434-C-55              1.00   0.11  0.00  0.00  0.89  0.00  0.00  0.00  0.00  0.00
  C_435-C-55              1.00   0.11  0.00  0.00  0.89  0.00  0.00  0.00  0.25  0.00
  C_436-C-55              1.00   0.11  0.00  0.00  0.89  0.00  0.00  0.00  0.40  0.00
  C_437-C-55              1.00   0.11  0.00  0.00  0.89  0.00  0.00  0.00  0.00  0.00
  C_438-C-55              1.00   0.11  0.00  0.00  0.89  0.00  0.00  0.00  0.23  0.00
  C_439-C-55              1.00   0.11  0.00  0.00  0.89  0.00  0.00  0.00  0.33  0.00
  C_440-C-106             1.00   0.11  0.01  0.00  0.88  0.00  0.00  0.00  0.51  0.00
  C_441-C-106             1.00   0.11  0.00  0.00  0.89  0.00  0.00  0.00  0.07  0.00
  C_442-C-106             1.00   0.11  0.00  0.00  0.89  0.00  0.00  0.00  0.01  0.00
  C_443-C-106             1.00   0.11  0.00  0.00  0.89  0.00  0.00  0.00  0.31  0.00
  C_444-C-106             1.00   0.11  0.00  0.00  0.89  0.00  0.00  0.00  0.47  0.00
  C_445-C-106             1.00   0.11  0.00  0.00  0.89  0.00  0.00  0.00  0.30  0.00
  C_446-C-106             1.00   0.10  0.00  0.00  0.89  0.00  0.00  0.00  0.29  0.00
  C_447-C-106             1.00   0.10  0.00  0.00  0.90  0.00  0.00  0.00  0.00  0.00
  C_448-C-114             1.00   0.10  0.00  0.00  0.90  0.00  0.00  0.00  0.10  0.00
  C_449-C-114             1.00   0.10  0.00  0.00  0.90  0.00  0.00  0.00  0.13  0.00
  C_450-C-114             1.00   0.10  0.00  0.00  0.90  0.00  0.00  0.00  0.33  0.00
  C_451-C-114             1.00   0.10  0.00  0.00  0.88  0.02  0.00  0.00  0.30  0.00
  C_452-C-114             1.00   0.10  0.00  0.00  0.74  0.16  0.00  0.00  0.89  0.00
  C_453-C-114             1.00   0.10  0.00  0.00  0.35  0.55  0.00  0.00  0.88  0.00
  C_454-C-114             1.00   0.10  0.00  0.00  0.47  0.42  0.00  0.00  0.87  0.00
  C_455-C-114             1.00   0.10  0.00  0.00  0.42  0.48  0.00  0.00  0.44  0.00
  C_456-C-114             1.00   0.11  0.00  0.00  0.45  0.44  0.00  0.00  0.65  0.00
  C_457-C-8               1.00   0.11  0.00  0.00  0.89  0.00  0.00  0.00  0.32  0.00
  C_458-C-8               1.00   0.11  0.00  0.00  0.89  0.00  0.00  0.00  0.20  0.00
  C_459-C-8               1.00   0.10  0.00  0.00  0.16  0.74  0.00  0.00  0.85  0.00
  C_460-C-8               1.00   0.10  0.00  0.00  0.26  0.64  0.00  0.00  0.70  0.00
  C_461-C-8               1.00   0.10  0.00  0.00  0.90  0.00  0.00  0.00  0.53  0.00
  C_462-C-8               1.00   0.10  0.00  0.00  0.90  0.00  0.00  0.00  0.00  0.00
  C_463-C-8               1.00   0.11  0.00  0.00  0.89  0.00  0.00  0.00  0.75  0.00
  C_464-C-8               1.00   0.11  0.00  0.00  0.89  0.00  0.00  0.00  0.10  0.00
  C_465-C-8               1.00   0.11  0.00  0.00  0.89  0.00  0.00  0.00  0.25  0.00
  C_466-C-28              1.00   0.11  0.00  0.00  0.52  0.37  0.00  0.00  0.23  0.00
  C_467-C-28              1.00   0.11  0.00  0.00  0.61  0.28  0.00  0.00  0.49  0.00
  C_468-C-28              1.00   0.11  0.00  0.00  0.67  0.21  0.00  0.00  0.02  0.00
  C_469-C-28              1.00   0.11  0.00  0.00  0.68  0.20  0.00  0.00  0.23  0.00
  C_470-C-28              1.00   0.11  0.00  0.00  0.74  0.15  0.00  0.00  0.29  0.00
  C_471-C-28              1.00   0.11  0.00  0.00  0.74  0.15  0.00  0.00  0.06  0.00
  C_472-C-28              1.00   0.11  0.00  0.00  0.89  0.00  0.00  0.00  0.41  0.00
  C_473-C-28              1.00   0.11  0.00  0.00  0.89  0.00  0.00  0.00  0.26  0.00
  C_474-C-28              1.00   0.11  0.00  0.00  0.89  0.00  0.00  0.00  0.34  0.00
  C_475-C-28              1.00   0.11  0.00  0.00  0.89  0.00  0.00  0.00  0.23  0.00
  C_476-C-28              1.00   0.11  0.00  0.00  0.89  0.00  0.00  0.00  0.01  0.00
  C_477-C-28              1.00   0.11  0.00  0.00  0.89  0.00  0.00  0.00  0.35  0.00
  C_478-C-28              1.00   0.11  0.00  0.00  0.89  0.00  0.00  0.00  0.00  0.00
  C_479-C-28              1.00   0.11  0.00  0.00  0.89  0.00  0.00  0.00  0.00  0.00
  C_480-C-28              1.00   0.11  0.00  0.00  0.89  0.00  0.00  0.00  0.32  0.00
  C_481-C-28              1.00   0.11  0.00  0.00  0.89  0.00  0.00  0.00  0.00  0.00
  C_482-C-28              1.00   0.11  0.00  0.00  0.89  0.00  0.00  0.00  0.28  0.00
  C_483-C-28              1.00   0.11  0.00  0.00  0.89  0.00  0.00  0.00  0.00  0.00
  C_484-C-28              1.00   0.11  0.00  0.00  0.89  0.00  0.00  0.00  0.36  0.00
  C_485-C-28              1.00   0.11  0.00  0.00  0.89  0.00  0.00  0.00  0.28  0.00
  C_486-C-28              1.00   0.11  0.00  0.00  0.89  0.00  0.00  0.00  0.33  0.00
  C_487-C-28              1.00   0.11  0.00  0.00  0.89  0.00  0.00  0.00  0.24  0.00
  C_488-C-28              1.00   0.11  0.00  0.00  0.89  0.00  0.00  0.00  0.35  0.00
  C_489-C-28              1.00   0.11  0.00  0.00  0.89  0.00  0.00  0.00  0.25  0.00
  C_490-C-28              1.00   0.11  0.00  0.00  0.89  0.00  0.00  0.00  0.30  0.00
  C_491-C-28              1.00   0.11  0.00  0.00  0.89  0.00  0.00  0.00  0.00  0.00
  C_492-C-28              1.00   0.11  0.00  0.00  0.89  0.00  0.00  0.00  0.00  0.00
  C_493-C-28              1.00   0.11  0.00  0.00  0.89  0.00  0.00  0.00  0.06  0.00
  C_494-C-28              1.00   0.11  0.00  0.00  0.89  0.00  0.00  0.00  0.39  0.00
  C_495-C-28              1.00   0.11  0.00  0.00  0.78  0.11  0.00  0.00  0.24  0.00
  C_496-C-28              1.00   0.11  0.00  0.00  0.89  0.00  0.00  0.00  0.12  0.00
  C_497-C-28              1.00   0.11  0.00  0.00  0.88  0.01  0.00  0.00  0.00  0.00
  C_498-C-28              1.00   0.11  0.01  0.00  0.76  0.13  0.00  0.00  0.37  0.00
  C_499-C-28              1.00   0.11  0.00  0.00  0.45  0.44  0.00  0.00  0.00  0.00
  C_500-C-28              1.00   0.11  0.00  0.00  0.36  0.54  0.00  0.00  0.09  0.00
  C_501-C-28              1.00   0.11  0.00  0.00  0.45  0.45  0.00  0.00  0.55  0.00
  C_502-C-28              1.00   0.11  0.00  0.00  0.87  0.03  0.00  0.00  0.10  0.00
  C_503-C-28              1.00   0.11  0.00  0.00  0.44  0.46  0.00  0.00  0.36  0.00
  C_504-C-28              1.00   0.11  0.00  0.00  0.51  0.39  0.00  0.00  0.07  0.00
  C_505-C-28              1.00   0.11  0.00  0.00  0.89  0.00  0.00  0.00  0.34  0.00
  C_506-C-28              1.00   0.11  0.00  0.00  0.89  0.00  0.00  0.00  0.18  0.00
  C_507-C-28              1.00   0.11  0.00  0.00  0.89  0.00  0.00  0.00  0.32  0.00
  C_508-C-28              1.00   0.11  0.00  0.00  0.89  0.00  0.00  0.00  0.28  0.00
  C_509-C-28              1.00   0.10  0.00  0.00  0.89  0.00  0.00  0.00  0.18  0.00
  C_510-C-28              1.00   0.10  0.00  0.00  0.89  0.00  0.00  0.00  0.39  0.00
  C_511-C-28              1.00   0.10  0.00  0.00  0.58  0.32  0.00  0.00  0.26  0.00
  C_512-C-28              1.00   0.10  0.00  0.00  0.25  0.64  0.00  0.00  0.27  0.00
  C_513-C-28              1.00   0.10  0.00  0.00  0.28  0.62  0.00  0.00  0.30  0.00
  C_514-C-28              1.00   0.11  0.00  0.00  0.23  0.67  0.00  0.00  0.18  0.00
  C_515-C-28              1.00   0.11  0.00  0.00  0.25  0.64  0.00  0.00  0.31  0.00
  C_516-C-28              1.00   0.11  0.00  0.00  0.30  0.60  0.00  0.00  0.67  0.00
  C_517-C-28              1.00   0.11  0.00  0.00  0.44  0.45  0.00  0.00  0.27  0.00
  C_518-C-28              1.00   0.11  0.00  0.00  0.62  0.28  0.00  0.00  0.13  0.00
  C_519-C-28              1.00   0.11  0.00  0.00  0.25  0.64  0.00  0.00  0.30  0.00
  C_520-C-28              1.00   0.11  0.00  0.00  0.26  0.63  0.00  0.00  0.32  0.00
  C_521-C-28              1.00   0.11  0.00  0.00  0.31  0.59  0.00  0.00  0.30  0.00
  C_522-C-28              1.00   0.11  0.00  0.00  0.27  0.62  0.00  0.00  0.27  0.00
  C_523-C-28              1.00   0.11  0.00  0.00  0.26  0.63  0.00  0.00  0.28  0.00
  C_524-C-28              1.00   0.11  0.00  0.00  0.42  0.47  0.00  0.00  0.02  0.00
  C_525-C-28              1.00   0.11  0.00  0.00  0.41  0.49  0.00  0.00  0.38  0.00
  C_526-C-28              1.00   0.11  0.00  0.00  0.25  0.64  0.00  0.00  0.26  0.00
  C_527-C-28              1.00   0.11  0.00  0.00  0.25  0.64  0.00  0.00  0.25  0.00
  C_528-C-28              1.00   0.11  0.00  0.00  0.28  0.61  0.00  0.00  0.43  0.00
  C_529-C-28              1.00   0.11  0.00  0.00  0.32  0.57  0.00  0.00  0.34  0.00
  C_530-C-28              1.00   0.11  0.00  0.00  0.29  0.60  0.00  0.00  0.36  0.00
  C_531-C-28              1.00   0.11  0.00  0.00  0.29  0.60  0.00  0.00  0.25  0.00
  C_532-C-28              1.00   0.11  0.00  0.00  0.31  0.57  0.00  0.00  0.25  0.00
  C_533-C-28              1.00   0.11  0.00  0.00  0.31  0.58  0.00  0.00  0.32  0.00
  C_534-C-28              1.00   0.11  0.00  0.00  0.32  0.57  0.00  0.00  0.73  0.00
  C_535-C-28              1.00   0.11  0.00  0.00  0.89  0.00  0.00  0.00  0.11  0.00
  C_536-C-28              1.00   0.11  0.00  0.00  0.89  0.00  0.00  0.00  0.00  0.00
  C_537-C-28              1.00   0.11  0.00  0.00  0.51  0.38  0.00  0.00  0.23  0.00
  C_538-C-28              1.00   0.11  0.00  0.00  0.34  0.55  0.00  0.00  0.56  0.00
  C_539-C-28              1.00   0.11  0.00  0.00  0.34  0.56  0.00  0.00  0.67  0.00
  C_540-C-28              1.00   0.11  0.00  0.00  0.89  0.00  0.00  0.00  0.88  0.00
  C_541-C-28              1.00   0.11  0.00  0.00  0.89  0.00  0.00  0.00  0.88  0.00
  C_542-C-28              1.00   0.11  0.00  0.00  0.89  0.00  0.00  0.00  0.32  0.00
  C_543-C-28              1.00   0.11  0.00  0.00  0.75  0.14  0.00  0.00  0.26  0.00
  C_544-C-28              1.00   0.11  0.00  0.00  0.72  0.18  0.00  0.00  0.03  0.00
  C_545-C-28              1.00   0.11  0.00  0.00  0.67  0.22  0.00  0.00  0.02  0.00
  C_546-C-28              1.00   0.10  0.00  0.00  0.64  0.26  0.00  0.00  0.03  0.00
  C_547-C-28              1.00   0.10  0.00  0.00  0.75  0.15  0.00  0.00  0.57  0.00
  C_548-C-28              1.00   0.10  0.00  0.00  0.80  0.09  0.00  0.00  0.89  0.00
  C_549-C-28              1.00   0.10  0.00  0.00  0.64  0.26  0.00  0.00  0.23  0.00
  C_550-C-63              1.00   0.11  0.00  0.00  0.89  0.00  0.00  0.00  0.00  0.00
  C_551-C-63              1.00   0.11  0.00  0.00  0.89  0.00  0.00  0.00  0.28  0.00
  C_552-C-63              1.00   0.11  0.00  0.00  0.89  0.00  0.00  0.00  0.21  0.00
  C_553-C-63              1.00   0.11  0.00  0.00  0.89  0.00  0.00  0.00  0.25  0.00
  C_554-C-63              1.00   0.11  0.00  0.00  0.89  0.00  0.00  0.00  0.24  0.00
  C_555-C-63              1.00   0.11  0.00  0.00  0.89  0.00  0.00  0.00  0.07  0.00
  C_556-C-63              1.00   0.10  0.00  0.00  0.90  0.00  0.00  0.00  0.03  0.00
  C_557-C-63              1.00   0.09  0.00  0.00  0.90  0.00  0.00  0.00  0.18  0.00
  C_558-C-7               1.00   0.09  0.00  0.00  0.02  0.88  0.00  0.00  0.73  0.00
  C_559-C-7               1.00   0.10  0.00  0.00  0.02  0.87  0.00  0.00  0.86  0.00
  C_560-C-7               1.00   0.10  0.00  0.00  0.02  0.87  0.00  0.00  0.80  0.00
  C_561-C-7               1.00   0.10  0.00  0.00  0.02  0.87  0.00  0.00  0.81  0.00
  C_562-C-7               1.00   0.10  0.00  0.00  0.02  0.87  0.00  0.00  0.88  0.00
  C_563-C-7               1.00   0.10  0.00  0.00  0.02  0.87  0.00  0.00  0.88  0.00
  C_564-C-7               1.00   0.10  0.00  0.00  0.02  0.87  0.00  0.00  0.85  0.00
  C_565-C-7               1.00   0.10  0.00  0.00  0.02  0.87  0.00  0.00  0.80  0.00
  C_566-C-7               1.00   0.10  0.00  0.00  0.02  0.87  0.00  0.00  0.80  0.00
  C_567-C-7               1.00   0.10  0.00  0.00  0.02  0.87  0.00  0.00  0.80  0.00
  C_568-C-7               1.00   0.10  0.00  0.00  0.02  0.87  0.00  0.00  0.62  0.00
  C_569-C-7               1.00   0.11  0.00  0.00  0.03  0.87  0.00  0.00  0.69  0.00
  C_570-C-7               1.00   0.10  0.00  0.00  0.02  0.87  0.00  0.00  0.18  0.00
  C_571-C-7               1.00   0.10  0.00  0.00  0.38  0.52  0.00  0.00  0.87  0.00
  C_572-C-7               1.00   0.10  0.00  0.00  0.41  0.48  0.00  0.00  0.19  0.00
  C_573-C-7               1.00   0.11  0.00  0.00  0.57  0.33  0.00  0.00  0.06  0.00
  C_574-C-7               1.00   0.10  0.00  0.00  0.84  0.06  0.00  0.00  0.17  0.00
  C_575-C-7               1.00   0.10  0.00  0.00  0.90  0.00  0.00  0.00  0.25  0.00
  C_576-C-7               1.00   0.10  0.00  0.00  0.78  0.12  0.00  0.00  0.00  0.00
  C_577-C-7               1.00   0.10  0.00  0.00  0.72  0.18  0.00  0.00  0.20  0.00
  C_578-C-7               1.00   0.11  0.00  0.00  0.89  0.00  0.00  0.00  0.12  0.00
  C_579-C-7               1.00   0.10  0.00  0.00  0.90  0.00  0.00  0.00  0.09  0.00
  C_580-C-7               1.00   0.10  0.00  0.00  0.90  0.00  0.00  0.00  0.11  0.00
  C_581-C-7               1.00   0.10  0.00  0.00  0.90  0.00  0.00  0.00  0.18  0.00
  C_582-C-7               1.00   0.10  0.00  0.00  0.90  0.00  0.00  0.00  0.22  0.00
  C_583-C-7               1.00   0.10  0.00  0.00  0.90  0.00  0.00  0.00  0.28  0.00
  C_584-C-7               1.00   0.10  0.00  0.00  0.90  0.00  0.00  0.00  0.13  0.00
  C_585-C-7               1.00   0.10  0.00  0.00  0.90  0.00  0.00  0.00  0.00  0.00
  C_586-C-7               1.00   0.11  0.00  0.00  0.89  0.00  0.00  0.00  0.22  0.00
  C_587-C-7               1.00   0.10  0.00  0.00  0.90  0.00  0.00  0.00  0.00  0.00
  C_588-C-7               1.00   0.10  0.00  0.00  0.87  0.03  0.00  0.00  0.31  0.00
  C_589-C-7               1.00   0.10  0.00  0.00  0.90  0.00  0.00  0.00  0.00  0.00
  C_590-C-7               1.00   0.10  0.00  0.00  0.90  0.00  0.00  0.00  0.12  0.00
  C_591-C-7               1.00   0.11  0.00  0.00  0.89  0.00  0.00  0.00  0.00  0.00
  C_592-C-7               1.00   0.10  0.00  0.00  0.89  0.00  0.00  0.00  0.29  0.00
  C_593-C-7               1.00   0.10  0.00  0.00  0.90  0.00  0.00  0.00  0.23  0.00
  C_594-C-7               1.00   0.10  0.00  0.00  0.90  0.00  0.00  0.00  0.19  0.00
  C_595-C-7               1.00   0.10  0.00  0.00  0.90  0.00  0.00  0.00  0.04  0.00
  C_596-C-7               1.00   0.11  0.00  0.00  0.89  0.00  0.00  0.00  0.29  0.00
  C_597-C-7               1.00   0.10  0.00  0.00  0.90  0.00  0.00  0.00  0.00  0.00
  C_598-C-7               1.00   0.10  0.00  0.00  0.90  0.00  0.00  0.00  0.31  0.00
  C_599-C-7               1.00   0.10  0.00  0.00  0.90  0.00  0.00  0.00  0.00  0.00
  C_600-C-7               1.00   0.11  0.00  0.00  0.89  0.00  0.00  0.00  0.00  0.00
  C_601-C-7               1.00   0.11  0.00  0.00  0.89  0.00  0.00  0.00  0.27  0.00
  C_602-C-7               1.00   0.11  0.00  0.00  0.89  0.00  0.00  0.00  0.27  0.00
  C_603-C-7               1.00   0.10  0.00  0.00  0.90  0.00  0.00  0.00  0.00  0.00
  C_604-C-7               1.00   0.10  0.00  0.00  0.90  0.00  0.00  0.00  0.30  0.00
  C_605-C-7               1.00   0.10  0.00  0.00  0.90  0.00  0.00  0.00  0.18  0.00
  C_606-C-7               1.00   0.10  0.00  0.00  0.79  0.11  0.00  0.00  0.00  0.00
  C_607-C-7               1.00   0.11  0.00  0.00  0.89  0.00  0.00  0.00  0.29  0.00
  C_608-C-7               1.00   0.10  0.00  0.00  0.89  0.00  0.00  0.00  0.17  0.00
  C_609-C-7               1.00   0.10  0.00  0.00  0.90  0.00  0.00  0.00  0.33  0.00
  C_610-C-7               1.00   0.10  0.00  0.00  0.90  0.00  0.00  0.00  0.00  0.00
  C_611-C-7               1.00   0.11  0.00  0.00  0.89  0.00  0.00  0.00  0.25  0.00
  C_612-C-7               1.00   0.10  0.00  0.00  0.89  0.00  0.00  0.00  0.26  0.00
  C_613-C-7               1.00   0.10  0.00  0.00  0.90  0.00  0.00  0.00  0.01  0.00
  C_614-C-7               1.00   0.10  0.00  0.00  0.90  0.00  0.00  0.00  0.27  0.00
  C_615-C-7               1.00   0.10  0.00  0.00  0.90  0.00  0.00  0.00  0.30  0.00
  C_616-C-7               1.00   0.10  0.00  0.00  0.90  0.00  0.00  0.00  0.27  0.00
  C_617-C-7               1.00   0.10  0.00  0.00  0.90  0.00  0.00  0.00  0.00  0.00
  C_618-C-7               1.00   0.10  0.00  0.00  0.90  0.00  0.00  0.00  0.09  0.00
  C_619-C-7               1.00   0.10  0.00  0.00  0.90  0.00  0.00  0.00  0.06  0.00
  C_620-C-7               1.00   0.10  0.00  0.00  0.87  0.03  0.00  0.00  0.13  0.00
  C_621-C-7               1.00   0.10  0.00  0.00  0.75  0.15  0.00  0.00  0.01  0.00
  C_622-C-7               1.00   0.10  0.00  0.00  0.63  0.27  0.00  0.00  0.25  0.00
  C_623-C-7               1.00   0.10  0.00  0.00  0.90  0.00  0.00  0.00  0.27  0.00
  C_624-C-7               1.00   0.10  0.00  0.00  0.72  0.18  0.00  0.00  0.20  0.00
  C_625-C-7               1.00   0.10  0.00  0.00  0.90  0.00  0.00  0.00  0.26  0.00
  C_626-C-7               1.00   0.10  0.00  0.00  0.90  0.00  0.00  0.00  0.27  0.00
  C_627-C-7               1.00   0.10  0.00  0.00  0.90  0.00  0.00  0.00  0.16  0.00
  C_628-C-7               1.00   0.10  0.00  0.00  0.90  0.00  0.00  0.00  0.32  0.00
  C_629-C-7               1.00   0.10  0.00  0.00  0.90  0.00  0.00  0.00  0.13  0.00
  C_630-C-7               1.00   0.10  0.00  0.00  0.90  0.00  0.00  0.00  0.13  0.00
  C_631-C-7               1.00   0.10  0.00  0.00  0.90  0.00  0.00  0.00  0.29  0.00
  C_632-C-7               1.00   0.10  0.00  0.00  0.90  0.00  0.00  0.00  0.35  0.00
  C_633-C-7               1.00   0.10  0.00  0.00  0.90  0.00  0.00  0.00  0.16  0.00
  C_634-C-7               1.00   0.10  0.00  0.00  0.75  0.15  0.00  0.00  0.24  0.00
  C_635-C-7               1.00   0.10  0.00  0.00  0.85  0.05  0.00  0.00  0.00  0.00
  C_636-C-7               1.00   0.10  0.00  0.00  0.90  0.00  0.00  0.00  0.14  0.00
  C_637-C-7               1.00   0.10  0.00  0.00  0.89  0.01  0.00  0.00  0.26  0.00
  C_638-C-7               1.00   0.10  0.00  0.00  0.90  0.00  0.00  0.00  0.25  0.00
  C_639-C-7               1.00   0.10  0.00  0.00  0.90  0.00  0.00  0.00  0.13  0.00
  C_640-C-7               1.00   0.10  0.00  0.00  0.90  0.00  0.00  0.00  0.36  0.00
  C_641-C-7               1.00   0.10  0.00  0.00  0.90  0.00  0.00  0.00  0.09  0.00
  C_642-C-7               1.00   0.10  0.00  0.00  0.90  0.00  0.00  0.00  0.00  0.00
  C_643-C-7               1.00   0.10  0.00  0.00  0.90  0.00  0.00  0.00  0.14  0.00
  C_644-C-7               1.00   0.10  0.00  0.00  0.90  0.00  0.00  0.00  0.43  0.00
  C_645-C-7               1.00   0.10  0.00  0.00  0.82  0.08  0.00  0.00  0.38  0.00
  C_646-C-7               1.00   0.10  0.00  0.00  0.89  0.00  0.00  0.00  0.33  0.00
  C_647-C-7               1.00   0.10  0.00  0.00  0.90  0.00  0.00  0.00  0.33  0.00
  C_648-C-7               1.00   0.11  0.00  0.00  0.89  0.00  0.00  0.00  0.23  0.00
  C_649-C-7               1.00   0.10  0.00  0.00  0.90  0.00  0.00  0.00  0.00  0.00
  C_650-C-7               1.00   0.11  0.00  0.00  0.89  0.00  0.00  0.00  0.33  0.00
  C_651-C-7               1.00   0.10  0.00  0.00  0.69  0.21  0.00  0.00  0.17  0.00
  C_652-C-7               1.00   0.10  0.00  0.00  0.78  0.12  0.00  0.00  0.29  0.00
  C_653-C-7               1.00   0.10  0.00  0.00  0.89  0.00  0.00  0.00  0.24  0.00
  C_654-C-7               1.00   0.11  0.00  0.00  0.89  0.00  0.00  0.00  0.23  0.00
  C_655-C-7               1.00   0.11  0.00  0.00  0.89  0.00  0.00  0.00  0.25  0.00
  C_656-C-7               1.00   0.11  0.00  0.00  0.89  0.00  0.00  0.00  0.41  0.00
  C_657-C-7               1.00   0.11  0.00  0.00  0.69  0.21  0.00  0.00  0.35  0.00
  C_658-C-7               1.00   0.11  0.00  0.00  0.82  0.07  0.00  0.00  0.21  0.00
  C_659-C-7               1.00   0.11  0.00  0.00  0.86  0.03  0.00  0.00  0.37  0.00
  C_660-C-7               1.00   0.11  0.00  0.00  0.88  0.00  0.00  0.00  0.23  0.00
  C_661-C-7               1.00   0.11  0.00  0.00  0.89  0.00  0.00  0.00  0.23  0.00
  C_662-C-7               1.00   0.11  0.00  0.00  0.89  0.00  0.00  0.00  0.23  0.00
  C_663-C-7               1.00   0.11  0.00  0.00  0.89  0.00  0.00  0.00  0.35  0.00
  C_664-C-7               1.00   0.11  0.00  0.00  0.83  0.05  0.00  0.00  0.33  0.00
  C_665-C-7               1.00   0.12  0.00  0.00  0.88  0.00  0.00  0.00  0.26  0.00
  C_666-C-7               1.00   0.12  0.00  0.00  0.88  0.00  0.00  0.00  0.32  0.00
  C_667-C-7               1.00   0.12  0.00  0.00  0.77  0.11  0.00  0.00  0.29  0.00
  C_668-C-7               1.00   0.12  0.00  0.00  0.77  0.10  0.00  0.00  0.13  0.00
  C_669-C-7               1.00   0.12  0.00  0.00  0.75  0.13  0.00  0.00  0.21  0.00
  C_670-C-7               1.00   0.11  0.00  0.00  0.89  0.00  0.00  0.00  0.00  0.00
  C_671-C-7               1.00   0.11  0.00  0.00  0.89  0.00  0.00  0.00  0.00  0.00
  C_672-C-7               1.00   0.11  0.00  0.00  0.89  0.00  0.00  0.00  0.11  0.00
  C_673-C-7               1.00   0.11  0.00  0.00  0.89  0.00  0.00  0.00  0.10  0.00
  C_674-C-7               1.00   0.11  0.00  0.00  0.71  0.18  0.00  0.00  0.20  0.00
  C_675-C-7               1.00   0.10  0.00  0.00  0.63  0.27  0.00  0.00  0.00  0.00
  C_676-C-7               1.00   0.10  0.00  0.00  0.67  0.23  0.00  0.00  0.17  0.00
  C_677-C-7               1.00   0.10  0.00  0.00  0.90  0.00  0.00  0.00  0.00  0.00
  C_678-C-7               1.00   0.10  0.00  0.00  0.90  0.00  0.00  0.00  0.26  0.00
  C_679-C-7               1.00   0.10  0.00  0.00  0.71  0.19  0.00  0.00  0.25  0.00
  C_680-C-7               1.00   0.10  0.00  0.00  0.61  0.29  0.00  0.00  0.18  0.00
  C_681-C-7               1.00   0.10  0.00  0.00  0.61  0.29  0.00  0.00  0.00  0.00
  C_682-C-7               1.00   0.10  0.00  0.00  0.68  0.22  0.00  0.00  0.20  0.00
  C_683-C-7               1.00   0.10  0.00  0.00  0.67  0.23  0.00  0.00  0.17  0.00
  C_684-C-7               1.00   0.10  0.00  0.00  0.67  0.23  0.00  0.00  0.00  0.00
  C_685-C-7               1.00   0.10  0.00  0.00  0.65  0.25  0.00  0.00  0.23  0.00
  C_686-C-7               1.00   0.10  0.00  0.00  0.61  0.29  0.00  0.00  0.23  0.00
  C_687-C-7               1.00   0.10  0.00  0.00  0.60  0.30  0.00  0.00  0.19  0.00
  C_688-C-7               1.00   0.10  0.00  0.00  0.82  0.08  0.00  0.00  0.00  0.00
  C_689-C-7               1.00   0.10  0.00  0.00  0.62  0.28  0.00  0.00  0.11  0.00
  C_690-C-7               1.00   0.10  0.00  0.00  0.68  0.22  0.00  0.00  0.30  0.00
  C_691-C-7               1.00   0.10  0.00  0.00  0.60  0.29  0.00  0.00  0.34  0.00
  C_692-C-7               1.00   0.10  0.00  0.00  0.53  0.37  0.00  0.00  0.00  0.00
  C_693-C-7               1.00   0.10  0.00  0.00  0.53  0.37  0.00  0.00  0.16  0.00
  C_694-C-7               1.00   0.10  0.00  0.00  0.52  0.38  0.00  0.00  0.13  0.00
  C_695-C-7               1.00   0.10  0.00  0.00  0.58  0.32  0.00  0.00  0.00  0.00
  C_696-C-7               1.00   0.10  0.00  0.00  0.57  0.33  0.00  0.00  0.27  0.00
  C_697-C-7               1.00   0.10  0.00  0.00  0.33  0.56  0.00  0.00  0.28  0.00
  C_698-C-7               1.00   0.10  0.00  0.00  0.29  0.61  0.00  0.00  0.12  0.00
  C_699-C-7               1.00   0.10  0.00  0.00  0.59  0.30  0.00  0.00  0.27  0.00
  C_700-C-7               1.00   0.10  0.00  0.00  0.25  0.65  0.00  0.00  0.23  0.00
  C_701-C-7               1.00   0.10  0.00  0.00  0.31  0.58  0.00  0.00  0.22  0.00
  C_702-C-7               1.00   0.10  0.00  0.00  0.15  0.75  0.00  0.00  0.11  0.00
  C_703-C-7               1.00   0.10  0.00  0.00  0.21  0.68  0.00  0.00  0.49  0.00
  C_704-C-7               1.00   0.10  0.00  0.00  0.17  0.73  0.00  0.00  0.08  0.00
  C_705-C-7               1.00   0.10  0.00  0.00  0.20  0.70  0.00  0.00  0.26  0.00
  C_706-C-7               1.00   0.10  0.00  0.00  0.21  0.68  0.00  0.00  0.20  0.00
  C_707-C-7               1.00   0.11  0.00  0.00  0.16  0.73  0.00  0.00  0.12  0.00
  C_708-C-7               1.00   0.10  0.00  0.00  0.13  0.77  0.00  0.00  0.01  0.00
  C_709-C-7               1.00   0.10  0.00  0.00  0.14  0.75  0.00  0.00  0.46  0.00
  C_710-C-7               1.00   0.10  0.00  0.00  0.11  0.78  0.00  0.00  0.81  0.00
  C_711-C-7               1.00   0.10  0.00  0.00  0.12  0.77  0.00  0.00  0.73  0.00
  C_712-C-7               1.00   0.10  0.00  0.00  0.11  0.78  0.00  0.00  0.87  0.00
  C_713-C-7               1.00   0.10  0.00  0.00  0.13  0.77  0.00  0.00  0.52  0.00
  C_714-C-7               1.00   0.10  0.00  0.00  0.13  0.77  0.00  0.00  0.87  0.00
  C_715-C-7               1.00   0.10  0.00  0.00  0.14  0.75  0.00  0.00  0.77  0.00
  C_716-C-7               1.00   0.11  0.00  0.00  0.10  0.80  0.00  0.00  0.66  0.00
  C_717-C-7               1.00   0.10  0.00  0.00  0.05  0.85  0.00  0.00  0.69  0.00
  C_718-C-63              1.00   0.09  0.00  0.00  0.91  0.00  0.00  0.00  0.38  0.00
  C_719-C-63              1.00   0.10  0.00  0.00  0.90  0.00  0.00  0.00  0.00  0.00
  C_720-C-63              1.00   0.10  0.00  0.00  0.90  0.00  0.00  0.00  0.26  0.00
  C_721-C-63              1.00   0.10  0.00  0.00  0.90  0.00  0.00  0.00  0.23  0.00
  C_722-C-63              1.00   0.10  0.00  0.00  0.90  0.00  0.00  0.00  0.00  0.00
  C_723-C-63              1.00   0.10  0.00  0.00  0.66  0.24  0.00  0.00  0.02  0.00
  C_724-C-63              1.00   0.10  0.00  0.00  0.64  0.26  0.00  0.00  0.02  0.00
  C_725-C-63              1.00   0.10  0.00  0.00  0.90  0.00  0.00  0.00  0.15  0.00
  C_726-C-63              1.00   0.10  0.01  0.00  0.89  0.00  0.00  0.00  0.17  0.00
  C_727-C-63              1.00   0.11  0.00  0.00  0.89  0.00  0.00  0.00  0.21  0.00
  C_728-C-63              1.00   0.11  0.01  0.00  0.88  0.00  0.00  0.00  0.26  0.00
  C_729-C-107             1.00   0.10  0.01  0.00  0.89  0.00  0.00  0.00  0.29  0.00
  C_730-C-107             1.00   0.10  0.00  0.00  0.90  0.00  0.00  0.00  0.04  0.00
  C_731-C-107             1.00   0.10  0.00  0.00  0.90  0.00  0.00  0.00  0.32  0.00
  C_732-C-107             1.00   0.10  0.00  0.00  0.90  0.00  0.00  0.00  0.15  0.00
  C_733-C-107             1.00   0.10  0.00  0.00  0.90  0.00  0.00  0.00  0.39  0.00
  C_734-C-107             1.00   0.10  0.51  0.00  0.39  0.00  0.00  0.00  0.00  0.00
  C_735-C-107             1.00   0.10  0.00  0.00  0.90  0.00  0.00  0.00  0.00  0.00
  C_736-C-81              1.00   0.10  0.00  0.00  0.90  0.00  0.00  0.00  0.10  0.00
  C_737-C-81              1.00   0.10  0.00  0.00  0.90  0.00  0.00  0.00  0.00  0.00
  C_738-C-81              1.00   0.10  0.00  0.00  0.90  0.00  0.00  0.00  0.09  0.00
  C_739-C-81              1.00   0.10  0.00  0.00  0.80  0.11  0.00  0.00  0.00  0.00
  C_740-C-81              1.00   0.10  0.00  0.00  0.06  0.84  0.00  0.00  0.11  0.00
  C_741-C-81              1.00   0.10  0.00  0.00  0.14  0.76  0.00  0.00  0.43  0.00
  C_742-C-81              1.00   0.09  0.00  0.00  0.10  0.81  0.00  0.00  0.82  0.00
  C_743-C-81              1.00   0.09  0.00  0.00  0.18  0.73  0.00  0.00  0.89  0.00
  C_744-C-81              1.00   0.10  0.00  0.00  0.90  0.00  0.00  0.00  0.51  0.00
  C_745-C-81              1.00   0.10  0.00  0.00  0.90  0.00  0.00  0.00  0.38  0.00
  C_746-C-81              1.00   0.09  0.00  0.00  0.90  0.00  0.00  0.00  0.40  0.00
  C_747-C-81              1.00   0.09  0.00  0.00  0.91  0.00  0.00  0.00  0.20  0.00
  C_748-C-81              1.00   0.09  0.00  0.00  0.91  0.00  0.00  0.00  0.21  0.00
  C_749-C-81              1.00   0.09  0.00  0.00  0.91  0.00  0.00  0.00  0.45  0.00
  C_750-C-81              1.00   0.09  0.00  0.00  0.70  0.21  0.00  0.00  0.12  0.00
  C_751-C-24              1.00   0.12  0.01  0.00  0.87  0.00  0.00  0.00  0.28  0.00
  C_752-C-24              1.00   0.12  0.00  0.00  0.88  0.00  0.00  0.00  0.00  0.00
  C_753-C-24              1.00   0.11  0.00  0.00  0.89  0.00  0.00  0.00  0.13  0.00
  C_754-C-24              1.00   0.11  0.00  0.00  0.89  0.00  0.00  0.00  0.18  0.00
  C_755-C-24              1.00   0.11  0.00  0.00  0.89  0.00  0.00  0.00  0.23  0.00
  C_756-C-24              1.00   0.11  0.00  0.00  0.89  0.00  0.00  0.00  0.23  0.00
  C_757-C-24              1.00   0.11  0.00  0.00  0.89  0.00  0.00  0.00  0.22  0.00
  C_758-C-24              1.00   0.11  0.00  0.00  0.89  0.00  0.00  0.00  0.00  0.00
  C_759-C-24              1.00   0.11  0.00  0.00  0.89  0.00  0.00  0.00  0.34  0.00
  C_760-C-24              1.00   0.11  0.00  0.00  0.89  0.00  0.00  0.00  0.31  0.00
  C_761-C-24              1.00   0.11  0.00  0.00  0.89  0.00  0.00  0.00  0.28  0.00
  C_762-C-24              1.00   0.11  0.00  0.00  0.89  0.00  0.00  0.00  0.35  0.00
  C_763-C-24              1.00   0.11  0.00  0.00  0.89  0.00  0.00  0.00  0.32  0.00
  C_764-C-24              1.00   0.11  0.00  0.00  0.89  0.00  0.00  0.00  0.30  0.00
  C_765-C-24              1.00   0.11  0.00  0.00  0.89  0.00  0.00  0.00  0.20  0.00
  C_766-C-24              1.00   0.11  0.00  0.00  0.89  0.00  0.00  0.00  0.00  0.00
  C_767-C-134             1.00   0.11  0.00  0.00  0.89  0.00  0.00  0.00  0.01  0.00
  C_768-C-134             1.00   0.11  0.00  0.00  0.89  0.00  0.00  0.00  0.32  0.00
  C_769-C-134             1.00   0.11  0.00  0.00  0.87  0.03  0.00  0.00  0.35  0.00
  C_770-C-134             1.00   0.11  0.00  0.00  0.64  0.25  0.00  0.00  0.19  0.00
  C_771-C-134             1.00   0.11  0.00  0.00  0.49  0.40  0.00  0.00  0.67  0.00
  C_772-C-134             1.00   0.11  0.01  0.00  0.89  0.00  0.00  0.00  0.20  0.00
  C_773-C-134             1.00   0.11  0.00  0.00  0.53  0.36  0.00  0.00  0.81  0.00
  C_774-C-134             1.00   0.11  0.00  0.00  0.10  0.79  0.00  0.00  0.62  0.00
  C_775-C-134             1.00   0.11  0.01  0.00  0.26  0.63  0.00  0.00  0.08  0.00
  C_776-C-111             1.00   0.10  0.58  0.00  0.32  0.00  0.00  0.00  0.00  0.00
  C_777-C-83              1.00   0.10  0.00  0.00  0.50  0.40  0.00  0.00  0.00  0.00
  C_778-C-83              1.00   0.10  0.00  0.00  0.78  0.11  0.00  0.00  0.36  0.00
  C_779-C-83              1.00   0.10  0.00  0.00  0.75  0.15  0.00  0.00  0.36  0.00
  C_780-C-83              1.00   0.10  0.00  0.00  0.90  0.00  0.00  0.00  0.34  0.00
  C_781-C-83              1.00   0.10  0.00  0.00  0.90  0.00  0.00  0.00  0.27  0.00
  C_782-C-83              1.00   0.10  0.00  0.00  0.90  0.00  0.00  0.00  0.17  0.00
  C_783-C-83              1.00   0.10  0.00  0.00  0.90  0.00  0.00  0.00  0.00  0.00
  C_784-C-83              1.00   0.10  0.00  0.00  0.90  0.00  0.00  0.00  0.27  0.00
  C_785-C-83              1.00   0.10  0.00  0.00  0.90  0.00  0.00  0.00  0.06  0.00
  C_786-C-83              1.00   0.10  0.00  0.00  0.90  0.00  0.00  0.00  0.00  0.00
  C_787-C-83              1.00   0.10  0.00  0.00  0.90  0.00  0.00  0.00  0.21  0.00
  C_788-C-83              1.00   0.10  0.00  0.00  0.90  0.00  0.00  0.00  0.07  0.00
  C_789-C-83              1.00   0.10  0.00  0.00  0.90  0.00  0.00  0.00  0.21  0.00
  C_790-C-83              1.00   0.10  0.00  0.00  0.90  0.00  0.00  0.00  0.10  0.00
  C_791-C-83              1.00   0.10  0.00  0.00  0.90  0.00  0.00  0.00  0.21  0.00
  C_792-C-83              1.00   0.10  0.00  0.00  0.90  0.00  0.00  0.00  0.30  0.00
  C_793-C-83              1.00   0.10  0.00  0.00  0.90  0.00  0.00  0.00  0.12  0.00
  C_794-C-83              1.00   0.10  0.00  0.00  0.89  0.00  0.00  0.00  0.25  0.00
  C_795-C-83              1.00   0.10  0.00  0.00  0.70  0.20  0.00  0.00  0.11  0.00
  C_796-C-83              1.00   0.10  0.00  0.00  0.89  0.01  0.00  0.00  0.00  0.00
  C_797-C-83              1.00   0.10  0.00  0.00  0.90  0.00  0.00  0.00  0.34  0.00
  C_798-C-83              1.00   0.10  0.00  0.00  0.90  0.00  0.00  0.00  0.00  0.00
  C_799-C-83              1.00   0.10  0.00  0.00  0.90  0.00  0.00  0.00  0.17  0.00
  C_800-C-83              1.00   0.10  0.00  0.00  0.90  0.00  0.00  0.00  0.27  0.00
  C_801-C-83              1.00   0.10  0.00  0.00  0.90  0.00  0.00  0.00  0.03  0.00
  C_802-C-83              1.00   0.10  0.00  0.00  0.89  0.00  0.00  0.00  0.29  0.00
  C_803-C-83              1.00   0.10  0.00  0.00  0.90  0.00  0.00  0.00  0.00  0.00
  C_804-C-83              1.00   0.11  0.00  0.00  0.83  0.06  0.00  0.00  0.16  0.00
  C_805-C-83              1.00   0.10  0.00  0.00  0.86  0.04  0.00  0.00  0.10  0.00
  C_806-C-83              1.00   0.10  0.00  0.00  0.67  0.23  0.00  0.00  0.20  0.00
  C_807-C-83              1.00   0.10  0.00  0.00  0.62  0.27  0.00  0.00  0.21  0.00
  C_808-C-83              1.00   0.10  0.00  0.00  0.57  0.33  0.00  0.00  0.00  0.00
  C_809-C-83              1.00   0.10  0.00  0.00  0.61  0.29  0.00  0.00  0.11  0.00
  C_810-C-83              1.00   0.10  0.00  0.00  0.67  0.23  0.00  0.00  0.88  0.00
  C_811-C-83              1.00   0.10  0.01  0.00  0.32  0.57  0.00  0.00  0.29  0.00
  C_812-C-83              1.00   0.11  0.00  0.00  0.48  0.41  0.00  0.00  0.50  0.00
  C_813-C-83              1.00   0.11  0.00  0.00  0.48  0.41  0.00  0.00  0.39  0.00
  C_814-C-83              1.00   0.11  0.00  0.00  0.16  0.73  0.00  0.00  0.20  0.00
  C_815-C-83              1.00   0.10  0.00  0.00  0.47  0.43  0.00  0.00  0.41  0.00
  C_816-C-32              1.00   0.12  0.00  0.00  0.80  0.08  0.00  0.00  0.08  0.00
  C_817-C-32              1.00   0.11  0.00  0.00  0.88  0.01  0.00  0.00  0.00  0.00
  C_818-C-32              1.00   0.11  0.00  0.00  0.89  0.00  0.00  0.00  0.24  0.00
  C_819-C-32              1.00   0.10  0.00  0.00  0.90  0.00  0.00  0.00  0.00  0.00
  C_820-C-32              1.00   0.10  0.00  0.00  0.90  0.00  0.00  0.00  0.71  0.00
  C_821-C-32              1.00   0.10  0.00  0.00  0.90  0.00  0.00  0.00  0.45  0.00
  C_822-C-32              1.00   0.11  0.00  0.00  0.89  0.00  0.00  0.00  0.00  0.00
  C_823-C-32              1.00   0.11  0.00  0.00  0.89  0.00  0.00  0.00  0.32  0.00
  C_824-C-32              1.00   0.11  0.00  0.00  0.28  0.61  0.00  0.00  0.00  0.00
  C_825-C-32              1.00   0.11  0.00  0.00  0.21  0.68  0.00  0.00  0.00  0.00
  C_826-C-32              1.00   0.11  0.00  0.00  0.22  0.67  0.00  0.00  0.00  0.00
  C_827-C-32              1.00   0.11  0.00  0.00  0.27  0.62  0.00  0.00  0.60  0.00
  C_828-C-32              1.00   0.11  0.00  0.00  0.22  0.67  0.00  0.00  0.25  0.00
  C_829-C-32              1.00   0.11  0.00  0.00  0.21  0.68  0.00  0.00  0.23  0.00
  C_830-C-32              1.00   0.11  0.00  0.00  0.19  0.70  0.00  0.00  0.22  0.00
  C_831-C-32              1.00   0.11  0.00  0.00  0.23  0.66  0.00  0.00  0.15  0.00
  C_832-C-32              1.00   0.11  0.00  0.00  0.22  0.67  0.00  0.00  0.65  0.00
  C_833-C-32              1.00   0.11  0.00  0.00  0.16  0.73  0.00  0.00  0.21  0.00
  C_834-C-32              1.00   0.11  0.00  0.00  0.15  0.74  0.00  0.00  0.18  0.00
  C_835-C-32              1.00   0.11  0.00  0.00  0.20  0.69  0.00  0.00  0.56  0.00
  C_836-C-32              1.00   0.11  0.00  0.00  0.14  0.75  0.00  0.00  0.33  0.00
  C_837-C-32              1.00   0.11  0.00  0.00  0.24  0.65  0.00  0.00  0.26  0.00
  C_838-C-32              1.00   0.11  0.00  0.00  0.33  0.56  0.00  0.00  0.27  0.00
  C_839-C-32              1.00   0.11  0.00  0.00  0.18  0.71  0.00  0.00  0.13  0.00
  C_840-C-32              1.00   0.11  0.00  0.00  0.35  0.54  0.00  0.00  0.01  0.00
  C_841-C-32              1.00   0.11  0.00  0.00  0.55  0.35  0.00  0.00  0.21  0.00
  C_842-C-32              1.00   0.11  0.00  0.00  0.65  0.24  0.00  0.00  0.00  0.00
  C_843-C-32              1.00   0.11  0.00  0.00  0.68  0.21  0.00  0.00  0.23  0.00
  C_844-C-32              1.00   0.11  0.00  0.00  0.65  0.25  0.00  0.00  0.04  0.00
  C_845-C-32              1.00   0.11  0.00  0.00  0.59  0.31  0.00  0.00  0.00  0.00
  C_846-C-32              1.00   0.11  0.00  0.00  0.64  0.25  0.00  0.00  0.25  0.00
  C_847-C-32              1.00   0.11  0.00  0.00  0.69  0.20  0.00  0.00  0.21  0.00
  C_848-C-32              1.00   0.11  0.00  0.00  0.65  0.24  0.00  0.00  0.26  0.00
  C_849-C-32              1.00   0.11  0.00  0.00  0.67  0.22  0.00  0.00  0.20  0.00
  C_850-C-32              1.00   0.11  0.00  0.00  0.89  0.00  0.00  0.00  0.27  0.00
  C_851-C-32              1.00   0.11  0.00  0.00  0.89  0.00  0.00  0.00  0.00  0.00
  C_852-C-32              1.00   0.10  0.01  0.00  0.89  0.00  0.00  0.00  0.29  0.00
  C_853-C-32              1.00   0.10  0.00  0.00  0.90  0.00  0.00  0.00  0.31  0.00
  C_854-C-32              1.00   0.10  0.01  0.00  0.89  0.00  0.00  0.00  0.25  0.00
  C_855-C-32              1.00   0.10  0.00  0.00  0.90  0.00  0.00  0.00  0.29  0.00
  C_856-C-32              1.00   0.10  0.00  0.00  0.85  0.04  0.00  0.00  0.27  0.00
  C_857-C-32              1.00   0.11  0.00  0.00  0.89  0.00  0.00  0.00  0.00  0.00
  C_858-C-32              1.00   0.11  0.00  0.00  0.89  0.00  0.00  0.00  0.15  0.00
  C_859-C-32              1.00   0.11  0.00  0.00  0.84  0.05  0.00  0.00  0.14  0.00
  C_860-C-32              1.00   0.11  0.00  0.00  0.74  0.15  0.00  0.00  0.23  0.00
  C_861-C-32              1.00   0.11  0.00  0.00  0.83  0.06  0.00  0.00  0.00  0.00
  C_862-C-32              1.00   0.11  0.00  0.00  0.80  0.09  0.00  0.00  0.27  0.00
  C_863-C-32              1.00   0.11  0.00  0.00  0.64  0.25  0.00  0.00  0.00  0.00
  C_864-C-32              1.00   0.11  0.00  0.00  0.56  0.33  0.00  0.00  0.27  0.00
  C_865-C-32              1.00   0.10  0.00  0.00  0.50  0.40  0.00  0.00  0.26  0.00
  C_866-C-32              1.00   0.11  0.00  0.00  0.18  0.72  0.00  0.00  0.60  0.00
  C_867-C-32              1.00   0.10  0.00  0.00  0.11  0.79  0.00  0.00  0.00  0.00
  C_868-C-32              1.00   0.10  0.00  0.00  0.18  0.72  0.00  0.00  0.66  0.00
  C_869-C-32              1.00   0.10  0.01  0.00  0.23  0.66  0.00  0.00  0.54  0.00
  C_870-C-32              1.00   0.11  0.00  0.00  0.17  0.72  0.00  0.00  0.78  0.00
  C_871-C-32              1.00   0.11  0.00  0.00  0.20  0.70  0.00  0.00  0.39  0.00
  C_872-C-32              1.00   0.11  0.00  0.00  0.16  0.73  0.00  0.00  0.51  0.00
  C_873-C-32              1.00   0.10  0.00  0.00  0.12  0.77  0.00  0.00  0.70  0.00
  C_874-C-32              1.00   0.10  0.00  0.00  0.73  0.16  0.00  0.00  0.86  0.00
  C_875-C-133             1.00   0.11  0.00  0.00  0.05  0.84  0.00  0.00  0.06  0.00
  C_876-C-133             1.00   0.11  0.00  0.00  0.89  0.00  0.00  0.00  0.37  0.00
  C_877-C-133             1.00   0.11  0.00  0.00  0.89  0.00  0.00  0.00  0.21  0.00
  C_878-C-133             1.00   0.11  0.00  0.00  0.89  0.00  0.00  0.00  0.19  0.00
  C_879-C-133             1.00   0.11  0.00  0.00  0.68  0.21  0.00  0.00  0.76  0.00
  C_880-C-133             1.00   0.11  0.00  0.00  0.32  0.57  0.00  0.00  0.30  0.00
  C_881-C-133             1.00   0.11  0.00  0.00  0.57  0.32  0.00  0.00  0.31  0.00
  C_882-C-133             1.00   0.11  0.00  0.00  0.89  0.00  0.00  0.00  0.25  0.00
  C_883-C-133             1.00   0.11  0.00  0.00  0.89  0.00  0.00  0.00  0.86  0.00
  C_884-C-26              1.00   0.11  0.00  0.00  0.39  0.49  0.00  0.00  0.73  0.00
  C_885-C-26              1.00   0.10  0.01  0.00  0.88  0.00  0.00  0.00  0.35  0.00
  C_886-C-34              1.00   0.10  0.00  0.00  0.02  0.87  0.00  0.00  0.12  0.00
  C_887-C-34              1.00   0.10  0.00  0.00  0.31  0.58  0.00  0.00  0.04  0.00
  C_888-C-34              1.00   0.11  0.00  0.00  0.86  0.03  0.00  0.00  0.48  0.00
  C_889-C-34              1.00   0.11  0.00  0.00  0.40  0.49  0.00  0.00  0.28  0.00
  C_890-C-34              1.00   0.11  0.00  0.00  0.38  0.51  0.00  0.00  0.05  0.00
  C_891-C-34              1.00   0.11  0.00  0.00  0.51  0.39  0.00  0.00  0.02  0.00
  C_892-C-34              1.00   0.11  0.00  0.00  0.54  0.35  0.00  0.00  0.38  0.00
  C_893-C-34              1.00   0.11  0.01  0.00  0.38  0.50  0.00  0.00  0.35  0.00
  C_894-C-34              1.00   0.11  0.00  0.00  0.50  0.38  0.00  0.00  0.26  0.00
  C_895-C-34              1.00   0.11  0.00  0.00  0.89  0.00  0.00  0.00  0.28  0.00
  C_896-C-34              1.00   0.11  0.00  0.00  0.89  0.00  0.00  0.00  0.39  0.00
  C_897-C-34              1.00   0.11  0.00  0.00  0.89  0.00  0.00  0.00  0.23  0.00
  C_898-C-34              1.00   0.11  0.00  0.00  0.89  0.00  0.00  0.00  0.25  0.00
  C_899-C-34              1.00   0.11  0.00  0.00  0.89  0.00  0.00  0.00  0.31  0.00
  C_900-C-34              1.00   0.11  0.00  0.00  0.89  0.00  0.00  0.00  0.25  0.00
  C_901-C-34              1.00   0.11  0.00  0.00  0.89  0.00  0.00  0.00  0.21  0.00
  C_902-C-34              1.00   0.10  0.01  0.00  0.89  0.00  0.00  0.00  0.37  0.00
  C_903-C-34              1.00   0.10  0.00  0.00  0.90  0.00  0.00  0.00  0.34  0.00
  C_904-C-34              1.00   0.10  0.01  0.00  0.89  0.00  0.00  0.00  0.17  0.00
  C_905-C-34              1.00   0.11  0.00  0.00  0.89  0.00  0.00  0.00  0.20  0.00
  C_906-C-34              1.00   0.11  0.00  0.00  0.89  0.00  0.00  0.00  0.26  0.00
  C_907-C-34              1.00   0.11  0.00  0.00  0.89  0.00  0.00  0.00  0.29  0.00
  C_908-C-34              1.00   0.11  0.00  0.00  0.89  0.00  0.00  0.00  0.30  0.00
  C_909-C-34              1.00   0.11  0.00  0.00  0.89  0.00  0.00  0.00  0.00  0.00
  C_910-C-34              1.00   0.11  0.00  0.00  0.89  0.00  0.00  0.00  0.25  0.00
  C_911-C-34              1.00   0.11  0.00  0.00  0.89  0.00  0.00  0.00  0.02  0.00
  C_912-C-34              1.00   0.11  0.00  0.00  0.89  0.00  0.00  0.00  0.36  0.00
  C_913-C-34              1.00   0.11  0.00  0.00  0.89  0.00  0.00  0.00  0.00  0.00
  C_914-C-34              1.00   0.11  0.00  0.00  0.89  0.00  0.00  0.00  0.36  0.00
  C_915-C-34              1.00   0.11  0.00  0.00  0.80  0.09  0.00  0.00  0.31  0.00
  C_916-C-34              1.00   0.11  0.00  0.00  0.64  0.24  0.00  0.00  0.28  0.00
  C_917-C-34              1.00   0.11  0.00  0.00  0.29  0.59  0.00  0.00  0.54  0.00
  C_918-C-34              1.00   0.11  0.00  0.00  0.25  0.63  0.00  0.00  0.01  0.00
  C_919-C-34              1.00   0.11  0.00  0.00  0.20  0.69  0.00  0.00  0.03  0.00
  C_920-C-34              1.00   0.11  0.00  0.00  0.26  0.63  0.00  0.00  0.34  0.00
  C_921-C-34              1.00   0.11  0.00  0.00  0.54  0.35  0.00  0.00  0.01  0.00
  C_922-C-34              1.00   0.11  0.00  0.00  0.52  0.37  0.00  0.00  0.47  0.00
  C_923-C-34              1.00   0.11  0.00  0.00  0.20  0.69  0.00  0.00  0.12  0.00
  C_924-C-34              1.00   0.11  0.00  0.00  0.27  0.62  0.00  0.00  0.48  0.00
  C_925-C-34              1.00   0.11  0.00  0.00  0.19  0.70  0.00  0.00  0.38  0.00
  C_926-C-34              1.00   0.11  0.00  0.00  0.18  0.72  0.00  0.00  0.14  0.00
  C_927-C-34              1.00   0.11  0.00  0.00  0.18  0.71  0.00  0.00  0.27  0.00
  C_928-C-34              1.00   0.10  0.00  0.00  0.20  0.70  0.00  0.00  0.50  0.00
  C_929-C-34              1.00   0.10  0.01  0.00  0.23  0.66  0.00  0.00  0.39  0.00
  C_930-C-34              1.00   0.11  0.00  0.00  0.21  0.69  0.00  0.00  0.19  0.00
  C_931-C-34              1.00   0.11  0.00  0.00  0.17  0.72  0.00  0.00  0.08  0.00
  C_932-C-34              1.00   0.11  0.00  0.00  0.15  0.75  0.00  0.00  0.13  0.00
  C_933-C-34              1.00   0.11  0.01  0.00  0.62  0.27  0.00  0.00  0.30  0.00
  C_934-C-34              1.00   0.11  0.00  0.00  0.89  0.00  0.00  0.00  0.38  0.00
  C_935-C-34              1.00   0.11  0.00  0.00  0.89  0.00  0.00  0.00  0.22  0.00
  C_936-C-34              1.00   0.11  0.00  0.00  0.20  0.69  0.00  0.00  0.57  0.00
  C_937-C-34              1.00   0.10  0.00  0.00  0.17  0.73  0.00  0.00  0.00  0.00
  C_938-C-34              1.00   0.10  0.00  0.00  0.02  0.88  0.00  0.00  0.89  0.00
  C_939-C-34              1.00   0.10  0.01  0.00  0.01  0.88  0.00  0.00  0.88  0.00
  C_940-C-34              1.00   0.11  0.00  0.00  0.02  0.87  0.00  0.00  0.88  0.00
  C_941-C-34              1.00   0.11  0.00  0.00  0.02  0.87  0.00  0.00  0.87  0.00
  C_942-C-34              1.00   0.11  0.00  0.00  0.21  0.68  0.00  0.00  0.87  0.00
  C_943-C-34              1.00   0.11  0.00  0.00  0.72  0.17  0.00  0.00  0.87  0.00
  C_944-C-2               1.00   0.10  0.00  0.00  0.17  0.73  0.00  0.00  0.00  0.00
  C_945-C-2               1.00   0.10  0.00  0.00  0.09  0.81  0.00  0.00  0.88  0.00
  C_946-C-2               1.00   0.10  0.00  0.00  0.10  0.80  0.00  0.00  0.70  0.00
  C_947-C-2               1.00   0.11  0.00  0.00  0.82  0.08  0.00  0.00  0.66  0.00
  C_948-C-2               1.00   0.11  0.00  0.00  0.89  0.00  0.00  0.00  0.11  0.00
  C_949-C-2               1.00   0.11  0.00  0.00  0.89  0.00  0.00  0.00  0.25  0.00
  C_950-C-2               1.00   0.11  0.00  0.00  0.89  0.00  0.00  0.00  0.24  0.00
  C_951-C-2               1.00   0.11  0.00  0.00  0.89  0.00  0.00  0.00  0.28  0.00
  C_952-C-2               1.00   0.11  0.00  0.00  0.89  0.00  0.00  0.00  0.22  0.00
  C_953-C-2               1.00   0.11  0.00  0.00  0.89  0.00  0.00  0.00  0.00  0.00
  C_954-C-2               1.00   0.11  0.00  0.00  0.89  0.00  0.00  0.00  0.22  0.00
  C_955-C-2               1.00   0.11  0.00  0.00  0.89  0.00  0.00  0.00  0.23  0.00
  C_956-C-2               1.00   0.11  0.00  0.00  0.89  0.00  0.00  0.00  0.01  0.00
  C_957-C-2               1.00   0.11  0.00  0.00  0.89  0.00  0.00  0.00  0.22  0.00
  C_958-C-2               1.00   0.11  0.00  0.00  0.89  0.00  0.00  0.00  0.23  0.00
  C_959-C-2               1.00   0.11  0.00  0.00  0.76  0.13  0.00  0.00  0.17  0.00
  C_960-C-2               1.00   0.11  0.00  0.00  0.40  0.49  0.00  0.00  0.07  0.00
  C_961-C-2               1.00   0.10  0.01  0.00  0.90  0.00  0.00  0.00  0.23  0.00
  C_962-C-2               1.00   0.10  0.00  0.00  0.90  0.00  0.00  0.00  0.37  0.00
  C_963-C-2               1.00   0.10  0.00  0.00  0.90  0.00  0.00  0.00  0.39  0.00
  C_964-C-2               1.00   0.09  0.00  0.00  0.91  0.00  0.00  0.00  0.00  0.00
  C_965-C-2               1.00   0.09  0.00  0.00  0.91  0.00  0.00  0.00  0.24  0.00
  C_966-C-2               1.00   0.10  0.00  0.00  0.90  0.00  0.00  0.00  0.11  0.00
  C_967-C-2               1.00   0.10  0.00  0.00  0.90  0.00  0.00  0.00  0.21  0.00
  C_968-C-2               1.00   0.10  0.00  0.00  0.90  0.00  0.00  0.00  0.23  0.00
  C_969-C-2               1.00   0.10  0.00  0.00  0.90  0.00  0.00  0.00  0.40  0.00
  C_970-C-2               1.00   0.10  0.00  0.00  0.90  0.00  0.00  0.00  0.43  0.00
  C_971-C-2               1.00   0.10  0.00  0.00  0.90  0.00  0.00  0.00  0.44  0.00
  C_972-C-2               1.00   0.10  0.00  0.00  0.90  0.00  0.00  0.00  0.09  0.00
  C_973-C-2               1.00   0.11  0.00  0.00  0.89  0.00  0.00  0.00  0.17  0.00
  C_974-C-2               1.00   0.11  0.01  0.00  0.89  0.00  0.00  0.00  0.20  0.00
  C_975-C-2               1.00   0.11  0.00  0.00  0.55  0.34  0.00  0.00  0.00  0.00
  C_976-C-2               1.00   0.11  0.01  0.00  0.35  0.53  0.00  0.00  0.65  0.00
  C_977-C-2               1.00   0.10  0.01  0.00  0.35  0.54  0.00  0.00  0.46  0.00
  C_978-C-2               1.00   0.10  0.00  0.00  0.38  0.52  0.00  0.00  0.18  0.00
  C_979-C-2               1.00   0.11  0.00  0.00  0.25  0.65  0.00  0.00  0.45  0.00
  C_980-C-2               1.00   0.11  0.00  0.00  0.18  0.71  0.00  0.00  0.00  0.00
  C_981-C-2               1.00   0.11  0.00  0.00  0.20  0.68  0.00  0.00  0.34  0.00
  C_982-C-2               1.00   0.11  0.01  0.00  0.45  0.43  0.00  0.00  0.28  0.00
  C_983-C-2               1.00   0.11  0.01  0.00  0.66  0.23  0.00  0.00  0.30  0.00
  C_984-C-94              1.00   0.11  0.00  0.00  0.88  0.00  0.00  0.00  0.26  0.00
  C_985-C-94              1.00   0.12  0.00  0.00  0.88  0.00  0.00  0.00  0.16  0.00
  C_986-C-94              1.00   0.11  0.01  0.00  0.88  0.00  0.00  0.00  0.32  0.00
  C_987-C-94              1.00   0.10  0.00  0.00  0.90  0.00  0.00  0.00  0.37  0.00
  C_988-C-2               1.00   0.10  0.00  0.00  0.78  0.12  0.00  0.00  0.21  0.00
  C_989-C-2               1.00   0.10  0.00  0.00  0.81  0.09  0.00  0.00  0.28  0.00
  C_990-C-2               1.00   0.10  0.00  0.00  0.80  0.10  0.00  0.00  0.03  0.00
  C_991-C-2               1.00   0.10  0.00  0.00  0.90  0.00  0.00  0.00  0.28  0.00
  C_992-C-2               1.00   0.10  0.00  0.00  0.90  0.00  0.00  0.00  0.10  0.00
  C_993-C-2               1.00   0.10  0.00  0.00  0.76  0.14  0.00  0.00  0.83  0.00
  C_994-C-108             1.00   0.10  0.00  0.00  0.90  0.00  0.00  0.00  0.00  0.00
  C_995-C-108             1.00   0.11  0.00  0.00  0.89  0.00  0.00  0.00  0.20  0.00
  C_996-C-108             1.00   0.11  0.00  0.00  0.89  0.00  0.00  0.00  0.34  0.00
  C_997-C-108             1.00   0.11  0.00  0.00  0.85  0.05  0.00  0.00  0.38  0.00
  C_998-C-108             1.00   0.11  0.00  0.00  0.89  0.00  0.00  0.00  0.29  0.00
  C_999-C-108             1.00   0.11  0.00  0.00  0.89  0.00  0.00  0.00  0.37  0.00
  C_1000-C-108            1.00   0.10  0.00  0.00  0.89  0.00  0.00  0.00  0.36  0.00
  C_1001-C-108            1.00   0.10  0.00  0.00  0.90  0.00  0.00  0.00  0.00  0.00
  C_1002-C-108            1.00   0.09  0.00  0.00  0.64  0.26  0.00  0.00  0.03  0.00
  C_1003-C-108            1.00   0.09  0.01  0.00  0.80  0.10  0.00  0.00  0.27  0.00
  C_1004-C-108            1.00   0.10  0.00  0.00  0.90  0.00  0.00  0.00  0.13  0.00
  C_1005-C-108            1.00   0.10  0.00  0.00  0.90  0.00  0.00  0.00  0.00  0.00
  C_1006-C-108            1.00   0.10  0.00  0.00  0.85  0.05  0.00  0.00  0.13  0.00
  C_1007-C-108            1.00   0.10  0.00  0.00  0.45  0.45  0.00  0.00  0.00  0.00
  C_1008-C-108            1.00   0.10  0.00  0.00  0.58  0.33  0.00  0.00  0.47  0.00
  C_1009-C-108            1.00   0.10  0.00  0.00  0.57  0.33  0.00  0.00  0.27  0.00
  C_1010-C-108            1.00   0.10  0.00  0.00  0.50  0.40  0.00  0.00  0.00  0.00
  C_1011-C-108            1.00   0.10  0.00  0.00  0.65  0.25  0.00  0.00  0.01  0.00
  C_1012-C-108            1.00   0.10  0.00  0.00  0.90  0.00  0.00  0.00  0.27  0.00
  C_1013-C-108            1.00   0.10  0.00  0.00  0.90  0.00  0.00  0.00  0.21  0.00
  C_1014-C-108            1.00   0.10  0.00  0.00  0.51  0.39  0.00  0.00  0.13  0.00
  C_1015-C-108            1.00   0.10  0.00  0.00  0.90  0.00  0.00  0.00  0.00  0.00
  C_1016-C-108            1.00   0.10  0.00  0.00  0.90  0.00  0.00  0.00  0.28  0.00
  C_1017-C-108            1.00   0.10  0.00  0.00  0.90  0.00  0.00  0.00  0.27  0.00
  C_1018-C-108            1.00   0.10  0.00  0.00  0.90  0.00  0.00  0.00  0.00  0.00
  C_1019-C-108            1.00   0.10  0.00  0.00  0.90  0.00  0.00  0.00  0.30  0.00
  C_1020-C-108            1.00   0.10  0.00  0.00  0.90  0.00  0.00  0.00  0.08  0.00
  C_1021-C-108            1.00   0.10  0.00  0.00  0.90  0.00  0.00  0.00  0.29  0.00
  C_1022-C-108            1.00   0.10  0.00  0.00  0.90  0.00  0.00  0.00  0.12  0.00
  C_1023-C-108            1.00   0.10  0.00  0.00  0.90  0.00  0.00  0.00  0.21  0.00
  C_1024-C-108            1.00   0.10  0.00  0.00  0.90  0.00  0.00  0.00  0.36  0.00
  C_1025-C-108            1.00   0.10  0.00  0.00  0.90  0.00  0.00  0.00  0.19  0.00
  C_1026-C-90             1.00   0.10  0.00  0.00  0.13  0.77  0.00  0.00  0.01  0.00
  C_1027-C-90             1.00   0.10  0.00  0.00  0.85  0.04  0.00  0.00  0.04  0.00
  C_1028-C-90             1.00   0.10  0.00  0.00  0.90  0.00  0.00  0.00  0.16  0.00
  C_1029-C-90             1.00   0.10  0.00  0.00  0.25  0.65  0.00  0.00  0.22  0.00
  C_1030-C-90             1.00   0.10  0.00  0.00  0.90  0.00  0.00  0.00  0.32  0.00
  C_1031-C-90             1.00   0.10  0.00  0.00  0.82  0.09  0.00  0.00  0.00  0.00
  C_1032-C-90             1.00   0.10  0.00  0.00  0.22  0.68  0.00  0.00  0.69  0.00
  C_1033-C-90             1.00   0.10  0.00  0.00  0.19  0.71  0.00  0.00  0.00  0.00
  C_1034-C-90             1.00   0.10  0.00  0.00  0.26  0.64  0.00  0.00  0.12  0.00
  C_1035-C-90             1.00   0.10  0.00  0.00  0.41  0.49  0.00  0.00  0.17  0.00
  C_1036-C-90             1.00   0.10  0.00  0.00  0.66  0.24  0.00  0.00  0.21  0.00
  C_1037-C-90             1.00   0.10  0.00  0.00  0.53  0.37  0.00  0.00  0.22  0.00
  C_1038-C-90             1.00   0.10  0.00  0.00  0.49  0.41  0.00  0.00  0.14  0.00
  C_1039-C-90             1.00   0.10  0.00  0.00  0.49  0.41  0.00  0.00  0.16  0.00
  C_1040-C-90             1.00   0.10  0.00  0.00  0.57  0.33  0.00  0.00  0.26  0.00
  C_1041-C-90             1.00   0.10  0.00  0.00  0.71  0.19  0.00  0.00  0.01  0.00
  C_1042-C-90             1.00   0.10  0.00  0.00  0.55  0.35  0.00  0.00  0.20  0.00
  C_1043-C-90             1.00   0.10  0.00  0.00  0.56  0.34  0.00  0.00  0.20  0.00
  C_1044-C-90             1.00   0.10  0.00  0.00  0.55  0.35  0.00  0.00  0.22  0.00
  C_1045-C-90             1.00   0.10  0.00  0.00  0.55  0.35  0.00  0.00  0.00  0.00
  C_1046-C-90             1.00   0.10  0.00  0.00  0.57  0.33  0.00  0.00  0.00  0.00
  C_1047-C-90             1.00   0.10  0.00  0.00  0.66  0.24  0.00  0.00  0.21  0.00
  C_1048-C-90             1.00   0.10  0.00  0.00  0.65  0.25  0.00  0.00  0.03  0.00
  C_1049-C-90             1.00   0.10  0.00  0.00  0.76  0.14  0.00  0.00  0.21  0.00
  C_1050-C-90             1.00   0.10  0.00  0.00  0.73  0.17  0.00  0.00  0.03  0.00
  C_1051-C-90             1.00   0.10  0.00  0.00  0.64  0.26  0.00  0.00  0.21  0.00
  C_1052-C-90             1.00   0.10  0.00  0.00  0.77  0.13  0.00  0.00  0.11  0.00
  C_1053-C-90             1.00   0.10  0.00  0.00  0.82  0.08  0.00  0.00  0.08  0.00
  C_1054-C-90             1.00   0.10  0.00  0.00  0.75  0.15  0.00  0.00  0.17  0.00
  C_1055-C-90             1.00   0.10  0.00  0.00  0.86  0.04  0.00  0.00  0.24  0.00
  C_1056-C-90             1.00   0.10  0.00  0.00  0.90  0.00  0.00  0.00  0.06  0.00
  C_1057-C-90             1.00   0.10  0.00  0.00  0.75  0.15  0.00  0.00  0.00  0.00
  C_1058-C-90             1.00   0.10  0.00  0.00  0.90  0.00  0.00  0.00  0.28  0.00
  C_1059-C-90             1.00   0.10  0.00  0.00  0.90  0.00  0.00  0.00  0.00  0.00
  C_1060-C-90             1.00   0.10  0.00  0.00  0.90  0.00  0.00  0.00  0.00  0.00
  C_1061-C-90             1.00   0.10  0.00  0.00  0.86  0.04  0.00  0.00  0.19  0.00
  C_1062-C-90             1.00   0.10  0.00  0.00  0.88  0.02  0.00  0.00  0.19  0.00
  C_1063-C-90             1.00   0.10  0.00  0.00  0.90  0.00  0.00  0.00  0.28  0.00
  C_1064-C-90             1.00   0.10  0.00  0.00  0.90  0.00  0.00  0.00  0.19  0.00
  C_1065-C-90             1.00   0.10  0.00  0.00  0.65  0.25  0.00  0.00  0.31  0.00
  C_1066-C-90             1.00   0.10  0.00  0.00  0.64  0.26  0.00  0.00  0.24  0.00
  C_1067-C-90             1.00   0.10  0.00  0.00  0.65  0.25  0.00  0.00  0.25  0.00
  C_1068-C-90             1.00   0.10  0.00  0.00  0.56  0.34  0.00  0.00  0.00  0.00
  C_1069-C-90             1.00   0.10  0.00  0.00  0.56  0.34  0.00  0.00  0.04  0.00
  C_1070-C-90             1.00   0.10  0.00  0.00  0.57  0.33  0.00  0.00  0.04  0.00
  C_1071-C-90             1.00   0.10  0.00  0.00  0.57  0.33  0.00  0.00  0.13  0.00
  C_1072-C-90             1.00   0.10  0.00  0.00  0.58  0.32  0.00  0.00  0.00  0.00
  C_1073-C-90             1.00   0.10  0.00  0.00  0.59  0.31  0.00  0.00  0.26  0.00
  C_1074-C-90             1.00   0.10  0.00  0.00  0.61  0.29  0.00  0.00  0.04  0.00
  C_1075-C-90             1.00   0.10  0.00  0.00  0.58  0.32  0.00  0.00  0.00  0.00
  C_1076-C-90             1.00   0.10  0.00  0.00  0.58  0.32  0.00  0.00  0.15  0.00
  C_1077-C-90             1.00   0.10  0.00  0.00  0.58  0.32  0.00  0.00  0.30  0.00
  C_1078-C-90             1.00   0.10  0.00  0.00  0.67  0.23  0.00  0.00  0.22  0.00
  C_1079-C-90             1.00   0.10  0.00  0.00  0.70  0.20  0.00  0.00  0.29  0.00
  C_1080-C-112            1.00   0.10  0.00  0.00  0.62  0.28  0.00  0.00  0.07  0.00
  C_1081-C-112            1.00   0.10  0.00  0.00  0.90  0.00  0.00  0.00  0.05  0.00
  C_1082-C-112            1.00   0.10  0.00  0.00  0.73  0.17  0.00  0.00  0.00  0.00
  C_1083-C-112            1.00   0.10  0.00  0.00  0.73  0.17  0.00  0.00  0.00  0.00
  C_1084-C-112            1.00   0.10  0.00  0.00  0.74  0.16  0.00  0.00  0.09  0.00
  C_1085-C-112            1.00   0.10  0.00  0.00  0.80  0.10  0.00  0.00  0.00  0.00
  C_1086-C-112            1.00   0.10  0.00  0.00  0.90  0.00  0.00  0.00  0.09  0.00
  C_1087-C-112            1.00   0.10  0.00  0.00  0.90  0.00  0.00  0.00  0.24  0.00
  C_1088-C-112            1.00   0.10  0.00  0.00  0.79  0.11  0.00  0.00  0.20  0.00
  C_1089-C-112            1.00   0.10  0.00  0.00  0.71  0.19  0.00  0.00  0.00  0.00
  C_1090-C-112            1.00   0.10  0.00  0.00  0.86  0.04  0.00  0.00  0.18  0.00
  C_1091-C-112            1.00   0.10  0.00  0.00  0.90  0.00  0.00  0.00  0.30  0.00
  C_1092-C-112            1.00   0.10  0.00  0.00  0.90  0.00  0.00  0.00  0.00  0.00
  C_1093-C-112            1.00   0.10  0.00  0.00  0.86  0.04  0.00  0.00  0.00  0.00
  C_1094-C-112            1.00   0.10  0.00  0.00  0.70  0.20  0.00  0.00  0.00  0.00
  C_1095-C-112            1.00   0.10  0.00  0.00  0.90  0.00  0.00  0.00  0.19  0.00
  C_1096-C-112            1.00   0.10  0.00  0.00  0.90  0.00  0.00  0.00  0.18  0.00
  C_1097-C-112            1.00   0.10  0.00  0.00  0.90  0.00  0.00  0.00  0.27  0.00
  C_1098-C-112            1.00   0.10  0.00  0.00  0.81  0.09  0.00  0.00  0.00  0.00
  C_1099-C-112            1.00   0.10  0.00  0.00  0.71  0.19  0.00  0.00  0.19  0.00
  C_1100-C-112            1.00   0.10  0.00  0.00  0.85  0.05  0.00  0.00  0.24  0.00
  C_1101-C-112            1.00   0.10  0.00  0.00  0.90  0.00  0.00  0.00  0.25  0.00
  C_1102-C-112            1.00   0.10  0.00  0.00  0.90  0.00  0.00  0.00  0.05  0.00
  C_1103-C-112            1.00   0.10  0.00  0.00  0.86  0.04  0.00  0.00  0.05  0.00
  C_1104-C-112            1.00   0.10  0.00  0.00  0.67  0.23  0.00  0.00  0.00  0.00
  C_1105-C-112            1.00   0.10  0.00  0.00  0.90  0.00  0.00  0.00  0.23  0.00
  C_1106-C-112            1.00   0.10  0.00  0.00  0.90  0.00  0.00  0.00  0.12  0.00
  C_1107-C-112            1.00   0.10  0.00  0.00  0.77  0.14  0.00  0.00  0.04  0.00
  C_1108-C-112            1.00   0.10  0.00  0.00  0.80  0.10  0.00  0.00  0.00  0.00
  C_1109-C-112            1.00   0.10  0.00  0.00  0.90  0.00  0.00  0.00  0.21  0.00
  C_1110-C-112            1.00   0.10  0.00  0.00  0.90  0.00  0.00  0.00  0.22  0.00
  C_1111-C-112            1.00   0.10  0.00  0.00  0.82  0.08  0.00  0.00  0.00  0.00
  C_1112-C-112            1.00   0.09  0.01  0.00  0.89  0.00  0.00  0.00  0.20  0.00
  C_1113-C-112            1.00   0.10  0.01  0.00  0.89  0.00  0.00  0.00  0.11  0.00
  C_1114-C-112            1.00   0.10  0.01  0.00  0.75  0.14  0.00  0.00  0.20  0.00
  C_1115-C-112            1.00   0.09  0.00  0.00  0.77  0.13  0.00  0.00  0.28  0.00
  C_1116-C-112            1.00   0.09  0.00  0.00  0.91  0.00  0.00  0.00  0.11  0.00
  C_1117-C-112            1.00   0.10  0.00  0.00  0.90  0.00  0.00  0.00  0.00  0.00
  C_1118-C-112            1.00   0.10  0.00  0.00  0.86  0.04  0.00  0.00  0.00  0.00
  C_1119-C-112            1.00   0.10  0.00  0.00  0.90  0.00  0.00  0.00  0.01  0.00
  C_1120-C-112            1.00   0.10  0.00  0.00  0.90  0.00  0.00  0.00  0.21  0.00
  C_1121-C-112            1.00   0.10  0.00  0.00  0.83  0.07  0.00  0.00  0.22  0.00
  C_1122-C-112            1.00   0.10  0.00  0.00  0.68  0.22  0.00  0.00  0.00  0.00
  C_1123-C-112            1.00   0.10  0.00  0.00  0.90  0.00  0.00  0.00  0.13  0.00
  C_1124-C-112            1.00   0.10  0.00  0.00  0.90  0.00  0.00  0.00  0.18  0.00
  C_1125-C-112            1.00   0.10  0.00  0.00  0.90  0.00  0.00  0.00  0.00  0.00
  C_1126-C-112            1.00   0.10  0.00  0.00  0.90  0.00  0.00  0.00  0.00  0.00
  C_1127-C-112            1.00   0.10  0.00  0.00  0.90  0.00  0.00  0.00  0.00  0.00
  C_1128-C-112            1.00   0.10  0.00  0.00  0.90  0.00  0.00  0.00  0.17  0.00
  C_1129-C-112            1.00   0.10  0.00  0.00  0.90  0.00  0.00  0.00  0.20  0.00
  C_1130-C-112            1.00   0.10  0.00  0.00  0.90  0.00  0.00  0.00  0.17  0.00
  C_1131-C-112            1.00   0.10  0.00  0.00  0.84  0.06  0.00  0.00  0.00  0.00
  C_1132-C-112            1.00   0.10  0.00  0.00  0.83  0.07  0.00  0.00  0.28  0.00
  C_1133-C-112            1.00   0.10  0.00  0.00  0.90  0.00  0.00  0.00  0.00  0.00
  C_1134-C-112            1.00   0.10  0.00  0.00  0.90  0.00  0.00  0.00  0.27  0.00
  C_1135-C-112            1.00   0.10  0.00  0.00  0.90  0.00  0.00  0.00  0.04  0.00
  C_1136-C-112            1.00   0.10  0.00  0.00  0.90  0.00  0.00  0.00  0.00  0.00
  C_1137-C-112            1.00   0.10  0.00  0.00  0.90  0.00  0.00  0.00  0.24  0.00
  C_1138-C-112            1.00   0.10  0.00  0.00  0.90  0.00  0.00  0.00  0.00  0.00
  C_1139-C-112            1.00   0.10  0.00  0.00  0.90  0.00  0.00  0.00  0.27  0.00
  C_1140-C-112            1.00   0.10  0.00  0.00  0.90  0.00  0.00  0.00  0.00  0.00
  C_1141-C-112            1.00   0.10  0.00  0.00  0.90  0.00  0.00  0.00  0.00  0.00
  C_1142-C-112            1.00   0.10  0.00  0.00  0.90  0.00  0.00  0.00  0.28  0.00
  C_1143-C-112            1.00   0.10  0.00  0.00  0.90  0.00  0.00  0.00  0.06  0.00
  C_1144-C-112            1.00   0.10  0.00  0.00  0.90  0.00  0.00  0.00  0.00  0.00
  C_1145-C-140            1.00   0.10  0.00  0.00  0.55  0.35  0.00  0.00  0.00  0.00
  C_1146-C-140            1.00   0.10  0.00  0.00  0.90  0.00  0.00  0.00  0.00  0.00
  C_1147-C-140            1.00   0.10  0.00  0.00  0.90  0.00  0.00  0.00  0.00  0.00
  C_1148-C-140            1.00   0.10  0.00  0.00  0.90  0.00  0.00  0.00  0.12  0.00
  C_1149-C-140            1.00   0.10  0.00  0.00  0.72  0.18  0.00  0.00  0.23  0.00
  C_1150-C-140            1.00   0.10  0.00  0.00  0.52  0.38  0.00  0.00  0.20  0.00
  C_1151-C-140            1.00   0.10  0.00  0.00  0.43  0.47  0.00  0.00  0.01  0.00
  C_1152-C-140            1.00   0.10  0.00  0.00  0.34  0.56  0.00  0.00  0.01  0.00
  C_1153-C-140            1.00   0.10  0.00  0.00  0.13  0.77  0.00  0.00  0.18  0.00
  C_1154-C-140            1.00   0.10  0.00  0.00  0.12  0.78  0.00  0.00  0.20  0.00
  C_1155-C-140            1.00   0.10  0.00  0.00  0.10  0.80  0.00  0.00  0.05  0.00
  C_1156-C-140            1.00   0.10  0.00  0.00  0.07  0.83  0.00  0.00  0.06  0.00
  C_1157-C-140            1.00   0.10  0.00  0.00  0.09  0.81  0.00  0.00  0.86  0.00
  C_1158-C-140            1.00   0.10  0.01  0.00  0.12  0.77  0.00  0.00  0.58  0.00
  C_1159-C-140            1.00   0.10  0.00  0.00  0.02  0.87  0.00  0.00  0.38  0.00
  C_1160-C-140            1.00   0.10  0.00  0.00  0.11  0.79  0.00  0.00  0.40  0.00
  C_1161-C-140            1.00   0.10  0.00  0.00  0.02  0.88  0.00  0.00  0.46  0.00
  C_1162-C-140            1.00   0.10  0.00  0.00  0.06  0.84  0.00  0.00  0.86  0.00
  C_1163-C-140            1.00   0.10  0.00  0.00  0.02  0.87  0.00  0.00  0.78  0.00
  C_1164-C-140            1.00   0.10  0.00  0.00  0.02  0.88  0.00  0.00  0.33  0.00
  C_1165-C-91             1.00   0.10  0.00  0.00  0.02  0.88  0.00  0.00  0.40  0.00
  C_1166-C-91             1.00   0.10  0.00  0.00  0.14  0.76  0.00  0.00  0.86  0.00
  C_1167-C-91             1.00   0.10  0.00  0.00  0.05  0.85  0.00  0.00  0.89  0.00
  C_1168-C-91             1.00   0.10  0.00  0.00  0.02  0.88  0.00  0.00  0.43  0.00
  C_1169-C-91             1.00   0.10  0.00  0.00  0.02  0.88  0.00  0.00  0.80  0.00
  C_1170-C-91             1.00   0.10  0.00  0.00  0.02  0.89  0.00  0.00  0.44  0.00
  C_1171-C-91             1.00   0.10  0.00  0.00  0.02  0.88  0.00  0.00  0.86  0.00
  C_1172-C-91             1.00   0.10  0.00  0.00  0.03  0.87  0.00  0.00  0.85  0.00
  C_1173-C-91             1.00   0.10  0.00  0.00  0.02  0.88  0.00  0.00  0.80  0.00
  C_1174-C-91             1.00   0.10  0.00  0.00  0.02  0.89  0.00  0.00  0.84  0.00
  C_1175-C-91             1.00   0.09  0.00  0.00  0.02  0.89  0.00  0.00  0.78  0.00
  C_1176-C-91             1.00   0.09  0.00  0.00  0.02  0.89  0.00  0.00  0.89  0.00
  C_1177-C-91             1.00   0.09  0.00  0.00  0.03  0.88  0.00  0.00  0.89  0.00
  C_1178-C-91             1.00   0.09  0.00  0.00  0.12  0.79  0.00  0.00  0.89  0.00
  C_1179-C-91             1.00   0.09  0.00  0.00  0.91  0.00  0.00  0.00  0.89  0.00
  C_1180-C-91             1.00   0.09  0.00  0.00  0.03  0.87  0.00  0.00  0.89  0.00
  C_1181-C-91             1.00   0.09  0.00  0.00  0.01  0.89  0.00  0.00  0.89  0.00
  C_1182-C-91             1.00   0.09  0.00  0.00  0.02  0.89  0.00  0.00  0.89  0.00
  C_1183-C-91             1.00   0.09  0.00  0.00  0.01  0.89  0.00  0.00  0.89  0.00
  C_1184-C-91             1.00   0.09  0.00  0.00  0.03  0.87  0.00  0.00  0.89  0.00
  C_1185-C-91             1.00   0.09  0.00  0.00  0.01  0.89  0.00  0.00  0.90  0.00
  C_1186-C-91             1.00   0.09  0.00  0.00  0.01  0.89  0.00  0.00  0.29  0.00
  C_1187-C-91             1.00   0.09  0.00  0.00  0.06  0.84  0.00  0.00  0.90  0.00
  C_1188-C-91             1.00   0.09  0.00  0.00  0.02  0.89  0.00  0.00  0.90  0.00
  C_1189-C-91             1.00   0.09  0.00  0.00  0.05  0.86  0.00  0.00  0.02  0.00
  C_1190-C-91             1.00   0.09  0.00  0.00  0.30  0.60  0.00  0.00  0.21  0.00
  C_1191-C-91             1.00   0.09  0.00  0.00  0.48  0.42  0.00  0.00  0.18  0.00
  C_1192-C-91             1.00   0.09  0.01  0.00  0.61  0.30  0.00  0.00  0.32  0.00
  C_1193-C-91             1.00   0.09  0.00  0.00  0.51  0.41  0.00  0.00  0.29  0.00
  C_1194-C-91             1.00   0.09  0.00  0.00  0.64  0.26  0.00  0.00  0.09  0.00
  C_1195-C-91             1.00   0.09  0.00  0.00  0.08  0.82  0.00  0.00  0.02  0.00
  C_1196-C-91             1.00   0.09  0.00  0.00  0.02  0.89  0.00  0.00  0.00  0.00
  C_1197-C-29             1.00   0.11  0.01  0.00  0.62  0.27  0.00  0.00  0.21  0.00
  C_1198-C-29             1.00   0.12  0.00  0.00  0.88  0.00  0.00  0.00  0.30  0.00
  C_1199-C-29             1.00   0.12  0.00  0.00  0.51  0.37  0.00  0.00  0.24  0.00
  C_1200-C-29             1.00   0.11  0.00  0.00  0.24  0.65  0.00  0.00  0.00  0.00
  C_1201-C-29             1.00   0.11  0.00  0.00  0.26  0.63  0.00  0.00  0.37  0.00
  C_1202-C-29             1.00   0.11  0.00  0.00  0.21  0.68  0.00  0.00  0.00  0.00
  C_1203-C-29             1.00   0.11  0.00  0.00  0.29  0.61  0.00  0.00  0.09  0.00
  C_1204-C-29             1.00   0.11  0.01  0.00  0.29  0.60  0.00  0.00  0.61  0.00
  C_1205-C-29             1.00   0.11  0.00  0.00  0.26  0.63  0.00  0.00  0.00  0.00
  C_1206-C-29             1.00   0.11  0.00  0.00  0.26  0.63  0.00  0.00  0.21  0.00
  C_1207-C-29             1.00   0.11  0.00  0.00  0.40  0.49  0.00  0.00  0.00  0.00
  C_1208-C-29             1.00   0.11  0.00  0.00  0.22  0.68  0.00  0.00  0.00  0.00
  C_1209-C-29             1.00   0.11  0.00  0.00  0.22  0.67  0.00  0.00  0.46  0.00
  C_1210-C-29             1.00   0.11  0.00  0.00  0.18  0.71  0.00  0.00  0.28  0.00
  C_1211-C-29             1.00   0.10  0.00  0.00  0.17  0.73  0.00  0.00  0.00  0.00
  C_1212-C-29             1.00   0.10  0.00  0.00  0.17  0.73  0.00  0.00  0.36  0.00
  C_1213-C-29             1.00   0.10  0.00  0.00  0.12  0.79  0.00  0.00  0.07  0.00
  C_1214-C-29             1.00   0.10  0.00  0.00  0.12  0.78  0.00  0.00  0.51  0.00
  C_1215-C-29             1.00   0.10  0.00  0.00  0.05  0.86  0.00  0.00  0.80  0.00
  C_1216-C-29             1.00   0.10  0.00  0.00  0.02  0.88  0.00  0.00  0.81  0.00
  C_1217-C-29             1.00   0.10  0.00  0.00  0.02  0.88  0.00  0.00  0.31  0.00
  C_1218-C-29             1.00   0.10  0.00  0.00  0.02  0.88  0.00  0.00  0.32  0.00
  C_1219-C-29             1.00   0.10  0.00  0.00  0.02  0.88  0.00  0.00  0.66  0.00
  C_1220-C-29             1.00   0.10  0.00  0.00  0.02  0.88  0.00  0.00  0.54  0.00
  C_1221-C-29             1.00   0.10  0.00  0.00  0.09  0.80  0.00  0.00  0.48  0.00
  C_1222-C-29             1.00   0.10  0.00  0.00  0.34  0.56  0.00  0.00  0.06  0.00
  C_1223-C-29             1.00   0.10  0.00  0.00  0.22  0.68  0.00  0.00  0.88  0.00
  C_1224-C-29             1.00   0.10  0.00  0.00  0.15  0.75  0.00  0.00  0.51  0.00
  C_1225-C-29             1.00   0.10  0.00  0.00  0.30  0.60  0.00  0.00  0.70  0.00
  C_1226-C-29             1.00   0.10  0.00  0.00  0.90  0.00  0.00  0.00  0.28  0.00
  C_1227-C-29             1.00   0.10  0.00  0.00  0.90  0.00  0.00  0.00  0.89  0.00
  C_1228-C-29             1.00   0.10  0.00  0.00  0.90  0.00  0.00  0.00  0.23  0.00
  C_1229-C-29             1.00   0.10  0.00  0.00  0.90  0.00  0.00  0.00  0.89  0.00
  C_1230-C-29             1.00   0.10  0.01  0.00  0.90  0.00  0.00  0.00  0.65  0.00
  C_1231-C-29             1.00   0.10  0.00  0.00  0.90  0.00  0.00  0.00  0.00  0.00
  C_1232-C-30             1.00   0.10  0.00  0.00  0.89  0.00  0.00  0.00  0.26  0.00
  C_1233-C-30             1.00   0.10  0.00  0.00  0.90  0.00  0.00  0.00  0.88  0.00
  C_1234-C-30             1.00   0.09  0.00  0.00  0.91  0.00  0.00  0.00  0.00  0.00
  C_1235-C-30             1.00   0.09  0.00  0.00  0.74  0.17  0.00  0.00  0.88  0.00
  C_1236-C-100            1.00   0.11  0.00  0.00  0.15  0.74  0.00  0.00  0.04  0.00
  C_1237-C-30             1.00   0.10  0.30  0.00  0.59  0.00  0.00  0.00  0.00  0.00
  C_1238-C-30             1.00   0.10  0.00  0.00  0.90  0.00  0.00  0.00  0.10  0.00
  C_1239-C-100            1.00   0.10  0.01  0.00  0.47  0.42  0.00  0.00  0.14  0.00
  C_1240-C-100            1.00   0.11  0.00  0.00  0.22  0.67  0.00  0.00  0.31  0.00
  C_1241-C-124            1.00   0.10  0.00  0.00  0.57  0.33  0.00  0.00  0.76  0.00
  C_1242-C-124            1.00   0.10  0.00  0.00  0.90  0.00  0.00  0.00  0.24  0.00
  C_1243-C-124            1.00   0.10  0.00  0.00  0.90  0.00  0.00  0.00  0.75  0.00
  C_1244-C-124            1.00   0.11  0.00  0.00  0.43  0.47  0.00  0.00  0.25  0.00
  C_1245-C-124            1.00   0.11  0.00  0.00  0.89  0.00  0.00  0.00  0.78  0.00
  C_1246-C-124            1.00   0.11  0.00  0.00  0.89  0.00  0.00  0.00  0.27  0.00
  C_1247-C-124            1.00   0.11  0.00  0.00  0.56  0.33  0.00  0.00  0.38  0.00
  C_1248-C-124            1.00   0.10  0.01  0.00  0.77  0.12  0.00  0.00  0.40  0.00
  C_1249-C-124            1.00   0.10  0.00  0.00  0.90  0.00  0.00  0.00  0.40  0.00
  C_1250-C-124            1.00   0.10  0.01  0.00  0.89  0.00  0.00  0.00  0.23  0.00
  C_1251-C-124            1.00   0.11  0.00  0.00  0.89  0.00  0.00  0.00  0.13  0.00
  C_1252-C-124            1.00   0.11  0.00  0.00  0.89  0.00  0.00  0.00  0.24  0.00
  C_1253-C-124            1.00   0.11  0.00  0.00  0.89  0.00  0.00  0.00  0.21  0.00
  C_1254-C-124            1.00   0.11  0.00  0.00  0.89  0.00  0.00  0.00  0.18  0.00
  C_1255-C-124            1.00   0.10  0.00  0.00  0.90  0.00  0.00  0.00  0.21  0.00
  C_1256-C-124            1.00   0.10  0.00  0.00  0.85  0.05  0.00  0.00  0.51  0.00
  C_1257-C-124            1.00   0.10  0.00  0.00  0.75  0.15  0.00  0.00  0.51  0.00
  C_1258-C-124            1.00   0.10  0.00  0.00  0.78  0.12  0.00  0.00  0.15  0.00
  C_1259-C-95             1.00   0.10  0.01  0.00  0.85  0.04  0.00  0.00  0.34  0.00
  C_1260-C-85             1.00   0.10  0.00  0.00  0.90  0.00  0.00  0.00  0.00  0.00
  C_1261-C-85             1.00   0.10  0.00  0.00  0.89  0.00  0.00  0.00  0.31  0.00
  C_1262-C-85             1.00   0.11  0.00  0.00  0.69  0.20  0.00  0.00  0.20  0.00
  C_1263-C-85             1.00   0.11  0.00  0.00  0.58  0.31  0.00  0.00  0.00  0.00
  C_1264-C-85             1.00   0.11  0.00  0.00  0.55  0.35  0.00  0.00  0.16  0.00
  C_1265-C-85             1.00   0.10  0.00  0.00  0.47  0.42  0.00  0.00  0.00  0.00
  C_1266-C-85             1.00   0.10  0.00  0.00  0.47  0.43  0.00  0.00  0.25  0.00
  C_1267-C-85             1.00   0.10  0.00  0.00  0.13  0.77  0.00  0.00  0.56  0.00
  C_1268-C-85             1.00   0.10  0.00  0.00  0.12  0.78  0.00  0.00  0.08  0.00
  C_1269-C-85             1.00   0.09  0.00  0.00  0.10  0.81  0.00  0.00  0.25  0.00
  C_1270-C-85             1.00   0.09  0.00  0.00  0.12  0.79  0.00  0.00  0.72  0.00
  C_1271-C-85             1.00   0.09  0.00  0.00  0.15  0.75  0.00  0.00  0.86  0.00
  C_1272-C-85             1.00   0.10  0.00  0.00  0.14  0.76  0.00  0.00  0.18  0.00
  C_1273-C-85             1.00   0.10  0.00  0.00  0.10  0.80  0.00  0.00  0.00  0.00
  C_1274-C-85             1.00   0.09  0.00  0.00  0.04  0.87  0.00  0.00  0.72  0.00
  C_1275-C-102            1.00   0.10  0.00  0.00  0.02  0.88  0.00  0.00  0.19  0.00
  C_1276-C-102            1.00   0.10  0.00  0.00  0.27  0.62  0.00  0.00  0.38  0.00
  C_1277-C-102            1.00   0.10  0.02  0.00  0.37  0.51  0.00  0.00  0.54  0.00
  C_1278-C-35             1.00   0.12  0.00  0.00  0.43  0.45  0.00  0.00  0.27  0.00
  C_1279-C-35             1.00   0.12  0.00  0.00  0.88  0.00  0.00  0.00  0.14  0.00
  C_1280-C-35             1.00   0.12  0.00  0.00  0.88  0.00  0.00  0.00  0.00  0.00
  C_1281-C-35             1.00   0.11  0.01  0.00  0.88  0.00  0.00  0.00  0.24  0.00
  C_1282-C-35             1.00   0.11  0.00  0.00  0.89  0.00  0.00  0.00  0.31  0.00
  C_1283-C-35             1.00   0.11  0.00  0.00  0.75  0.14  0.00  0.00  0.22  0.00
  C_1284-C-35             1.00   0.11  0.00  0.00  0.25  0.64  0.00  0.00  0.00  0.00
  C_1285-C-35             1.00   0.11  0.00  0.00  0.22  0.67  0.00  0.00  0.00  0.00
  C_1286-C-35             1.00   0.11  0.00  0.00  0.24  0.65  0.00  0.00  0.01  0.00
  C_1287-C-35             1.00   0.11  0.00  0.00  0.24  0.65  0.00  0.00  0.32  0.00
  C_1288-C-35             1.00   0.11  0.00  0.00  0.26  0.63  0.00  0.00  0.69  0.00
  C_1289-C-35             1.00   0.11  0.00  0.00  0.26  0.63  0.00  0.00  0.15  0.00
  C_1290-C-35             1.00   0.11  0.00  0.00  0.25  0.64  0.00  0.00  0.24  0.00
  C_1291-C-35             1.00   0.10  0.00  0.00  0.40  0.50  0.00  0.00  0.20  0.00
  C_1292-C-35             1.00   0.10  0.00  0.00  0.39  0.51  0.00  0.00  0.38  0.00
  C_1293-C-35             1.00   0.10  0.00  0.00  0.30  0.59  0.00  0.00  0.78  0.00
  C_1294-C-35             1.00   0.11  0.00  0.00  0.34  0.56  0.00  0.00  0.73  0.00
  C_1295-C-35             1.00   0.11  0.00  0.00  0.60  0.29  0.00  0.00  0.15  0.00
  C_1296-C-35             1.00   0.11  0.00  0.00  0.84  0.05  0.00  0.00  0.00  0.00
  C_1297-C-35             1.00   0.11  0.00  0.00  0.28  0.61  0.00  0.00  0.15  0.00
  C_1298-C-35             1.00   0.10  0.00  0.00  0.28  0.61  0.00  0.00  0.00  0.00
  C_1299-C-35             1.00   0.10  0.00  0.00  0.28  0.62  0.00  0.00  0.19  0.00
  C_1300-C-35             1.00   0.10  0.00  0.00  0.24  0.65  0.00  0.00  0.25  0.00
  C_1301-C-35             1.00   0.11  0.00  0.00  0.19  0.71  0.00  0.00  0.18  0.00
  C_1302-C-35             1.00   0.11  0.00  0.00  0.21  0.68  0.00  0.00  0.49  0.00
  C_1303-C-35             1.00   0.11  0.00  0.00  0.21  0.68  0.00  0.00  0.22  0.00
  C_1304-C-35             1.00   0.11  0.00  0.00  0.24  0.65  0.00  0.00  0.52  0.00
  C_1305-C-35             1.00   0.11  0.00  0.00  0.22  0.67  0.00  0.00  0.25  0.00
  C_1306-C-35             1.00   0.11  0.00  0.00  0.16  0.73  0.00  0.00  0.00  0.00
  C_1307-C-35             1.00   0.11  0.00  0.00  0.16  0.73  0.00  0.00  0.01  0.00
  C_1308-C-35             1.00   0.11  0.00  0.00  0.17  0.72  0.00  0.00  0.23  0.00
  C_1309-C-35             1.00   0.11  0.00  0.00  0.12  0.78  0.00  0.00  0.32  0.00
  C_1310-C-35             1.00   0.11  0.00  0.00  0.10  0.79  0.00  0.00  0.18  0.00
  C_1311-C-35             1.00   0.11  0.00  0.00  0.10  0.80  0.00  0.00  0.33  0.00
  C_1312-C-35             1.00   0.10  0.00  0.00  0.01  0.88  0.00  0.00  0.14  0.00
  C_1313-C-35             1.00   0.10  0.00  0.00  0.01  0.89  0.00  0.00  0.83  0.00
  C_1314-C-35             1.00   0.10  0.00  0.00  0.02  0.87  0.00  0.00  0.49  0.00
  C_1315-C-35             1.00   0.10  0.00  0.00  0.01  0.88  0.00  0.00  0.76  0.00
  C_1316-C-35             1.00   0.10  0.00  0.00  0.01  0.88  0.00  0.00  0.37  0.00
  C_1317-C-35             1.00   0.11  0.00  0.00  0.01  0.88  0.00  0.00  0.51  0.00
  C_1318-C-35             1.00   0.10  0.00  0.00  0.02  0.88  0.00  0.00  0.33  0.00
  C_1319-C-35             1.00   0.10  0.00  0.00  0.01  0.89  0.00  0.00  0.56  0.00
  C_1320-C-35             1.00   0.10  0.00  0.00  0.04  0.86  0.00  0.00  0.30  0.00
  C_1321-C-35             1.00   0.10  0.00  0.00  0.37  0.53  0.00  0.00  0.27  0.00
  C_1322-C-35             1.00   0.10  0.00  0.00  0.90  0.00  0.00  0.00  0.00  0.00
  C_1323-C-35             1.00   0.10  0.00  0.00  0.90  0.00  0.00  0.00  0.25  0.00
  C_1324-C-35             1.00   0.10  0.00  0.00  0.90  0.00  0.00  0.00  0.25  0.00
  C_1325-C-42             1.00   0.10  0.00  0.00  0.90  0.00  0.00  0.00  0.00  0.00
  C_1326-C-42             1.00   0.09  0.00  0.00  0.86  0.05  0.00  0.00  0.18  0.00
  C_1327-C-42             1.00   0.09  0.00  0.00  0.48  0.42  0.00  0.00  0.90  0.00
  C_1328-C-42             1.00   0.09  0.01  0.00  0.22  0.68  0.00  0.00  0.50  0.00
  C_1329-C-42             1.00   0.10  0.00  0.00  0.18  0.72  0.00  0.00  0.52  0.00
  C_1330-C-42             1.00   0.10  0.01  0.00  0.17  0.72  0.00  0.00  0.46  0.00
  C_1331-C-42             1.00   0.10  0.00  0.00  0.12  0.78  0.00  0.00  0.29  0.00
  C_1332-C-42             1.00   0.10  0.00  0.00  0.24  0.66  0.00  0.00  0.43  0.00
  C_1333-C-42             1.00   0.10  0.00  0.00  0.90  0.00  0.00  0.00  0.26  0.00
  C_1334-C-42             1.00   0.10  0.00  0.00  0.90  0.00  0.00  0.00  0.14  0.00
  C_1335-C-42             1.00   0.10  0.00  0.00  0.90  0.00  0.00  0.00  0.27  0.00
  C_1336-C-42             1.00   0.10  0.00  0.00  0.47  0.43  0.00  0.00  0.00  0.00
  C_1337-C-42             1.00   0.09  0.01  0.00  0.90  0.00  0.00  0.00  0.25  0.00
  C_1338-C-42             1.00   0.09  0.00  0.00  0.91  0.00  0.00  0.00  0.45  0.00
  C_1339-C-42             1.00   0.09  0.00  0.00  0.51  0.40  0.00  0.00  0.22  0.00
  C_1340-C-42             1.00   0.10  0.00  0.00  0.58  0.32  0.00  0.00  0.24  0.00
  C_1341-C-42             1.00   0.09  0.01  0.00  0.90  0.00  0.00  0.00  0.25  0.00
  C_1342-C-42             1.00   0.09  0.00  0.00  0.91  0.00  0.00  0.00  0.04  0.00
  C_1343-C-42             1.00   0.10  0.00  0.00  0.90  0.00  0.00  0.00  0.00  0.00
  C_1344-C-42             1.00   0.10  0.00  0.00  0.90  0.00  0.00  0.00  0.14  0.00
  C_1345-C-42             1.00   0.10  0.00  0.00  0.90  0.00  0.00  0.00  0.22  0.00
  C_1346-C-42             1.00   0.10  0.00  0.00  0.90  0.00  0.00  0.00  0.01  0.00
  C_1347-C-42             1.00   0.10  0.00  0.00  0.90  0.00  0.00  0.00  0.00  0.00
  C_1348-C-42             1.00   0.10  0.00  0.00  0.90  0.00  0.00  0.00  0.00  0.00
  C_1349-C-42             1.00   0.10  0.00  0.00  0.90  0.00  0.00  0.00  0.32  0.00
  C_1350-C-89             1.00   0.10  0.00  0.00  0.90  0.00  0.00  0.00  0.00  0.00
  C_1351-C-89             1.00   0.10  0.00  0.00  0.90  0.00  0.00  0.00  0.00  0.00
  C_1352-C-89             1.00   0.10  0.00  0.00  0.90  0.00  0.00  0.00  0.12  0.00
  C_1353-C-89             1.00   0.10  0.00  0.00  0.90  0.00  0.00  0.00  0.24  0.00
  C_1354-C-89             1.00   0.10  0.01  0.00  0.89  0.00  0.00  0.00  0.29  0.00
  C_1355-C-89             1.00   0.11  0.00  0.00  0.76  0.13  0.00  0.00  0.20  0.00
  C_1356-C-89             1.00   0.10  0.00  0.00  0.90  0.00  0.00  0.00  0.00  0.00
  C_1357-C-89             1.00   0.10  0.00  0.00  0.90  0.00  0.00  0.00  0.32  0.00
  C_1358-C-89             1.00   0.10  0.00  0.00  0.90  0.00  0.00  0.00  0.15  0.00
  C_1359-C-89             1.00   0.10  0.00  0.00  0.90  0.00  0.00  0.00  0.01  0.00
  C_1360-C-89             1.00   0.10  0.00  0.00  0.90  0.00  0.00  0.00  0.36  0.00
  C_1361-C-89             1.00   0.10  0.00  0.00  0.90  0.00  0.00  0.00  0.41  0.00
  C_1362-C-89             1.00   0.10  0.00  0.00  0.90  0.00  0.00  0.00  0.06  0.00
  C_1363-C-89             1.00   0.10  0.00  0.00  0.90  0.00  0.00  0.00  0.00  0.00
  C_1364-C-89             1.00   0.10  0.00  0.00  0.90  0.00  0.00  0.00  0.00  0.00
  C_1365-C-89             1.00   0.10  0.00  0.00  0.90  0.00  0.00  0.00  0.00  0.00
  C_1366-C-89             1.00   0.10  0.00  0.00  0.90  0.00  0.00  0.00  0.16  0.00
  C_1367-C-89             1.00   0.10  0.00  0.00  0.90  0.00  0.00  0.00  0.21  0.00
  C_1368-C-89             1.00   0.10  0.00  0.00  0.90  0.00  0.00  0.00  0.24  0.00
  C_1369-C-89             1.00   0.10  0.00  0.00  0.90  0.00  0.00  0.00  0.41  0.00
  C_1370-C-89             1.00   0.10  0.00  0.00  0.90  0.00  0.00  0.00  0.42  0.00
  C_1371-C-89             1.00   0.10  0.00  0.00  0.90  0.00  0.00  0.00  0.11  0.00
  C_1372-C-89             1.00   0.10  0.00  0.00  0.86  0.04  0.00  0.00  0.00  0.00
  C_1373-C-89             1.00   0.10  0.00  0.00  0.58  0.32  0.00  0.00  0.43  0.00
  C_1374-C-89             1.00   0.10  0.00  0.00  0.64  0.26  0.00  0.00  0.31  0.00
  C_1375-C-89             1.00   0.10  0.00  0.00  0.72  0.18  0.00  0.00  0.32  0.00
  C_1376-C-89             1.00   0.10  0.00  0.00  0.90  0.00  0.00  0.00  0.01  0.00
  C_1377-C-89             1.00   0.10  0.00  0.00  0.90  0.00  0.00  0.00  0.00  0.00
  C_1378-C-89             1.00   0.10  0.00  0.00  0.88  0.02  0.00  0.00  0.05  0.00
  C_1379-C-141            1.00   0.10  0.00  0.00  0.90  0.00  0.00  0.00  0.34  0.00
  C_1380-C-141            1.00   0.10  0.00  0.00  0.90  0.00  0.00  0.00  0.26  0.00
  C_1381-C-141            1.00   0.10  0.00  0.00  0.90  0.00  0.00  0.00  0.25  0.00
  C_1382-C-141            1.00   0.10  0.00  0.00  0.90  0.00  0.00  0.00  0.25  0.00
  C_1383-C-141            1.00   0.10  0.00  0.00  0.83  0.07  0.00  0.00  0.03  0.00
  C_1384-C-141            1.00   0.10  0.00  0.00  0.69  0.21  0.00  0.00  0.00  0.00
  C_1385-C-141            1.00   0.10  0.00  0.00  0.66  0.24  0.00  0.00  0.00  0.00
  C_1386-C-141            1.00   0.10  0.00  0.00  0.60  0.30  0.00  0.00  0.13  0.00
  C_1387-C-141            1.00   0.10  0.00  0.00  0.50  0.41  0.00  0.00  0.25  0.00
  C_1388-C-141            1.00   0.09  0.00  0.00  0.49  0.41  0.00  0.00  0.73  0.00
  C_1389-C-141            1.00   0.09  0.00  0.00  0.10  0.80  0.00  0.00  0.89  0.00
  C_1390-C-141            1.00   0.10  0.00  0.00  0.90  0.00  0.00  0.00  0.31  0.00
  C_1391-C-141            1.00   0.10  0.00  0.00  0.90  0.00  0.00  0.00  0.75  0.00
  C_1392-C-141            1.00   0.10  0.00  0.00  0.36  0.54  0.00  0.00  0.31  0.00
  C_1393-C-141            1.00   0.10  0.00  0.00  0.21  0.70  0.00  0.00  0.89  0.00
  C_1394-C-141            1.00   0.10  0.00  0.00  0.85  0.05  0.00  0.00  0.09  0.00
  C_1395-C-141            1.00   0.09  0.01  0.00  0.90  0.00  0.00  0.00  0.23  0.00
  C_1396-C-141            1.00   0.09  0.00  0.00  0.91  0.00  0.00  0.00  0.89  0.00
  C_1397-C-141            1.00   0.09  0.00  0.00  0.91  0.00  0.00  0.00  0.00  0.00
  C_1398-C-141            1.00   0.10  0.00  0.00  0.90  0.00  0.00  0.00  0.15  0.00
  C_1399-C-141            1.00   0.10  0.00  0.00  0.90  0.00  0.00  0.00  0.32  0.00
  C_1400-C-141            1.00   0.10  0.19  0.00  0.71  0.00  0.00  0.00  0.00  0.00
  C_1401-C-109            1.00   0.10  0.00  0.00  0.66  0.24  0.00  0.00  0.00  0.00
  C_1402-C-109            1.00   0.10  0.00  0.00  0.90  0.00  0.00  0.00  0.24  0.00
  C_1403-C-109            1.00   0.10  0.00  0.00  0.90  0.00  0.00  0.00  0.16  0.00
  C_1404-C-109            1.00   0.10  0.00  0.00  0.90  0.00  0.00  0.00  0.31  0.00
  C_1405-C-109            1.00   0.10  0.00  0.00  0.90  0.00  0.00  0.00  0.11  0.00
  C_1406-C-109            1.00   0.10  0.00  0.00  0.90  0.00  0.00  0.00  0.13  0.00
  C_1407-C-109            1.00   0.10  0.00  0.00  0.84  0.06  0.00  0.00  0.30  0.00
  C_1408-C-109            1.00   0.10  0.00  0.00  0.90  0.00  0.00  0.00  0.28  0.00
  C_1409-C-109            1.00   0.10  0.00  0.00  0.90  0.00  0.00  0.00  0.28  0.00
  C_1410-C-109            1.00   0.10  0.00  0.00  0.90  0.00  0.00  0.00  0.27  0.00
  C_1411-C-109            1.00   0.10  0.00  0.00  0.90  0.00  0.00  0.00  0.28  0.00
  C_1412-C-109            1.00   0.10  0.00  0.00  0.90  0.00  0.00  0.00  0.23  0.00
  C_1413-C-109            1.00   0.10  0.00  0.00  0.90  0.00  0.00  0.00  0.29  0.00
  C_1414-C-109            1.00   0.10  0.00  0.00  0.90  0.00  0.00  0.00  0.19  0.00
  C_1415-C-109            1.00   0.10  0.00  0.00  0.90  0.00  0.00  0.00  0.27  0.00
  C_1416-C-109            1.00   0.10  0.00  0.00  0.90  0.00  0.00  0.00  0.25  0.00
  C_1417-C-109            1.00   0.10  0.00  0.00  0.90  0.00  0.00  0.00  0.21  0.00
  C_1418-C-109            1.00   0.10  0.00  0.00  0.90  0.00  0.00  0.00  0.16  0.00
  C_1419-C-109            1.00   0.09  0.01  0.00  0.74  0.16  0.00  0.00  0.18  0.00
  C_1420-C-109            1.00   0.10  0.00  0.00  0.71  0.18  0.00  0.00  0.00  0.00
  C_1421-C-109            1.00   0.10  0.00  0.00  0.55  0.35  0.00  0.00  0.02  0.00
  C_1422-C-109            1.00   0.09  0.00  0.00  0.53  0.38  0.00  0.00  0.40  0.00
  C_1423-C-109            1.00   0.09  0.00  0.00  0.48  0.42  0.00  0.00  0.15  0.00
  C_1424-C-139            1.00   0.09  0.00  0.00  0.91  0.00  0.00  0.00  0.00  0.00
  C_1425-C-139            1.00   0.09  0.00  0.00  0.49  0.42  0.00  0.00  0.00  0.00
  C_1426-C-108            1.00   0.10  0.90  0.00  0.00  0.00  0.00  0.00  0.00  0.00
  C_1427-C-103            1.00   0.10  0.00  0.00  0.02  0.88  0.00  0.00  0.00  0.00
  
  
  *************************
  Conduit Surcharge Summary
  *************************
  
  ----------------------------------------------------------------------------
                                                           Hours        Hours 
                         --------- Hours Full --------   Above Full   Capacity
  Conduit                Both Ends  Upstream  Dnstream   Normal Flow   Limited
  ----------------------------------------------------------------------------
  C_1-C-139                   0.01      0.01      0.33      0.01         0.01
  C_2-C-125                   0.42      0.42      0.44      0.09         0.02
  C_3-C-109                   0.45      0.45      0.48      0.01         0.01
  C_4-C-16                    0.51      0.51      0.54      0.52         0.51
  C_5-C-97                    0.01      0.01      0.40      0.01         0.01
  C_16-C-17                   0.61      0.63      0.61      0.63         0.61
  C_18-C-19                   0.01      0.01      0.01      0.17         0.01
  C_23-C-57                   0.01      0.01      0.19      0.01         0.01
  C_26-C-89                   0.43      0.43      0.44      0.01         0.01
  C_27-C-141                  0.44      0.44      0.44      0.26         0.01
  C_28-C-127                  0.01      0.47      0.01      0.50         0.01
  C_30-C-117                  0.01      0.01      0.02      0.01         0.01
  C_39-C-42                   0.42      0.42      0.42      0.01         0.01
  C_43-C-111                  0.01      0.01      0.32      0.01         0.01
  C_44-C-113                  0.01      0.01      0.01      0.01         0.01
  C_48-C-61                   0.01      0.01      0.17      0.01         0.01
  C_54-C-134                  0.15      0.15      0.18      0.01         0.01
  C_55-C-24                   0.15      0.15      0.21      0.01         0.01
  C_59-C-25                   0.21      0.21      0.22      0.01         0.01
  C_62-C-13                   0.01      0.22      0.01      0.32         0.01
  C_69-C-72                   0.01      0.01      0.01      0.19         0.01
  C_77-C-66                   0.01      0.01      0.15      0.01         0.01
  C_83-C-104                  0.01      0.01      0.01      0.30         0.01
  C_107-C-2                   0.01      0.01      0.01      0.03         0.01
  C_108-C-10                  0.01      0.01      0.37      0.01         0.01
  C_112-C-20                  0.01      0.01      0.33      0.01         0.01
  C_117-C-44                  0.01      0.01      0.14      0.01         0.01
  C_120-C-84                  0.01      0.01      0.41      0.01         0.01
  C_122-C-114                 0.20      0.20      0.25      0.01         0.01
  C_138-C-2                   0.01      0.01      0.23      0.01         0.01
  C_143-C-108                 0.29      0.29      0.30      0.01         0.01
  C_146-C-63                  0.01      0.11      0.01      0.15         0.01
  C_148-C-80                  0.02      0.02      0.21      0.01         0.01
  C_150-C-80                  0.01      0.01      0.21      0.01         0.01
  C_151-C-79                  0.01      0.01      0.54      0.29         0.01
  C_152-C-58                  0.01      0.01      0.44      0.01         0.01
  C_153-C-63                  0.11      0.24      0.11      0.29         0.11
  C_154-C-64                  0.01      0.05      0.01      0.15         0.01
  C_155-C-112                 0.45      0.45      0.45      0.44         0.43
  C_160-C-28                  0.01      0.01      0.31      0.01         0.01
  C_161-C-7                   0.40      0.40      0.41      0.46         0.01
  C_162-C-107                 0.40      0.40      0.40      0.01         0.01
  C_163-C-1                   0.32      0.32      0.39      0.01         0.01
  C_164-C-69                  0.01      0.01      0.08      0.01         0.01
  C_165-C-81                  0.55      0.55      0.59      0.01         0.01
  C_166-C-7                   0.01      0.01      0.47      0.01         0.01
  C_167-C-112                 0.45      0.45      0.45      0.45         0.43
  C_173-C-57                  0.01      0.01      0.19      0.01         0.01
  C_176-C-109                 0.32      0.32      0.33      0.21         0.17
  C_178-C-116                 0.02      0.02      0.35      0.01         0.01
  C_179-C-115                 0.01      0.01      0.35      0.01         0.01
  C_181-C-96                  0.01      0.01      0.42      0.01         0.01
  C_182-C-95                  0.39      0.39      0.39      0.55         0.26
  C_187-C-135                 0.39      0.39      0.41      0.01         0.01
  C_188-C-28                  0.01      0.01      0.01      0.01         0.01
  C_190-C-136                 0.01      0.28      0.01      0.36         0.01
  C_192-C-137                 0.01      0.01      0.39      0.01         0.01
  C_195-C-24                  0.20      0.25      0.20      0.29         0.20
  C_205-C-3                   0.01      0.01      0.27      0.01         0.01
  C_206-C-3                   0.01      0.01      0.27      0.01         0.01
  C_207-C-3                   0.01      0.01      0.01      0.01         0.01
  C_209-C-3                   0.01      0.01      0.10      0.01         0.01
  C_210-C-3                   0.01      0.01      0.10      0.01         0.01
  C_225-C-3                   0.01      0.01      0.01      0.21         0.01
  C_231-C-3                   0.01      0.01      0.01      0.23         0.01
  C_243-C-3                   0.01      0.01      0.01      0.21         0.01
  C_244-C-3                   0.01      0.01      0.01      0.28         0.01
  C_271-C-12                  0.01      0.01      0.44      0.01         0.01
  C_272-C-12                  0.44      0.44      0.45      0.01         0.01
  C_273-C-12                  0.45      0.45      0.45      0.12         0.01
  C_274-C-12                  0.45      0.45      0.45      0.01         0.01
  C_275-C-12                  0.44      0.44      0.45      0.01         0.01
  C_276-C-12                  0.43      0.43      0.44      0.01         0.01
  C_277-C-12                  0.27      0.27      0.43      0.01         0.01
  C_278-C-12                  0.26      0.27      0.38      0.01         0.01
  C_279-C-12                  0.15      0.15      0.38      0.01         0.01
  C_280-C-12                  0.01      0.01      0.15      0.01         0.01
  C_289-C-12                  0.01      0.01      0.01      0.12         0.01
  C_305-C-113                 0.01      0.01      0.35      0.01         0.01
  C_307-C-113                 0.35      0.35      0.36      0.01         0.01
  C_308-C-113                 0.36      0.36      0.37      0.01         0.01
  C_309-C-113                 0.37      0.37      0.37      0.01         0.01
  C_310-C-113                 0.37      0.37      0.39      0.01         0.01
  C_311-C-113                 0.39      0.39      0.40      0.01         0.01
  C_312-C-113                 0.39      0.39      0.40      0.01         0.01
  C_313-C-113                 0.39      0.39      0.39      0.01         0.14
  C_314-C-113                 0.39      0.39      0.39      0.01         0.01
  C_315-C-113                 0.39      0.39      0.39      0.36         0.19
  C_316-C-113                 0.39      0.39      0.39      0.01         0.04
  C_317-C-113                 0.39      0.39      0.39      0.01         0.01
  C_318-C-113                 0.38      0.38      0.39      0.01         0.01
  C_319-C-113                 0.38      0.38      0.38      0.36         0.01
  C_320-C-113                 0.37      0.37      0.38      0.01         0.01
  C_321-C-113                 0.37      0.37      0.37      0.01         0.03
  C_322-C-113                 0.37      0.37      0.37      0.01         0.01
  C_323-C-113                 0.37      0.37      0.37      0.01         0.01
  C_324-C-113                 0.37      0.37      0.37      0.42         0.37
  C_325-C-113                 0.37      0.37      0.37      0.34         0.19
  C_326-C-113                 0.37      0.37      0.37      0.01         0.02
  C_327-C-113                 0.36      0.37      0.36      0.01         0.01
  C_328-C-113                 0.36      0.36      0.36      0.01         0.01
  C_329-C-113                 0.36      0.36      0.36      0.50         0.31
  C_330-C-113                 0.36      0.37      0.36      0.01         0.02
  C_331-C-113                 0.37      0.37      0.37      0.01         0.01
  C_332-C-113                 0.37      0.37      0.37      0.51         0.32
  C_333-C-113                 0.37      0.37      0.37      0.01         0.01
  C_334-C-113                 0.37      0.37      0.37      0.01         0.01
  C_335-C-113                 0.37      0.37      0.37      0.02         0.17
  C_336-C-113                 0.37      0.37      0.37      0.02         0.05
  C_337-C-113                 0.37      0.37      0.38      0.01         0.01
  C_338-C-113                 0.37      0.37      0.38      0.01         0.01
  C_339-C-113                 0.37      0.37      0.38      0.40         0.01
  C_340-C-113                 0.38      0.38      0.38      0.38         0.26
  C_341-C-113                 0.38      0.38      0.38      0.01         0.01
  C_342-C-113                 0.38      0.38      0.38      0.53         0.37
  C_343-C-113                 0.38      0.38      0.38      0.04         0.13
  C_344-C-113                 0.38      0.39      0.38      0.40         0.25
  C_345-C-113                 0.39      0.39      0.39      0.03         0.04
  C_346-C-113                 0.39      0.39      0.39      0.03         0.05
  C_347-C-113                 0.39      0.39      0.39      0.34         0.24
  C_348-C-113                 0.39      0.40      0.39      0.03         0.01
  C_349-C-113                 0.40      0.40      0.40      0.01         0.01
  C_350-C-113                 0.40      0.40      0.41      0.01         0.01
  C_351-C-113                 0.41      0.41      0.41      0.04         0.14
  C_352-C-113                 0.41      0.41      0.41      0.01         0.01
  C_353-C-113                 0.41      0.41      0.41      0.01         0.01
  C_354-C-113                 0.41      0.41      0.42      0.01         0.13
  C_355-C-113                 0.42      0.42      0.42      0.01         0.01
  C_356-C-113                 0.42      0.42      0.43      0.01         0.01
  C_357-C-113                 0.42      0.42      0.43      0.01         0.01
  C_358-C-113                 0.42      0.42      0.43      0.01         0.01
  C_359-C-113                 0.44      0.44      0.45      0.01         0.01
  C_360-C-113                 0.43      0.43      0.45      0.01         0.01
  C_361-C-113                 0.43      0.44      0.44      0.01         0.01
  C_362-C-113                 0.44      0.44      0.45      0.01         0.01
  C_363-C-113                 0.44      0.44      0.45      0.01         0.01
  C_364-C-113                 0.43      0.43      0.44      0.01         0.01
  C_365-C-113                 0.43      0.43      0.43      0.01         0.01
  C_366-C-113                 0.43      0.43      0.43      0.01         0.01
  C_367-C-113                 0.43      0.43      0.43      0.01         0.01
  C_368-C-113                 0.43      0.43      0.43      0.01         0.01
  C_369-C-113                 0.43      0.43      0.43      0.01         0.01
  C_370-C-113                 0.43      0.43      0.43      0.01         0.01
  C_371-C-113                 0.42      0.42      0.43      0.01         0.01
  C_372-C-113                 0.41      0.41      0.42      0.01         0.01
  C_373-C-113                 0.41      0.41      0.41      0.01         0.01
  C_374-C-113                 0.41      0.41      0.41      0.01         0.02
  C_375-C-113                 0.41      0.41      0.41      0.01         0.01
  C_376-C-113                 0.41      0.41      0.41      0.01         0.01
  C_377-C-113                 0.40      0.40      0.41      0.01         0.01
  C_378-C-113                 0.40      0.40      0.40      0.44         0.07
  C_379-C-113                 0.40      0.40      0.40      0.02         0.01
  C_380-C-113                 0.40      0.40      0.40      0.01         0.01
  C_381-C-113                 0.40      0.40      0.40      0.01         0.09
  C_382-C-113                 0.40      0.40      0.40      0.01         0.01
  C_383-C-113                 0.01      0.01      0.40      0.01         0.01
  C_387-C-142                 0.01      0.01      0.01      0.38         0.01
  C_395-C-142                 0.01      0.01      0.01      0.44         0.01
  C_407-C-142                 0.01      0.01      0.01      0.36         0.01
  C_430-C-55                  0.01      0.01      0.01      0.12         0.01
  C_442-C-106                 0.01      0.01      0.01      0.19         0.01
  C_447-C-106                 0.01      0.01      0.01      0.45         0.01
  C_448-C-114                 0.25      0.25      0.31      0.01         0.01
  C_449-C-114                 0.26      0.26      0.31      0.01         0.01
  C_450-C-114                 0.01      0.01      0.26      0.01         0.01
  C_462-C-8                   0.01      0.01      0.01      0.28         0.01
  C_475-C-28                  0.01      0.01      0.28      0.01         0.01
  C_476-C-28                  0.01      0.01      0.28      0.01         0.01
  C_478-C-28                  0.01      0.01      0.01      0.41         0.01
  C_479-C-28                  0.01      0.01      0.01      0.34         0.01
  C_483-C-28                  0.01      0.01      0.01      0.38         0.01
  C_492-C-28                  0.01      0.01      0.01      0.42         0.01
  C_542-C-28                  0.01      0.01      0.26      0.01         0.01
  C_550-C-63                  0.24      0.24      0.25      0.27         0.01
  C_551-C-63                  0.25      0.25      0.26      0.01         0.01
  C_552-C-63                  0.26      0.26      0.26      0.27         0.01
  C_553-C-63                  0.26      0.26      0.26      0.26         0.24
  C_554-C-63                  0.26      0.26      0.27      0.01         0.01
  C_555-C-63                  0.27      0.27      0.27      0.01         0.05
  C_556-C-63                  0.27      0.27      0.27      0.01         0.04
  C_557-C-63                  0.27      0.27      0.31      0.30         0.01
  C_571-C-7                   0.01      0.01      0.35      0.01         0.01
  C_572-C-7                   0.35      0.35      0.36      0.01         0.01
  C_573-C-7                   0.36      0.36      0.36      0.01         0.01
  C_574-C-7                   0.36      0.36      0.36      0.01         0.01
  C_575-C-7                   0.36      0.36      0.37      0.01         0.01
  C_576-C-7                   0.37      0.37      0.37      0.08         0.12
  C_577-C-7                   0.37      0.37      0.39      0.01         0.01
  C_578-C-7                   0.39      0.39      0.40      0.01         0.01
  C_579-C-7                   0.38      0.38      0.40      0.01         0.01
  C_580-C-7                   0.37      0.37      0.38      0.01         0.01
  C_581-C-7                   0.37      0.37      0.37      0.18         0.18
  C_582-C-7                   0.37      0.37      0.37      0.01         0.01
  C_583-C-7                   0.37      0.37      0.37      0.38         0.25
  C_584-C-7                   0.37      0.37      0.38      0.01         0.10
  C_585-C-7                   0.38      0.38      0.38      0.53         0.36
  C_586-C-7                   0.38      0.38      0.38      0.38         0.25
  C_587-C-7                   0.38      0.38      0.38      0.52         0.36
  C_588-C-7                   0.38      0.38      0.38      0.01         0.01
  C_589-C-7                   0.38      0.38      0.39      0.01         0.01
  C_590-C-7                   0.39      0.39      0.39      0.01         0.01
  C_591-C-7                   0.39      0.39      0.39      0.51         0.37
  C_592-C-7                   0.39      0.39      0.39      0.01         0.01
  C_593-C-7                   0.39      0.39      0.39      0.01         0.01
  C_594-C-7                   0.39      0.39      0.39      0.01         0.01
  C_595-C-7                   0.39      0.39      0.39      0.01         0.01
  C_596-C-7                   0.39      0.39      0.39      0.01         0.03
  C_597-C-7                   0.39      0.39      0.39      0.52         0.38
  C_598-C-7                   0.39      0.39      0.40      0.01         0.01
  C_599-C-7                   0.40      0.40      0.40      0.35         0.22
  C_600-C-7                   0.40      0.40      0.40      0.51         0.39
  C_601-C-7                   0.40      0.40      0.40      0.01         0.01
  C_602-C-7                   0.40      0.40      0.40      0.01         0.01
  C_603-C-7                   0.40      0.40      0.40      0.51         0.39
  C_604-C-7                   0.40      0.40      0.40      0.38         0.35
  C_605-C-7                   0.40      0.40      0.41      0.01         0.01
  C_606-C-7                   0.41      0.41      0.41      0.37         0.30
  C_607-C-7                   0.41      0.41      0.41      0.01         0.01
  C_608-C-7                   0.41      0.41      0.41      0.40         0.37
  C_609-C-7                   0.41      0.41      0.42      0.01         0.01
  C_610-C-7                   0.42      0.42      0.42      0.41         0.40
  C_611-C-7                   0.42      0.42      0.42      0.01         0.01
  C_612-C-7                   0.42      0.42      0.42      0.01         0.01
  C_613-C-7                   0.43      0.43      0.43      0.40         0.41
  C_614-C-7                   0.42      0.42      0.43      0.40         0.41
  C_615-C-7                   0.42      0.42      0.42      0.01         0.01
  C_616-C-7                   0.43      0.43      0.45      0.01         0.01
  C_617-C-7                   0.45      0.45      0.45      0.41         0.42
  C_618-C-7                   0.45      0.45      0.45      0.41         0.42
  C_619-C-7                   0.45      0.45      0.46      0.41         0.41
  C_620-C-7                   0.46      0.46      0.47      0.01         0.04
  C_621-C-7                   0.47      0.47      0.47      0.41         0.41
  C_622-C-7                   0.47      0.47      0.49      0.01         0.01
  C_623-C-7                   0.49      0.49      0.50      0.01         0.01
  C_624-C-7                   0.49      0.49      0.49      0.01         0.01
  C_625-C-7                   0.50      0.50      0.50      0.01         0.01
  C_626-C-7                   0.50      0.50      0.50      0.01         0.04
  C_627-C-7                   0.50      0.50      0.50      0.45         0.39
  C_628-C-7                   0.50      0.50      0.51      0.01         0.01
  C_629-C-7                   0.51      0.51      0.51      0.01         0.01
  C_630-C-7                   0.51      0.51      0.52      0.01         0.01
  C_631-C-7                   0.51      0.51      0.52      0.01         0.01
  C_632-C-7                   0.48      0.48      0.51      0.01         0.01
  C_633-C-7                   0.51      0.51      0.51      0.44         0.01
  C_634-C-7                   0.48      0.48      0.48      0.01         0.01
  C_635-C-7                   0.47      0.48      0.48      0.42         0.43
  C_636-C-7                   0.47      0.47      0.48      0.39         0.24
  C_637-C-7                   0.44      0.44      0.47      0.01         0.01
  C_638-C-7                   0.44      0.44      0.46      0.01         0.01
  C_639-C-7                   0.44      0.44      0.46      0.01         0.11
  C_640-C-7                   0.43      0.43      0.44      0.01         0.01
  C_641-C-7                   0.43      0.44      0.43      0.42         0.43
  C_642-C-7                   0.43      0.44      0.44      0.50         0.01
  C_643-C-7                   0.43      0.44      0.44      0.01         0.01
  C_644-C-7                   0.42      0.42      0.44      0.01         0.01
  C_645-C-7                   0.41      0.41      0.42      0.01         0.01
  C_646-C-7                   0.41      0.41      0.41      0.41         0.01
  C_647-C-7                   0.41      0.41      0.42      0.01         0.01
  C_648-C-7                   0.42      0.42      0.42      0.01         0.01
  C_649-C-7                   0.42      0.42      0.42      0.49         0.01
  C_650-C-7                   0.41      0.41      0.42      0.01         0.01
  C_651-C-7                   0.41      0.41      0.41      0.01         0.01
  C_652-C-7                   0.41      0.41      0.41      0.01         0.01
  C_653-C-7                   0.41      0.41      0.41      0.43         0.40
  C_654-C-7                   0.41      0.41      0.41      0.42         0.01
  C_655-C-7                   0.41      0.41      0.41      0.40         0.37
  C_656-C-7                   0.40      0.40      0.41      0.01         0.01
  C_657-C-7                   0.40      0.40      0.40      0.01         0.01
  C_658-C-7                   0.40      0.40      0.40      0.40         0.39
  C_659-C-7                   0.40      0.40      0.40      0.01         0.04
  C_660-C-7                   0.40      0.40      0.40      0.45         0.01
  C_661-C-7                   0.40      0.40      0.40      0.46         0.39
  C_662-C-7                   0.40      0.40      0.42      0.40         0.01
  C_663-C-7                   0.41      0.41      0.42      0.01         0.01
  C_664-C-7                   0.40      0.40      0.41      0.01         0.01
  C_665-C-7                   0.40      0.40      0.41      0.42         0.01
  C_666-C-7                   0.41      0.41      0.41      0.01         0.01
  C_667-C-7                   0.40      0.40      0.41      0.01         0.01
  C_668-C-7                   0.40      0.40      0.40      0.45         0.40
  C_669-C-7                   0.40      0.40      0.40      0.01         0.01
  C_670-C-7                   0.41      0.42      0.41      0.49         0.41
  C_671-C-7                   0.42      0.42      0.43      0.54         0.01
  C_672-C-7                   0.42      0.42      0.42      0.45         0.42
  C_673-C-7                   0.42      0.42      0.43      0.01         0.01
  C_674-C-7                   0.42      0.42      0.42      0.01         0.01
  C_675-C-7                   0.41      0.41      0.42      0.01         0.01
  C_676-C-7                   0.41      0.41      0.41      0.01         0.02
  C_677-C-7                   0.41      0.41      0.41      0.57         0.01
  C_678-C-7                   0.40      0.40      0.41      0.01         0.01
  C_679-C-7                   0.40      0.40      0.40      0.01         0.01
  C_680-C-7                   0.39      0.39      0.40      0.01         0.14
  C_681-C-7                   0.39      0.39      0.39      0.31         0.31
  C_682-C-7                   0.39      0.39      0.39      0.01         0.01
  C_683-C-7                   0.38      0.38      0.39      0.01         0.01
  C_684-C-7                   0.38      0.38      0.38      0.01         0.01
  C_685-C-7                   0.37      0.37      0.38      0.01         0.01
  C_686-C-7                   0.36      0.36      0.37      0.01         0.01
  C_687-C-7                   0.36      0.36      0.36      0.01         0.01
  C_688-C-7                   0.35      0.35      0.35      0.10         0.09
  C_689-C-7                   0.35      0.35      0.36      0.01         0.02
  C_690-C-7                   0.31      0.31      0.35      0.01         0.01
  C_691-C-7                   0.29      0.29      0.31      0.01         0.01
  C_692-C-7                   0.25      0.25      0.29      0.01         0.01
  C_693-C-7                   0.19      0.19      0.25      0.01         0.01
  C_694-C-7                   0.15      0.15      0.19      0.01         0.01
  C_695-C-7                   0.03      0.03      0.15      0.01         0.01
  C_696-C-7                   0.01      0.01      0.03      0.01         0.01
  C_718-C-63                  0.31      0.31      0.36      0.01         0.01
  C_719-C-63                  0.36      0.36      0.36      0.40         0.29
  C_720-C-63                  0.36      0.36      0.36      0.13         0.13
  C_721-C-63                  0.36      0.36      0.39      0.01         0.01
  C_722-C-63                  0.39      0.39      0.40      0.01         0.01
  C_723-C-63                  0.40      0.40      0.43      0.05         0.04
  C_724-C-63                  0.43      0.43      0.45      0.01         0.01
  C_725-C-63                  0.45      0.45      0.48      0.01         0.01
  C_726-C-63                  0.47      0.47      0.48      0.17         0.01
  C_727-C-63                  0.46      0.46      0.47      0.16         0.04
  C_728-C-63                  0.42      0.42      0.46      0.08         0.01
  C_729-C-107                 0.40      0.40      0.41      0.01         0.01
  C_730-C-107                 0.41      0.41      0.41      0.01         0.01
  C_731-C-107                 0.40      0.40      0.41      0.01         0.01
  C_732-C-107                 0.40      0.40      0.40      0.01         0.02
  C_733-C-107                 0.39      0.39      0.40      0.01         0.01
  C_734-C-107                 0.01      0.01      0.39      0.01         0.01
  C_735-C-107                 0.39      0.39      0.39      0.01         0.01
  C_737-C-81                  0.01      0.01      0.01      0.58         0.01
  C_745-C-81                  0.01      0.01      0.06      0.01         0.01
  C_746-C-81                  0.06      0.06      0.32      0.01         0.01
  C_747-C-81                  0.30      0.32      0.30      0.26         0.19
  C_748-C-81                  0.25      0.25      0.30      0.01         0.01
  C_749-C-81                  0.25      0.25      0.46      0.01         0.01
  C_750-C-81                  0.46      0.46      0.55      0.01         0.01
  C_751-C-24                  0.25      0.25      0.26      0.16         0.01
  C_752-C-24                  0.26      0.26      0.26      0.41         0.24
  C_753-C-24                  0.25      0.25      0.26      0.01         0.01
  C_754-C-24                  0.25      0.25      0.25      0.16         0.14
  C_755-C-24                  0.25      0.25      0.26      0.18         0.01
  C_756-C-24                  0.25      0.25      0.26      0.15         0.15
  C_757-C-24                  0.25      0.25      0.26      0.01         0.01
  C_758-C-24                  0.26      0.26      0.26      0.15         0.12
  C_759-C-24                  0.22      0.22      0.26      0.01         0.01
  C_760-C-24                  0.21      0.21      0.22      0.01         0.01
  C_761-C-24                  0.21      0.21      0.24      0.01         0.01
  C_762-C-24                  0.20      0.20      0.24      0.01         0.01
  C_763-C-24                  0.20      0.20      0.25      0.01         0.01
  C_764-C-24                  0.22      0.22      0.25      0.01         0.01
  C_765-C-24                  0.21      0.21      0.22      0.01         0.01
  C_766-C-24                  0.21      0.21      0.21      0.01         0.06
  C_767-C-134                 0.18      0.18      0.19      0.01         0.01
  C_768-C-134                 0.19      0.19      0.28      0.01         0.01
  C_769-C-134                 0.15      0.15      0.28      0.01         0.01
  C_770-C-134                 0.01      0.01      0.15      0.01         0.01
  C_771-C-134                 0.01      0.01      0.01      0.01         0.01
  C_776-C-111                 0.01      0.01      0.32      0.01         0.01
  C_777-C-83                  0.01      0.01      0.01      0.29         0.01
  C_780-C-83                  0.01      0.01      0.01      0.29         0.01
  C_781-C-83                  0.01      0.01      0.39      0.43         0.01
  C_782-C-83                  0.39      0.39      0.42      0.41         0.01
  C_783-C-83                  0.42      0.42      0.42      0.50         0.42
  C_784-C-83                  0.42      0.42      0.43      0.01         0.01
  C_785-C-83                  0.43      0.43      0.43      0.43         0.40
  C_786-C-83                  0.43      0.43      0.43      0.51         0.43
  C_787-C-83                  0.43      0.43      0.45      0.38         0.01
  C_788-C-83                  0.45      0.45      0.45      0.01         0.01
  C_789-C-83                  0.45      0.45      0.45      0.01         0.18
  C_790-C-83                  0.45      0.45      0.45      0.01         0.16
  C_791-C-83                  0.45      0.45      0.45      0.32         0.01
  C_792-C-83                  0.45      0.45      0.45      0.01         0.01
  C_793-C-83                  0.45      0.45      0.45      0.01         0.01
  C_794-C-83                  0.44      0.44      0.45      0.01         0.01
  C_795-C-83                  0.43      0.43      0.44      0.01         0.01
  C_796-C-83                  0.43      0.43      0.43      0.37         0.39
  C_797-C-83                  0.41      0.41      0.43      0.01         0.01
  C_798-C-83                  0.41      0.41      0.41      0.56         0.40
  C_799-C-83                  0.40      0.40      0.41      0.35         0.36
  C_800-C-83                  0.40      0.40      0.40      0.35         0.32
  C_801-C-83                  0.40      0.40      0.40      0.35         0.01
  C_802-C-83                  0.40      0.40      0.40      0.01         0.01
  C_803-C-83                  0.40      0.40      0.40      0.33         0.26
  C_804-C-83                  0.40      0.40      0.40      0.01         0.03
  C_805-C-83                  0.38      0.38      0.40      0.01         0.01
  C_806-C-83                  0.37      0.37      0.38      0.01         0.01
  C_807-C-83                  0.36      0.36      0.37      0.01         0.01
  C_808-C-83                  0.35      0.35      0.36      0.01         0.01
  C_809-C-83                  0.01      0.01      0.35      0.01         0.01
  C_841-C-32                  0.01      0.01      0.15      0.01         0.01
  C_842-C-32                  0.15      0.15      0.23      0.01         0.01
  C_843-C-32                  0.23      0.23      0.31      0.01         0.01
  C_844-C-32                  0.31      0.31      0.36      0.01         0.01
  C_845-C-32                  0.36      0.36      0.39      0.01         0.01
  C_846-C-32                  0.39      0.39      0.40      0.01         0.01
  C_847-C-32                  0.40      0.40      0.41      0.01         0.01
  C_848-C-32                  0.41      0.41      0.42      0.01         0.01
  C_849-C-32                  0.42      0.42      0.44      0.01         0.01
  C_850-C-32                  0.44      0.44      0.44      0.01         0.01
  C_851-C-32                  0.44      0.44      0.45      0.01         0.01
  C_852-C-32                  0.45      0.45      0.45      0.01         0.01
  C_853-C-32                  0.45      0.45      0.46      0.29         0.01
  C_854-C-32                  0.46      0.46      0.46      0.01         0.01
  C_855-C-32                  0.44      0.44      0.46      0.01         0.01
  C_856-C-32                  0.43      0.43      0.44      0.01         0.01
  C_857-C-32                  0.43      0.43      0.43      0.44         0.05
  C_858-C-32                  0.43      0.43      0.43      0.01         0.01
  C_859-C-32                  0.42      0.42      0.43      0.01         0.01
  C_860-C-32                  0.42      0.42      0.42      0.01         0.01
  C_861-C-32                  0.42      0.42      0.42      0.01         0.03
  C_862-C-32                  0.42      0.42      0.42      0.01         0.01
  C_863-C-32                  0.41      0.41      0.42      0.01         0.01
  C_864-C-32                  0.09      0.09      0.41      0.01         0.01
  C_865-C-32                  0.01      0.01      0.09      0.01         0.01
  C_901-C-34                  0.01      0.01      0.01      0.16         0.01
  C_909-C-34                  0.01      0.01      0.01      0.43         0.01
  C_921-C-34                  0.01      0.01      0.01      0.42         0.01
  C_953-C-2                   0.01      0.01      0.01      0.41         0.01
  C_964-C-2                   0.01      0.01      0.01      0.49         0.01
  C_966-C-2                   0.01      0.01      0.29      0.01         0.01
  C_967-C-2                   0.01      0.01      0.29      0.01         0.01
  C_988-C-2                   0.23      0.23      0.37      0.01         0.01
  C_989-C-2                   0.37      0.37      0.41      0.01         0.01
  C_990-C-2                   0.41      0.41      0.41      0.01         0.01
  C_991-C-2                   0.41      0.41      0.43      0.01         0.01
  C_992-C-2                   0.42      0.42      0.43      0.01         0.01
  C_993-C-2                   0.01      0.01      0.42      0.01         0.01
  C_994-C-108                 0.32      0.32      0.32      0.01         0.06
  C_995-C-108                 0.32      0.32      0.32      0.01         0.01
  C_996-C-108                 0.29      0.29      0.32      0.01         0.01
  C_997-C-108                 0.29      0.29      0.29      0.01         0.01
  C_998-C-108                 0.29      0.29      0.29      0.01         0.01
  C_999-C-108                 0.29      0.29      0.29      0.01         0.01
  C_1000-C-108                0.29      0.29      0.29      0.01         0.01
  C_1001-C-108                0.29      0.29      0.30      0.08         0.01
  C_1002-C-108                0.29      0.29      0.29      0.01         0.01
  C_1003-C-108                0.28      0.28      0.29      0.01         0.01
  C_1004-C-108                0.28      0.28      0.28      0.01         0.01
  C_1005-C-108                0.28      0.28      0.28      0.34         0.19
  C_1006-C-108                0.28      0.28      0.28      0.01         0.01
  C_1007-C-108                0.01      0.01      0.28      0.01         0.01
  C_1008-C-108                0.01      0.01      0.01      0.01         0.01
  C_1009-C-108                0.01      0.01      0.01      0.01         0.01
  C_1039-C-90                 0.01      0.01      0.06      0.01         0.01
  C_1040-C-90                 0.06      0.06      0.18      0.01         0.01
  C_1041-C-90                 0.18      0.18      0.19      0.01         0.01
  C_1042-C-90                 0.19      0.19      0.22      0.01         0.01
  C_1043-C-90                 0.22      0.22      0.24      0.01         0.01
  C_1044-C-90                 0.24      0.24      0.26      0.01         0.01
  C_1045-C-90                 0.26      0.26      0.27      0.01         0.01
  C_1046-C-90                 0.27      0.27      0.28      0.01         0.01
  C_1047-C-90                 0.28      0.28      0.28      0.01         0.01
  C_1048-C-90                 0.28      0.28      0.29      0.01         0.01
  C_1049-C-90                 0.29      0.29      0.29      0.01         0.01
  C_1050-C-90                 0.29      0.29      0.29      0.41         0.29
  C_1051-C-90                 0.29      0.29      0.30      0.01         0.01
  C_1052-C-90                 0.30      0.30      0.31      0.01         0.01
  C_1053-C-90                 0.31      0.31      0.31      0.12         0.12
  C_1054-C-90                 0.31      0.31      0.31      0.08         0.10
  C_1055-C-90                 0.31      0.31      0.32      0.01         0.01
  C_1056-C-90                 0.32      0.32      0.32      0.27         0.24
  C_1057-C-90                 0.32      0.32      0.32      0.40         0.31
  C_1058-C-90                 0.32      0.32      0.33      0.01         0.01
  C_1059-C-90                 0.32      0.33      0.32      0.40         0.32
  C_1060-C-90                 0.32      0.32      0.32      0.40         0.32
  C_1061-C-90                 0.32      0.32      0.33      0.22         0.17
  C_1062-C-90                 0.32      0.33      0.33      0.32         0.29
  C_1063-C-90                 0.33      0.33      0.33      0.28         0.23
  C_1064-C-90                 0.31      0.31      0.33      0.44         0.01
  C_1065-C-90                 0.31      0.31      0.31      0.33         0.31
  C_1066-C-90                 0.31      0.31      0.34      0.01         0.01
  C_1067-C-90                 0.34      0.34      0.34      0.29         0.30
  C_1068-C-90                 0.34      0.34      0.35      0.24         0.20
  C_1069-C-90                 0.35      0.35      0.36      0.01         0.01
  C_1070-C-90                 0.36      0.36      0.37      0.01         0.11
  C_1071-C-90                 0.37      0.37      0.38      0.01         0.01
  C_1072-C-90                 0.38      0.38      0.39      0.01         0.05
  C_1073-C-90                 0.39      0.39      0.41      0.01         0.01
  C_1074-C-90                 0.41      0.41      0.42      0.33         0.33
  C_1075-C-90                 0.42      0.42      0.42      0.01         0.01
  C_1076-C-90                 0.42      0.42      0.43      0.01         0.01
  C_1077-C-90                 0.43      0.43      0.44      0.01         0.01
  C_1078-C-90                 0.44      0.44      0.44      0.41         0.41
  C_1079-C-90                 0.44      0.44      0.44      0.01         0.01
  C_1080-C-112                0.45      0.45      0.45      0.01         0.01
  C_1081-C-112                0.45      0.45      0.45      0.48         0.45
  C_1082-C-112                0.45      0.45      0.45      0.02         0.06
  C_1083-C-112                0.45      0.45      0.45      0.02         0.19
  C_1084-C-112                0.45      0.45      0.45      0.01         0.10
  C_1085-C-112                0.45      0.45      0.45      0.01         0.01
  C_1086-C-112                0.44      0.45      0.44      0.47         0.38
  C_1087-C-112                0.44      0.44      0.44      0.46         0.24
  C_1088-C-112                0.44      0.44      0.44      0.46         0.40
  C_1089-C-112                0.44      0.44      0.45      0.01         0.01
  C_1090-C-112                0.45      0.45      0.45      0.12         0.04
  C_1091-C-112                0.45      0.45      0.45      0.06         0.01
  C_1092-C-112                0.44      0.45      0.44      0.51         0.44
  C_1093-C-112                0.44      0.44      0.44      0.47         0.44
  C_1094-C-112                0.44      0.44      0.44      0.01         0.01
  C_1095-C-112                0.44      0.44      0.44      0.01         0.01
  C_1096-C-112                0.44      0.44      0.44      0.48         0.43
  C_1097-C-112                0.44      0.44      0.44      0.01         0.01
  C_1098-C-112                0.43      0.44      0.43      0.47         0.43
  C_1099-C-112                0.43      0.43      0.43      0.01         0.01
  C_1100-C-112                0.43      0.43      0.44      0.01         0.01
  C_1101-C-112                0.44      0.44      0.44      0.01         0.01
  C_1102-C-112                0.44      0.44      0.44      0.01         0.01
  C_1103-C-112                0.44      0.44      0.44      0.46         0.44
  C_1104-C-112                0.44      0.44      0.44      0.01         0.01
  C_1105-C-112                0.44      0.44      0.44      0.01         0.01
  C_1106-C-112                0.44      0.44      0.44      0.46         0.44
  C_1107-C-112                0.44      0.44      0.44      0.01         0.01
  C_1108-C-112                0.44      0.44      0.44      0.45         0.44
  C_1109-C-112                0.44      0.44      0.44      0.01         0.01
  C_1110-C-112                0.44      0.44      0.44      0.45         0.41
  C_1111-C-112                0.44      0.44      0.45      0.01         0.01
  C_1112-C-112                0.45      0.45      0.45      0.05         0.01
  C_1113-C-112                0.45      0.45      0.45      0.47         0.44
  C_1114-C-112                0.45      0.45      0.45      0.47         0.44
  C_1115-C-112                0.45      0.45      0.45      0.01         0.01
  C_1116-C-112                0.45      0.45      0.45      0.01         0.01
  C_1117-C-112                0.45      0.45      0.45      0.48         0.44
  C_1118-C-112                0.45      0.45      0.45      0.01         0.01
  C_1119-C-112                0.45      0.45      0.45      0.43         0.22
  C_1120-C-112                0.45      0.45      0.45      0.44         0.36
  C_1121-C-112                0.45      0.45      0.45      0.45         0.42
  C_1122-C-112                0.45      0.45      0.46      0.01         0.01
  C_1123-C-112                0.46      0.46      0.46      0.01         0.01
  C_1124-C-112                0.46      0.46      0.46      0.48         0.35
  C_1125-C-112                0.46      0.46      0.46      0.46         0.23
  C_1126-C-112                0.46      0.46      0.46      0.01         0.01
  C_1127-C-112                0.46      0.46      0.46      0.14         0.05
  C_1128-C-112                0.46      0.46      0.46      0.51         0.45
  C_1129-C-112                0.46      0.46      0.46      0.01         0.12
  C_1130-C-112                0.46      0.46      0.46      0.50         0.46
  C_1131-C-112                0.46      0.46      0.46      0.57         0.46
  C_1132-C-112                0.46      0.46      0.47      0.01         0.01
  C_1133-C-112                0.47      0.47      0.47      0.45         0.39
  C_1134-C-112                0.47      0.47      0.47      0.46         0.46
  C_1135-C-112                0.47      0.47      0.47      0.45         0.42
  C_1136-C-112                0.47      0.47      0.47      0.55         0.47
  C_1137-C-112                0.47      0.47      0.47      0.46         0.46
  C_1138-C-112                0.47      0.47      0.47      0.54         0.47
  C_1139-C-112                0.45      0.45      0.47      0.01         0.01
  C_1140-C-112                0.45      0.45      0.45      0.54         0.45
  C_1141-C-112                0.45      0.45      0.45      0.53         0.45
  C_1142-C-112                0.45      0.45      0.45      0.38         0.36
  C_1143-C-112                0.33      0.33      0.45      0.47         0.01
  C_1144-C-112                0.01      0.33      0.01      0.53         0.01
  C_1145-C-140                0.01      0.01      0.01      0.29         0.01
  C_1146-C-140                0.01      0.18      0.01      0.58         0.01
  C_1147-C-140                0.18      0.30      0.18      0.58         0.18
  C_1148-C-140                0.27      0.27      0.30      0.18         0.18
  C_1149-C-140                0.16      0.16      0.27      0.01         0.01
  C_1150-C-140                0.01      0.01      0.16      0.01         0.01
  C_1189-C-91                 0.01      0.01      0.23      0.01         0.01
  C_1190-C-91                 0.23      0.23      0.41      0.01         0.01
  C_1191-C-91                 0.41      0.41      0.42      0.01         0.01
  C_1192-C-91                 0.42      0.42      0.45      0.01         0.01
  C_1193-C-91                 0.45      0.45      0.48      0.01         0.01
  C_1194-C-91                 0.47      0.48      0.47      0.50         0.47
  C_1195-C-91                 0.01      0.47      0.01      0.49         0.01
  C_1197-C-29                 0.01      0.01      0.01      0.39         0.01
  C_1257-C-124                0.01      0.01      0.33      0.01         0.01
  C_1258-C-124                0.33      0.33      0.35      0.01         0.01
  C_1259-C-95                 0.39      0.39      0.42      0.01         0.01
  C_1260-C-85                 0.35      0.36      0.35      0.54         0.12
  C_1261-C-85                 0.35      0.35      0.36      0.01         0.01
  C_1262-C-85                 0.34      0.34      0.35      0.01         0.01
  C_1263-C-85                 0.01      0.01      0.34      0.01         0.01
  C_1264-C-85                 0.01      0.01      0.01      0.01         0.01
  C_1279-C-35                 0.01      0.01      0.01      0.38         0.01
  C_1280-C-35                 0.01      0.01      0.01      0.47         0.01
  C_1340-C-42                 0.01      0.01      0.04      0.01         0.01
  C_1341-C-42                 0.04      0.04      0.09      0.01         0.01
  C_1342-C-42                 0.09      0.09      0.30      0.01         0.01
  C_1343-C-42                 0.29      0.30      0.40      0.01         0.01
  C_1344-C-42                 0.40      0.40      0.40      0.01         0.04
  C_1345-C-42                 0.40      0.40      0.41      0.01         0.01
  C_1346-C-42                 0.41      0.41      0.41      0.01         0.01
  C_1347-C-42                 0.41      0.41      0.41      0.40         0.19
  C_1348-C-42                 0.41      0.41      0.41      0.41         0.17
  C_1349-C-42                 0.41      0.41      0.42      0.01         0.01
  C_1350-C-89                 0.48      0.48      0.48      0.01         0.02
  C_1351-C-89                 0.48      0.48      0.48      0.11         0.04
  C_1352-C-89                 0.45      0.45      0.48      0.01         0.01
  C_1353-C-89                 0.43      0.43      0.45      0.01         0.01
  C_1354-C-89                 0.43      0.43      0.43      0.01         0.01
  C_1355-C-89                 0.42      0.42      0.43      0.01         0.01
  C_1356-C-89                 0.42      0.42      0.42      0.45         0.19
  C_1357-C-89                 0.42      0.42      0.42      0.01         0.01
  C_1358-C-89                 0.42      0.42      0.42      0.32         0.22
  C_1359-C-89                 0.42      0.42      0.42      0.40         0.41
  C_1360-C-89                 0.42      0.42      0.44      0.01         0.01
  C_1361-C-89                 0.44      0.44      0.48      0.01         0.01
  C_1362-C-89                 0.48      0.48      0.49      0.01         0.01
  C_1363-C-89                 0.49      0.49      0.49      0.30         0.01
  C_1364-C-89                 0.49      0.49      0.49      0.12         0.02
  C_1365-C-89                 0.49      0.49      0.49      0.11         0.03
  C_1366-C-89                 0.47      0.47      0.49      0.01         0.01
  C_1367-C-89                 0.45      0.45      0.47      0.01         0.01
  C_1368-C-89                 0.43      0.43      0.45      0.01         0.01
  C_1369-C-89                 0.01      0.01      0.43      0.01         0.01
  C_1370-C-89                 0.01      0.01      0.01      0.01         0.01
  C_1371-C-89                 0.01      0.01      0.01      0.20         0.01
  C_1373-C-89                 0.01      0.01      0.41      0.01         0.01
  C_1374-C-89                 0.41      0.41      0.42      0.01         0.01
  C_1375-C-89                 0.42      0.42      0.43      0.01         0.01
  C_1376-C-89                 0.43      0.43      0.43      0.01         0.01
  C_1377-C-89                 0.43      0.43      0.43      0.01         0.01
  C_1378-C-89                 0.43      0.43      0.43      0.40         0.29
  C_1379-C-141                0.43      0.43      0.44      0.01         0.01
  C_1380-C-141                0.43      0.43      0.43      0.01         0.08
  C_1381-C-141                0.43      0.43      0.43      0.01         0.01
  C_1382-C-141                0.43      0.43      0.43      0.01         0.01
  C_1383-C-141                0.42      0.42      0.43      0.01         0.01
  C_1384-C-141                0.42      0.42      0.42      0.01         0.01
  C_1385-C-141                0.41      0.41      0.42      0.01         0.01
  C_1386-C-141                0.41      0.41      0.41      0.01         0.01
  C_1387-C-141                0.01      0.01      0.41      0.01         0.01
  C_1388-C-141                0.01      0.01      0.01      0.01         0.01
  C_1397-C-141                0.01      0.01      0.01      0.37         0.01
  C_1400-C-141                0.01      0.01      0.01      0.42         0.01
  C_1401-C-109                0.01      0.31      0.01      0.44         0.01
  C_1402-C-109                0.31      0.43      0.31      0.46         0.31
  C_1403-C-109                0.43      0.43      0.44      0.51         0.01
  C_1404-C-109                0.44      0.45      0.44      0.47         0.44
  C_1405-C-109                0.45      0.45      0.45      0.47         0.45
  C_1406-C-109                0.44      0.44      0.45      0.01         0.01
  C_1407-C-109                0.44      0.44      0.44      0.01         0.01
  C_1408-C-109                0.44      0.44      0.44      0.47         0.44
  C_1409-C-109                0.44      0.44      0.44      0.01         0.04
  C_1410-C-109                0.44      0.44      0.48      0.01         0.01
  C_1411-C-109                0.45      0.45      0.48      0.01         0.01
  C_1412-C-109                0.45      0.45      0.45      0.48         0.44
  C_1413-C-109                0.45      0.45      0.45      0.02         0.05
  C_1414-C-109                0.45      0.45      0.46      0.50         0.01
  C_1415-C-109                0.46      0.46      0.46      0.01         0.08
  C_1416-C-109                0.46      0.46      0.46      0.01         0.01
  C_1417-C-109                0.46      0.46      0.47      0.05         0.01
  C_1418-C-109                0.47      0.47      0.48      0.52         0.01
  C_1419-C-109                0.45      0.45      0.45      0.43         0.44
  C_1420-C-109                0.44      0.44      0.45      0.01         0.01
  C_1421-C-109                0.44      0.44      0.44      0.01         0.01
  C_1422-C-109                0.35      0.35      0.44      0.01         0.01
  C_1423-C-109                0.33      0.33      0.35      0.01         0.01
  C_1424-C-139                0.33      0.33      0.33      0.39         0.33
  C_1425-C-139                0.32      0.33      0.32      0.36         0.32
  

  Analysis begun on:  Thu Nov 20 16:58:15 2025
  Analysis ended on:  Thu Nov 20 16:58:21 2025
  Total elapsed time: 00:00:06